[0.000000] (-) TimerEvent: {}
[0.000240] (bno055) JobQueued: {'identifier': 'bno055', 'dependencies': OrderedDict()}
[0.000281] (calibration) JobQueued: {'identifier': 'calibration', 'dependencies': OrderedDict()}
[0.000304] (carrinho_base) JobQueued: {'identifier': 'carrinho_base', 'dependencies': OrderedDict()}
[0.000323] (detector) JobQueued: {'identifier': 'detector', 'dependencies': OrderedDict()}
[0.000341] (drive_base_msgs) JobQueued: {'identifier': 'drive_base_msgs', 'dependencies': OrderedDict()}
[0.000358] (lidar_teste) JobQueued: {'identifier': 'lidar_teste', 'dependencies': OrderedDict()}
[0.000374] (micro_ros_msgs) JobQueued: {'identifier': 'micro_ros_msgs', 'dependencies': OrderedDict()}
[0.000390] (micro_ros_setup) JobQueued: {'identifier': 'micro_ros_setup', 'dependencies': OrderedDict()}
[0.000406] (pwm_rec) JobQueued: {'identifier': 'pwm_rec', 'dependencies': OrderedDict()}
[0.000422] (servo_steering) JobQueued: {'identifier': 'servo_steering', 'dependencies': OrderedDict()}
[0.000437] (sllidar_ros2) JobQueued: {'identifier': 'sllidar_ros2', 'dependencies': OrderedDict()}
[0.000453] (controlegeral_carrinho) JobQueued: {'identifier': 'controlegeral_carrinho', 'dependencies': OrderedDict({'bno055': '/home/epiibots/ros2_ws/install/bno055', 'sllidar_ros2': '/home/epiibots/ros2_ws/install/sllidar_ros2'})}
[0.000477] (micro_ros_agent) JobQueued: {'identifier': 'micro_ros_agent', 'dependencies': OrderedDict({'micro_ros_msgs': '/home/epiibots/ros2_ws/install/micro_ros_msgs'})}
[0.000934] (bno055) JobStarted: {'identifier': 'bno055'}
[0.013108] (micro_ros_msgs) JobStarted: {'identifier': 'micro_ros_msgs'}
[0.017897] (sllidar_ros2) JobStarted: {'identifier': 'sllidar_ros2'}
[0.022889] (calibration) JobStarted: {'identifier': 'calibration'}
[0.099661] (-) TimerEvent: {}
[0.199996] (-) TimerEvent: {}
[0.300328] (-) TimerEvent: {}
[0.344623] (micro_ros_msgs) JobProgress: {'identifier': 'micro_ros_msgs', 'progress': 'cmake'}
[0.345947] (micro_ros_msgs) JobProgress: {'identifier': 'micro_ros_msgs', 'progress': 'build'}
[0.346825] (micro_ros_msgs) Command: {'cmd': ['/usr/bin/cmake', '--build', '/home/epiibots/ros2_ws/build/micro_ros_msgs', '--', '-j4', '-l4'], 'cwd': '/home/epiibots/ros2_ws/build/micro_ros_msgs', 'env': OrderedDict({'LESSOPEN': '| /usr/bin/lesspipe %s', 'USER': 'epiibots', 'SSH_CLIENT': '192.168.0.101 63419 22', 'GZ_CONFIG_PATH': '/opt/ros/jazzy/opt/gz_sim_vendor/share/gz:/opt/ros/jazzy/opt/sdformat_vendor/share/gz:/opt/ros/jazzy/opt/gz_gui_vendor/share/gz:/opt/ros/jazzy/opt/gz_transport_vendor/share/gz:/opt/ros/jazzy/opt/gz_rendering_vendor/share/gz:/opt/ros/jazzy/opt/gz_plugin_vendor/share/gz:/opt/ros/jazzy/opt/gz_fuel_tools_vendor/share/gz:/opt/ros/jazzy/opt/gz_msgs_vendor/share/gz:/opt/ros/jazzy/opt/gz_common_vendor/share/gz', 'XDG_SESSION_TYPE': 'tty', 'SHLVL': '1', 'LD_LIBRARY_PATH': '/opt/ros/jazzy/opt/gz_sim_vendor/lib:/opt/ros/jazzy/opt/gz_sensors_vendor/lib:/opt/ros/jazzy/opt/gz_physics_vendor/lib:/opt/ros/jazzy/opt/sdformat_vendor/lib:/opt/ros/jazzy/opt/rviz_ogre_vendor/lib:/opt/ros/jazzy/lib/aarch64-linux-gnu:/opt/ros/jazzy/opt/gz_gui_vendor/lib:/opt/ros/jazzy/opt/gz_transport_vendor/lib:/opt/ros/jazzy/opt/gz_rendering_vendor/lib:/opt/ros/jazzy/opt/gz_plugin_vendor/lib:/opt/ros/jazzy/opt/gz_fuel_tools_vendor/lib:/opt/ros/jazzy/opt/gz_msgs_vendor/lib:/opt/ros/jazzy/opt/gz_common_vendor/lib:/opt/ros/jazzy/opt/gz_math_vendor/lib:/opt/ros/jazzy/opt/gz_utils_vendor/lib:/opt/ros/jazzy/opt/gz_tools_vendor/lib:/opt/ros/jazzy/opt/gz_ogre_next_vendor/lib:/opt/ros/jazzy/opt/gz_dartsim_vendor/lib:/opt/ros/jazzy/opt/gz_cmake_vendor/lib:/opt/ros/jazzy/lib', 'HOME': '/home/epiibots', 'OLDPWD': '/home/epiibots/ros2_ws/install', 'SSH_TTY': '/dev/pts/4', 'ROS_PYTHON_VERSION': '3', 'DBUS_SESSION_BUS_ADDRESS': 'unix:path=/run/user/1000/bus', 'DEBUGINFOD_URLS': 'https://debuginfod.ubuntu.com', 'ROS_DISTRO': 'jazzy', 'LOGNAME': 'epiibots', '_': '/usr/bin/colcon', 'ROS_VERSION': '2', 'XDG_SESSION_CLASS': 'user', 'TERM': 'xterm-256color', 'XDG_SESSION_ID': '11', 'PATH': '/opt/ros/jazzy/opt/gz_msgs_vendor/bin:/opt/ros/jazzy/opt/gz_tools_vendor/bin:/opt/ros/jazzy/opt/gz_ogre_next_vendor/bin:/opt/ros/jazzy/bin:/usr/local/sbin:/usr/local/bin:/usr/sbin:/usr/bin:/sbin:/bin:/usr/games:/usr/local/games:/snap/bin', 'XDG_RUNTIME_DIR': '/run/user/1000', 'LANG': 'en_US.UTF-8', 'LS_COLORS': 'rs=0:di=01;34:ln=01;36:mh=00:pi=40;33:so=01;35:do=01;35:bd=40;33;01:cd=40;33;01:or=40;31;01:mi=00:su=37;41:sg=30;43:ca=00:tw=30;42:ow=34;42:st=37;44:ex=01;32:*.tar=01;31:*.tgz=01;31:*.arc=01;31:*.arj=01;31:*.taz=01;31:*.lha=01;31:*.lz4=01;31:*.lzh=01;31:*.lzma=01;31:*.tlz=01;31:*.txz=01;31:*.tzo=01;31:*.t7z=01;31:*.zip=01;31:*.z=01;31:*.dz=01;31:*.gz=01;31:*.lrz=01;31:*.lz=01;31:*.lzo=01;31:*.xz=01;31:*.zst=01;31:*.tzst=01;31:*.bz2=01;31:*.bz=01;31:*.tbz=01;31:*.tbz2=01;31:*.tz=01;31:*.deb=01;31:*.rpm=01;31:*.jar=01;31:*.war=01;31:*.ear=01;31:*.sar=01;31:*.rar=01;31:*.alz=01;31:*.ace=01;31:*.zoo=01;31:*.cpio=01;31:*.7z=01;31:*.rz=01;31:*.cab=01;31:*.wim=01;31:*.swm=01;31:*.dwm=01;31:*.esd=01;31:*.avif=01;35:*.jpg=01;35:*.jpeg=01;35:*.mjpg=01;35:*.mjpeg=01;35:*.gif=01;35:*.bmp=01;35:*.pbm=01;35:*.pgm=01;35:*.ppm=01;35:*.tga=01;35:*.xbm=01;35:*.xpm=01;35:*.tif=01;35:*.tiff=01;35:*.png=01;35:*.svg=01;35:*.svgz=01;35:*.mng=01;35:*.pcx=01;35:*.mov=01;35:*.mpg=01;35:*.mpeg=01;35:*.m2v=01;35:*.mkv=01;35:*.webm=01;35:*.webp=01;35:*.ogm=01;35:*.mp4=01;35:*.m4v=01;35:*.mp4v=01;35:*.vob=01;35:*.qt=01;35:*.nuv=01;35:*.wmv=01;35:*.asf=01;35:*.rm=01;35:*.rmvb=01;35:*.flc=01;35:*.avi=01;35:*.fli=01;35:*.flv=01;35:*.gl=01;35:*.dl=01;35:*.xcf=01;35:*.xwd=01;35:*.yuv=01;35:*.cgm=01;35:*.emf=01;35:*.ogv=01;35:*.ogx=01;35:*.aac=00;36:*.au=00;36:*.flac=00;36:*.m4a=00;36:*.mid=00;36:*.midi=00;36:*.mka=00;36:*.mp3=00;36:*.mpc=00;36:*.ogg=00;36:*.ra=00;36:*.wav=00;36:*.oga=00;36:*.opus=00;36:*.spx=00;36:*.xspf=00;36:*~=00;90:*#=00;90:*.bak=00;90:*.crdownload=00;90:*.dpkg-dist=00;90:*.dpkg-new=00;90:*.dpkg-old=00;90:*.dpkg-tmp=00;90:*.old=00;90:*.orig=00;90:*.part=00;90:*.rej=00;90:*.rpmnew=00;90:*.rpmorig=00;90:*.rpmsave=00;90:*.swp=00;90:*.tmp=00;90:*.ucf-dist=00;90:*.ucf-new=00;90:*.ucf-old=00;90:', 'AMENT_PREFIX_PATH': '/opt/ros/jazzy', 'SHELL': '/bin/bash', 'LESSCLOSE': '/usr/bin/lesspipe %s %s', 'ROS_AUTOMATIC_DISCOVERY_RANGE': 'SUBNET', 'PWD': '/home/epiibots/ros2_ws/build/micro_ros_msgs', 'LC_ALL': 'en_US.UTF-8', 'SSH_CONNECTION': '192.168.0.101 63419 192.168.0.67 22', 'XDG_DATA_DIRS': '/usr/share/gnome:/usr/local/share:/usr/share:/var/lib/snapd/desktop', 'PYTHONPATH': '/opt/ros/jazzy/lib/python3.12/site-packages', 'COLCON': '1', 'CMAKE_PREFIX_PATH': '/opt/ros/jazzy/opt/gz_sim_vendor:/opt/ros/jazzy/opt/gz_sensors_vendor:/opt/ros/jazzy/opt/gz_physics_vendor:/opt/ros/jazzy/opt/sdformat_vendor:/opt/ros/jazzy/opt/gz_gui_vendor:/opt/ros/jazzy/opt/gz_transport_vendor:/opt/ros/jazzy/opt/gz_rendering_vendor:/opt/ros/jazzy/opt/gz_plugin_vendor:/opt/ros/jazzy/opt/gz_fuel_tools_vendor:/opt/ros/jazzy/opt/gz_msgs_vendor:/opt/ros/jazzy/opt/gz_common_vendor:/opt/ros/jazzy/opt/gz_math_vendor:/opt/ros/jazzy/opt/gz_utils_vendor:/opt/ros/jazzy/opt/gz_tools_vendor:/opt/ros/jazzy/opt/gz_ogre_next_vendor:/opt/ros/jazzy/opt/gz_dartsim_vendor:/opt/ros/jazzy/opt/gz_cmake_vendor:/opt/ros/jazzy'}), 'shell': False}
[0.350397] (sllidar_ros2) JobProgress: {'identifier': 'sllidar_ros2', 'progress': 'cmake'}
[0.351296] (sllidar_ros2) JobProgress: {'identifier': 'sllidar_ros2', 'progress': 'build'}
[0.352612] (sllidar_ros2) Command: {'cmd': ['/usr/bin/cmake', '--build', '/home/epiibots/ros2_ws/build/sllidar_ros2', '--', '-j4', '-l4'], 'cwd': '/home/epiibots/ros2_ws/build/sllidar_ros2', 'env': OrderedDict({'LESSOPEN': '| /usr/bin/lesspipe %s', 'USER': 'epiibots', 'SSH_CLIENT': '192.168.0.101 63419 22', 'GZ_CONFIG_PATH': '/opt/ros/jazzy/opt/gz_sim_vendor/share/gz:/opt/ros/jazzy/opt/sdformat_vendor/share/gz:/opt/ros/jazzy/opt/gz_gui_vendor/share/gz:/opt/ros/jazzy/opt/gz_transport_vendor/share/gz:/opt/ros/jazzy/opt/gz_rendering_vendor/share/gz:/opt/ros/jazzy/opt/gz_plugin_vendor/share/gz:/opt/ros/jazzy/opt/gz_fuel_tools_vendor/share/gz:/opt/ros/jazzy/opt/gz_msgs_vendor/share/gz:/opt/ros/jazzy/opt/gz_common_vendor/share/gz', 'XDG_SESSION_TYPE': 'tty', 'SHLVL': '1', 'LD_LIBRARY_PATH': '/opt/ros/jazzy/opt/gz_sim_vendor/lib:/opt/ros/jazzy/opt/gz_sensors_vendor/lib:/opt/ros/jazzy/opt/gz_physics_vendor/lib:/opt/ros/jazzy/opt/sdformat_vendor/lib:/opt/ros/jazzy/opt/rviz_ogre_vendor/lib:/opt/ros/jazzy/lib/aarch64-linux-gnu:/opt/ros/jazzy/opt/gz_gui_vendor/lib:/opt/ros/jazzy/opt/gz_transport_vendor/lib:/opt/ros/jazzy/opt/gz_rendering_vendor/lib:/opt/ros/jazzy/opt/gz_plugin_vendor/lib:/opt/ros/jazzy/opt/gz_fuel_tools_vendor/lib:/opt/ros/jazzy/opt/gz_msgs_vendor/lib:/opt/ros/jazzy/opt/gz_common_vendor/lib:/opt/ros/jazzy/opt/gz_math_vendor/lib:/opt/ros/jazzy/opt/gz_utils_vendor/lib:/opt/ros/jazzy/opt/gz_tools_vendor/lib:/opt/ros/jazzy/opt/gz_ogre_next_vendor/lib:/opt/ros/jazzy/opt/gz_dartsim_vendor/lib:/opt/ros/jazzy/opt/gz_cmake_vendor/lib:/opt/ros/jazzy/lib', 'HOME': '/home/epiibots', 'OLDPWD': '/home/epiibots/ros2_ws/install', 'SSH_TTY': '/dev/pts/4', 'ROS_PYTHON_VERSION': '3', 'DBUS_SESSION_BUS_ADDRESS': 'unix:path=/run/user/1000/bus', 'DEBUGINFOD_URLS': 'https://debuginfod.ubuntu.com', 'ROS_DISTRO': 'jazzy', 'LOGNAME': 'epiibots', '_': '/usr/bin/colcon', 'ROS_VERSION': '2', 'XDG_SESSION_CLASS': 'user', 'TERM': 'xterm-256color', 'XDG_SESSION_ID': '11', 'PATH': '/opt/ros/jazzy/opt/gz_msgs_vendor/bin:/opt/ros/jazzy/opt/gz_tools_vendor/bin:/opt/ros/jazzy/opt/gz_ogre_next_vendor/bin:/opt/ros/jazzy/bin:/usr/local/sbin:/usr/local/bin:/usr/sbin:/usr/bin:/sbin:/bin:/usr/games:/usr/local/games:/snap/bin', 'XDG_RUNTIME_DIR': '/run/user/1000', 'LANG': 'en_US.UTF-8', 'LS_COLORS': 'rs=0:di=01;34:ln=01;36:mh=00:pi=40;33:so=01;35:do=01;35:bd=40;33;01:cd=40;33;01:or=40;31;01:mi=00:su=37;41:sg=30;43:ca=00:tw=30;42:ow=34;42:st=37;44:ex=01;32:*.tar=01;31:*.tgz=01;31:*.arc=01;31:*.arj=01;31:*.taz=01;31:*.lha=01;31:*.lz4=01;31:*.lzh=01;31:*.lzma=01;31:*.tlz=01;31:*.txz=01;31:*.tzo=01;31:*.t7z=01;31:*.zip=01;31:*.z=01;31:*.dz=01;31:*.gz=01;31:*.lrz=01;31:*.lz=01;31:*.lzo=01;31:*.xz=01;31:*.zst=01;31:*.tzst=01;31:*.bz2=01;31:*.bz=01;31:*.tbz=01;31:*.tbz2=01;31:*.tz=01;31:*.deb=01;31:*.rpm=01;31:*.jar=01;31:*.war=01;31:*.ear=01;31:*.sar=01;31:*.rar=01;31:*.alz=01;31:*.ace=01;31:*.zoo=01;31:*.cpio=01;31:*.7z=01;31:*.rz=01;31:*.cab=01;31:*.wim=01;31:*.swm=01;31:*.dwm=01;31:*.esd=01;31:*.avif=01;35:*.jpg=01;35:*.jpeg=01;35:*.mjpg=01;35:*.mjpeg=01;35:*.gif=01;35:*.bmp=01;35:*.pbm=01;35:*.pgm=01;35:*.ppm=01;35:*.tga=01;35:*.xbm=01;35:*.xpm=01;35:*.tif=01;35:*.tiff=01;35:*.png=01;35:*.svg=01;35:*.svgz=01;35:*.mng=01;35:*.pcx=01;35:*.mov=01;35:*.mpg=01;35:*.mpeg=01;35:*.m2v=01;35:*.mkv=01;35:*.webm=01;35:*.webp=01;35:*.ogm=01;35:*.mp4=01;35:*.m4v=01;35:*.mp4v=01;35:*.vob=01;35:*.qt=01;35:*.nuv=01;35:*.wmv=01;35:*.asf=01;35:*.rm=01;35:*.rmvb=01;35:*.flc=01;35:*.avi=01;35:*.fli=01;35:*.flv=01;35:*.gl=01;35:*.dl=01;35:*.xcf=01;35:*.xwd=01;35:*.yuv=01;35:*.cgm=01;35:*.emf=01;35:*.ogv=01;35:*.ogx=01;35:*.aac=00;36:*.au=00;36:*.flac=00;36:*.m4a=00;36:*.mid=00;36:*.midi=00;36:*.mka=00;36:*.mp3=00;36:*.mpc=00;36:*.ogg=00;36:*.ra=00;36:*.wav=00;36:*.oga=00;36:*.opus=00;36:*.spx=00;36:*.xspf=00;36:*~=00;90:*#=00;90:*.bak=00;90:*.crdownload=00;90:*.dpkg-dist=00;90:*.dpkg-new=00;90:*.dpkg-old=00;90:*.dpkg-tmp=00;90:*.old=00;90:*.orig=00;90:*.part=00;90:*.rej=00;90:*.rpmnew=00;90:*.rpmorig=00;90:*.rpmsave=00;90:*.swp=00;90:*.tmp=00;90:*.ucf-dist=00;90:*.ucf-new=00;90:*.ucf-old=00;90:', 'AMENT_PREFIX_PATH': '/opt/ros/jazzy', 'SHELL': '/bin/bash', 'LESSCLOSE': '/usr/bin/lesspipe %s %s', 'ROS_AUTOMATIC_DISCOVERY_RANGE': 'SUBNET', 'PWD': '/home/epiibots/ros2_ws/build/sllidar_ros2', 'LC_ALL': 'en_US.UTF-8', 'SSH_CONNECTION': '192.168.0.101 63419 192.168.0.67 22', 'XDG_DATA_DIRS': '/usr/share/gnome:/usr/local/share:/usr/share:/var/lib/snapd/desktop', 'PYTHONPATH': '/opt/ros/jazzy/lib/python3.12/site-packages', 'COLCON': '1', 'CMAKE_PREFIX_PATH': '/opt/ros/jazzy/opt/gz_sim_vendor:/opt/ros/jazzy/opt/gz_sensors_vendor:/opt/ros/jazzy/opt/gz_physics_vendor:/opt/ros/jazzy/opt/sdformat_vendor:/opt/ros/jazzy/opt/gz_gui_vendor:/opt/ros/jazzy/opt/gz_transport_vendor:/opt/ros/jazzy/opt/gz_rendering_vendor:/opt/ros/jazzy/opt/gz_plugin_vendor:/opt/ros/jazzy/opt/gz_fuel_tools_vendor:/opt/ros/jazzy/opt/gz_msgs_vendor:/opt/ros/jazzy/opt/gz_common_vendor:/opt/ros/jazzy/opt/gz_math_vendor:/opt/ros/jazzy/opt/gz_utils_vendor:/opt/ros/jazzy/opt/gz_tools_vendor:/opt/ros/jazzy/opt/gz_ogre_next_vendor:/opt/ros/jazzy/opt/gz_dartsim_vendor:/opt/ros/jazzy/opt/gz_cmake_vendor:/opt/ros/jazzy'}), 'shell': False}
[0.400524] (-) TimerEvent: {}
[0.498106] (micro_ros_msgs) StdoutLine: {'line': b'[  1%] Built target micro_ros_msgs__rs\n'}
[0.500640] (-) TimerEvent: {}
[0.506207] (micro_ros_msgs) StdoutLine: {'line': b'[  1%] Built target ament_cmake_python_copy_micro_ros_msgs\n'}
[0.512487] (micro_ros_msgs) StdoutLine: {'line': b'[  3%] Built target micro_ros_msgs__rosidl_generator_type_description\n'}
[0.518045] (sllidar_ros2) StdoutLine: {'line': b'[ 10%] Built target sllidar_client\n'}
[0.531665] (sllidar_ros2) StdoutLine: {'line': b'[100%] Built target sllidar_node\n'}
[0.582103] (micro_ros_msgs) StdoutLine: {'line': b'[  5%] Built target micro_ros_msgs__cpp\n'}
[0.590991] (micro_ros_msgs) StdoutLine: {'line': b'[ 25%] Built target micro_ros_msgs__rosidl_generator_c\n'}
[0.602887] (-) TimerEvent: {}
[0.670145] (micro_ros_msgs) StdoutLine: {'line': b'[ 34%] Built target micro_ros_msgs__rosidl_typesupport_fastrtps_c\n'}
[0.699223] (micro_ros_msgs) StdoutLine: {'line': b'[ 43%] Built target micro_ros_msgs__rosidl_typesupport_fastrtps_cpp\n'}
[0.703034] (-) TimerEvent: {}
[0.737066] (micro_ros_msgs) StdoutLine: {'line': b'[ 52%] Built target micro_ros_msgs__rosidl_typesupport_introspection_cpp\n'}
[0.776325] (micro_ros_msgs) StdoutLine: {'line': b'[ 61%] Built target micro_ros_msgs__rosidl_typesupport_cpp\n'}
[0.803153] (-) TimerEvent: {}
[0.809307] (micro_ros_msgs) StdoutLine: {'line': b'[ 70%] Built target micro_ros_msgs__rosidl_typesupport_introspection_c\n'}
[0.822228] (micro_ros_msgs) StdoutLine: {'line': b'[ 80%] Built target micro_ros_msgs__rosidl_typesupport_c\n'}
[0.863063] (micro_ros_msgs) StdoutLine: {'line': b'[ 80%] Built target micro_ros_msgs\n'}
[0.903276] (-) TimerEvent: {}
[0.911100] (micro_ros_msgs) StdoutLine: {'line': b'[ 81%] Built target micro_ros_msgs__py\n'}
[0.963914] (micro_ros_msgs) StdoutLine: {'line': b'[ 89%] Built target micro_ros_msgs__rosidl_generator_py\n'}
[0.971914] (micro_ros_msgs) StdoutLine: {'line': b'running egg_info\n'}
[0.997169] (sllidar_ros2) CommandEnded: {'returncode': 0}
[0.997808] (sllidar_ros2) JobProgress: {'identifier': 'sllidar_ros2', 'progress': 'install'}
[1.003410] (-) TimerEvent: {}
[1.020546] (micro_ros_msgs) StdoutLine: {'line': b'writing micro_ros_msgs.egg-info/PKG-INFO\n'}
[1.022194] (micro_ros_msgs) StdoutLine: {'line': b'writing dependency_links to micro_ros_msgs.egg-info/dependency_links.txt\n'}
[1.028223] (micro_ros_msgs) StdoutLine: {'line': b'writing top-level names to micro_ros_msgs.egg-info/top_level.txt\n'}
[1.039166] (micro_ros_msgs) StdoutLine: {'line': b'[ 92%] Built target micro_ros_msgs_s__rosidl_typesupport_c\n'}
[1.039528] (micro_ros_msgs) StdoutLine: {'line': b'[ 96%] Built target micro_ros_msgs_s__rosidl_typesupport_fastrtps_c\n'}
[1.045061] (sllidar_ros2) Command: {'cmd': ['/usr/bin/cmake', '--install', '/home/epiibots/ros2_ws/build/sllidar_ros2'], 'cwd': '/home/epiibots/ros2_ws/build/sllidar_ros2', 'env': OrderedDict({'LESSOPEN': '| /usr/bin/lesspipe %s', 'USER': 'epiibots', 'SSH_CLIENT': '192.168.0.101 63419 22', 'GZ_CONFIG_PATH': '/opt/ros/jazzy/opt/gz_sim_vendor/share/gz:/opt/ros/jazzy/opt/sdformat_vendor/share/gz:/opt/ros/jazzy/opt/gz_gui_vendor/share/gz:/opt/ros/jazzy/opt/gz_transport_vendor/share/gz:/opt/ros/jazzy/opt/gz_rendering_vendor/share/gz:/opt/ros/jazzy/opt/gz_plugin_vendor/share/gz:/opt/ros/jazzy/opt/gz_fuel_tools_vendor/share/gz:/opt/ros/jazzy/opt/gz_msgs_vendor/share/gz:/opt/ros/jazzy/opt/gz_common_vendor/share/gz', 'XDG_SESSION_TYPE': 'tty', 'SHLVL': '1', 'LD_LIBRARY_PATH': '/opt/ros/jazzy/opt/gz_sim_vendor/lib:/opt/ros/jazzy/opt/gz_sensors_vendor/lib:/opt/ros/jazzy/opt/gz_physics_vendor/lib:/opt/ros/jazzy/opt/sdformat_vendor/lib:/opt/ros/jazzy/opt/rviz_ogre_vendor/lib:/opt/ros/jazzy/lib/aarch64-linux-gnu:/opt/ros/jazzy/opt/gz_gui_vendor/lib:/opt/ros/jazzy/opt/gz_transport_vendor/lib:/opt/ros/jazzy/opt/gz_rendering_vendor/lib:/opt/ros/jazzy/opt/gz_plugin_vendor/lib:/opt/ros/jazzy/opt/gz_fuel_tools_vendor/lib:/opt/ros/jazzy/opt/gz_msgs_vendor/lib:/opt/ros/jazzy/opt/gz_common_vendor/lib:/opt/ros/jazzy/opt/gz_math_vendor/lib:/opt/ros/jazzy/opt/gz_utils_vendor/lib:/opt/ros/jazzy/opt/gz_tools_vendor/lib:/opt/ros/jazzy/opt/gz_ogre_next_vendor/lib:/opt/ros/jazzy/opt/gz_dartsim_vendor/lib:/opt/ros/jazzy/opt/gz_cmake_vendor/lib:/opt/ros/jazzy/lib', 'HOME': '/home/epiibots', 'OLDPWD': '/home/epiibots/ros2_ws/install', 'SSH_TTY': '/dev/pts/4', 'ROS_PYTHON_VERSION': '3', 'DBUS_SESSION_BUS_ADDRESS': 'unix:path=/run/user/1000/bus', 'DEBUGINFOD_URLS': 'https://debuginfod.ubuntu.com', 'ROS_DISTRO': 'jazzy', 'LOGNAME': 'epiibots', '_': '/usr/bin/colcon', 'ROS_VERSION': '2', 'XDG_SESSION_CLASS': 'user', 'TERM': 'xterm-256color', 'XDG_SESSION_ID': '11', 'PATH': '/opt/ros/jazzy/opt/gz_msgs_vendor/bin:/opt/ros/jazzy/opt/gz_tools_vendor/bin:/opt/ros/jazzy/opt/gz_ogre_next_vendor/bin:/opt/ros/jazzy/bin:/usr/local/sbin:/usr/local/bin:/usr/sbin:/usr/bin:/sbin:/bin:/usr/games:/usr/local/games:/snap/bin', 'XDG_RUNTIME_DIR': '/run/user/1000', 'LANG': 'en_US.UTF-8', 'LS_COLORS': 'rs=0:di=01;34:ln=01;36:mh=00:pi=40;33:so=01;35:do=01;35:bd=40;33;01:cd=40;33;01:or=40;31;01:mi=00:su=37;41:sg=30;43:ca=00:tw=30;42:ow=34;42:st=37;44:ex=01;32:*.tar=01;31:*.tgz=01;31:*.arc=01;31:*.arj=01;31:*.taz=01;31:*.lha=01;31:*.lz4=01;31:*.lzh=01;31:*.lzma=01;31:*.tlz=01;31:*.txz=01;31:*.tzo=01;31:*.t7z=01;31:*.zip=01;31:*.z=01;31:*.dz=01;31:*.gz=01;31:*.lrz=01;31:*.lz=01;31:*.lzo=01;31:*.xz=01;31:*.zst=01;31:*.tzst=01;31:*.bz2=01;31:*.bz=01;31:*.tbz=01;31:*.tbz2=01;31:*.tz=01;31:*.deb=01;31:*.rpm=01;31:*.jar=01;31:*.war=01;31:*.ear=01;31:*.sar=01;31:*.rar=01;31:*.alz=01;31:*.ace=01;31:*.zoo=01;31:*.cpio=01;31:*.7z=01;31:*.rz=01;31:*.cab=01;31:*.wim=01;31:*.swm=01;31:*.dwm=01;31:*.esd=01;31:*.avif=01;35:*.jpg=01;35:*.jpeg=01;35:*.mjpg=01;35:*.mjpeg=01;35:*.gif=01;35:*.bmp=01;35:*.pbm=01;35:*.pgm=01;35:*.ppm=01;35:*.tga=01;35:*.xbm=01;35:*.xpm=01;35:*.tif=01;35:*.tiff=01;35:*.png=01;35:*.svg=01;35:*.svgz=01;35:*.mng=01;35:*.pcx=01;35:*.mov=01;35:*.mpg=01;35:*.mpeg=01;35:*.m2v=01;35:*.mkv=01;35:*.webm=01;35:*.webp=01;35:*.ogm=01;35:*.mp4=01;35:*.m4v=01;35:*.mp4v=01;35:*.vob=01;35:*.qt=01;35:*.nuv=01;35:*.wmv=01;35:*.asf=01;35:*.rm=01;35:*.rmvb=01;35:*.flc=01;35:*.avi=01;35:*.fli=01;35:*.flv=01;35:*.gl=01;35:*.dl=01;35:*.xcf=01;35:*.xwd=01;35:*.yuv=01;35:*.cgm=01;35:*.emf=01;35:*.ogv=01;35:*.ogx=01;35:*.aac=00;36:*.au=00;36:*.flac=00;36:*.m4a=00;36:*.mid=00;36:*.midi=00;36:*.mka=00;36:*.mp3=00;36:*.mpc=00;36:*.ogg=00;36:*.ra=00;36:*.wav=00;36:*.oga=00;36:*.opus=00;36:*.spx=00;36:*.xspf=00;36:*~=00;90:*#=00;90:*.bak=00;90:*.crdownload=00;90:*.dpkg-dist=00;90:*.dpkg-new=00;90:*.dpkg-old=00;90:*.dpkg-tmp=00;90:*.old=00;90:*.orig=00;90:*.part=00;90:*.rej=00;90:*.rpmnew=00;90:*.rpmorig=00;90:*.rpmsave=00;90:*.swp=00;90:*.tmp=00;90:*.ucf-dist=00;90:*.ucf-new=00;90:*.ucf-old=00;90:', 'AMENT_PREFIX_PATH': '/opt/ros/jazzy', 'SHELL': '/bin/bash', 'LESSCLOSE': '/usr/bin/lesspipe %s %s', 'ROS_AUTOMATIC_DISCOVERY_RANGE': 'SUBNET', 'PWD': '/home/epiibots/ros2_ws/build/sllidar_ros2', 'LC_ALL': 'en_US.UTF-8', 'SSH_CONNECTION': '192.168.0.101 63419 192.168.0.67 22', 'XDG_DATA_DIRS': '/usr/share/gnome:/usr/local/share:/usr/share:/var/lib/snapd/desktop', 'PYTHONPATH': '/opt/ros/jazzy/lib/python3.12/site-packages', 'COLCON': '1', 'CMAKE_PREFIX_PATH': '/opt/ros/jazzy/opt/gz_sim_vendor:/opt/ros/jazzy/opt/gz_sensors_vendor:/opt/ros/jazzy/opt/gz_physics_vendor:/opt/ros/jazzy/opt/sdformat_vendor:/opt/ros/jazzy/opt/gz_gui_vendor:/opt/ros/jazzy/opt/gz_transport_vendor:/opt/ros/jazzy/opt/gz_rendering_vendor:/opt/ros/jazzy/opt/gz_plugin_vendor:/opt/ros/jazzy/opt/gz_fuel_tools_vendor:/opt/ros/jazzy/opt/gz_msgs_vendor:/opt/ros/jazzy/opt/gz_common_vendor:/opt/ros/jazzy/opt/gz_math_vendor:/opt/ros/jazzy/opt/gz_utils_vendor:/opt/ros/jazzy/opt/gz_tools_vendor:/opt/ros/jazzy/opt/gz_ogre_next_vendor:/opt/ros/jazzy/opt/gz_dartsim_vendor:/opt/ros/jazzy/opt/gz_cmake_vendor:/opt/ros/jazzy'}), 'shell': False}
[1.059078] (micro_ros_msgs) StdoutLine: {'line': b'[100%] Built target micro_ros_msgs_s__rosidl_typesupport_introspection_c\n'}
[1.068641] (sllidar_ros2) StdoutLine: {'line': b'-- Install configuration: ""\n'}
[1.070238] (sllidar_ros2) StdoutLine: {'line': b'-- Execute custom install script\n'}
[1.071344] (sllidar_ros2) StdoutLine: {'line': b'-- Up-to-date symlink: /home/epiibots/ros2_ws/install/sllidar_ros2/share/sllidar_ros2/launch/__pycache__/sllidar_c1_launch.cpython-312.pyc\n'}
[1.071958] (sllidar_ros2) StdoutLine: {'line': b'-- Up-to-date symlink: /home/epiibots/ros2_ws/install/sllidar_ros2/share/sllidar_ros2/launch/sllidar_a1_launch.py\n'}
[1.072515] (sllidar_ros2) StdoutLine: {'line': b'-- Up-to-date symlink: /home/epiibots/ros2_ws/install/sllidar_ros2/share/sllidar_ros2/launch/sllidar_a2m12_launch .py\n'}
[1.073062] (sllidar_ros2) StdoutLine: {'line': b'-- Up-to-date symlink: /home/epiibots/ros2_ws/install/sllidar_ros2/share/sllidar_ros2/launch/sllidar_a2m7_launch.py\n'}
[1.073709] (sllidar_ros2) StdoutLine: {'line': b'-- Up-to-date symlink: /home/epiibots/ros2_ws/install/sllidar_ros2/share/sllidar_ros2/launch/sllidar_a2m8_launch.py\n'}
[1.074267] (sllidar_ros2) StdoutLine: {'line': b'-- Up-to-date symlink: /home/epiibots/ros2_ws/install/sllidar_ros2/share/sllidar_ros2/launch/sllidar_a3_launch.py\n'}
[1.074768] (sllidar_ros2) StdoutLine: {'line': b'-- Up-to-date symlink: /home/epiibots/ros2_ws/install/sllidar_ros2/share/sllidar_ros2/launch/sllidar_c1_launch.py\n'}
[1.075511] (sllidar_ros2) StdoutLine: {'line': b'-- Up-to-date symlink: /home/epiibots/ros2_ws/install/sllidar_ros2/share/sllidar_ros2/launch/sllidar_s1_launch.py\n'}
[1.075689] (sllidar_ros2) StdoutLine: {'line': b'-- Up-to-date symlink: /home/epiibots/ros2_ws/install/sllidar_ros2/share/sllidar_ros2/launch/sllidar_s1_tcp_launch.py\n'}
[1.076455] (sllidar_ros2) StdoutLine: {'line': b'-- Up-to-date symlink: /home/epiibots/ros2_ws/install/sllidar_ros2/share/sllidar_ros2/launch/sllidar_s2_launch.py\n'}
[1.076679] (sllidar_ros2) StdoutLine: {'line': b'-- Up-to-date symlink: /home/epiibots/ros2_ws/install/sllidar_ros2/share/sllidar_ros2/launch/sllidar_s2e_launch.py\n'}
[1.077402] (sllidar_ros2) StdoutLine: {'line': b'-- Up-to-date symlink: /home/epiibots/ros2_ws/install/sllidar_ros2/share/sllidar_ros2/launch/sllidar_s3_launch.py\n'}
[1.077609] (sllidar_ros2) StdoutLine: {'line': b'-- Up-to-date symlink: /home/epiibots/ros2_ws/install/sllidar_ros2/share/sllidar_ros2/launch/sllidar_t1_launch.py\n'}
[1.078406] (sllidar_ros2) StdoutLine: {'line': b'-- Up-to-date symlink: /home/epiibots/ros2_ws/install/sllidar_ros2/share/sllidar_ros2/launch/view_sllidar_a1_launch.py\n'}
[1.078590] (sllidar_ros2) StdoutLine: {'line': b'-- Up-to-date symlink: /home/epiibots/ros2_ws/install/sllidar_ros2/share/sllidar_ros2/launch/view_sllidar_a2m12_launch.py\n'}
[1.079414] (sllidar_ros2) StdoutLine: {'line': b'-- Up-to-date symlink: /home/epiibots/ros2_ws/install/sllidar_ros2/share/sllidar_ros2/launch/view_sllidar_a2m7_launch.py\n'}
[1.080366] (sllidar_ros2) StdoutLine: {'line': b'-- Up-to-date symlink: /home/epiibots/ros2_ws/install/sllidar_ros2/share/sllidar_ros2/launch/view_sllidar_a2m8_launch.py\n'}
[1.080734] (sllidar_ros2) StdoutLine: {'line': b'-- Up-to-date symlink: /home/epiibots/ros2_ws/install/sllidar_ros2/share/sllidar_ros2/launch/view_sllidar_a3_launch.py\n'}
[1.082016] (sllidar_ros2) StdoutLine: {'line': b'-- Up-to-date symlink: /home/epiibots/ros2_ws/install/sllidar_ros2/share/sllidar_ros2/launch/view_sllidar_c1_launch.py\n'}
[1.082386] (sllidar_ros2) StdoutLine: {'line': b'-- Up-to-date symlink: /home/epiibots/ros2_ws/install/sllidar_ros2/share/sllidar_ros2/launch/view_sllidar_s1_launch.py\n'}
[1.083730] (sllidar_ros2) StdoutLine: {'line': b'-- Up-to-date symlink: /home/epiibots/ros2_ws/install/sllidar_ros2/share/sllidar_ros2/launch/view_sllidar_s1_tcp_launch.py\n'}
[1.084065] (sllidar_ros2) StdoutLine: {'line': b'-- Up-to-date symlink: /home/epiibots/ros2_ws/install/sllidar_ros2/share/sllidar_ros2/launch/view_sllidar_s2_launch.py\n'}
[1.085224] (sllidar_ros2) StdoutLine: {'line': b'-- Up-to-date symlink: /home/epiibots/ros2_ws/install/sllidar_ros2/share/sllidar_ros2/launch/view_sllidar_s2e_launch.py\n'}
[1.085466] (sllidar_ros2) StdoutLine: {'line': b'-- Up-to-date symlink: /home/epiibots/ros2_ws/install/sllidar_ros2/share/sllidar_ros2/launch/view_sllidar_s3_launch.py\n'}
[1.085577] (sllidar_ros2) StdoutLine: {'line': b'-- Up-to-date symlink: /home/epiibots/ros2_ws/install/sllidar_ros2/share/sllidar_ros2/launch/view_sllidar_t1_launch.py\n'}
[1.086912] (sllidar_ros2) StdoutLine: {'line': b'-- Up-to-date symlink: /home/epiibots/ros2_ws/install/sllidar_ros2/share/sllidar_ros2/rviz/sllidar_ros2.rviz\n'}
[1.087178] (sllidar_ros2) StdoutLine: {'line': b'-- Up-to-date symlink: /home/epiibots/ros2_ws/install/sllidar_ros2/lib/sllidar_ros2/sllidar_node\n'}
[1.087791] (sllidar_ros2) StdoutLine: {'line': b'-- Up-to-date symlink: /home/epiibots/ros2_ws/install/sllidar_ros2/lib/sllidar_ros2/sllidar_client\n'}
[1.089019] (sllidar_ros2) StdoutLine: {'line': b'-- Up-to-date symlink: /home/epiibots/ros2_ws/install/sllidar_ros2/share/ament_index/resource_index/package_run_dependencies/sllidar_ros2\n'}
[1.089264] (sllidar_ros2) StdoutLine: {'line': b'-- Up-to-date symlink: /home/epiibots/ros2_ws/install/sllidar_ros2/share/ament_index/resource_index/parent_prefix_path/sllidar_ros2\n'}
[1.091041] (sllidar_ros2) StdoutLine: {'line': b'-- Up-to-date symlink: /home/epiibots/ros2_ws/install/sllidar_ros2/share/sllidar_ros2/environment/ament_prefix_path.sh\n'}
[1.091415] (sllidar_ros2) StdoutLine: {'line': b'-- Up-to-date symlink: /home/epiibots/ros2_ws/install/sllidar_ros2/share/sllidar_ros2/environment/ament_prefix_path.dsv\n'}
[1.091561] (sllidar_ros2) StdoutLine: {'line': b'-- Up-to-date symlink: /home/epiibots/ros2_ws/install/sllidar_ros2/share/sllidar_ros2/environment/path.sh\n'}
[1.091662] (sllidar_ros2) StdoutLine: {'line': b'-- Up-to-date symlink: /home/epiibots/ros2_ws/install/sllidar_ros2/share/sllidar_ros2/environment/path.dsv\n'}
[1.092101] (sllidar_ros2) StdoutLine: {'line': b'-- Up-to-date symlink: /home/epiibots/ros2_ws/install/sllidar_ros2/share/sllidar_ros2/local_setup.bash\n'}
[1.092813] (sllidar_ros2) StdoutLine: {'line': b'-- Up-to-date symlink: /home/epiibots/ros2_ws/install/sllidar_ros2/share/sllidar_ros2/local_setup.sh\n'}
[1.093467] (sllidar_ros2) StdoutLine: {'line': b'-- Up-to-date symlink: /home/epiibots/ros2_ws/install/sllidar_ros2/share/sllidar_ros2/local_setup.zsh\n'}
[1.094225] (sllidar_ros2) StdoutLine: {'line': b'-- Up-to-date symlink: /home/epiibots/ros2_ws/install/sllidar_ros2/share/sllidar_ros2/local_setup.dsv\n'}
[1.096157] (sllidar_ros2) StdoutLine: {'line': b'-- Symlinking: /home/epiibots/ros2_ws/install/sllidar_ros2/share/sllidar_ros2/package.dsv\n'}
[1.106059] (-) TimerEvent: {}
[1.122355] (sllidar_ros2) StdoutLine: {'line': b'-- Up-to-date symlink: /home/epiibots/ros2_ws/install/sllidar_ros2/share/ament_index/resource_index/packages/sllidar_ros2\n'}
[1.123092] (sllidar_ros2) StdoutLine: {'line': b'-- Up-to-date symlink: /home/epiibots/ros2_ws/install/sllidar_ros2/share/sllidar_ros2/cmake/ament_cmake_export_dependencies-extras.cmake\n'}
[1.123789] (sllidar_ros2) StdoutLine: {'line': b'-- Up-to-date symlink: /home/epiibots/ros2_ws/install/sllidar_ros2/share/sllidar_ros2/cmake/ament_cmake_export_include_directories-extras.cmake\n'}
[1.124507] (sllidar_ros2) StdoutLine: {'line': b'-- Up-to-date symlink: /home/epiibots/ros2_ws/install/sllidar_ros2/share/sllidar_ros2/cmake/sllidar_ros2Config.cmake\n'}
[1.125110] (sllidar_ros2) StdoutLine: {'line': b'-- Up-to-date symlink: /home/epiibots/ros2_ws/install/sllidar_ros2/share/sllidar_ros2/cmake/sllidar_ros2Config-version.cmake\n'}
[1.125723] (sllidar_ros2) StdoutLine: {'line': b'-- Up-to-date symlink: /home/epiibots/ros2_ws/install/sllidar_ros2/share/sllidar_ros2/package.xml\n'}
[1.130790] (sllidar_ros2) CommandEnded: {'returncode': 0}
[1.164899] (micro_ros_msgs) StdoutLine: {'line': b"reading manifest file 'micro_ros_msgs.egg-info/SOURCES.txt'\n"}
[1.165148] (micro_ros_msgs) StdoutLine: {'line': b"writing manifest file 'micro_ros_msgs.egg-info/SOURCES.txt'\n"}
[1.167997] (sllidar_ros2) JobEnded: {'identifier': 'sllidar_ros2', 'rc': 0}
[1.170728] (carrinho_base) JobStarted: {'identifier': 'carrinho_base'}
[1.206284] (-) TimerEvent: {}
[1.306835] (-) TimerEvent: {}
[1.308549] (micro_ros_msgs) StdoutLine: {'line': b'[100%] Built target ament_cmake_python_build_micro_ros_msgs_egg\n'}
[1.406944] (-) TimerEvent: {}
[1.510153] (-) TimerEvent: {}
[1.610552] (-) TimerEvent: {}
[1.703398] (micro_ros_msgs) CommandEnded: {'returncode': 0}
[1.704292] (micro_ros_msgs) JobProgress: {'identifier': 'micro_ros_msgs', 'progress': 'install'}
[1.704687] (micro_ros_msgs) Command: {'cmd': ['/usr/bin/cmake', '--install', '/home/epiibots/ros2_ws/build/micro_ros_msgs'], 'cwd': '/home/epiibots/ros2_ws/build/micro_ros_msgs', 'env': OrderedDict({'LESSOPEN': '| /usr/bin/lesspipe %s', 'USER': 'epiibots', 'SSH_CLIENT': '192.168.0.101 63419 22', 'GZ_CONFIG_PATH': '/opt/ros/jazzy/opt/gz_sim_vendor/share/gz:/opt/ros/jazzy/opt/sdformat_vendor/share/gz:/opt/ros/jazzy/opt/gz_gui_vendor/share/gz:/opt/ros/jazzy/opt/gz_transport_vendor/share/gz:/opt/ros/jazzy/opt/gz_rendering_vendor/share/gz:/opt/ros/jazzy/opt/gz_plugin_vendor/share/gz:/opt/ros/jazzy/opt/gz_fuel_tools_vendor/share/gz:/opt/ros/jazzy/opt/gz_msgs_vendor/share/gz:/opt/ros/jazzy/opt/gz_common_vendor/share/gz', 'XDG_SESSION_TYPE': 'tty', 'SHLVL': '1', 'LD_LIBRARY_PATH': '/opt/ros/jazzy/opt/gz_sim_vendor/lib:/opt/ros/jazzy/opt/gz_sensors_vendor/lib:/opt/ros/jazzy/opt/gz_physics_vendor/lib:/opt/ros/jazzy/opt/sdformat_vendor/lib:/opt/ros/jazzy/opt/rviz_ogre_vendor/lib:/opt/ros/jazzy/lib/aarch64-linux-gnu:/opt/ros/jazzy/opt/gz_gui_vendor/lib:/opt/ros/jazzy/opt/gz_transport_vendor/lib:/opt/ros/jazzy/opt/gz_rendering_vendor/lib:/opt/ros/jazzy/opt/gz_plugin_vendor/lib:/opt/ros/jazzy/opt/gz_fuel_tools_vendor/lib:/opt/ros/jazzy/opt/gz_msgs_vendor/lib:/opt/ros/jazzy/opt/gz_common_vendor/lib:/opt/ros/jazzy/opt/gz_math_vendor/lib:/opt/ros/jazzy/opt/gz_utils_vendor/lib:/opt/ros/jazzy/opt/gz_tools_vendor/lib:/opt/ros/jazzy/opt/gz_ogre_next_vendor/lib:/opt/ros/jazzy/opt/gz_dartsim_vendor/lib:/opt/ros/jazzy/opt/gz_cmake_vendor/lib:/opt/ros/jazzy/lib', 'HOME': '/home/epiibots', 'OLDPWD': '/home/epiibots/ros2_ws/install', 'SSH_TTY': '/dev/pts/4', 'ROS_PYTHON_VERSION': '3', 'DBUS_SESSION_BUS_ADDRESS': 'unix:path=/run/user/1000/bus', 'DEBUGINFOD_URLS': 'https://debuginfod.ubuntu.com', 'ROS_DISTRO': 'jazzy', 'LOGNAME': 'epiibots', '_': '/usr/bin/colcon', 'ROS_VERSION': '2', 'XDG_SESSION_CLASS': 'user', 'TERM': 'xterm-256color', 'XDG_SESSION_ID': '11', 'PATH': '/opt/ros/jazzy/opt/gz_msgs_vendor/bin:/opt/ros/jazzy/opt/gz_tools_vendor/bin:/opt/ros/jazzy/opt/gz_ogre_next_vendor/bin:/opt/ros/jazzy/bin:/usr/local/sbin:/usr/local/bin:/usr/sbin:/usr/bin:/sbin:/bin:/usr/games:/usr/local/games:/snap/bin', 'XDG_RUNTIME_DIR': '/run/user/1000', 'LANG': 'en_US.UTF-8', 'LS_COLORS': 'rs=0:di=01;34:ln=01;36:mh=00:pi=40;33:so=01;35:do=01;35:bd=40;33;01:cd=40;33;01:or=40;31;01:mi=00:su=37;41:sg=30;43:ca=00:tw=30;42:ow=34;42:st=37;44:ex=01;32:*.tar=01;31:*.tgz=01;31:*.arc=01;31:*.arj=01;31:*.taz=01;31:*.lha=01;31:*.lz4=01;31:*.lzh=01;31:*.lzma=01;31:*.tlz=01;31:*.txz=01;31:*.tzo=01;31:*.t7z=01;31:*.zip=01;31:*.z=01;31:*.dz=01;31:*.gz=01;31:*.lrz=01;31:*.lz=01;31:*.lzo=01;31:*.xz=01;31:*.zst=01;31:*.tzst=01;31:*.bz2=01;31:*.bz=01;31:*.tbz=01;31:*.tbz2=01;31:*.tz=01;31:*.deb=01;31:*.rpm=01;31:*.jar=01;31:*.war=01;31:*.ear=01;31:*.sar=01;31:*.rar=01;31:*.alz=01;31:*.ace=01;31:*.zoo=01;31:*.cpio=01;31:*.7z=01;31:*.rz=01;31:*.cab=01;31:*.wim=01;31:*.swm=01;31:*.dwm=01;31:*.esd=01;31:*.avif=01;35:*.jpg=01;35:*.jpeg=01;35:*.mjpg=01;35:*.mjpeg=01;35:*.gif=01;35:*.bmp=01;35:*.pbm=01;35:*.pgm=01;35:*.ppm=01;35:*.tga=01;35:*.xbm=01;35:*.xpm=01;35:*.tif=01;35:*.tiff=01;35:*.png=01;35:*.svg=01;35:*.svgz=01;35:*.mng=01;35:*.pcx=01;35:*.mov=01;35:*.mpg=01;35:*.mpeg=01;35:*.m2v=01;35:*.mkv=01;35:*.webm=01;35:*.webp=01;35:*.ogm=01;35:*.mp4=01;35:*.m4v=01;35:*.mp4v=01;35:*.vob=01;35:*.qt=01;35:*.nuv=01;35:*.wmv=01;35:*.asf=01;35:*.rm=01;35:*.rmvb=01;35:*.flc=01;35:*.avi=01;35:*.fli=01;35:*.flv=01;35:*.gl=01;35:*.dl=01;35:*.xcf=01;35:*.xwd=01;35:*.yuv=01;35:*.cgm=01;35:*.emf=01;35:*.ogv=01;35:*.ogx=01;35:*.aac=00;36:*.au=00;36:*.flac=00;36:*.m4a=00;36:*.mid=00;36:*.midi=00;36:*.mka=00;36:*.mp3=00;36:*.mpc=00;36:*.ogg=00;36:*.ra=00;36:*.wav=00;36:*.oga=00;36:*.opus=00;36:*.spx=00;36:*.xspf=00;36:*~=00;90:*#=00;90:*.bak=00;90:*.crdownload=00;90:*.dpkg-dist=00;90:*.dpkg-new=00;90:*.dpkg-old=00;90:*.dpkg-tmp=00;90:*.old=00;90:*.orig=00;90:*.part=00;90:*.rej=00;90:*.rpmnew=00;90:*.rpmorig=00;90:*.rpmsave=00;90:*.swp=00;90:*.tmp=00;90:*.ucf-dist=00;90:*.ucf-new=00;90:*.ucf-old=00;90:', 'AMENT_PREFIX_PATH': '/opt/ros/jazzy', 'SHELL': '/bin/bash', 'LESSCLOSE': '/usr/bin/lesspipe %s %s', 'ROS_AUTOMATIC_DISCOVERY_RANGE': 'SUBNET', 'PWD': '/home/epiibots/ros2_ws/build/micro_ros_msgs', 'LC_ALL': 'en_US.UTF-8', 'SSH_CONNECTION': '192.168.0.101 63419 192.168.0.67 22', 'XDG_DATA_DIRS': '/usr/share/gnome:/usr/local/share:/usr/share:/var/lib/snapd/desktop', 'PYTHONPATH': '/opt/ros/jazzy/lib/python3.12/site-packages', 'COLCON': '1', 'CMAKE_PREFIX_PATH': '/opt/ros/jazzy/opt/gz_sim_vendor:/opt/ros/jazzy/opt/gz_sensors_vendor:/opt/ros/jazzy/opt/gz_physics_vendor:/opt/ros/jazzy/opt/sdformat_vendor:/opt/ros/jazzy/opt/gz_gui_vendor:/opt/ros/jazzy/opt/gz_transport_vendor:/opt/ros/jazzy/opt/gz_rendering_vendor:/opt/ros/jazzy/opt/gz_plugin_vendor:/opt/ros/jazzy/opt/gz_fuel_tools_vendor:/opt/ros/jazzy/opt/gz_msgs_vendor:/opt/ros/jazzy/opt/gz_common_vendor:/opt/ros/jazzy/opt/gz_math_vendor:/opt/ros/jazzy/opt/gz_utils_vendor:/opt/ros/jazzy/opt/gz_tools_vendor:/opt/ros/jazzy/opt/gz_ogre_next_vendor:/opt/ros/jazzy/opt/gz_dartsim_vendor:/opt/ros/jazzy/opt/gz_cmake_vendor:/opt/ros/jazzy'}), 'shell': False}
[1.710663] (-) TimerEvent: {}
[1.729071] (micro_ros_msgs) StdoutLine: {'line': b'-- Install configuration: ""\n'}
[1.730316] (micro_ros_msgs) StdoutLine: {'line': b'-- Up-to-date: /home/epiibots/ros2_ws/install/micro_ros_msgs/share/ament_index/resource_index/rosidl_interfaces/micro_ros_msgs\n'}
[1.730457] (micro_ros_msgs) StdoutLine: {'line': b'-- Up-to-date: /home/epiibots/ros2_ws/install/micro_ros_msgs/share/micro_ros_msgs/msg/Graph.json\n'}
[1.731788] (micro_ros_msgs) StdoutLine: {'line': b'-- Up-to-date: /home/epiibots/ros2_ws/install/micro_ros_msgs/share/micro_ros_msgs/msg/Node.json\n'}
[1.731960] (micro_ros_msgs) StdoutLine: {'line': b'-- Up-to-date: /home/epiibots/ros2_ws/install/micro_ros_msgs/share/micro_ros_msgs/msg/Entity.json\n'}
[1.732558] (micro_ros_msgs) StdoutLine: {'line': b'-- Up-to-date: /home/epiibots/ros2_ws/install/micro_ros_msgs/include/micro_ros_msgs/micro_ros_msgs\n'}
[1.733054] (micro_ros_msgs) StdoutLine: {'line': b'-- Up-to-date: /home/epiibots/ros2_ws/install/micro_ros_msgs/include/micro_ros_msgs/micro_ros_msgs/msg\n'}
[1.733940] (micro_ros_msgs) StdoutLine: {'line': b'-- Up-to-date: /home/epiibots/ros2_ws/install/micro_ros_msgs/include/micro_ros_msgs/micro_ros_msgs/msg/entity.h\n'}
[1.734940] (micro_ros_msgs) StdoutLine: {'line': b'-- Up-to-date: /home/epiibots/ros2_ws/install/micro_ros_msgs/include/micro_ros_msgs/micro_ros_msgs/msg/graph.h\n'}
[1.735102] (micro_ros_msgs) StdoutLine: {'line': b'-- Up-to-date: /home/epiibots/ros2_ws/install/micro_ros_msgs/include/micro_ros_msgs/micro_ros_msgs/msg/node.h\n'}
[1.735340] (micro_ros_msgs) StdoutLine: {'line': b'-- Up-to-date: /home/epiibots/ros2_ws/install/micro_ros_msgs/include/micro_ros_msgs/micro_ros_msgs/msg/rosidl_generator_c__visibility_control.h\n'}
[1.735754] (micro_ros_msgs) StdoutLine: {'line': b'-- Up-to-date: /home/epiibots/ros2_ws/install/micro_ros_msgs/include/micro_ros_msgs/micro_ros_msgs/msg/detail\n'}
[1.737063] (micro_ros_msgs) StdoutLine: {'line': b'-- Up-to-date: /home/epiibots/ros2_ws/install/micro_ros_msgs/include/micro_ros_msgs/micro_ros_msgs/msg/detail/node__description.c\n'}
[1.737249] (micro_ros_msgs) StdoutLine: {'line': b'-- Up-to-date: /home/epiibots/ros2_ws/install/micro_ros_msgs/include/micro_ros_msgs/micro_ros_msgs/msg/detail/graph__struct.h\n'}
[1.737778] (micro_ros_msgs) StdoutLine: {'line': b'-- Up-to-date: /home/epiibots/ros2_ws/install/micro_ros_msgs/include/micro_ros_msgs/micro_ros_msgs/msg/detail/node__functions.h\n'}
[1.737902] (micro_ros_msgs) StdoutLine: {'line': b'-- Up-to-date: /home/epiibots/ros2_ws/install/micro_ros_msgs/include/micro_ros_msgs/micro_ros_msgs/msg/detail/entity__type_support.h\n'}
[1.738824] (micro_ros_msgs) StdoutLine: {'line': b'-- Up-to-date: /home/epiibots/ros2_ws/install/micro_ros_msgs/include/micro_ros_msgs/micro_ros_msgs/msg/detail/node__struct.h\n'}
[1.739304] (micro_ros_msgs) StdoutLine: {'line': b'-- Up-to-date: /home/epiibots/ros2_ws/install/micro_ros_msgs/include/micro_ros_msgs/micro_ros_msgs/msg/detail/graph__description.c\n'}
[1.740182] (micro_ros_msgs) StdoutLine: {'line': b'-- Up-to-date: /home/epiibots/ros2_ws/install/micro_ros_msgs/include/micro_ros_msgs/micro_ros_msgs/msg/detail/graph__type_support.h\n'}
[1.740886] (micro_ros_msgs) StdoutLine: {'line': b'-- Up-to-date: /home/epiibots/ros2_ws/install/micro_ros_msgs/include/micro_ros_msgs/micro_ros_msgs/msg/detail/graph__functions.h\n'}
[1.742368] (micro_ros_msgs) StdoutLine: {'line': b'-- Up-to-date: /home/epiibots/ros2_ws/install/micro_ros_msgs/include/micro_ros_msgs/micro_ros_msgs/msg/detail/entity__functions.c\n'}
[1.742573] (micro_ros_msgs) StdoutLine: {'line': b'-- Up-to-date: /home/epiibots/ros2_ws/install/micro_ros_msgs/include/micro_ros_msgs/micro_ros_msgs/msg/detail/graph__functions.c\n'}
[1.742702] (micro_ros_msgs) StdoutLine: {'line': b'-- Up-to-date: /home/epiibots/ros2_ws/install/micro_ros_msgs/include/micro_ros_msgs/micro_ros_msgs/msg/detail/node__functions.c\n'}
[1.742819] (micro_ros_msgs) StdoutLine: {'line': b'-- Up-to-date: /home/epiibots/ros2_ws/install/micro_ros_msgs/include/micro_ros_msgs/micro_ros_msgs/msg/detail/entity__struct.h\n'}
[1.743065] (micro_ros_msgs) StdoutLine: {'line': b'-- Installing: /home/epiibots/ros2_ws/install/micro_ros_msgs/include/micro_ros_msgs/micro_ros_msgs/msg/detail/node__type_support.c\n'}
[1.743220] (micro_ros_msgs) StdoutLine: {'line': b'-- Up-to-date: /home/epiibots/ros2_ws/install/micro_ros_msgs/include/micro_ros_msgs/micro_ros_msgs/msg/detail/node__type_support.h\n'}
[1.743345] (micro_ros_msgs) StdoutLine: {'line': b'-- Installing: /home/epiibots/ros2_ws/install/micro_ros_msgs/include/micro_ros_msgs/micro_ros_msgs/msg/detail/entity__type_support.c\n'}
[1.743510] (micro_ros_msgs) StdoutLine: {'line': b'-- Up-to-date: /home/epiibots/ros2_ws/install/micro_ros_msgs/include/micro_ros_msgs/micro_ros_msgs/msg/detail/entity__description.c\n'}
[1.743652] (micro_ros_msgs) StdoutLine: {'line': b'-- Installing: /home/epiibots/ros2_ws/install/micro_ros_msgs/include/micro_ros_msgs/micro_ros_msgs/msg/detail/graph__type_support.c\n'}
[1.743751] (micro_ros_msgs) StdoutLine: {'line': b'-- Up-to-date: /home/epiibots/ros2_ws/install/micro_ros_msgs/include/micro_ros_msgs/micro_ros_msgs/msg/detail/entity__functions.h\n'}
[1.743863] (micro_ros_msgs) StdoutLine: {'line': b'-- Up-to-date: /home/epiibots/ros2_ws/install/micro_ros_msgs/share/micro_ros_msgs/environment/library_path.sh\n'}
[1.744001] (micro_ros_msgs) StdoutLine: {'line': b'-- Up-to-date: /home/epiibots/ros2_ws/install/micro_ros_msgs/share/micro_ros_msgs/environment/library_path.dsv\n'}
[1.744154] (micro_ros_msgs) StdoutLine: {'line': b'-- Up-to-date: /home/epiibots/ros2_ws/install/micro_ros_msgs/lib/libmicro_ros_msgs__rosidl_generator_c.so\n'}
[1.744261] (micro_ros_msgs) StdoutLine: {'line': b'-- Up-to-date: /home/epiibots/ros2_ws/install/micro_ros_msgs/include/micro_ros_msgs/micro_ros_msgs\n'}
[1.744365] (micro_ros_msgs) StdoutLine: {'line': b'-- Up-to-date: /home/epiibots/ros2_ws/install/micro_ros_msgs/include/micro_ros_msgs/micro_ros_msgs/msg\n'}
[1.744483] (micro_ros_msgs) StdoutLine: {'line': b'-- Up-to-date: /home/epiibots/ros2_ws/install/micro_ros_msgs/include/micro_ros_msgs/micro_ros_msgs/msg/rosidl_typesupport_fastrtps_c__visibility_control.h\n'}
[1.744605] (micro_ros_msgs) StdoutLine: {'line': b'-- Up-to-date: /home/epiibots/ros2_ws/install/micro_ros_msgs/include/micro_ros_msgs/micro_ros_msgs/msg/detail\n'}
[1.744744] (micro_ros_msgs) StdoutLine: {'line': b'-- Up-to-date: /home/epiibots/ros2_ws/install/micro_ros_msgs/include/micro_ros_msgs/micro_ros_msgs/msg/detail/node__rosidl_typesupport_fastrtps_c.h\n'}
[1.744838] (micro_ros_msgs) StdoutLine: {'line': b'-- Up-to-date: /home/epiibots/ros2_ws/install/micro_ros_msgs/include/micro_ros_msgs/micro_ros_msgs/msg/detail/graph__rosidl_typesupport_fastrtps_c.h\n'}
[1.744925] (micro_ros_msgs) StdoutLine: {'line': b'-- Up-to-date: /home/epiibots/ros2_ws/install/micro_ros_msgs/include/micro_ros_msgs/micro_ros_msgs/msg/detail/entity__rosidl_typesupport_fastrtps_c.h\n'}
[1.748450] (micro_ros_msgs) StdoutLine: {'line': b'-- Up-to-date: /home/epiibots/ros2_ws/install/micro_ros_msgs/lib/libmicro_ros_msgs__rosidl_typesupport_fastrtps_c.so\n'}
[1.748689] (micro_ros_msgs) StdoutLine: {'line': b'-- Up-to-date: /home/epiibots/ros2_ws/install/micro_ros_msgs/include/micro_ros_msgs/micro_ros_msgs\n'}
[1.748856] (micro_ros_msgs) StdoutLine: {'line': b'-- Up-to-date: /home/epiibots/ros2_ws/install/micro_ros_msgs/include/micro_ros_msgs/micro_ros_msgs/msg\n'}
[1.749074] (micro_ros_msgs) StdoutLine: {'line': b'-- Up-to-date: /home/epiibots/ros2_ws/install/micro_ros_msgs/include/micro_ros_msgs/micro_ros_msgs/msg/rosidl_typesupport_introspection_c__visibility_control.h\n'}
[1.749199] (micro_ros_msgs) StdoutLine: {'line': b'-- Up-to-date: /home/epiibots/ros2_ws/install/micro_ros_msgs/include/micro_ros_msgs/micro_ros_msgs/msg/detail\n'}
[1.749293] (micro_ros_msgs) StdoutLine: {'line': b'-- Up-to-date: /home/epiibots/ros2_ws/install/micro_ros_msgs/include/micro_ros_msgs/micro_ros_msgs/msg/detail/graph__rosidl_typesupport_introspection_c.h\n'}
[1.749409] (micro_ros_msgs) StdoutLine: {'line': b'-- Up-to-date: /home/epiibots/ros2_ws/install/micro_ros_msgs/include/micro_ros_msgs/micro_ros_msgs/msg/detail/entity__rosidl_typesupport_introspection_c.h\n'}
[1.749513] (micro_ros_msgs) StdoutLine: {'line': b'-- Installing: /home/epiibots/ros2_ws/install/micro_ros_msgs/include/micro_ros_msgs/micro_ros_msgs/msg/detail/node__type_support.c\n'}
[1.749608] (micro_ros_msgs) StdoutLine: {'line': b'-- Up-to-date: /home/epiibots/ros2_ws/install/micro_ros_msgs/include/micro_ros_msgs/micro_ros_msgs/msg/detail/node__rosidl_typesupport_introspection_c.h\n'}
[1.749699] (micro_ros_msgs) StdoutLine: {'line': b'-- Installing: /home/epiibots/ros2_ws/install/micro_ros_msgs/include/micro_ros_msgs/micro_ros_msgs/msg/detail/entity__type_support.c\n'}
[1.749798] (micro_ros_msgs) StdoutLine: {'line': b'-- Installing: /home/epiibots/ros2_ws/install/micro_ros_msgs/include/micro_ros_msgs/micro_ros_msgs/msg/detail/graph__type_support.c\n'}
[1.749888] (micro_ros_msgs) StdoutLine: {'line': b'-- Up-to-date: /home/epiibots/ros2_ws/install/micro_ros_msgs/lib/libmicro_ros_msgs__rosidl_typesupport_introspection_c.so\n'}
[1.750005] (micro_ros_msgs) StdoutLine: {'line': b'-- Up-to-date: /home/epiibots/ros2_ws/install/micro_ros_msgs/lib/libmicro_ros_msgs__rosidl_typesupport_c.so\n'}
[1.750149] (micro_ros_msgs) StdoutLine: {'line': b'-- Up-to-date: /home/epiibots/ros2_ws/install/micro_ros_msgs/include/micro_ros_msgs/micro_ros_msgs\n'}
[1.750256] (micro_ros_msgs) StdoutLine: {'line': b'-- Up-to-date: /home/epiibots/ros2_ws/install/micro_ros_msgs/include/micro_ros_msgs/micro_ros_msgs/msg\n'}
[1.750342] (micro_ros_msgs) StdoutLine: {'line': b'-- Up-to-date: /home/epiibots/ros2_ws/install/micro_ros_msgs/include/micro_ros_msgs/micro_ros_msgs/msg/entity.hpp\n'}
[1.750434] (micro_ros_msgs) StdoutLine: {'line': b'-- Up-to-date: /home/epiibots/ros2_ws/install/micro_ros_msgs/include/micro_ros_msgs/micro_ros_msgs/msg/rosidl_generator_cpp__visibility_control.hpp\n'}
[1.750622] (micro_ros_msgs) StdoutLine: {'line': b'-- Up-to-date: /home/epiibots/ros2_ws/install/micro_ros_msgs/include/micro_ros_msgs/micro_ros_msgs/msg/graph.hpp\n'}
[1.750740] (micro_ros_msgs) StdoutLine: {'line': b'-- Up-to-date: /home/epiibots/ros2_ws/install/micro_ros_msgs/include/micro_ros_msgs/micro_ros_msgs/msg/detail\n'}
[1.750853] (micro_ros_msgs) StdoutLine: {'line': b'-- Up-to-date: /home/epiibots/ros2_ws/install/micro_ros_msgs/include/micro_ros_msgs/micro_ros_msgs/msg/detail/graph__type_support.hpp\n'}
[1.750938] (micro_ros_msgs) StdoutLine: {'line': b'-- Up-to-date: /home/epiibots/ros2_ws/install/micro_ros_msgs/include/micro_ros_msgs/micro_ros_msgs/msg/detail/node__builder.hpp\n'}
[1.754545] (micro_ros_msgs) StdoutLine: {'line': b'-- Up-to-date: /home/epiibots/ros2_ws/install/micro_ros_msgs/include/micro_ros_msgs/micro_ros_msgs/msg/detail/graph__traits.hpp\n'}
[1.754692] (micro_ros_msgs) StdoutLine: {'line': b'-- Up-to-date: /home/epiibots/ros2_ws/install/micro_ros_msgs/include/micro_ros_msgs/micro_ros_msgs/msg/detail/graph__builder.hpp\n'}
[1.754796] (micro_ros_msgs) StdoutLine: {'line': b'-- Up-to-date: /home/epiibots/ros2_ws/install/micro_ros_msgs/include/micro_ros_msgs/micro_ros_msgs/msg/detail/entity__type_support.hpp\n'}
[1.754886] (micro_ros_msgs) StdoutLine: {'line': b'-- Up-to-date: /home/epiibots/ros2_ws/install/micro_ros_msgs/include/micro_ros_msgs/micro_ros_msgs/msg/detail/node__type_support.hpp\n'}
[1.754997] (micro_ros_msgs) StdoutLine: {'line': b'-- Up-to-date: /home/epiibots/ros2_ws/install/micro_ros_msgs/include/micro_ros_msgs/micro_ros_msgs/msg/detail/entity__traits.hpp\n'}
[1.755100] (micro_ros_msgs) StdoutLine: {'line': b'-- Up-to-date: /home/epiibots/ros2_ws/install/micro_ros_msgs/include/micro_ros_msgs/micro_ros_msgs/msg/detail/node__struct.hpp\n'}
[1.755181] (micro_ros_msgs) StdoutLine: {'line': b'-- Up-to-date: /home/epiibots/ros2_ws/install/micro_ros_msgs/include/micro_ros_msgs/micro_ros_msgs/msg/detail/entity__struct.hpp\n'}
[1.755258] (micro_ros_msgs) StdoutLine: {'line': b'-- Up-to-date: /home/epiibots/ros2_ws/install/micro_ros_msgs/include/micro_ros_msgs/micro_ros_msgs/msg/detail/node__traits.hpp\n'}
[1.755336] (micro_ros_msgs) StdoutLine: {'line': b'-- Up-to-date: /home/epiibots/ros2_ws/install/micro_ros_msgs/include/micro_ros_msgs/micro_ros_msgs/msg/detail/entity__builder.hpp\n'}
[1.755415] (micro_ros_msgs) StdoutLine: {'line': b'-- Up-to-date: /home/epiibots/ros2_ws/install/micro_ros_msgs/include/micro_ros_msgs/micro_ros_msgs/msg/detail/graph__struct.hpp\n'}
[1.755495] (micro_ros_msgs) StdoutLine: {'line': b'-- Up-to-date: /home/epiibots/ros2_ws/install/micro_ros_msgs/include/micro_ros_msgs/micro_ros_msgs/msg/node.hpp\n'}
[1.755579] (micro_ros_msgs) StdoutLine: {'line': b'-- Up-to-date: /home/epiibots/ros2_ws/install/micro_ros_msgs/include/micro_ros_msgs/micro_ros_msgs\n'}
[1.755656] (micro_ros_msgs) StdoutLine: {'line': b'-- Up-to-date: /home/epiibots/ros2_ws/install/micro_ros_msgs/include/micro_ros_msgs/micro_ros_msgs/msg\n'}
[1.755732] (micro_ros_msgs) StdoutLine: {'line': b'-- Up-to-date: /home/epiibots/ros2_ws/install/micro_ros_msgs/include/micro_ros_msgs/micro_ros_msgs/msg/rosidl_typesupport_fastrtps_cpp__visibility_control.h\n'}
[1.755809] (micro_ros_msgs) StdoutLine: {'line': b'-- Up-to-date: /home/epiibots/ros2_ws/install/micro_ros_msgs/include/micro_ros_msgs/micro_ros_msgs/msg/detail\n'}
[1.755912] (micro_ros_msgs) StdoutLine: {'line': b'-- Up-to-date: /home/epiibots/ros2_ws/install/micro_ros_msgs/include/micro_ros_msgs/micro_ros_msgs/msg/detail/entity__rosidl_typesupport_fastrtps_cpp.hpp\n'}
[1.756038] (micro_ros_msgs) StdoutLine: {'line': b'-- Up-to-date: /home/epiibots/ros2_ws/install/micro_ros_msgs/include/micro_ros_msgs/micro_ros_msgs/msg/detail/graph__rosidl_typesupport_fastrtps_cpp.hpp\n'}
[1.756183] (micro_ros_msgs) StdoutLine: {'line': b'-- Up-to-date: /home/epiibots/ros2_ws/install/micro_ros_msgs/include/micro_ros_msgs/micro_ros_msgs/msg/detail/node__rosidl_typesupport_fastrtps_cpp.hpp\n'}
[1.756312] (micro_ros_msgs) StdoutLine: {'line': b'-- Up-to-date: /home/epiibots/ros2_ws/install/micro_ros_msgs/include/micro_ros_msgs/micro_ros_msgs/msg/detail/dds_fastrtps\n'}
[1.756406] (micro_ros_msgs) StdoutLine: {'line': b'-- Up-to-date: /home/epiibots/ros2_ws/install/micro_ros_msgs/lib/libmicro_ros_msgs__rosidl_typesupport_fastrtps_cpp.so\n'}
[1.756509] (micro_ros_msgs) StdoutLine: {'line': b'-- Up-to-date: /home/epiibots/ros2_ws/install/micro_ros_msgs/include/micro_ros_msgs/micro_ros_msgs\n'}
[1.756591] (micro_ros_msgs) StdoutLine: {'line': b'-- Up-to-date: /home/epiibots/ros2_ws/install/micro_ros_msgs/include/micro_ros_msgs/micro_ros_msgs/msg\n'}
[1.756675] (micro_ros_msgs) StdoutLine: {'line': b'-- Up-to-date: /home/epiibots/ros2_ws/install/micro_ros_msgs/include/micro_ros_msgs/micro_ros_msgs/msg/detail\n'}
[1.756759] (micro_ros_msgs) StdoutLine: {'line': b'-- Up-to-date: /home/epiibots/ros2_ws/install/micro_ros_msgs/include/micro_ros_msgs/micro_ros_msgs/msg/detail/graph__type_support.cpp\n'}
[1.756840] (micro_ros_msgs) StdoutLine: {'line': b'-- Up-to-date: /home/epiibots/ros2_ws/install/micro_ros_msgs/include/micro_ros_msgs/micro_ros_msgs/msg/detail/graph__rosidl_typesupport_introspection_cpp.hpp\n'}
[1.756920] (micro_ros_msgs) StdoutLine: {'line': b'-- Up-to-date: /home/epiibots/ros2_ws/install/micro_ros_msgs/include/micro_ros_msgs/micro_ros_msgs/msg/detail/node__type_support.cpp\n'}
[1.757054] (micro_ros_msgs) StdoutLine: {'line': b'-- Up-to-date: /home/epiibots/ros2_ws/install/micro_ros_msgs/include/micro_ros_msgs/micro_ros_msgs/msg/detail/node__rosidl_typesupport_introspection_cpp.hpp\n'}
[1.757150] (micro_ros_msgs) StdoutLine: {'line': b'-- Up-to-date: /home/epiibots/ros2_ws/install/micro_ros_msgs/include/micro_ros_msgs/micro_ros_msgs/msg/detail/entity__rosidl_typesupport_introspection_cpp.hpp\n'}
[1.757251] (micro_ros_msgs) StdoutLine: {'line': b'-- Up-to-date: /home/epiibots/ros2_ws/install/micro_ros_msgs/include/micro_ros_msgs/micro_ros_msgs/msg/detail/entity__type_support.cpp\n'}
[1.757329] (micro_ros_msgs) StdoutLine: {'line': b'-- Up-to-date: /home/epiibots/ros2_ws/install/micro_ros_msgs/lib/libmicro_ros_msgs__rosidl_typesupport_introspection_cpp.so\n'}
[1.757403] (micro_ros_msgs) StdoutLine: {'line': b'-- Up-to-date: /home/epiibots/ros2_ws/install/micro_ros_msgs/lib/libmicro_ros_msgs__rosidl_typesupport_cpp.so\n'}
[1.757478] (micro_ros_msgs) StdoutLine: {'line': b'-- Up-to-date: /home/epiibots/ros2_ws/install/micro_ros_msgs/share/micro_ros_msgs/environment/pythonpath.sh\n'}
[1.757554] (micro_ros_msgs) StdoutLine: {'line': b'-- Up-to-date: /home/epiibots/ros2_ws/install/micro_ros_msgs/share/micro_ros_msgs/environment/pythonpath.dsv\n'}
[1.757629] (micro_ros_msgs) StdoutLine: {'line': b'-- Up-to-date: /home/epiibots/ros2_ws/install/micro_ros_msgs/lib/python3.12/site-packages/micro_ros_msgs-5.0.2-py3.12.egg-info\n'}
[1.757703] (micro_ros_msgs) StdoutLine: {'line': b'-- Installing: /home/epiibots/ros2_ws/install/micro_ros_msgs/lib/python3.12/site-packages/micro_ros_msgs-5.0.2-py3.12.egg-info/top_level.txt\n'}
[1.757789] (micro_ros_msgs) StdoutLine: {'line': b'-- Installing: /home/epiibots/ros2_ws/install/micro_ros_msgs/lib/python3.12/site-packages/micro_ros_msgs-5.0.2-py3.12.egg-info/PKG-INFO\n'}
[1.757871] (micro_ros_msgs) StdoutLine: {'line': b'-- Installing: /home/epiibots/ros2_ws/install/micro_ros_msgs/lib/python3.12/site-packages/micro_ros_msgs-5.0.2-py3.12.egg-info/SOURCES.txt\n'}
[1.757952] (micro_ros_msgs) StdoutLine: {'line': b'-- Installing: /home/epiibots/ros2_ws/install/micro_ros_msgs/lib/python3.12/site-packages/micro_ros_msgs-5.0.2-py3.12.egg-info/dependency_links.txt\n'}
[1.758098] (micro_ros_msgs) StdoutLine: {'line': b'-- Up-to-date: /home/epiibots/ros2_ws/install/micro_ros_msgs/lib/python3.12/site-packages/micro_ros_msgs\n'}
[1.758191] (micro_ros_msgs) StdoutLine: {'line': b'-- Up-to-date: /home/epiibots/ros2_ws/install/micro_ros_msgs/lib/python3.12/site-packages/micro_ros_msgs/micro_ros_msgs_s__rosidl_typesupport_introspection_c.so\n'}
[1.758275] (micro_ros_msgs) StdoutLine: {'line': b'-- Up-to-date: /home/epiibots/ros2_ws/install/micro_ros_msgs/lib/python3.12/site-packages/micro_ros_msgs/msg\n'}
[1.758358] (micro_ros_msgs) StdoutLine: {'line': b'-- Up-to-date: /home/epiibots/ros2_ws/install/micro_ros_msgs/lib/python3.12/site-packages/micro_ros_msgs/msg/_entity_s.c\n'}
[1.758444] (micro_ros_msgs) StdoutLine: {'line': b'-- Up-to-date: /home/epiibots/ros2_ws/install/micro_ros_msgs/lib/python3.12/site-packages/micro_ros_msgs/msg/__init__.py\n'}
[1.758553] (micro_ros_msgs) StdoutLine: {'line': b'-- Up-to-date: /home/epiibots/ros2_ws/install/micro_ros_msgs/lib/python3.12/site-packages/micro_ros_msgs/msg/_entity.py\n'}
[1.758656] (micro_ros_msgs) StdoutLine: {'line': b'-- Up-to-date: /home/epiibots/ros2_ws/install/micro_ros_msgs/lib/python3.12/site-packages/micro_ros_msgs/msg/_graph.py\n'}
[1.758767] (micro_ros_msgs) StdoutLine: {'line': b'-- Up-to-date: /home/epiibots/ros2_ws/install/micro_ros_msgs/lib/python3.12/site-packages/micro_ros_msgs/msg/_node_s.c\n'}
[1.758868] (micro_ros_msgs) StdoutLine: {'line': b'-- Up-to-date: /home/epiibots/ros2_ws/install/micro_ros_msgs/lib/python3.12/site-packages/micro_ros_msgs/msg/_graph_s.c\n'}
[1.758959] (micro_ros_msgs) StdoutLine: {'line': b'-- Up-to-date: /home/epiibots/ros2_ws/install/micro_ros_msgs/lib/python3.12/site-packages/micro_ros_msgs/msg/_node.py\n'}
[1.759106] (micro_ros_msgs) StdoutLine: {'line': b'-- Up-to-date: /home/epiibots/ros2_ws/install/micro_ros_msgs/lib/python3.12/site-packages/micro_ros_msgs/__init__.py\n'}
[1.759204] (micro_ros_msgs) StdoutLine: {'line': b'-- Up-to-date: /home/epiibots/ros2_ws/install/micro_ros_msgs/lib/python3.12/site-packages/micro_ros_msgs/_micro_ros_msgs_s.ep.rosidl_typesupport_c.c\n'}
[1.759324] (micro_ros_msgs) StdoutLine: {'line': b'-- Up-to-date: /home/epiibots/ros2_ws/install/micro_ros_msgs/lib/python3.12/site-packages/micro_ros_msgs/_micro_ros_msgs_s.ep.rosidl_typesupport_introspection_c.c\n'}
[1.759436] (micro_ros_msgs) StdoutLine: {'line': b'-- Up-to-date: /home/epiibots/ros2_ws/install/micro_ros_msgs/lib/python3.12/site-packages/micro_ros_msgs/micro_ros_msgs_s__rosidl_typesupport_c.so\n'}
[1.759549] (micro_ros_msgs) StdoutLine: {'line': b'-- Up-to-date: /home/epiibots/ros2_ws/install/micro_ros_msgs/lib/python3.12/site-packages/micro_ros_msgs/micro_ros_msgs_s__rosidl_typesupport_fastrtps_c.so\n'}
[1.759660] (micro_ros_msgs) StdoutLine: {'line': b'-- Up-to-date: /home/epiibots/ros2_ws/install/micro_ros_msgs/lib/python3.12/site-packages/micro_ros_msgs/_micro_ros_msgs_s.ep.rosidl_typesupport_fastrtps_c.c\n'}
[1.810809] (-) TimerEvent: {}
[1.820180] (micro_ros_msgs) StdoutLine: {'line': b"Listing '/home/epiibots/ros2_ws/install/micro_ros_msgs/lib/python3.12/site-packages/micro_ros_msgs'...\n"}
[1.820588] (micro_ros_msgs) StdoutLine: {'line': b"Listing '/home/epiibots/ros2_ws/install/micro_ros_msgs/lib/python3.12/site-packages/micro_ros_msgs/msg'...\n"}
[1.844369] (micro_ros_msgs) StdoutLine: {'line': b'-- Up-to-date: /home/epiibots/ros2_ws/install/micro_ros_msgs/lib/python3.12/site-packages/micro_ros_msgs/micro_ros_msgs_s__rosidl_typesupport_fastrtps_c.so\n'}
[1.844840] (micro_ros_msgs) StdoutLine: {'line': b'-- Up-to-date: /home/epiibots/ros2_ws/install/micro_ros_msgs/lib/python3.12/site-packages/micro_ros_msgs/micro_ros_msgs_s__rosidl_typesupport_introspection_c.so\n'}
[1.845362] (micro_ros_msgs) StdoutLine: {'line': b'-- Up-to-date: /home/epiibots/ros2_ws/install/micro_ros_msgs/lib/python3.12/site-packages/micro_ros_msgs/micro_ros_msgs_s__rosidl_typesupport_c.so\n'}
[1.845815] (micro_ros_msgs) StdoutLine: {'line': b'-- Up-to-date: /home/epiibots/ros2_ws/install/micro_ros_msgs/lib/libmicro_ros_msgs__rosidl_generator_py.so\n'}
[1.846249] (micro_ros_msgs) StdoutLine: {'line': b'-- Up-to-date: /home/epiibots/ros2_ws/install/micro_ros_msgs/share/ament_index/resource_index/rust_packages/micro_ros_msgs\n'}
[1.847008] (micro_ros_msgs) StdoutLine: {'line': b'-- Up-to-date: /home/epiibots/ros2_ws/install/micro_ros_msgs/share/micro_ros_msgs/rust\n'}
[1.848186] (micro_ros_msgs) StdoutLine: {'line': b'-- Up-to-date: /home/epiibots/ros2_ws/install/micro_ros_msgs/share/micro_ros_msgs/rust/build.rs\n'}
[1.848421] (micro_ros_msgs) StdoutLine: {'line': b'-- Up-to-date: /home/epiibots/ros2_ws/install/micro_ros_msgs/share/micro_ros_msgs/rust/src\n'}
[1.848765] (micro_ros_msgs) StdoutLine: {'line': b'-- Up-to-date: /home/epiibots/ros2_ws/install/micro_ros_msgs/share/micro_ros_msgs/rust/src/msg\n'}
[1.849254] (micro_ros_msgs) StdoutLine: {'line': b'-- Up-to-date: /home/epiibots/ros2_ws/install/micro_ros_msgs/share/micro_ros_msgs/rust/src/msg/rmw.rs\n'}
[1.849980] (micro_ros_msgs) StdoutLine: {'line': b'-- Up-to-date: /home/epiibots/ros2_ws/install/micro_ros_msgs/share/micro_ros_msgs/rust/src/lib.rs\n'}
[1.850642] (micro_ros_msgs) StdoutLine: {'line': b'-- Up-to-date: /home/epiibots/ros2_ws/install/micro_ros_msgs/share/micro_ros_msgs/rust/src/msg.rs\n'}
[1.853501] (micro_ros_msgs) StdoutLine: {'line': b'-- Up-to-date: /home/epiibots/ros2_ws/install/micro_ros_msgs/share/micro_ros_msgs/rust/Cargo.toml\n'}
[1.853646] (micro_ros_msgs) StdoutLine: {'line': b'-- Up-to-date: /home/epiibots/ros2_ws/install/micro_ros_msgs/share/micro_ros_msgs/msg/Graph.idl\n'}
[1.853750] (micro_ros_msgs) StdoutLine: {'line': b'-- Up-to-date: /home/epiibots/ros2_ws/install/micro_ros_msgs/share/micro_ros_msgs/msg/Node.idl\n'}
[1.853871] (micro_ros_msgs) StdoutLine: {'line': b'-- Up-to-date: /home/epiibots/ros2_ws/install/micro_ros_msgs/share/micro_ros_msgs/msg/Entity.idl\n'}
[1.854028] (micro_ros_msgs) StdoutLine: {'line': b'-- Up-to-date: /home/epiibots/ros2_ws/install/micro_ros_msgs/share/micro_ros_msgs/msg/Graph.msg\n'}
[1.854140] (micro_ros_msgs) StdoutLine: {'line': b'-- Up-to-date: /home/epiibots/ros2_ws/install/micro_ros_msgs/share/micro_ros_msgs/msg/Node.msg\n'}
[1.854223] (micro_ros_msgs) StdoutLine: {'line': b'-- Up-to-date: /home/epiibots/ros2_ws/install/micro_ros_msgs/share/micro_ros_msgs/msg/Entity.msg\n'}
[1.854306] (micro_ros_msgs) StdoutLine: {'line': b'-- Up-to-date: /home/epiibots/ros2_ws/install/micro_ros_msgs/share/ament_index/resource_index/package_run_dependencies/micro_ros_msgs\n'}
[1.854393] (micro_ros_msgs) StdoutLine: {'line': b'-- Up-to-date: /home/epiibots/ros2_ws/install/micro_ros_msgs/share/ament_index/resource_index/parent_prefix_path/micro_ros_msgs\n'}
[1.854495] (micro_ros_msgs) StdoutLine: {'line': b'-- Up-to-date: /home/epiibots/ros2_ws/install/micro_ros_msgs/share/micro_ros_msgs/environment/ament_prefix_path.sh\n'}
[1.854581] (micro_ros_msgs) StdoutLine: {'line': b'-- Up-to-date: /home/epiibots/ros2_ws/install/micro_ros_msgs/share/micro_ros_msgs/environment/ament_prefix_path.dsv\n'}
[1.854661] (micro_ros_msgs) StdoutLine: {'line': b'-- Up-to-date: /home/epiibots/ros2_ws/install/micro_ros_msgs/share/micro_ros_msgs/environment/path.sh\n'}
[1.854739] (micro_ros_msgs) StdoutLine: {'line': b'-- Up-to-date: /home/epiibots/ros2_ws/install/micro_ros_msgs/share/micro_ros_msgs/environment/path.dsv\n'}
[1.854813] (micro_ros_msgs) StdoutLine: {'line': b'-- Up-to-date: /home/epiibots/ros2_ws/install/micro_ros_msgs/share/micro_ros_msgs/local_setup.bash\n'}
[1.854886] (micro_ros_msgs) StdoutLine: {'line': b'-- Up-to-date: /home/epiibots/ros2_ws/install/micro_ros_msgs/share/micro_ros_msgs/local_setup.sh\n'}
[1.854960] (micro_ros_msgs) StdoutLine: {'line': b'-- Up-to-date: /home/epiibots/ros2_ws/install/micro_ros_msgs/share/micro_ros_msgs/local_setup.zsh\n'}
[1.858277] (micro_ros_msgs) StdoutLine: {'line': b'-- Up-to-date: /home/epiibots/ros2_ws/install/micro_ros_msgs/share/micro_ros_msgs/local_setup.dsv\n'}
[1.858491] (micro_ros_msgs) StdoutLine: {'line': b'-- Installing: /home/epiibots/ros2_ws/install/micro_ros_msgs/share/micro_ros_msgs/package.dsv\n'}
[1.858606] (micro_ros_msgs) StdoutLine: {'line': b'-- Up-to-date: /home/epiibots/ros2_ws/install/micro_ros_msgs/share/ament_index/resource_index/packages/micro_ros_msgs\n'}
[1.858706] (micro_ros_msgs) StdoutLine: {'line': b'-- Up-to-date: /home/epiibots/ros2_ws/install/micro_ros_msgs/share/micro_ros_msgs/cmake/export_micro_ros_msgs__rosidl_generator_cExport.cmake\n'}
[1.858805] (micro_ros_msgs) StdoutLine: {'line': b'-- Up-to-date: /home/epiibots/ros2_ws/install/micro_ros_msgs/share/micro_ros_msgs/cmake/export_micro_ros_msgs__rosidl_generator_cExport-noconfig.cmake\n'}
[1.858911] (micro_ros_msgs) StdoutLine: {'line': b'-- Up-to-date: /home/epiibots/ros2_ws/install/micro_ros_msgs/share/micro_ros_msgs/cmake/export_micro_ros_msgs__rosidl_typesupport_fastrtps_cExport.cmake\n'}
[1.859102] (micro_ros_msgs) StdoutLine: {'line': b'-- Up-to-date: /home/epiibots/ros2_ws/install/micro_ros_msgs/share/micro_ros_msgs/cmake/export_micro_ros_msgs__rosidl_typesupport_fastrtps_cExport-noconfig.cmake\n'}
[1.859228] (micro_ros_msgs) StdoutLine: {'line': b'-- Up-to-date: /home/epiibots/ros2_ws/install/micro_ros_msgs/share/micro_ros_msgs/cmake/micro_ros_msgs__rosidl_typesupport_introspection_cExport.cmake\n'}
[1.859339] (micro_ros_msgs) StdoutLine: {'line': b'-- Up-to-date: /home/epiibots/ros2_ws/install/micro_ros_msgs/share/micro_ros_msgs/cmake/micro_ros_msgs__rosidl_typesupport_introspection_cExport-noconfig.cmake\n'}
[1.859443] (micro_ros_msgs) StdoutLine: {'line': b'-- Up-to-date: /home/epiibots/ros2_ws/install/micro_ros_msgs/share/micro_ros_msgs/cmake/micro_ros_msgs__rosidl_typesupport_cExport.cmake\n'}
[1.859542] (micro_ros_msgs) StdoutLine: {'line': b'-- Up-to-date: /home/epiibots/ros2_ws/install/micro_ros_msgs/share/micro_ros_msgs/cmake/micro_ros_msgs__rosidl_typesupport_cExport-noconfig.cmake\n'}
[1.859670] (micro_ros_msgs) StdoutLine: {'line': b'-- Up-to-date: /home/epiibots/ros2_ws/install/micro_ros_msgs/share/micro_ros_msgs/cmake/export_micro_ros_msgs__rosidl_generator_cppExport.cmake\n'}
[1.859768] (micro_ros_msgs) StdoutLine: {'line': b'-- Up-to-date: /home/epiibots/ros2_ws/install/micro_ros_msgs/share/micro_ros_msgs/cmake/export_micro_ros_msgs__rosidl_typesupport_fastrtps_cppExport.cmake\n'}
[1.859877] (micro_ros_msgs) StdoutLine: {'line': b'-- Up-to-date: /home/epiibots/ros2_ws/install/micro_ros_msgs/share/micro_ros_msgs/cmake/export_micro_ros_msgs__rosidl_typesupport_fastrtps_cppExport-noconfig.cmake\n'}
[1.862232] (micro_ros_msgs) StdoutLine: {'line': b'-- Up-to-date: /home/epiibots/ros2_ws/install/micro_ros_msgs/share/micro_ros_msgs/cmake/micro_ros_msgs__rosidl_typesupport_introspection_cppExport.cmake\n'}
[1.862420] (micro_ros_msgs) StdoutLine: {'line': b'-- Up-to-date: /home/epiibots/ros2_ws/install/micro_ros_msgs/share/micro_ros_msgs/cmake/micro_ros_msgs__rosidl_typesupport_introspection_cppExport-noconfig.cmake\n'}
[1.862517] (micro_ros_msgs) StdoutLine: {'line': b'-- Up-to-date: /home/epiibots/ros2_ws/install/micro_ros_msgs/share/micro_ros_msgs/cmake/micro_ros_msgs__rosidl_typesupport_cppExport.cmake\n'}
[1.862602] (micro_ros_msgs) StdoutLine: {'line': b'-- Up-to-date: /home/epiibots/ros2_ws/install/micro_ros_msgs/share/micro_ros_msgs/cmake/micro_ros_msgs__rosidl_typesupport_cppExport-noconfig.cmake\n'}
[1.862681] (micro_ros_msgs) StdoutLine: {'line': b'-- Up-to-date: /home/epiibots/ros2_ws/install/micro_ros_msgs/share/micro_ros_msgs/cmake/export_micro_ros_msgs__rosidl_generator_pyExport.cmake\n'}
[1.862760] (micro_ros_msgs) StdoutLine: {'line': b'-- Up-to-date: /home/epiibots/ros2_ws/install/micro_ros_msgs/share/micro_ros_msgs/cmake/export_micro_ros_msgs__rosidl_generator_pyExport-noconfig.cmake\n'}
[1.862836] (micro_ros_msgs) StdoutLine: {'line': b'-- Up-to-date: /home/epiibots/ros2_ws/install/micro_ros_msgs/share/micro_ros_msgs/cmake/rosidl_cmake-extras.cmake\n'}
[1.862915] (micro_ros_msgs) StdoutLine: {'line': b'-- Up-to-date: /home/epiibots/ros2_ws/install/micro_ros_msgs/share/micro_ros_msgs/cmake/ament_cmake_export_include_directories-extras.cmake\n'}
[1.863044] (micro_ros_msgs) StdoutLine: {'line': b'-- Up-to-date: /home/epiibots/ros2_ws/install/micro_ros_msgs/share/micro_ros_msgs/cmake/ament_cmake_export_libraries-extras.cmake\n'}
[1.863180] (micro_ros_msgs) StdoutLine: {'line': b'-- Up-to-date: /home/epiibots/ros2_ws/install/micro_ros_msgs/share/micro_ros_msgs/cmake/ament_cmake_export_targets-extras.cmake\n'}
[1.863310] (micro_ros_msgs) StdoutLine: {'line': b'-- Up-to-date: /home/epiibots/ros2_ws/install/micro_ros_msgs/share/micro_ros_msgs/cmake/rosidl_cmake_export_typesupport_targets-extras.cmake\n'}
[1.863433] (micro_ros_msgs) StdoutLine: {'line': b'-- Up-to-date: /home/epiibots/ros2_ws/install/micro_ros_msgs/share/micro_ros_msgs/cmake/ament_cmake_export_dependencies-extras.cmake\n'}
[1.863524] (micro_ros_msgs) StdoutLine: {'line': b'-- Up-to-date: /home/epiibots/ros2_ws/install/micro_ros_msgs/share/micro_ros_msgs/cmake/rosidl_cmake_export_typesupport_libraries-extras.cmake\n'}
[1.863620] (micro_ros_msgs) StdoutLine: {'line': b'-- Up-to-date: /home/epiibots/ros2_ws/install/micro_ros_msgs/share/micro_ros_msgs/cmake/micro_ros_msgsConfig.cmake\n'}
[1.863698] (micro_ros_msgs) StdoutLine: {'line': b'-- Up-to-date: /home/epiibots/ros2_ws/install/micro_ros_msgs/share/micro_ros_msgs/cmake/micro_ros_msgsConfig-version.cmake\n'}
[1.863773] (micro_ros_msgs) StdoutLine: {'line': b'-- Up-to-date: /home/epiibots/ros2_ws/install/micro_ros_msgs/share/micro_ros_msgs/package.xml\n'}
[1.863848] (micro_ros_msgs) CommandEnded: {'returncode': 0}
[1.901616] (micro_ros_msgs) JobEnded: {'identifier': 'micro_ros_msgs', 'rc': 0}
[1.902673] (detector) JobStarted: {'identifier': 'detector'}
[1.910927] (-) TimerEvent: {}
[2.011496] (-) TimerEvent: {}
[2.114122] (-) TimerEvent: {}
[2.214810] (-) TimerEvent: {}
[2.317081] (-) TimerEvent: {}
[2.405504] (calibration) Command: {'cmd': ['/usr/bin/python3', '-W', 'ignore:setup.py install is deprecated', '-W', 'ignore:easy_install command is deprecated', 'setup.py', 'egg_info', '--egg-base', '../../build/calibration', 'build', '--build-base', '/home/epiibots/ros2_ws/build/calibration/build', 'install', '--record', '/home/epiibots/ros2_ws/build/calibration/install.log', '--single-version-externally-managed', 'install_data'], 'cwd': '/home/epiibots/ros2_ws/src/calibration', 'env': {'LESSOPEN': '| /usr/bin/lesspipe %s', 'USER': 'epiibots', 'SSH_CLIENT': '192.168.0.101 63419 22', 'GZ_CONFIG_PATH': '/opt/ros/jazzy/opt/gz_sim_vendor/share/gz:/opt/ros/jazzy/opt/sdformat_vendor/share/gz:/opt/ros/jazzy/opt/gz_gui_vendor/share/gz:/opt/ros/jazzy/opt/gz_transport_vendor/share/gz:/opt/ros/jazzy/opt/gz_rendering_vendor/share/gz:/opt/ros/jazzy/opt/gz_plugin_vendor/share/gz:/opt/ros/jazzy/opt/gz_fuel_tools_vendor/share/gz:/opt/ros/jazzy/opt/gz_msgs_vendor/share/gz:/opt/ros/jazzy/opt/gz_common_vendor/share/gz', 'XDG_SESSION_TYPE': 'tty', 'SHLVL': '1', 'LD_LIBRARY_PATH': '/opt/ros/jazzy/opt/gz_sim_vendor/lib:/opt/ros/jazzy/opt/gz_sensors_vendor/lib:/opt/ros/jazzy/opt/gz_physics_vendor/lib:/opt/ros/jazzy/opt/sdformat_vendor/lib:/opt/ros/jazzy/opt/rviz_ogre_vendor/lib:/opt/ros/jazzy/lib/aarch64-linux-gnu:/opt/ros/jazzy/opt/gz_gui_vendor/lib:/opt/ros/jazzy/opt/gz_transport_vendor/lib:/opt/ros/jazzy/opt/gz_rendering_vendor/lib:/opt/ros/jazzy/opt/gz_plugin_vendor/lib:/opt/ros/jazzy/opt/gz_fuel_tools_vendor/lib:/opt/ros/jazzy/opt/gz_msgs_vendor/lib:/opt/ros/jazzy/opt/gz_common_vendor/lib:/opt/ros/jazzy/opt/gz_math_vendor/lib:/opt/ros/jazzy/opt/gz_utils_vendor/lib:/opt/ros/jazzy/opt/gz_tools_vendor/lib:/opt/ros/jazzy/opt/gz_ogre_next_vendor/lib:/opt/ros/jazzy/opt/gz_dartsim_vendor/lib:/opt/ros/jazzy/opt/gz_cmake_vendor/lib:/opt/ros/jazzy/lib', 'HOME': '/home/epiibots', 'OLDPWD': '/home/epiibots/ros2_ws/install', 'SSH_TTY': '/dev/pts/4', 'ROS_PYTHON_VERSION': '3', 'DBUS_SESSION_BUS_ADDRESS': 'unix:path=/run/user/1000/bus', 'DEBUGINFOD_URLS': 'https://debuginfod.ubuntu.com', 'ROS_DISTRO': 'jazzy', 'LOGNAME': 'epiibots', '_': '/usr/bin/colcon', 'ROS_VERSION': '2', 'XDG_SESSION_CLASS': 'user', 'TERM': 'xterm-256color', 'XDG_SESSION_ID': '11', 'PATH': '/opt/ros/jazzy/opt/gz_msgs_vendor/bin:/opt/ros/jazzy/opt/gz_tools_vendor/bin:/opt/ros/jazzy/opt/gz_ogre_next_vendor/bin:/opt/ros/jazzy/bin:/usr/local/sbin:/usr/local/bin:/usr/sbin:/usr/bin:/sbin:/bin:/usr/games:/usr/local/games:/snap/bin', 'XDG_RUNTIME_DIR': '/run/user/1000', 'LANG': 'en_US.UTF-8', 'LS_COLORS': 'rs=0:di=01;34:ln=01;36:mh=00:pi=40;33:so=01;35:do=01;35:bd=40;33;01:cd=40;33;01:or=40;31;01:mi=00:su=37;41:sg=30;43:ca=00:tw=30;42:ow=34;42:st=37;44:ex=01;32:*.tar=01;31:*.tgz=01;31:*.arc=01;31:*.arj=01;31:*.taz=01;31:*.lha=01;31:*.lz4=01;31:*.lzh=01;31:*.lzma=01;31:*.tlz=01;31:*.txz=01;31:*.tzo=01;31:*.t7z=01;31:*.zip=01;31:*.z=01;31:*.dz=01;31:*.gz=01;31:*.lrz=01;31:*.lz=01;31:*.lzo=01;31:*.xz=01;31:*.zst=01;31:*.tzst=01;31:*.bz2=01;31:*.bz=01;31:*.tbz=01;31:*.tbz2=01;31:*.tz=01;31:*.deb=01;31:*.rpm=01;31:*.jar=01;31:*.war=01;31:*.ear=01;31:*.sar=01;31:*.rar=01;31:*.alz=01;31:*.ace=01;31:*.zoo=01;31:*.cpio=01;31:*.7z=01;31:*.rz=01;31:*.cab=01;31:*.wim=01;31:*.swm=01;31:*.dwm=01;31:*.esd=01;31:*.avif=01;35:*.jpg=01;35:*.jpeg=01;35:*.mjpg=01;35:*.mjpeg=01;35:*.gif=01;35:*.bmp=01;35:*.pbm=01;35:*.pgm=01;35:*.ppm=01;35:*.tga=01;35:*.xbm=01;35:*.xpm=01;35:*.tif=01;35:*.tiff=01;35:*.png=01;35:*.svg=01;35:*.svgz=01;35:*.mng=01;35:*.pcx=01;35:*.mov=01;35:*.mpg=01;35:*.mpeg=01;35:*.m2v=01;35:*.mkv=01;35:*.webm=01;35:*.webp=01;35:*.ogm=01;35:*.mp4=01;35:*.m4v=01;35:*.mp4v=01;35:*.vob=01;35:*.qt=01;35:*.nuv=01;35:*.wmv=01;35:*.asf=01;35:*.rm=01;35:*.rmvb=01;35:*.flc=01;35:*.avi=01;35:*.fli=01;35:*.flv=01;35:*.gl=01;35:*.dl=01;35:*.xcf=01;35:*.xwd=01;35:*.yuv=01;35:*.cgm=01;35:*.emf=01;35:*.ogv=01;35:*.ogx=01;35:*.aac=00;36:*.au=00;36:*.flac=00;36:*.m4a=00;36:*.mid=00;36:*.midi=00;36:*.mka=00;36:*.mp3=00;36:*.mpc=00;36:*.ogg=00;36:*.ra=00;36:*.wav=00;36:*.oga=00;36:*.opus=00;36:*.spx=00;36:*.xspf=00;36:*~=00;90:*#=00;90:*.bak=00;90:*.crdownload=00;90:*.dpkg-dist=00;90:*.dpkg-new=00;90:*.dpkg-old=00;90:*.dpkg-tmp=00;90:*.old=00;90:*.orig=00;90:*.part=00;90:*.rej=00;90:*.rpmnew=00;90:*.rpmorig=00;90:*.rpmsave=00;90:*.swp=00;90:*.tmp=00;90:*.ucf-dist=00;90:*.ucf-new=00;90:*.ucf-old=00;90:', 'AMENT_PREFIX_PATH': '/opt/ros/jazzy', 'SHELL': '/bin/bash', 'LESSCLOSE': '/usr/bin/lesspipe %s %s', 'ROS_AUTOMATIC_DISCOVERY_RANGE': 'SUBNET', 'PWD': '/home/epiibots/ros2_ws/build/calibration', 'LC_ALL': 'en_US.UTF-8', 'SSH_CONNECTION': '192.168.0.101 63419 192.168.0.67 22', 'XDG_DATA_DIRS': '/usr/share/gnome:/usr/local/share:/usr/share:/var/lib/snapd/desktop', 'PYTHONPATH': '/home/epiibots/ros2_ws/build/calibration/prefix_override:/usr/lib/python3/dist-packages/colcon_core/task/python/colcon_distutils_commands:/home/epiibots/ros2_ws/install/calibration/lib/python3.12/site-packages:/opt/ros/jazzy/lib/python3.12/site-packages', 'COLCON': '1', 'CMAKE_PREFIX_PATH': '/opt/ros/jazzy/opt/gz_sim_vendor:/opt/ros/jazzy/opt/gz_sensors_vendor:/opt/ros/jazzy/opt/gz_physics_vendor:/opt/ros/jazzy/opt/sdformat_vendor:/opt/ros/jazzy/opt/gz_gui_vendor:/opt/ros/jazzy/opt/gz_transport_vendor:/opt/ros/jazzy/opt/gz_rendering_vendor:/opt/ros/jazzy/opt/gz_plugin_vendor:/opt/ros/jazzy/opt/gz_fuel_tools_vendor:/opt/ros/jazzy/opt/gz_msgs_vendor:/opt/ros/jazzy/opt/gz_common_vendor:/opt/ros/jazzy/opt/gz_math_vendor:/opt/ros/jazzy/opt/gz_utils_vendor:/opt/ros/jazzy/opt/gz_tools_vendor:/opt/ros/jazzy/opt/gz_ogre_next_vendor:/opt/ros/jazzy/opt/gz_dartsim_vendor:/opt/ros/jazzy/opt/gz_cmake_vendor'}, 'shell': False}
[2.410469] (bno055) Command: {'cmd': ['/usr/bin/python3', '-W', 'ignore:setup.py install is deprecated', '-W', 'ignore:easy_install command is deprecated', 'setup.py', 'egg_info', '--egg-base', '../../build/bno055', 'build', '--build-base', '/home/epiibots/ros2_ws/build/bno055/build', 'install', '--record', '/home/epiibots/ros2_ws/build/bno055/install.log', '--single-version-externally-managed', 'install_data'], 'cwd': '/home/epiibots/ros2_ws/src/bno055', 'env': {'LESSOPEN': '| /usr/bin/lesspipe %s', 'USER': 'epiibots', 'SSH_CLIENT': '192.168.0.101 63419 22', 'GZ_CONFIG_PATH': '/opt/ros/jazzy/opt/gz_sim_vendor/share/gz:/opt/ros/jazzy/opt/sdformat_vendor/share/gz:/opt/ros/jazzy/opt/gz_gui_vendor/share/gz:/opt/ros/jazzy/opt/gz_transport_vendor/share/gz:/opt/ros/jazzy/opt/gz_rendering_vendor/share/gz:/opt/ros/jazzy/opt/gz_plugin_vendor/share/gz:/opt/ros/jazzy/opt/gz_fuel_tools_vendor/share/gz:/opt/ros/jazzy/opt/gz_msgs_vendor/share/gz:/opt/ros/jazzy/opt/gz_common_vendor/share/gz', 'XDG_SESSION_TYPE': 'tty', 'SHLVL': '1', 'LD_LIBRARY_PATH': '/opt/ros/jazzy/opt/gz_sim_vendor/lib:/opt/ros/jazzy/opt/gz_sensors_vendor/lib:/opt/ros/jazzy/opt/gz_physics_vendor/lib:/opt/ros/jazzy/opt/sdformat_vendor/lib:/opt/ros/jazzy/opt/rviz_ogre_vendor/lib:/opt/ros/jazzy/lib/aarch64-linux-gnu:/opt/ros/jazzy/opt/gz_gui_vendor/lib:/opt/ros/jazzy/opt/gz_transport_vendor/lib:/opt/ros/jazzy/opt/gz_rendering_vendor/lib:/opt/ros/jazzy/opt/gz_plugin_vendor/lib:/opt/ros/jazzy/opt/gz_fuel_tools_vendor/lib:/opt/ros/jazzy/opt/gz_msgs_vendor/lib:/opt/ros/jazzy/opt/gz_common_vendor/lib:/opt/ros/jazzy/opt/gz_math_vendor/lib:/opt/ros/jazzy/opt/gz_utils_vendor/lib:/opt/ros/jazzy/opt/gz_tools_vendor/lib:/opt/ros/jazzy/opt/gz_ogre_next_vendor/lib:/opt/ros/jazzy/opt/gz_dartsim_vendor/lib:/opt/ros/jazzy/opt/gz_cmake_vendor/lib:/opt/ros/jazzy/lib', 'HOME': '/home/epiibots', 'OLDPWD': '/home/epiibots/ros2_ws/install', 'SSH_TTY': '/dev/pts/4', 'ROS_PYTHON_VERSION': '3', 'DBUS_SESSION_BUS_ADDRESS': 'unix:path=/run/user/1000/bus', 'DEBUGINFOD_URLS': 'https://debuginfod.ubuntu.com', 'ROS_DISTRO': 'jazzy', 'LOGNAME': 'epiibots', '_': '/usr/bin/colcon', 'ROS_VERSION': '2', 'XDG_SESSION_CLASS': 'user', 'TERM': 'xterm-256color', 'XDG_SESSION_ID': '11', 'PATH': '/opt/ros/jazzy/opt/gz_msgs_vendor/bin:/opt/ros/jazzy/opt/gz_tools_vendor/bin:/opt/ros/jazzy/opt/gz_ogre_next_vendor/bin:/opt/ros/jazzy/bin:/usr/local/sbin:/usr/local/bin:/usr/sbin:/usr/bin:/sbin:/bin:/usr/games:/usr/local/games:/snap/bin', 'XDG_RUNTIME_DIR': '/run/user/1000', 'LANG': 'en_US.UTF-8', 'LS_COLORS': 'rs=0:di=01;34:ln=01;36:mh=00:pi=40;33:so=01;35:do=01;35:bd=40;33;01:cd=40;33;01:or=40;31;01:mi=00:su=37;41:sg=30;43:ca=00:tw=30;42:ow=34;42:st=37;44:ex=01;32:*.tar=01;31:*.tgz=01;31:*.arc=01;31:*.arj=01;31:*.taz=01;31:*.lha=01;31:*.lz4=01;31:*.lzh=01;31:*.lzma=01;31:*.tlz=01;31:*.txz=01;31:*.tzo=01;31:*.t7z=01;31:*.zip=01;31:*.z=01;31:*.dz=01;31:*.gz=01;31:*.lrz=01;31:*.lz=01;31:*.lzo=01;31:*.xz=01;31:*.zst=01;31:*.tzst=01;31:*.bz2=01;31:*.bz=01;31:*.tbz=01;31:*.tbz2=01;31:*.tz=01;31:*.deb=01;31:*.rpm=01;31:*.jar=01;31:*.war=01;31:*.ear=01;31:*.sar=01;31:*.rar=01;31:*.alz=01;31:*.ace=01;31:*.zoo=01;31:*.cpio=01;31:*.7z=01;31:*.rz=01;31:*.cab=01;31:*.wim=01;31:*.swm=01;31:*.dwm=01;31:*.esd=01;31:*.avif=01;35:*.jpg=01;35:*.jpeg=01;35:*.mjpg=01;35:*.mjpeg=01;35:*.gif=01;35:*.bmp=01;35:*.pbm=01;35:*.pgm=01;35:*.ppm=01;35:*.tga=01;35:*.xbm=01;35:*.xpm=01;35:*.tif=01;35:*.tiff=01;35:*.png=01;35:*.svg=01;35:*.svgz=01;35:*.mng=01;35:*.pcx=01;35:*.mov=01;35:*.mpg=01;35:*.mpeg=01;35:*.m2v=01;35:*.mkv=01;35:*.webm=01;35:*.webp=01;35:*.ogm=01;35:*.mp4=01;35:*.m4v=01;35:*.mp4v=01;35:*.vob=01;35:*.qt=01;35:*.nuv=01;35:*.wmv=01;35:*.asf=01;35:*.rm=01;35:*.rmvb=01;35:*.flc=01;35:*.avi=01;35:*.fli=01;35:*.flv=01;35:*.gl=01;35:*.dl=01;35:*.xcf=01;35:*.xwd=01;35:*.yuv=01;35:*.cgm=01;35:*.emf=01;35:*.ogv=01;35:*.ogx=01;35:*.aac=00;36:*.au=00;36:*.flac=00;36:*.m4a=00;36:*.mid=00;36:*.midi=00;36:*.mka=00;36:*.mp3=00;36:*.mpc=00;36:*.ogg=00;36:*.ra=00;36:*.wav=00;36:*.oga=00;36:*.opus=00;36:*.spx=00;36:*.xspf=00;36:*~=00;90:*#=00;90:*.bak=00;90:*.crdownload=00;90:*.dpkg-dist=00;90:*.dpkg-new=00;90:*.dpkg-old=00;90:*.dpkg-tmp=00;90:*.old=00;90:*.orig=00;90:*.part=00;90:*.rej=00;90:*.rpmnew=00;90:*.rpmorig=00;90:*.rpmsave=00;90:*.swp=00;90:*.tmp=00;90:*.ucf-dist=00;90:*.ucf-new=00;90:*.ucf-old=00;90:', 'AMENT_PREFIX_PATH': '/opt/ros/jazzy', 'SHELL': '/bin/bash', 'LESSCLOSE': '/usr/bin/lesspipe %s %s', 'ROS_AUTOMATIC_DISCOVERY_RANGE': 'SUBNET', 'PWD': '/home/epiibots/ros2_ws/build/bno055', 'LC_ALL': 'en_US.UTF-8', 'SSH_CONNECTION': '192.168.0.101 63419 192.168.0.67 22', 'XDG_DATA_DIRS': '/usr/share/gnome:/usr/local/share:/usr/share:/var/lib/snapd/desktop', 'PYTHONPATH': '/home/epiibots/ros2_ws/build/bno055/prefix_override:/usr/lib/python3/dist-packages/colcon_core/task/python/colcon_distutils_commands:/home/epiibots/ros2_ws/install/bno055/lib/python3.12/site-packages:/opt/ros/jazzy/lib/python3.12/site-packages', 'COLCON': '1', 'CMAKE_PREFIX_PATH': '/opt/ros/jazzy/opt/gz_sim_vendor:/opt/ros/jazzy/opt/gz_sensors_vendor:/opt/ros/jazzy/opt/gz_physics_vendor:/opt/ros/jazzy/opt/sdformat_vendor:/opt/ros/jazzy/opt/gz_gui_vendor:/opt/ros/jazzy/opt/gz_transport_vendor:/opt/ros/jazzy/opt/gz_rendering_vendor:/opt/ros/jazzy/opt/gz_plugin_vendor:/opt/ros/jazzy/opt/gz_fuel_tools_vendor:/opt/ros/jazzy/opt/gz_msgs_vendor:/opt/ros/jazzy/opt/gz_common_vendor:/opt/ros/jazzy/opt/gz_math_vendor:/opt/ros/jazzy/opt/gz_utils_vendor:/opt/ros/jazzy/opt/gz_tools_vendor:/opt/ros/jazzy/opt/gz_ogre_next_vendor:/opt/ros/jazzy/opt/gz_dartsim_vendor:/opt/ros/jazzy/opt/gz_cmake_vendor'}, 'shell': False}
[2.417189] (-) TimerEvent: {}
[2.517647] (-) TimerEvent: {}
[2.620416] (-) TimerEvent: {}
[2.721044] (-) TimerEvent: {}
[2.821649] (-) TimerEvent: {}
[2.882202] (calibration) StdoutLine: {'line': b'running egg_info\n'}
[2.882986] (bno055) StdoutLine: {'line': b'running egg_info\n'}
[2.916772] (carrinho_base) Command: {'cmd': ['/usr/bin/python3', '-W', 'ignore:setup.py install is deprecated', '-W', 'ignore:easy_install command is deprecated', 'setup.py', 'egg_info', '--egg-base', '../../build/carrinho_base', 'build', '--build-base', '/home/epiibots/ros2_ws/build/carrinho_base/build', 'install', '--record', '/home/epiibots/ros2_ws/build/carrinho_base/install.log', '--single-version-externally-managed', 'install_data'], 'cwd': '/home/epiibots/ros2_ws/src/carrinho_base', 'env': {'LESSOPEN': '| /usr/bin/lesspipe %s', 'USER': 'epiibots', 'SSH_CLIENT': '192.168.0.101 63419 22', 'GZ_CONFIG_PATH': '/opt/ros/jazzy/opt/gz_sim_vendor/share/gz:/opt/ros/jazzy/opt/sdformat_vendor/share/gz:/opt/ros/jazzy/opt/gz_gui_vendor/share/gz:/opt/ros/jazzy/opt/gz_transport_vendor/share/gz:/opt/ros/jazzy/opt/gz_rendering_vendor/share/gz:/opt/ros/jazzy/opt/gz_plugin_vendor/share/gz:/opt/ros/jazzy/opt/gz_fuel_tools_vendor/share/gz:/opt/ros/jazzy/opt/gz_msgs_vendor/share/gz:/opt/ros/jazzy/opt/gz_common_vendor/share/gz', 'XDG_SESSION_TYPE': 'tty', 'SHLVL': '1', 'LD_LIBRARY_PATH': '/opt/ros/jazzy/opt/gz_sim_vendor/lib:/opt/ros/jazzy/opt/gz_sensors_vendor/lib:/opt/ros/jazzy/opt/gz_physics_vendor/lib:/opt/ros/jazzy/opt/sdformat_vendor/lib:/opt/ros/jazzy/opt/rviz_ogre_vendor/lib:/opt/ros/jazzy/lib/aarch64-linux-gnu:/opt/ros/jazzy/opt/gz_gui_vendor/lib:/opt/ros/jazzy/opt/gz_transport_vendor/lib:/opt/ros/jazzy/opt/gz_rendering_vendor/lib:/opt/ros/jazzy/opt/gz_plugin_vendor/lib:/opt/ros/jazzy/opt/gz_fuel_tools_vendor/lib:/opt/ros/jazzy/opt/gz_msgs_vendor/lib:/opt/ros/jazzy/opt/gz_common_vendor/lib:/opt/ros/jazzy/opt/gz_math_vendor/lib:/opt/ros/jazzy/opt/gz_utils_vendor/lib:/opt/ros/jazzy/opt/gz_tools_vendor/lib:/opt/ros/jazzy/opt/gz_ogre_next_vendor/lib:/opt/ros/jazzy/opt/gz_dartsim_vendor/lib:/opt/ros/jazzy/opt/gz_cmake_vendor/lib:/opt/ros/jazzy/lib', 'HOME': '/home/epiibots', 'OLDPWD': '/home/epiibots/ros2_ws/install', 'SSH_TTY': '/dev/pts/4', 'ROS_PYTHON_VERSION': '3', 'DBUS_SESSION_BUS_ADDRESS': 'unix:path=/run/user/1000/bus', 'DEBUGINFOD_URLS': 'https://debuginfod.ubuntu.com', 'ROS_DISTRO': 'jazzy', 'LOGNAME': 'epiibots', '_': '/usr/bin/colcon', 'ROS_VERSION': '2', 'XDG_SESSION_CLASS': 'user', 'TERM': 'xterm-256color', 'XDG_SESSION_ID': '11', 'PATH': '/opt/ros/jazzy/opt/gz_msgs_vendor/bin:/opt/ros/jazzy/opt/gz_tools_vendor/bin:/opt/ros/jazzy/opt/gz_ogre_next_vendor/bin:/opt/ros/jazzy/bin:/usr/local/sbin:/usr/local/bin:/usr/sbin:/usr/bin:/sbin:/bin:/usr/games:/usr/local/games:/snap/bin', 'XDG_RUNTIME_DIR': '/run/user/1000', 'LANG': 'en_US.UTF-8', 'LS_COLORS': 'rs=0:di=01;34:ln=01;36:mh=00:pi=40;33:so=01;35:do=01;35:bd=40;33;01:cd=40;33;01:or=40;31;01:mi=00:su=37;41:sg=30;43:ca=00:tw=30;42:ow=34;42:st=37;44:ex=01;32:*.tar=01;31:*.tgz=01;31:*.arc=01;31:*.arj=01;31:*.taz=01;31:*.lha=01;31:*.lz4=01;31:*.lzh=01;31:*.lzma=01;31:*.tlz=01;31:*.txz=01;31:*.tzo=01;31:*.t7z=01;31:*.zip=01;31:*.z=01;31:*.dz=01;31:*.gz=01;31:*.lrz=01;31:*.lz=01;31:*.lzo=01;31:*.xz=01;31:*.zst=01;31:*.tzst=01;31:*.bz2=01;31:*.bz=01;31:*.tbz=01;31:*.tbz2=01;31:*.tz=01;31:*.deb=01;31:*.rpm=01;31:*.jar=01;31:*.war=01;31:*.ear=01;31:*.sar=01;31:*.rar=01;31:*.alz=01;31:*.ace=01;31:*.zoo=01;31:*.cpio=01;31:*.7z=01;31:*.rz=01;31:*.cab=01;31:*.wim=01;31:*.swm=01;31:*.dwm=01;31:*.esd=01;31:*.avif=01;35:*.jpg=01;35:*.jpeg=01;35:*.mjpg=01;35:*.mjpeg=01;35:*.gif=01;35:*.bmp=01;35:*.pbm=01;35:*.pgm=01;35:*.ppm=01;35:*.tga=01;35:*.xbm=01;35:*.xpm=01;35:*.tif=01;35:*.tiff=01;35:*.png=01;35:*.svg=01;35:*.svgz=01;35:*.mng=01;35:*.pcx=01;35:*.mov=01;35:*.mpg=01;35:*.mpeg=01;35:*.m2v=01;35:*.mkv=01;35:*.webm=01;35:*.webp=01;35:*.ogm=01;35:*.mp4=01;35:*.m4v=01;35:*.mp4v=01;35:*.vob=01;35:*.qt=01;35:*.nuv=01;35:*.wmv=01;35:*.asf=01;35:*.rm=01;35:*.rmvb=01;35:*.flc=01;35:*.avi=01;35:*.fli=01;35:*.flv=01;35:*.gl=01;35:*.dl=01;35:*.xcf=01;35:*.xwd=01;35:*.yuv=01;35:*.cgm=01;35:*.emf=01;35:*.ogv=01;35:*.ogx=01;35:*.aac=00;36:*.au=00;36:*.flac=00;36:*.m4a=00;36:*.mid=00;36:*.midi=00;36:*.mka=00;36:*.mp3=00;36:*.mpc=00;36:*.ogg=00;36:*.ra=00;36:*.wav=00;36:*.oga=00;36:*.opus=00;36:*.spx=00;36:*.xspf=00;36:*~=00;90:*#=00;90:*.bak=00;90:*.crdownload=00;90:*.dpkg-dist=00;90:*.dpkg-new=00;90:*.dpkg-old=00;90:*.dpkg-tmp=00;90:*.old=00;90:*.orig=00;90:*.part=00;90:*.rej=00;90:*.rpmnew=00;90:*.rpmorig=00;90:*.rpmsave=00;90:*.swp=00;90:*.tmp=00;90:*.ucf-dist=00;90:*.ucf-new=00;90:*.ucf-old=00;90:', 'AMENT_PREFIX_PATH': '/opt/ros/jazzy', 'SHELL': '/bin/bash', 'LESSCLOSE': '/usr/bin/lesspipe %s %s', 'ROS_AUTOMATIC_DISCOVERY_RANGE': 'SUBNET', 'PWD': '/home/epiibots/ros2_ws/build/carrinho_base', 'LC_ALL': 'en_US.UTF-8', 'SSH_CONNECTION': '192.168.0.101 63419 192.168.0.67 22', 'XDG_DATA_DIRS': '/usr/share/gnome:/usr/local/share:/usr/share:/var/lib/snapd/desktop', 'PYTHONPATH': '/home/epiibots/ros2_ws/build/carrinho_base/prefix_override:/usr/lib/python3/dist-packages/colcon_core/task/python/colcon_distutils_commands:/home/epiibots/ros2_ws/install/carrinho_base/lib/python3.12/site-packages:/opt/ros/jazzy/lib/python3.12/site-packages', 'COLCON': '1', 'CMAKE_PREFIX_PATH': '/opt/ros/jazzy/opt/gz_sim_vendor:/opt/ros/jazzy/opt/gz_sensors_vendor:/opt/ros/jazzy/opt/gz_physics_vendor:/opt/ros/jazzy/opt/sdformat_vendor:/opt/ros/jazzy/opt/gz_gui_vendor:/opt/ros/jazzy/opt/gz_transport_vendor:/opt/ros/jazzy/opt/gz_rendering_vendor:/opt/ros/jazzy/opt/gz_plugin_vendor:/opt/ros/jazzy/opt/gz_fuel_tools_vendor:/opt/ros/jazzy/opt/gz_msgs_vendor:/opt/ros/jazzy/opt/gz_common_vendor:/opt/ros/jazzy/opt/gz_math_vendor:/opt/ros/jazzy/opt/gz_utils_vendor:/opt/ros/jazzy/opt/gz_tools_vendor:/opt/ros/jazzy/opt/gz_ogre_next_vendor:/opt/ros/jazzy/opt/gz_dartsim_vendor:/opt/ros/jazzy/opt/gz_cmake_vendor'}, 'shell': False}
[2.918022] (calibration) StdoutLine: {'line': b'writing ../../build/calibration/calibration.egg-info/PKG-INFO\n'}
[2.918740] (calibration) StdoutLine: {'line': b'writing dependency_links to ../../build/calibration/calibration.egg-info/dependency_links.txt\n'}
[2.919092] (bno055) StdoutLine: {'line': b'writing ../../build/bno055/bno055.egg-info/PKG-INFO\n'}
[2.921284] (bno055) StdoutLine: {'line': b'writing dependency_links to ../../build/bno055/bno055.egg-info/dependency_links.txt\n'}
[2.922034] (-) TimerEvent: {}
[2.922182] (bno055) StdoutLine: {'line': b'writing entry points to ../../build/bno055/bno055.egg-info/entry_points.txt\n'}
[2.922302] (bno055) StdoutLine: {'line': b'writing requirements to ../../build/bno055/bno055.egg-info/requires.txt\n'}
[2.922403] (bno055) StdoutLine: {'line': b'writing top-level names to ../../build/bno055/bno055.egg-info/top_level.txt\n'}
[2.924046] (calibration) StdoutLine: {'line': b'writing entry points to ../../build/calibration/calibration.egg-info/entry_points.txt\n'}
[2.924268] (calibration) StdoutLine: {'line': b'writing requirements to ../../build/calibration/calibration.egg-info/requires.txt\n'}
[2.925179] (calibration) StdoutLine: {'line': b'writing top-level names to ../../build/calibration/calibration.egg-info/top_level.txt\n'}
[2.979493] (bno055) StdoutLine: {'line': b"reading manifest file '../../build/bno055/bno055.egg-info/SOURCES.txt'\n"}
[2.979989] (bno055) StdoutLine: {'line': b"adding license file 'LICENSE'\n"}
[2.980189] (bno055) StdoutLine: {'line': b"adding license file 'AUTHORS'\n"}
[2.981089] (bno055) StdoutLine: {'line': b"writing manifest file '../../build/bno055/bno055.egg-info/SOURCES.txt'\n"}
[2.981396] (bno055) StdoutLine: {'line': b'running build\n'}
[2.981551] (bno055) StdoutLine: {'line': b'running build_py\n'}
[2.983122] (bno055) StdoutLine: {'line': b'running install\n'}
[2.989043] (calibration) StdoutLine: {'line': b"reading manifest file '../../build/calibration/calibration.egg-info/SOURCES.txt'\n"}
[2.989298] (calibration) StdoutLine: {'line': b"adding license file 'LICENSE'\n"}
[2.989388] (calibration) StdoutLine: {'line': b"writing manifest file '../../build/calibration/calibration.egg-info/SOURCES.txt'\n"}
[2.989486] (calibration) StdoutLine: {'line': b'running build\n'}
[2.989561] (calibration) StdoutLine: {'line': b'running build_py\n'}
[2.989648] (calibration) StdoutLine: {'line': b'running install\n'}
[2.994601] (bno055) StdoutLine: {'line': b'running install_lib\n'}
[2.997326] (calibration) StdoutLine: {'line': b'running install_lib\n'}
[3.022175] (-) TimerEvent: {}
[3.037479] (bno055) StdoutLine: {'line': b'running install_data\n'}
[3.037958] (bno055) StdoutLine: {'line': b'running install_egg_info\n'}
[3.048091] (calibration) StdoutLine: {'line': b'running install_data\n'}
[3.048351] (calibration) StdoutLine: {'line': b'running install_egg_info\n'}
[3.076980] (bno055) StdoutLine: {'line': b"removing '/home/epiibots/ros2_ws/install/bno055/lib/python3.12/site-packages/bno055-0.5.0-py3.12.egg-info' (and everything under it)\n"}
[3.080135] (bno055) StdoutLine: {'line': b'Copying ../../build/bno055/bno055.egg-info to /home/epiibots/ros2_ws/install/bno055/lib/python3.12/site-packages/bno055-0.5.0-py3.12.egg-info\n'}
[3.080382] (bno055) StdoutLine: {'line': b'running install_scripts\n'}
[3.087407] (calibration) StdoutLine: {'line': b"removing '/home/epiibots/ros2_ws/install/calibration/lib/python3.12/site-packages/calibration-0.0.0-py3.12.egg-info' (and everything under it)\n"}
[3.088671] (calibration) StdoutLine: {'line': b'Copying ../../build/calibration/calibration.egg-info to /home/epiibots/ros2_ws/install/calibration/lib/python3.12/site-packages/calibration-0.0.0-py3.12.egg-info\n'}
[3.091475] (calibration) StdoutLine: {'line': b'running install_scripts\n'}
[3.122291] (-) TimerEvent: {}
[3.222903] (-) TimerEvent: {}
[3.313483] (bno055) StdoutLine: {'line': b'Installing bno055 script to /home/epiibots/ros2_ws/install/bno055/lib/bno055\n'}
[3.314976] (bno055) StdoutLine: {'line': b"writing list of installed files to '/home/epiibots/ros2_ws/build/bno055/install.log'\n"}
[3.323047] (-) TimerEvent: {}
[3.327077] (calibration) StdoutLine: {'line': b'Installing imu_save script to /home/epiibots/ros2_ws/install/calibration/lib/calibration\n'}
[3.327990] (calibration) StdoutLine: {'line': b"writing list of installed files to '/home/epiibots/ros2_ws/build/calibration/install.log'\n"}
[3.423209] (-) TimerEvent: {}
[3.462190] (carrinho_base) StdoutLine: {'line': b'running egg_info\n'}
[3.477439] (bno055) CommandEnded: {'returncode': 0}
[3.492943] (bno055) JobEnded: {'identifier': 'bno055', 'rc': 0}
[3.494052] (drive_base_msgs) JobStarted: {'identifier': 'drive_base_msgs'}
[3.496365] (carrinho_base) StdoutLine: {'line': b'writing ../../build/carrinho_base/carrinho_base.egg-info/PKG-INFO\n'}
[3.496641] (carrinho_base) StdoutLine: {'line': b'writing dependency_links to ../../build/carrinho_base/carrinho_base.egg-info/dependency_links.txt\n'}
[3.497352] (carrinho_base) StdoutLine: {'line': b'writing entry points to ../../build/carrinho_base/carrinho_base.egg-info/entry_points.txt\n'}
[3.498262] (carrinho_base) StdoutLine: {'line': b'writing requirements to ../../build/carrinho_base/carrinho_base.egg-info/requires.txt\n'}
[3.498938] (carrinho_base) StdoutLine: {'line': b'writing top-level names to ../../build/carrinho_base/carrinho_base.egg-info/top_level.txt\n'}
[3.503285] (calibration) CommandEnded: {'returncode': 0}
[3.519624] (calibration) JobEnded: {'identifier': 'calibration', 'rc': 0}
[3.521440] (lidar_teste) JobStarted: {'identifier': 'lidar_teste'}
[3.523287] (-) TimerEvent: {}
[3.531490] (drive_base_msgs) JobProgress: {'identifier': 'drive_base_msgs', 'progress': 'cmake'}
[3.532738] (drive_base_msgs) JobProgress: {'identifier': 'drive_base_msgs', 'progress': 'build'}
[3.533064] (drive_base_msgs) Command: {'cmd': ['/usr/bin/cmake', '--build', '/home/epiibots/ros2_ws/build/drive_base_msgs', '--', '-j4', '-l4'], 'cwd': '/home/epiibots/ros2_ws/build/drive_base_msgs', 'env': OrderedDict({'LESSOPEN': '| /usr/bin/lesspipe %s', 'USER': 'epiibots', 'SSH_CLIENT': '192.168.0.101 63419 22', 'GZ_CONFIG_PATH': '/opt/ros/jazzy/opt/gz_sim_vendor/share/gz:/opt/ros/jazzy/opt/sdformat_vendor/share/gz:/opt/ros/jazzy/opt/gz_gui_vendor/share/gz:/opt/ros/jazzy/opt/gz_transport_vendor/share/gz:/opt/ros/jazzy/opt/gz_rendering_vendor/share/gz:/opt/ros/jazzy/opt/gz_plugin_vendor/share/gz:/opt/ros/jazzy/opt/gz_fuel_tools_vendor/share/gz:/opt/ros/jazzy/opt/gz_msgs_vendor/share/gz:/opt/ros/jazzy/opt/gz_common_vendor/share/gz', 'XDG_SESSION_TYPE': 'tty', 'SHLVL': '1', 'LD_LIBRARY_PATH': '/opt/ros/jazzy/opt/gz_sim_vendor/lib:/opt/ros/jazzy/opt/gz_sensors_vendor/lib:/opt/ros/jazzy/opt/gz_physics_vendor/lib:/opt/ros/jazzy/opt/sdformat_vendor/lib:/opt/ros/jazzy/opt/rviz_ogre_vendor/lib:/opt/ros/jazzy/lib/aarch64-linux-gnu:/opt/ros/jazzy/opt/gz_gui_vendor/lib:/opt/ros/jazzy/opt/gz_transport_vendor/lib:/opt/ros/jazzy/opt/gz_rendering_vendor/lib:/opt/ros/jazzy/opt/gz_plugin_vendor/lib:/opt/ros/jazzy/opt/gz_fuel_tools_vendor/lib:/opt/ros/jazzy/opt/gz_msgs_vendor/lib:/opt/ros/jazzy/opt/gz_common_vendor/lib:/opt/ros/jazzy/opt/gz_math_vendor/lib:/opt/ros/jazzy/opt/gz_utils_vendor/lib:/opt/ros/jazzy/opt/gz_tools_vendor/lib:/opt/ros/jazzy/opt/gz_ogre_next_vendor/lib:/opt/ros/jazzy/opt/gz_dartsim_vendor/lib:/opt/ros/jazzy/opt/gz_cmake_vendor/lib:/opt/ros/jazzy/lib', 'HOME': '/home/epiibots', 'OLDPWD': '/home/epiibots/ros2_ws/install', 'SSH_TTY': '/dev/pts/4', 'ROS_PYTHON_VERSION': '3', 'DBUS_SESSION_BUS_ADDRESS': 'unix:path=/run/user/1000/bus', 'DEBUGINFOD_URLS': 'https://debuginfod.ubuntu.com', 'ROS_DISTRO': 'jazzy', 'LOGNAME': 'epiibots', '_': '/usr/bin/colcon', 'ROS_VERSION': '2', 'XDG_SESSION_CLASS': 'user', 'TERM': 'xterm-256color', 'XDG_SESSION_ID': '11', 'PATH': '/opt/ros/jazzy/opt/gz_msgs_vendor/bin:/opt/ros/jazzy/opt/gz_tools_vendor/bin:/opt/ros/jazzy/opt/gz_ogre_next_vendor/bin:/opt/ros/jazzy/bin:/usr/local/sbin:/usr/local/bin:/usr/sbin:/usr/bin:/sbin:/bin:/usr/games:/usr/local/games:/snap/bin', 'XDG_RUNTIME_DIR': '/run/user/1000', 'LANG': 'en_US.UTF-8', 'LS_COLORS': 'rs=0:di=01;34:ln=01;36:mh=00:pi=40;33:so=01;35:do=01;35:bd=40;33;01:cd=40;33;01:or=40;31;01:mi=00:su=37;41:sg=30;43:ca=00:tw=30;42:ow=34;42:st=37;44:ex=01;32:*.tar=01;31:*.tgz=01;31:*.arc=01;31:*.arj=01;31:*.taz=01;31:*.lha=01;31:*.lz4=01;31:*.lzh=01;31:*.lzma=01;31:*.tlz=01;31:*.txz=01;31:*.tzo=01;31:*.t7z=01;31:*.zip=01;31:*.z=01;31:*.dz=01;31:*.gz=01;31:*.lrz=01;31:*.lz=01;31:*.lzo=01;31:*.xz=01;31:*.zst=01;31:*.tzst=01;31:*.bz2=01;31:*.bz=01;31:*.tbz=01;31:*.tbz2=01;31:*.tz=01;31:*.deb=01;31:*.rpm=01;31:*.jar=01;31:*.war=01;31:*.ear=01;31:*.sar=01;31:*.rar=01;31:*.alz=01;31:*.ace=01;31:*.zoo=01;31:*.cpio=01;31:*.7z=01;31:*.rz=01;31:*.cab=01;31:*.wim=01;31:*.swm=01;31:*.dwm=01;31:*.esd=01;31:*.avif=01;35:*.jpg=01;35:*.jpeg=01;35:*.mjpg=01;35:*.mjpeg=01;35:*.gif=01;35:*.bmp=01;35:*.pbm=01;35:*.pgm=01;35:*.ppm=01;35:*.tga=01;35:*.xbm=01;35:*.xpm=01;35:*.tif=01;35:*.tiff=01;35:*.png=01;35:*.svg=01;35:*.svgz=01;35:*.mng=01;35:*.pcx=01;35:*.mov=01;35:*.mpg=01;35:*.mpeg=01;35:*.m2v=01;35:*.mkv=01;35:*.webm=01;35:*.webp=01;35:*.ogm=01;35:*.mp4=01;35:*.m4v=01;35:*.mp4v=01;35:*.vob=01;35:*.qt=01;35:*.nuv=01;35:*.wmv=01;35:*.asf=01;35:*.rm=01;35:*.rmvb=01;35:*.flc=01;35:*.avi=01;35:*.fli=01;35:*.flv=01;35:*.gl=01;35:*.dl=01;35:*.xcf=01;35:*.xwd=01;35:*.yuv=01;35:*.cgm=01;35:*.emf=01;35:*.ogv=01;35:*.ogx=01;35:*.aac=00;36:*.au=00;36:*.flac=00;36:*.m4a=00;36:*.mid=00;36:*.midi=00;36:*.mka=00;36:*.mp3=00;36:*.mpc=00;36:*.ogg=00;36:*.ra=00;36:*.wav=00;36:*.oga=00;36:*.opus=00;36:*.spx=00;36:*.xspf=00;36:*~=00;90:*#=00;90:*.bak=00;90:*.crdownload=00;90:*.dpkg-dist=00;90:*.dpkg-new=00;90:*.dpkg-old=00;90:*.dpkg-tmp=00;90:*.old=00;90:*.orig=00;90:*.part=00;90:*.rej=00;90:*.rpmnew=00;90:*.rpmorig=00;90:*.rpmsave=00;90:*.swp=00;90:*.tmp=00;90:*.ucf-dist=00;90:*.ucf-new=00;90:*.ucf-old=00;90:', 'AMENT_PREFIX_PATH': '/opt/ros/jazzy', 'SHELL': '/bin/bash', 'LESSCLOSE': '/usr/bin/lesspipe %s %s', 'ROS_AUTOMATIC_DISCOVERY_RANGE': 'SUBNET', 'PWD': '/home/epiibots/ros2_ws/build/drive_base_msgs', 'LC_ALL': 'en_US.UTF-8', 'SSH_CONNECTION': '192.168.0.101 63419 192.168.0.67 22', 'XDG_DATA_DIRS': '/usr/share/gnome:/usr/local/share:/usr/share:/var/lib/snapd/desktop', 'PYTHONPATH': '/opt/ros/jazzy/lib/python3.12/site-packages', 'COLCON': '1', 'CMAKE_PREFIX_PATH': '/opt/ros/jazzy/opt/gz_sim_vendor:/opt/ros/jazzy/opt/gz_sensors_vendor:/opt/ros/jazzy/opt/gz_physics_vendor:/opt/ros/jazzy/opt/sdformat_vendor:/opt/ros/jazzy/opt/gz_gui_vendor:/opt/ros/jazzy/opt/gz_transport_vendor:/opt/ros/jazzy/opt/gz_rendering_vendor:/opt/ros/jazzy/opt/gz_plugin_vendor:/opt/ros/jazzy/opt/gz_fuel_tools_vendor:/opt/ros/jazzy/opt/gz_msgs_vendor:/opt/ros/jazzy/opt/gz_common_vendor:/opt/ros/jazzy/opt/gz_math_vendor:/opt/ros/jazzy/opt/gz_utils_vendor:/opt/ros/jazzy/opt/gz_tools_vendor:/opt/ros/jazzy/opt/gz_ogre_next_vendor:/opt/ros/jazzy/opt/gz_dartsim_vendor:/opt/ros/jazzy/opt/gz_cmake_vendor:/opt/ros/jazzy'}), 'shell': False}
[3.570059] (carrinho_base) StdoutLine: {'line': b"reading manifest file '../../build/carrinho_base/carrinho_base.egg-info/SOURCES.txt'\n"}
[3.570566] (carrinho_base) StdoutLine: {'line': b"writing manifest file '../../build/carrinho_base/carrinho_base.egg-info/SOURCES.txt'\n"}
[3.570749] (carrinho_base) StdoutLine: {'line': b'running build\n'}
[3.570873] (carrinho_base) StdoutLine: {'line': b'running build_py\n'}
[3.571053] (carrinho_base) StdoutLine: {'line': b'running install\n'}
[3.586816] (carrinho_base) StdoutLine: {'line': b'running install_lib\n'}
[3.623485] (-) TimerEvent: {}
[3.667122] (carrinho_base) StdoutLine: {'line': b'running install_data\n'}
[3.667629] (carrinho_base) StdoutLine: {'line': b'running install_egg_info\n'}
[3.723713] (-) TimerEvent: {}
[3.739551] (carrinho_base) StdoutLine: {'line': b"removing '/home/epiibots/ros2_ws/install/carrinho_base/lib/python3.12/site-packages/carrinho_base-0.0.0-py3.12.egg-info' (and everything under it)\n"}
[3.740541] (carrinho_base) StdoutLine: {'line': b'Copying ../../build/carrinho_base/carrinho_base.egg-info to /home/epiibots/ros2_ws/install/carrinho_base/lib/python3.12/site-packages/carrinho_base-0.0.0-py3.12.egg-info\n'}
[3.744122] (carrinho_base) StdoutLine: {'line': b'running install_scripts\n'}
[3.749215] (drive_base_msgs) StdoutLine: {'line': b'[  0%] Built target ament_cmake_python_copy_drive_base_msgs\n'}
[3.764102] (drive_base_msgs) StdoutLine: {'line': b'[  1%] Built target drive_base_msgs__rosidl_generator_type_description\n'}
[3.764466] (drive_base_msgs) StdoutLine: {'line': b'[  3%] Built target drive_base_msgs__rs\n'}
[3.823825] (-) TimerEvent: {}
[3.838121] (drive_base_msgs) StdoutLine: {'line': b'[ 24%] Built target drive_base_msgs__rosidl_generator_c\n'}
[3.860911] (drive_base_msgs) StdoutLine: {'line': b'[ 26%] Built target drive_base_msgs__cpp\n'}
[3.923954] (-) TimerEvent: {}
[3.939921] (drive_base_msgs) StdoutLine: {'line': b'[ 35%] Built target drive_base_msgs__rosidl_typesupport_fastrtps_c\n'}
[3.945193] (drive_base_msgs) StdoutLine: {'line': b'[ 44%] Built target drive_base_msgs__rosidl_typesupport_introspection_c\n'}
[3.982156] (drive_base_msgs) StdoutLine: {'line': b'[ 53%] Built target drive_base_msgs__rosidl_typesupport_c\n'}
[4.022202] (drive_base_msgs) StdoutLine: {'line': b'[ 63%] Built target drive_base_msgs__rosidl_typesupport_fastrtps_cpp\n'}
[4.024051] (-) TimerEvent: {}
[4.031116] (carrinho_base) StdoutLine: {'line': b'Installing checkpoint_player script to /home/epiibots/ros2_ws/install/carrinho_base/lib/carrinho_base\n'}
[4.031512] (carrinho_base) StdoutLine: {'line': b'Installing checkpoint_recorder script to /home/epiibots/ros2_ws/install/carrinho_base/lib/carrinho_base\n'}
[4.035587] (carrinho_base) StdoutLine: {'line': b'Installing motor_control script to /home/epiibots/ros2_ws/install/carrinho_base/lib/carrinho_base\n'}
[4.036662] (carrinho_base) StdoutLine: {'line': b"writing list of installed files to '/home/epiibots/ros2_ws/build/carrinho_base/install.log'\n"}
[4.054640] (drive_base_msgs) StdoutLine: {'line': b'[ 72%] Built target drive_base_msgs__rosidl_typesupport_introspection_cpp\n'}
[4.079814] (drive_base_msgs) StdoutLine: {'line': b'[ 81%] Built target drive_base_msgs__rosidl_typesupport_cpp\n'}
[4.126101] (-) TimerEvent: {}
[4.143619] (drive_base_msgs) StdoutLine: {'line': b'[ 81%] Built target drive_base_msgs\n'}
[4.200914] (detector) Command: {'cmd': ['/usr/bin/python3', '-W', 'ignore:setup.py install is deprecated', '-W', 'ignore:easy_install command is deprecated', 'setup.py', 'egg_info', '--egg-base', '../../build/detector', 'build', '--build-base', '/home/epiibots/ros2_ws/build/detector/build', 'install', '--record', '/home/epiibots/ros2_ws/build/detector/install.log', '--single-version-externally-managed', 'install_data'], 'cwd': '/home/epiibots/ros2_ws/src/detector', 'env': {'LESSOPEN': '| /usr/bin/lesspipe %s', 'USER': 'epiibots', 'SSH_CLIENT': '192.168.0.101 63419 22', 'GZ_CONFIG_PATH': '/opt/ros/jazzy/opt/gz_sim_vendor/share/gz:/opt/ros/jazzy/opt/sdformat_vendor/share/gz:/opt/ros/jazzy/opt/gz_gui_vendor/share/gz:/opt/ros/jazzy/opt/gz_transport_vendor/share/gz:/opt/ros/jazzy/opt/gz_rendering_vendor/share/gz:/opt/ros/jazzy/opt/gz_plugin_vendor/share/gz:/opt/ros/jazzy/opt/gz_fuel_tools_vendor/share/gz:/opt/ros/jazzy/opt/gz_msgs_vendor/share/gz:/opt/ros/jazzy/opt/gz_common_vendor/share/gz', 'XDG_SESSION_TYPE': 'tty', 'SHLVL': '1', 'LD_LIBRARY_PATH': '/opt/ros/jazzy/opt/gz_sim_vendor/lib:/opt/ros/jazzy/opt/gz_sensors_vendor/lib:/opt/ros/jazzy/opt/gz_physics_vendor/lib:/opt/ros/jazzy/opt/sdformat_vendor/lib:/opt/ros/jazzy/opt/rviz_ogre_vendor/lib:/opt/ros/jazzy/lib/aarch64-linux-gnu:/opt/ros/jazzy/opt/gz_gui_vendor/lib:/opt/ros/jazzy/opt/gz_transport_vendor/lib:/opt/ros/jazzy/opt/gz_rendering_vendor/lib:/opt/ros/jazzy/opt/gz_plugin_vendor/lib:/opt/ros/jazzy/opt/gz_fuel_tools_vendor/lib:/opt/ros/jazzy/opt/gz_msgs_vendor/lib:/opt/ros/jazzy/opt/gz_common_vendor/lib:/opt/ros/jazzy/opt/gz_math_vendor/lib:/opt/ros/jazzy/opt/gz_utils_vendor/lib:/opt/ros/jazzy/opt/gz_tools_vendor/lib:/opt/ros/jazzy/opt/gz_ogre_next_vendor/lib:/opt/ros/jazzy/opt/gz_dartsim_vendor/lib:/opt/ros/jazzy/opt/gz_cmake_vendor/lib:/opt/ros/jazzy/lib', 'HOME': '/home/epiibots', 'OLDPWD': '/home/epiibots/ros2_ws/install', 'SSH_TTY': '/dev/pts/4', 'ROS_PYTHON_VERSION': '3', 'DBUS_SESSION_BUS_ADDRESS': 'unix:path=/run/user/1000/bus', 'DEBUGINFOD_URLS': 'https://debuginfod.ubuntu.com', 'ROS_DISTRO': 'jazzy', 'LOGNAME': 'epiibots', '_': '/usr/bin/colcon', 'ROS_VERSION': '2', 'XDG_SESSION_CLASS': 'user', 'TERM': 'xterm-256color', 'XDG_SESSION_ID': '11', 'PATH': '/opt/ros/jazzy/opt/gz_msgs_vendor/bin:/opt/ros/jazzy/opt/gz_tools_vendor/bin:/opt/ros/jazzy/opt/gz_ogre_next_vendor/bin:/opt/ros/jazzy/bin:/usr/local/sbin:/usr/local/bin:/usr/sbin:/usr/bin:/sbin:/bin:/usr/games:/usr/local/games:/snap/bin', 'XDG_RUNTIME_DIR': '/run/user/1000', 'LANG': 'en_US.UTF-8', 'LS_COLORS': 'rs=0:di=01;34:ln=01;36:mh=00:pi=40;33:so=01;35:do=01;35:bd=40;33;01:cd=40;33;01:or=40;31;01:mi=00:su=37;41:sg=30;43:ca=00:tw=30;42:ow=34;42:st=37;44:ex=01;32:*.tar=01;31:*.tgz=01;31:*.arc=01;31:*.arj=01;31:*.taz=01;31:*.lha=01;31:*.lz4=01;31:*.lzh=01;31:*.lzma=01;31:*.tlz=01;31:*.txz=01;31:*.tzo=01;31:*.t7z=01;31:*.zip=01;31:*.z=01;31:*.dz=01;31:*.gz=01;31:*.lrz=01;31:*.lz=01;31:*.lzo=01;31:*.xz=01;31:*.zst=01;31:*.tzst=01;31:*.bz2=01;31:*.bz=01;31:*.tbz=01;31:*.tbz2=01;31:*.tz=01;31:*.deb=01;31:*.rpm=01;31:*.jar=01;31:*.war=01;31:*.ear=01;31:*.sar=01;31:*.rar=01;31:*.alz=01;31:*.ace=01;31:*.zoo=01;31:*.cpio=01;31:*.7z=01;31:*.rz=01;31:*.cab=01;31:*.wim=01;31:*.swm=01;31:*.dwm=01;31:*.esd=01;31:*.avif=01;35:*.jpg=01;35:*.jpeg=01;35:*.mjpg=01;35:*.mjpeg=01;35:*.gif=01;35:*.bmp=01;35:*.pbm=01;35:*.pgm=01;35:*.ppm=01;35:*.tga=01;35:*.xbm=01;35:*.xpm=01;35:*.tif=01;35:*.tiff=01;35:*.png=01;35:*.svg=01;35:*.svgz=01;35:*.mng=01;35:*.pcx=01;35:*.mov=01;35:*.mpg=01;35:*.mpeg=01;35:*.m2v=01;35:*.mkv=01;35:*.webm=01;35:*.webp=01;35:*.ogm=01;35:*.mp4=01;35:*.m4v=01;35:*.mp4v=01;35:*.vob=01;35:*.qt=01;35:*.nuv=01;35:*.wmv=01;35:*.asf=01;35:*.rm=01;35:*.rmvb=01;35:*.flc=01;35:*.avi=01;35:*.fli=01;35:*.flv=01;35:*.gl=01;35:*.dl=01;35:*.xcf=01;35:*.xwd=01;35:*.yuv=01;35:*.cgm=01;35:*.emf=01;35:*.ogv=01;35:*.ogx=01;35:*.aac=00;36:*.au=00;36:*.flac=00;36:*.m4a=00;36:*.mid=00;36:*.midi=00;36:*.mka=00;36:*.mp3=00;36:*.mpc=00;36:*.ogg=00;36:*.ra=00;36:*.wav=00;36:*.oga=00;36:*.opus=00;36:*.spx=00;36:*.xspf=00;36:*~=00;90:*#=00;90:*.bak=00;90:*.crdownload=00;90:*.dpkg-dist=00;90:*.dpkg-new=00;90:*.dpkg-old=00;90:*.dpkg-tmp=00;90:*.old=00;90:*.orig=00;90:*.part=00;90:*.rej=00;90:*.rpmnew=00;90:*.rpmorig=00;90:*.rpmsave=00;90:*.swp=00;90:*.tmp=00;90:*.ucf-dist=00;90:*.ucf-new=00;90:*.ucf-old=00;90:', 'AMENT_PREFIX_PATH': '/opt/ros/jazzy', 'SHELL': '/bin/bash', 'LESSCLOSE': '/usr/bin/lesspipe %s %s', 'ROS_AUTOMATIC_DISCOVERY_RANGE': 'SUBNET', 'PWD': '/home/epiibots/ros2_ws/build/detector', 'LC_ALL': 'en_US.UTF-8', 'SSH_CONNECTION': '192.168.0.101 63419 192.168.0.67 22', 'XDG_DATA_DIRS': '/usr/share/gnome:/usr/local/share:/usr/share:/var/lib/snapd/desktop', 'PYTHONPATH': '/home/epiibots/ros2_ws/build/detector/prefix_override:/usr/lib/python3/dist-packages/colcon_core/task/python/colcon_distutils_commands:/home/epiibots/ros2_ws/install/detector/lib/python3.12/site-packages:/opt/ros/jazzy/lib/python3.12/site-packages', 'COLCON': '1', 'CMAKE_PREFIX_PATH': '/opt/ros/jazzy/opt/gz_sim_vendor:/opt/ros/jazzy/opt/gz_sensors_vendor:/opt/ros/jazzy/opt/gz_physics_vendor:/opt/ros/jazzy/opt/sdformat_vendor:/opt/ros/jazzy/opt/gz_gui_vendor:/opt/ros/jazzy/opt/gz_transport_vendor:/opt/ros/jazzy/opt/gz_rendering_vendor:/opt/ros/jazzy/opt/gz_plugin_vendor:/opt/ros/jazzy/opt/gz_fuel_tools_vendor:/opt/ros/jazzy/opt/gz_msgs_vendor:/opt/ros/jazzy/opt/gz_common_vendor:/opt/ros/jazzy/opt/gz_math_vendor:/opt/ros/jazzy/opt/gz_utils_vendor:/opt/ros/jazzy/opt/gz_tools_vendor:/opt/ros/jazzy/opt/gz_ogre_next_vendor:/opt/ros/jazzy/opt/gz_dartsim_vendor:/opt/ros/jazzy/opt/gz_cmake_vendor'}, 'shell': False}
[4.206299] (drive_base_msgs) StdoutLine: {'line': b'[ 83%] Built target drive_base_msgs__py\n'}
[4.220748] (carrinho_base) CommandEnded: {'returncode': 0}
[4.226219] (-) TimerEvent: {}
[4.247832] (carrinho_base) JobEnded: {'identifier': 'carrinho_base', 'rc': 0}
[4.264147] (micro_ros_setup) JobStarted: {'identifier': 'micro_ros_setup'}
[4.269047] (drive_base_msgs) StdoutLine: {'line': b'[ 90%] Built target drive_base_msgs__rosidl_generator_py\n'}
[4.285215] (micro_ros_setup) JobProgress: {'identifier': 'micro_ros_setup', 'progress': 'cmake'}
[4.285847] (micro_ros_setup) JobProgress: {'identifier': 'micro_ros_setup', 'progress': 'build'}
[4.286425] (micro_ros_setup) Command: {'cmd': ['/usr/bin/cmake', '--build', '/home/epiibots/ros2_ws/build/micro_ros_setup', '--', '-j4', '-l4'], 'cwd': '/home/epiibots/ros2_ws/build/micro_ros_setup', 'env': OrderedDict({'LESSOPEN': '| /usr/bin/lesspipe %s', 'USER': 'epiibots', 'SSH_CLIENT': '192.168.0.101 63419 22', 'GZ_CONFIG_PATH': '/opt/ros/jazzy/opt/gz_sim_vendor/share/gz:/opt/ros/jazzy/opt/sdformat_vendor/share/gz:/opt/ros/jazzy/opt/gz_gui_vendor/share/gz:/opt/ros/jazzy/opt/gz_transport_vendor/share/gz:/opt/ros/jazzy/opt/gz_rendering_vendor/share/gz:/opt/ros/jazzy/opt/gz_plugin_vendor/share/gz:/opt/ros/jazzy/opt/gz_fuel_tools_vendor/share/gz:/opt/ros/jazzy/opt/gz_msgs_vendor/share/gz:/opt/ros/jazzy/opt/gz_common_vendor/share/gz', 'XDG_SESSION_TYPE': 'tty', 'SHLVL': '1', 'LD_LIBRARY_PATH': '/opt/ros/jazzy/opt/gz_sim_vendor/lib:/opt/ros/jazzy/opt/gz_sensors_vendor/lib:/opt/ros/jazzy/opt/gz_physics_vendor/lib:/opt/ros/jazzy/opt/sdformat_vendor/lib:/opt/ros/jazzy/opt/rviz_ogre_vendor/lib:/opt/ros/jazzy/lib/aarch64-linux-gnu:/opt/ros/jazzy/opt/gz_gui_vendor/lib:/opt/ros/jazzy/opt/gz_transport_vendor/lib:/opt/ros/jazzy/opt/gz_rendering_vendor/lib:/opt/ros/jazzy/opt/gz_plugin_vendor/lib:/opt/ros/jazzy/opt/gz_fuel_tools_vendor/lib:/opt/ros/jazzy/opt/gz_msgs_vendor/lib:/opt/ros/jazzy/opt/gz_common_vendor/lib:/opt/ros/jazzy/opt/gz_math_vendor/lib:/opt/ros/jazzy/opt/gz_utils_vendor/lib:/opt/ros/jazzy/opt/gz_tools_vendor/lib:/opt/ros/jazzy/opt/gz_ogre_next_vendor/lib:/opt/ros/jazzy/opt/gz_dartsim_vendor/lib:/opt/ros/jazzy/opt/gz_cmake_vendor/lib:/opt/ros/jazzy/lib', 'HOME': '/home/epiibots', 'OLDPWD': '/home/epiibots/ros2_ws/install', 'SSH_TTY': '/dev/pts/4', 'ROS_PYTHON_VERSION': '3', 'DBUS_SESSION_BUS_ADDRESS': 'unix:path=/run/user/1000/bus', 'DEBUGINFOD_URLS': 'https://debuginfod.ubuntu.com', 'ROS_DISTRO': 'jazzy', 'LOGNAME': 'epiibots', '_': '/usr/bin/colcon', 'ROS_VERSION': '2', 'XDG_SESSION_CLASS': 'user', 'TERM': 'xterm-256color', 'XDG_SESSION_ID': '11', 'PATH': '/opt/ros/jazzy/opt/gz_msgs_vendor/bin:/opt/ros/jazzy/opt/gz_tools_vendor/bin:/opt/ros/jazzy/opt/gz_ogre_next_vendor/bin:/opt/ros/jazzy/bin:/usr/local/sbin:/usr/local/bin:/usr/sbin:/usr/bin:/sbin:/bin:/usr/games:/usr/local/games:/snap/bin', 'XDG_RUNTIME_DIR': '/run/user/1000', 'LANG': 'en_US.UTF-8', 'LS_COLORS': 'rs=0:di=01;34:ln=01;36:mh=00:pi=40;33:so=01;35:do=01;35:bd=40;33;01:cd=40;33;01:or=40;31;01:mi=00:su=37;41:sg=30;43:ca=00:tw=30;42:ow=34;42:st=37;44:ex=01;32:*.tar=01;31:*.tgz=01;31:*.arc=01;31:*.arj=01;31:*.taz=01;31:*.lha=01;31:*.lz4=01;31:*.lzh=01;31:*.lzma=01;31:*.tlz=01;31:*.txz=01;31:*.tzo=01;31:*.t7z=01;31:*.zip=01;31:*.z=01;31:*.dz=01;31:*.gz=01;31:*.lrz=01;31:*.lz=01;31:*.lzo=01;31:*.xz=01;31:*.zst=01;31:*.tzst=01;31:*.bz2=01;31:*.bz=01;31:*.tbz=01;31:*.tbz2=01;31:*.tz=01;31:*.deb=01;31:*.rpm=01;31:*.jar=01;31:*.war=01;31:*.ear=01;31:*.sar=01;31:*.rar=01;31:*.alz=01;31:*.ace=01;31:*.zoo=01;31:*.cpio=01;31:*.7z=01;31:*.rz=01;31:*.cab=01;31:*.wim=01;31:*.swm=01;31:*.dwm=01;31:*.esd=01;31:*.avif=01;35:*.jpg=01;35:*.jpeg=01;35:*.mjpg=01;35:*.mjpeg=01;35:*.gif=01;35:*.bmp=01;35:*.pbm=01;35:*.pgm=01;35:*.ppm=01;35:*.tga=01;35:*.xbm=01;35:*.xpm=01;35:*.tif=01;35:*.tiff=01;35:*.png=01;35:*.svg=01;35:*.svgz=01;35:*.mng=01;35:*.pcx=01;35:*.mov=01;35:*.mpg=01;35:*.mpeg=01;35:*.m2v=01;35:*.mkv=01;35:*.webm=01;35:*.webp=01;35:*.ogm=01;35:*.mp4=01;35:*.m4v=01;35:*.mp4v=01;35:*.vob=01;35:*.qt=01;35:*.nuv=01;35:*.wmv=01;35:*.asf=01;35:*.rm=01;35:*.rmvb=01;35:*.flc=01;35:*.avi=01;35:*.fli=01;35:*.flv=01;35:*.gl=01;35:*.dl=01;35:*.xcf=01;35:*.xwd=01;35:*.yuv=01;35:*.cgm=01;35:*.emf=01;35:*.ogv=01;35:*.ogx=01;35:*.aac=00;36:*.au=00;36:*.flac=00;36:*.m4a=00;36:*.mid=00;36:*.midi=00;36:*.mka=00;36:*.mp3=00;36:*.mpc=00;36:*.ogg=00;36:*.ra=00;36:*.wav=00;36:*.oga=00;36:*.opus=00;36:*.spx=00;36:*.xspf=00;36:*~=00;90:*#=00;90:*.bak=00;90:*.crdownload=00;90:*.dpkg-dist=00;90:*.dpkg-new=00;90:*.dpkg-old=00;90:*.dpkg-tmp=00;90:*.old=00;90:*.orig=00;90:*.part=00;90:*.rej=00;90:*.rpmnew=00;90:*.rpmorig=00;90:*.rpmsave=00;90:*.swp=00;90:*.tmp=00;90:*.ucf-dist=00;90:*.ucf-new=00;90:*.ucf-old=00;90:', 'AMENT_PREFIX_PATH': '/opt/ros/jazzy', 'SHELL': '/bin/bash', 'LESSCLOSE': '/usr/bin/lesspipe %s %s', 'ROS_AUTOMATIC_DISCOVERY_RANGE': 'SUBNET', 'PWD': '/home/epiibots/ros2_ws/build/micro_ros_setup', 'LC_ALL': 'en_US.UTF-8', 'SSH_CONNECTION': '192.168.0.101 63419 192.168.0.67 22', 'XDG_DATA_DIRS': '/usr/share/gnome:/usr/local/share:/usr/share:/var/lib/snapd/desktop', 'PYTHONPATH': '/opt/ros/jazzy/lib/python3.12/site-packages', 'COLCON': '1', 'CMAKE_PREFIX_PATH': '/opt/ros/jazzy/opt/gz_sim_vendor:/opt/ros/jazzy/opt/gz_sensors_vendor:/opt/ros/jazzy/opt/gz_physics_vendor:/opt/ros/jazzy/opt/sdformat_vendor:/opt/ros/jazzy/opt/gz_gui_vendor:/opt/ros/jazzy/opt/gz_transport_vendor:/opt/ros/jazzy/opt/gz_rendering_vendor:/opt/ros/jazzy/opt/gz_plugin_vendor:/opt/ros/jazzy/opt/gz_fuel_tools_vendor:/opt/ros/jazzy/opt/gz_msgs_vendor:/opt/ros/jazzy/opt/gz_common_vendor:/opt/ros/jazzy/opt/gz_math_vendor:/opt/ros/jazzy/opt/gz_utils_vendor:/opt/ros/jazzy/opt/gz_tools_vendor:/opt/ros/jazzy/opt/gz_ogre_next_vendor:/opt/ros/jazzy/opt/gz_dartsim_vendor:/opt/ros/jazzy/opt/gz_cmake_vendor:/opt/ros/jazzy'}), 'shell': False}
[4.326379] (-) TimerEvent: {}
[4.338270] (drive_base_msgs) StdoutLine: {'line': b'running egg_info\n'}
[4.355553] (drive_base_msgs) StdoutLine: {'line': b'[ 93%] Built target drive_base_msgs_s__rosidl_typesupport_introspection_c\n'}
[4.376894] (drive_base_msgs) StdoutLine: {'line': b'writing drive_base_msgs.egg-info/PKG-INFO\n'}
[4.378053] (drive_base_msgs) StdoutLine: {'line': b'writing dependency_links to drive_base_msgs.egg-info/dependency_links.txt\n'}
[4.378375] (drive_base_msgs) StdoutLine: {'line': b'writing top-level names to drive_base_msgs.egg-info/top_level.txt\n'}
[4.397198] (drive_base_msgs) StdoutLine: {'line': b'[ 96%] Built target drive_base_msgs_s__rosidl_typesupport_c\n'}
[4.400997] (drive_base_msgs) StdoutLine: {'line': b'[100%] Built target drive_base_msgs_s__rosidl_typesupport_fastrtps_c\n'}
[4.429955] (micro_ros_setup) CommandEnded: {'returncode': 0}
[4.430499] (-) TimerEvent: {}
[4.430758] (micro_ros_setup) JobProgress: {'identifier': 'micro_ros_setup', 'progress': 'install'}
[4.430798] (micro_ros_setup) Command: {'cmd': ['/usr/bin/cmake', '--install', '/home/epiibots/ros2_ws/build/micro_ros_setup'], 'cwd': '/home/epiibots/ros2_ws/build/micro_ros_setup', 'env': OrderedDict({'LESSOPEN': '| /usr/bin/lesspipe %s', 'USER': 'epiibots', 'SSH_CLIENT': '192.168.0.101 63419 22', 'GZ_CONFIG_PATH': '/opt/ros/jazzy/opt/gz_sim_vendor/share/gz:/opt/ros/jazzy/opt/sdformat_vendor/share/gz:/opt/ros/jazzy/opt/gz_gui_vendor/share/gz:/opt/ros/jazzy/opt/gz_transport_vendor/share/gz:/opt/ros/jazzy/opt/gz_rendering_vendor/share/gz:/opt/ros/jazzy/opt/gz_plugin_vendor/share/gz:/opt/ros/jazzy/opt/gz_fuel_tools_vendor/share/gz:/opt/ros/jazzy/opt/gz_msgs_vendor/share/gz:/opt/ros/jazzy/opt/gz_common_vendor/share/gz', 'XDG_SESSION_TYPE': 'tty', 'SHLVL': '1', 'LD_LIBRARY_PATH': '/opt/ros/jazzy/opt/gz_sim_vendor/lib:/opt/ros/jazzy/opt/gz_sensors_vendor/lib:/opt/ros/jazzy/opt/gz_physics_vendor/lib:/opt/ros/jazzy/opt/sdformat_vendor/lib:/opt/ros/jazzy/opt/rviz_ogre_vendor/lib:/opt/ros/jazzy/lib/aarch64-linux-gnu:/opt/ros/jazzy/opt/gz_gui_vendor/lib:/opt/ros/jazzy/opt/gz_transport_vendor/lib:/opt/ros/jazzy/opt/gz_rendering_vendor/lib:/opt/ros/jazzy/opt/gz_plugin_vendor/lib:/opt/ros/jazzy/opt/gz_fuel_tools_vendor/lib:/opt/ros/jazzy/opt/gz_msgs_vendor/lib:/opt/ros/jazzy/opt/gz_common_vendor/lib:/opt/ros/jazzy/opt/gz_math_vendor/lib:/opt/ros/jazzy/opt/gz_utils_vendor/lib:/opt/ros/jazzy/opt/gz_tools_vendor/lib:/opt/ros/jazzy/opt/gz_ogre_next_vendor/lib:/opt/ros/jazzy/opt/gz_dartsim_vendor/lib:/opt/ros/jazzy/opt/gz_cmake_vendor/lib:/opt/ros/jazzy/lib', 'HOME': '/home/epiibots', 'OLDPWD': '/home/epiibots/ros2_ws/install', 'SSH_TTY': '/dev/pts/4', 'ROS_PYTHON_VERSION': '3', 'DBUS_SESSION_BUS_ADDRESS': 'unix:path=/run/user/1000/bus', 'DEBUGINFOD_URLS': 'https://debuginfod.ubuntu.com', 'ROS_DISTRO': 'jazzy', 'LOGNAME': 'epiibots', '_': '/usr/bin/colcon', 'ROS_VERSION': '2', 'XDG_SESSION_CLASS': 'user', 'TERM': 'xterm-256color', 'XDG_SESSION_ID': '11', 'PATH': '/opt/ros/jazzy/opt/gz_msgs_vendor/bin:/opt/ros/jazzy/opt/gz_tools_vendor/bin:/opt/ros/jazzy/opt/gz_ogre_next_vendor/bin:/opt/ros/jazzy/bin:/usr/local/sbin:/usr/local/bin:/usr/sbin:/usr/bin:/sbin:/bin:/usr/games:/usr/local/games:/snap/bin', 'XDG_RUNTIME_DIR': '/run/user/1000', 'LANG': 'en_US.UTF-8', 'LS_COLORS': 'rs=0:di=01;34:ln=01;36:mh=00:pi=40;33:so=01;35:do=01;35:bd=40;33;01:cd=40;33;01:or=40;31;01:mi=00:su=37;41:sg=30;43:ca=00:tw=30;42:ow=34;42:st=37;44:ex=01;32:*.tar=01;31:*.tgz=01;31:*.arc=01;31:*.arj=01;31:*.taz=01;31:*.lha=01;31:*.lz4=01;31:*.lzh=01;31:*.lzma=01;31:*.tlz=01;31:*.txz=01;31:*.tzo=01;31:*.t7z=01;31:*.zip=01;31:*.z=01;31:*.dz=01;31:*.gz=01;31:*.lrz=01;31:*.lz=01;31:*.lzo=01;31:*.xz=01;31:*.zst=01;31:*.tzst=01;31:*.bz2=01;31:*.bz=01;31:*.tbz=01;31:*.tbz2=01;31:*.tz=01;31:*.deb=01;31:*.rpm=01;31:*.jar=01;31:*.war=01;31:*.ear=01;31:*.sar=01;31:*.rar=01;31:*.alz=01;31:*.ace=01;31:*.zoo=01;31:*.cpio=01;31:*.7z=01;31:*.rz=01;31:*.cab=01;31:*.wim=01;31:*.swm=01;31:*.dwm=01;31:*.esd=01;31:*.avif=01;35:*.jpg=01;35:*.jpeg=01;35:*.mjpg=01;35:*.mjpeg=01;35:*.gif=01;35:*.bmp=01;35:*.pbm=01;35:*.pgm=01;35:*.ppm=01;35:*.tga=01;35:*.xbm=01;35:*.xpm=01;35:*.tif=01;35:*.tiff=01;35:*.png=01;35:*.svg=01;35:*.svgz=01;35:*.mng=01;35:*.pcx=01;35:*.mov=01;35:*.mpg=01;35:*.mpeg=01;35:*.m2v=01;35:*.mkv=01;35:*.webm=01;35:*.webp=01;35:*.ogm=01;35:*.mp4=01;35:*.m4v=01;35:*.mp4v=01;35:*.vob=01;35:*.qt=01;35:*.nuv=01;35:*.wmv=01;35:*.asf=01;35:*.rm=01;35:*.rmvb=01;35:*.flc=01;35:*.avi=01;35:*.fli=01;35:*.flv=01;35:*.gl=01;35:*.dl=01;35:*.xcf=01;35:*.xwd=01;35:*.yuv=01;35:*.cgm=01;35:*.emf=01;35:*.ogv=01;35:*.ogx=01;35:*.aac=00;36:*.au=00;36:*.flac=00;36:*.m4a=00;36:*.mid=00;36:*.midi=00;36:*.mka=00;36:*.mp3=00;36:*.mpc=00;36:*.ogg=00;36:*.ra=00;36:*.wav=00;36:*.oga=00;36:*.opus=00;36:*.spx=00;36:*.xspf=00;36:*~=00;90:*#=00;90:*.bak=00;90:*.crdownload=00;90:*.dpkg-dist=00;90:*.dpkg-new=00;90:*.dpkg-old=00;90:*.dpkg-tmp=00;90:*.old=00;90:*.orig=00;90:*.part=00;90:*.rej=00;90:*.rpmnew=00;90:*.rpmorig=00;90:*.rpmsave=00;90:*.swp=00;90:*.tmp=00;90:*.ucf-dist=00;90:*.ucf-new=00;90:*.ucf-old=00;90:', 'AMENT_PREFIX_PATH': '/opt/ros/jazzy', 'SHELL': '/bin/bash', 'LESSCLOSE': '/usr/bin/lesspipe %s %s', 'ROS_AUTOMATIC_DISCOVERY_RANGE': 'SUBNET', 'PWD': '/home/epiibots/ros2_ws/build/micro_ros_setup', 'LC_ALL': 'en_US.UTF-8', 'SSH_CONNECTION': '192.168.0.101 63419 192.168.0.67 22', 'XDG_DATA_DIRS': '/usr/share/gnome:/usr/local/share:/usr/share:/var/lib/snapd/desktop', 'PYTHONPATH': '/opt/ros/jazzy/lib/python3.12/site-packages', 'COLCON': '1', 'CMAKE_PREFIX_PATH': '/opt/ros/jazzy/opt/gz_sim_vendor:/opt/ros/jazzy/opt/gz_sensors_vendor:/opt/ros/jazzy/opt/gz_physics_vendor:/opt/ros/jazzy/opt/sdformat_vendor:/opt/ros/jazzy/opt/gz_gui_vendor:/opt/ros/jazzy/opt/gz_transport_vendor:/opt/ros/jazzy/opt/gz_rendering_vendor:/opt/ros/jazzy/opt/gz_plugin_vendor:/opt/ros/jazzy/opt/gz_fuel_tools_vendor:/opt/ros/jazzy/opt/gz_msgs_vendor:/opt/ros/jazzy/opt/gz_common_vendor:/opt/ros/jazzy/opt/gz_math_vendor:/opt/ros/jazzy/opt/gz_utils_vendor:/opt/ros/jazzy/opt/gz_tools_vendor:/opt/ros/jazzy/opt/gz_ogre_next_vendor:/opt/ros/jazzy/opt/gz_dartsim_vendor:/opt/ros/jazzy/opt/gz_cmake_vendor:/opt/ros/jazzy'}), 'shell': False}
[4.452201] (micro_ros_setup) StdoutLine: {'line': b'-- Install configuration: ""\n'}
[4.453344] (micro_ros_setup) StdoutLine: {'line': b'-- Up-to-date: /home/epiibots/ros2_ws/install/micro_ros_setup/share/ament_index/resource_index/package_run_dependencies/micro_ros_setup\n'}
[4.455424] (micro_ros_setup) StdoutLine: {'line': b'-- Up-to-date: /home/epiibots/ros2_ws/install/micro_ros_setup/share/ament_index/resource_index/parent_prefix_path/micro_ros_setup\n'}
[4.455594] (micro_ros_setup) StdoutLine: {'line': b'-- Up-to-date: /home/epiibots/ros2_ws/install/micro_ros_setup/share/micro_ros_setup/environment/ament_prefix_path.sh\n'}
[4.455686] (micro_ros_setup) StdoutLine: {'line': b'-- Up-to-date: /home/epiibots/ros2_ws/install/micro_ros_setup/share/micro_ros_setup/environment/ament_prefix_path.dsv\n'}
[4.455768] (micro_ros_setup) StdoutLine: {'line': b'-- Up-to-date: /home/epiibots/ros2_ws/install/micro_ros_setup/share/micro_ros_setup/environment/path.sh\n'}
[4.455846] (micro_ros_setup) StdoutLine: {'line': b'-- Up-to-date: /home/epiibots/ros2_ws/install/micro_ros_setup/share/micro_ros_setup/environment/path.dsv\n'}
[4.455923] (micro_ros_setup) StdoutLine: {'line': b'-- Up-to-date: /home/epiibots/ros2_ws/install/micro_ros_setup/share/micro_ros_setup/local_setup.bash\n'}
[4.456019] (micro_ros_setup) StdoutLine: {'line': b'-- Up-to-date: /home/epiibots/ros2_ws/install/micro_ros_setup/share/micro_ros_setup/local_setup.sh\n'}
[4.456104] (micro_ros_setup) StdoutLine: {'line': b'-- Up-to-date: /home/epiibots/ros2_ws/install/micro_ros_setup/share/micro_ros_setup/local_setup.zsh\n'}
[4.456181] (micro_ros_setup) StdoutLine: {'line': b'-- Up-to-date: /home/epiibots/ros2_ws/install/micro_ros_setup/share/micro_ros_setup/local_setup.dsv\n'}
[4.456257] (micro_ros_setup) StdoutLine: {'line': b'-- Installing: /home/epiibots/ros2_ws/install/micro_ros_setup/share/micro_ros_setup/package.dsv\n'}
[4.456334] (micro_ros_setup) StdoutLine: {'line': b'-- Up-to-date: /home/epiibots/ros2_ws/install/micro_ros_setup/share/ament_index/resource_index/packages/micro_ros_setup\n'}
[4.456419] (micro_ros_setup) StdoutLine: {'line': b'-- Up-to-date: /home/epiibots/ros2_ws/install/micro_ros_setup/share/micro_ros_setup/cmake/micro_ros_setupConfig.cmake\n'}
[4.456499] (micro_ros_setup) StdoutLine: {'line': b'-- Up-to-date: /home/epiibots/ros2_ws/install/micro_ros_setup/share/micro_ros_setup/cmake/micro_ros_setupConfig-version.cmake\n'}
[4.456575] (micro_ros_setup) StdoutLine: {'line': b'-- Up-to-date: /home/epiibots/ros2_ws/install/micro_ros_setup/share/micro_ros_setup/package.xml\n'}
[4.456650] (micro_ros_setup) StdoutLine: {'line': b'-- Up-to-date: /home/epiibots/ros2_ws/install/micro_ros_setup/./config\n'}
[4.456747] (micro_ros_setup) StdoutLine: {'line': b'-- Up-to-date: /home/epiibots/ros2_ws/install/micro_ros_setup/./config/generate_lib\n'}
[4.456823] (micro_ros_setup) StdoutLine: {'line': b'-- Up-to-date: /home/epiibots/ros2_ws/install/micro_ros_setup/./config/generate_lib/generic\n'}
[4.456897] (micro_ros_setup) StdoutLine: {'line': b'-- Up-to-date: /home/epiibots/ros2_ws/install/micro_ros_setup/./config/generate_lib/generic/create.sh\n'}
[4.460103] (micro_ros_setup) StdoutLine: {'line': b'-- Up-to-date: /home/epiibots/ros2_ws/install/micro_ros_setup/./config/generate_lib/generic/package.xml\n'}
[4.460531] (micro_ros_setup) StdoutLine: {'line': b'-- Up-to-date: /home/epiibots/ros2_ws/install/micro_ros_setup/./config/generate_lib/generic/flash.sh\n'}
[4.460641] (micro_ros_setup) StdoutLine: {'line': b'-- Up-to-date: /home/epiibots/ros2_ws/install/micro_ros_setup/./config/generate_lib/generic/build.sh\n'}
[4.460729] (micro_ros_setup) StdoutLine: {'line': b'-- Up-to-date: /home/epiibots/ros2_ws/install/micro_ros_setup/./config/generate_lib/generic/demo_toolchain.cmake\n'}
[4.460820] (micro_ros_setup) StdoutLine: {'line': b'-- Up-to-date: /home/epiibots/ros2_ws/install/micro_ros_setup/./config/generate_lib/generic/client-colcon.meta\n'}
[4.460918] (micro_ros_setup) StdoutLine: {'line': b'-- Up-to-date: /home/epiibots/ros2_ws/install/micro_ros_setup/./config/generate_lib/generic/client_uros_packages.repos\n'}
[4.461585] (micro_ros_setup) StdoutLine: {'line': b'-- Up-to-date: /home/epiibots/ros2_ws/install/micro_ros_setup/./config/generate_lib/dev_uros_packages.repos\n'}
[4.461695] (micro_ros_setup) StdoutLine: {'line': b'-- Up-to-date: /home/epiibots/ros2_ws/install/micro_ros_setup/./config/generate_lib/dev_ros2_packages.txt\n'}
[4.461780] (micro_ros_setup) StdoutLine: {'line': b'-- Up-to-date: /home/epiibots/ros2_ws/install/micro_ros_setup/./config/raspbian\n'}
[4.461866] (micro_ros_setup) StdoutLine: {'line': b'-- Up-to-date: /home/epiibots/ros2_ws/install/micro_ros_setup/./config/raspbian/generic\n'}
[4.462051] (micro_ros_setup) StdoutLine: {'line': b'-- Up-to-date: /home/epiibots/ros2_ws/install/micro_ros_setup/./config/raspbian/generic/supported_platforms\n'}
[4.462188] (micro_ros_setup) StdoutLine: {'line': b'-- Up-to-date: /home/epiibots/ros2_ws/install/micro_ros_setup/./config/raspbian/generic/create.sh\n'}
[4.462285] (micro_ros_setup) StdoutLine: {'line': b'-- Up-to-date: /home/epiibots/ros2_ws/install/micro_ros_setup/./config/raspbian/generic/flash.sh\n'}
[4.462400] (micro_ros_setup) StdoutLine: {'line': b'-- Up-to-date: /home/epiibots/ros2_ws/install/micro_ros_setup/./config/raspbian/generic/build.sh\n'}
[4.462502] (micro_ros_setup) StdoutLine: {'line': b'-- Up-to-date: /home/epiibots/ros2_ws/install/micro_ros_setup/./config/raspbian/generic/client-colcon.meta\n'}
[4.462620] (micro_ros_setup) StdoutLine: {'line': b'-- Up-to-date: /home/epiibots/ros2_ws/install/micro_ros_setup/./config/raspbian/generic/client_uros_packages.repos\n'}
[4.462726] (micro_ros_setup) StdoutLine: {'line': b'-- Up-to-date: /home/epiibots/ros2_ws/install/micro_ros_setup/./config/raspbian/generic/configure.sh\n'}
[4.462832] (micro_ros_setup) StdoutLine: {'line': b'-- Up-to-date: /home/epiibots/ros2_ws/install/micro_ros_setup/./config/raspbian/dev_uros_packages.repos\n'}
[4.462933] (micro_ros_setup) StdoutLine: {'line': b'-- Up-to-date: /home/epiibots/ros2_ws/install/micro_ros_setup/./config/raspbian/dev_ros2_packages.txt\n'}
[4.466256] (micro_ros_setup) StdoutLine: {'line': b'-- Up-to-date: /home/epiibots/ros2_ws/install/micro_ros_setup/./config/agent_uros_packages.repos\n'}
[4.466425] (micro_ros_setup) StdoutLine: {'line': b'-- Up-to-date: /home/epiibots/ros2_ws/install/micro_ros_setup/./config/utils.sh\n'}
[4.466515] (micro_ros_setup) StdoutLine: {'line': b'-- Up-to-date: /home/epiibots/ros2_ws/install/micro_ros_setup/./config/client_ros2_packages.txt\n'}
[4.466602] (micro_ros_setup) StdoutLine: {'line': b'-- Up-to-date: /home/epiibots/ros2_ws/install/micro_ros_setup/./config/zephyr\n'}
[4.466707] (micro_ros_setup) StdoutLine: {'line': b'-- Up-to-date: /home/epiibots/ros2_ws/install/micro_ros_setup/./config/zephyr/generic\n'}
[4.466811] (micro_ros_setup) StdoutLine: {'line': b'-- Up-to-date: /home/epiibots/ros2_ws/install/micro_ros_setup/./config/zephyr/generic/supported_platforms\n'}
[4.466908] (micro_ros_setup) StdoutLine: {'line': b'-- Up-to-date: /home/epiibots/ros2_ws/install/micro_ros_setup/./config/zephyr/generic/board.repos\n'}
[4.467143] (micro_ros_setup) StdoutLine: {'line': b'-- Up-to-date: /home/epiibots/ros2_ws/install/micro_ros_setup/./config/zephyr/generic/create.sh\n'}
[4.467263] (micro_ros_setup) StdoutLine: {'line': b'-- Up-to-date: /home/epiibots/ros2_ws/install/micro_ros_setup/./config/zephyr/generic/package.xml\n'}
[4.467371] (micro_ros_setup) StdoutLine: {'line': b'-- Up-to-date: /home/epiibots/ros2_ws/install/micro_ros_setup/./config/zephyr/generic/flash.sh\n'}
[4.467473] (micro_ros_setup) StdoutLine: {'line': b'-- Up-to-date: /home/epiibots/ros2_ws/install/micro_ros_setup/./config/zephyr/generic/build.sh\n'}
[4.467575] (micro_ros_setup) StdoutLine: {'line': b'-- Up-to-date: /home/epiibots/ros2_ws/install/micro_ros_setup/./config/zephyr/generic/client-colcon.meta\n'}
[4.467682] (micro_ros_setup) StdoutLine: {'line': b'-- Up-to-date: /home/epiibots/ros2_ws/install/micro_ros_setup/./config/zephyr/generic/client_uros_packages.repos\n'}
[4.467785] (micro_ros_setup) StdoutLine: {'line': b'-- Up-to-date: /home/epiibots/ros2_ws/install/micro_ros_setup/./config/zephyr/generic/configure.sh\n'}
[4.467872] (micro_ros_setup) StdoutLine: {'line': b'-- Up-to-date: /home/epiibots/ros2_ws/install/micro_ros_setup/./config/zephyr/dev_uros_packages.repos\n'}
[4.467990] (micro_ros_setup) StdoutLine: {'line': b'-- Up-to-date: /home/epiibots/ros2_ws/install/micro_ros_setup/./config/zephyr/list_apps.sh\n'}
[4.468146] (micro_ros_setup) StdoutLine: {'line': b'-- Up-to-date: /home/epiibots/ros2_ws/install/micro_ros_setup/./config/zephyr/dev_ros2_packages.txt\n'}
[4.468266] (micro_ros_setup) StdoutLine: {'line': b'-- Up-to-date: /home/epiibots/ros2_ws/install/micro_ros_setup/./config/freertos\n'}
[4.468372] (micro_ros_setup) StdoutLine: {'line': b'-- Up-to-date: /home/epiibots/ros2_ws/install/micro_ros_setup/./config/freertos/esp32\n'}
[4.468472] (micro_ros_setup) StdoutLine: {'line': b'-- Up-to-date: /home/epiibots/ros2_ws/install/micro_ros_setup/./config/freertos/esp32/README.md\n'}
[4.468580] (micro_ros_setup) StdoutLine: {'line': b'-- Up-to-date: /home/epiibots/ros2_ws/install/micro_ros_setup/./config/freertos/esp32/board.repos\n'}
[4.468681] (micro_ros_setup) StdoutLine: {'line': b'-- Up-to-date: /home/epiibots/ros2_ws/install/micro_ros_setup/./config/freertos/esp32/create.sh\n'}
[4.468775] (micro_ros_setup) StdoutLine: {'line': b'-- Up-to-date: /home/epiibots/ros2_ws/install/micro_ros_setup/./config/freertos/esp32/package.xml\n'}
[4.468875] (micro_ros_setup) StdoutLine: {'line': b'-- Up-to-date: /home/epiibots/ros2_ws/install/micro_ros_setup/./config/freertos/esp32/flash.sh\n'}
[4.472112] (micro_ros_setup) StdoutLine: {'line': b'-- Up-to-date: /home/epiibots/ros2_ws/install/micro_ros_setup/./config/freertos/esp32/build.sh\n'}
[4.472322] (micro_ros_setup) StdoutLine: {'line': b'-- Up-to-date: /home/epiibots/ros2_ws/install/micro_ros_setup/./config/freertos/esp32/client-colcon.meta\n'}
[4.472429] (micro_ros_setup) StdoutLine: {'line': b'-- Up-to-date: /home/epiibots/ros2_ws/install/micro_ros_setup/./config/freertos/esp32/client_uros_packages.repos\n'}
[4.472519] (micro_ros_setup) StdoutLine: {'line': b'-- Up-to-date: /home/epiibots/ros2_ws/install/micro_ros_setup/./config/freertos/esp32/configure.sh\n'}
[4.472600] (micro_ros_setup) StdoutLine: {'line': b'-- Up-to-date: /home/epiibots/ros2_ws/install/micro_ros_setup/./config/freertos/crazyflie21\n'}
[4.472687] (micro_ros_setup) StdoutLine: {'line': b'-- Up-to-date: /home/epiibots/ros2_ws/install/micro_ros_setup/./config/freertos/crazyflie21/board.repos\n'}
[4.472802] (micro_ros_setup) StdoutLine: {'line': b'-- Up-to-date: /home/epiibots/ros2_ws/install/micro_ros_setup/./config/freertos/crazyflie21/create.sh\n'}
[4.472905] (micro_ros_setup) StdoutLine: {'line': b'-- Up-to-date: /home/epiibots/ros2_ws/install/micro_ros_setup/./config/freertos/crazyflie21/package.xml\n'}
[4.473031] (micro_ros_setup) StdoutLine: {'line': b'-- Up-to-date: /home/epiibots/ros2_ws/install/micro_ros_setup/./config/freertos/crazyflie21/flash.sh\n'}
[4.473126] (micro_ros_setup) StdoutLine: {'line': b'-- Up-to-date: /home/epiibots/ros2_ws/install/micro_ros_setup/./config/freertos/crazyflie21/build.sh\n'}
[4.473204] (micro_ros_setup) StdoutLine: {'line': b'-- Up-to-date: /home/epiibots/ros2_ws/install/micro_ros_setup/./config/freertos/crazyflie21/client-colcon.meta\n'}
[4.473280] (micro_ros_setup) StdoutLine: {'line': b'-- Up-to-date: /home/epiibots/ros2_ws/install/micro_ros_setup/./config/freertos/crazyflie21/client_uros_packages.repos\n'}
[4.473357] (micro_ros_setup) StdoutLine: {'line': b'-- Up-to-date: /home/epiibots/ros2_ws/install/micro_ros_setup/./config/freertos/crazyflie21/configure.sh\n'}
[4.473432] (micro_ros_setup) StdoutLine: {'line': b'-- Up-to-date: /home/epiibots/ros2_ws/install/micro_ros_setup/./config/freertos/nucleo_f446ze\n'}
[4.473506] (micro_ros_setup) StdoutLine: {'line': b'-- Up-to-date: /home/epiibots/ros2_ws/install/micro_ros_setup/./config/freertos/nucleo_f446ze/board.repos\n'}
[4.473584] (micro_ros_setup) StdoutLine: {'line': b'-- Up-to-date: /home/epiibots/ros2_ws/install/micro_ros_setup/./config/freertos/nucleo_f446ze/create.sh\n'}
[4.473665] (micro_ros_setup) StdoutLine: {'line': b'-- Up-to-date: /home/epiibots/ros2_ws/install/micro_ros_setup/./config/freertos/nucleo_f446ze/package.xml\n'}
[4.473739] (micro_ros_setup) StdoutLine: {'line': b'-- Up-to-date: /home/epiibots/ros2_ws/install/micro_ros_setup/./config/freertos/nucleo_f446ze/flash.sh\n'}
[4.473817] (micro_ros_setup) StdoutLine: {'line': b'-- Up-to-date: /home/epiibots/ros2_ws/install/micro_ros_setup/./config/freertos/nucleo_f446ze/build.sh\n'}
[4.473914] (micro_ros_setup) StdoutLine: {'line': b'-- Up-to-date: /home/epiibots/ros2_ws/install/micro_ros_setup/./config/freertos/nucleo_f446ze/client-colcon.meta\n'}
[4.474018] (micro_ros_setup) StdoutLine: {'line': b'-- Up-to-date: /home/epiibots/ros2_ws/install/micro_ros_setup/./config/freertos/nucleo_f446ze/client_uros_packages.repos\n'}
[4.474119] (micro_ros_setup) StdoutLine: {'line': b'-- Up-to-date: /home/epiibots/ros2_ws/install/micro_ros_setup/./config/freertos/nucleo_f446ze/configure.sh\n'}
[4.474200] (micro_ros_setup) StdoutLine: {'line': b'-- Up-to-date: /home/epiibots/ros2_ws/install/micro_ros_setup/./config/freertos/dev_uros_packages.repos\n'}
[4.474281] (micro_ros_setup) StdoutLine: {'line': b'-- Up-to-date: /home/epiibots/ros2_ws/install/micro_ros_setup/./config/freertos/list_apps.sh\n'}
[4.474370] (micro_ros_setup) StdoutLine: {'line': b'-- Up-to-date: /home/epiibots/ros2_ws/install/micro_ros_setup/./config/freertos/nucleo_f767zi\n'}
[4.474449] (micro_ros_setup) StdoutLine: {'line': b'-- Up-to-date: /home/epiibots/ros2_ws/install/micro_ros_setup/./config/freertos/nucleo_f767zi/board.repos\n'}
[4.474529] (micro_ros_setup) StdoutLine: {'line': b'-- Up-to-date: /home/epiibots/ros2_ws/install/micro_ros_setup/./config/freertos/nucleo_f767zi/create.sh\n'}
[4.474606] (micro_ros_setup) StdoutLine: {'line': b'-- Up-to-date: /home/epiibots/ros2_ws/install/micro_ros_setup/./config/freertos/nucleo_f767zi/package.xml\n'}
[4.474682] (micro_ros_setup) StdoutLine: {'line': b'-- Up-to-date: /home/epiibots/ros2_ws/install/micro_ros_setup/./config/freertos/nucleo_f767zi/flash.sh\n'}
[4.474762] (micro_ros_setup) StdoutLine: {'line': b'-- Up-to-date: /home/epiibots/ros2_ws/install/micro_ros_setup/./config/freertos/nucleo_f767zi/build.sh\n'}
[4.478268] (micro_ros_setup) StdoutLine: {'line': b'-- Up-to-date: /home/epiibots/ros2_ws/install/micro_ros_setup/./config/freertos/nucleo_f767zi/client-colcon.meta\n'}
[4.478407] (micro_ros_setup) StdoutLine: {'line': b'-- Up-to-date: /home/epiibots/ros2_ws/install/micro_ros_setup/./config/freertos/nucleo_f767zi/client_uros_packages.repos\n'}
[4.478522] (micro_ros_setup) StdoutLine: {'line': b'-- Up-to-date: /home/epiibots/ros2_ws/install/micro_ros_setup/./config/freertos/nucleo_f767zi/configure.sh\n'}
[4.478616] (micro_ros_setup) StdoutLine: {'line': b'-- Up-to-date: /home/epiibots/ros2_ws/install/micro_ros_setup/./config/freertos/nucleo_f746zg\n'}
[4.478707] (micro_ros_setup) StdoutLine: {'line': b'-- Up-to-date: /home/epiibots/ros2_ws/install/micro_ros_setup/./config/freertos/nucleo_f746zg/board.repos\n'}
[4.478786] (micro_ros_setup) StdoutLine: {'line': b'-- Up-to-date: /home/epiibots/ros2_ws/install/micro_ros_setup/./config/freertos/nucleo_f746zg/create.sh\n'}
[4.478867] (micro_ros_setup) StdoutLine: {'line': b'-- Up-to-date: /home/epiibots/ros2_ws/install/micro_ros_setup/./config/freertos/nucleo_f746zg/package.xml\n'}
[4.478955] (micro_ros_setup) StdoutLine: {'line': b'-- Up-to-date: /home/epiibots/ros2_ws/install/micro_ros_setup/./config/freertos/nucleo_f746zg/flash.sh\n'}
[4.479120] (micro_ros_setup) StdoutLine: {'line': b'-- Up-to-date: /home/epiibots/ros2_ws/install/micro_ros_setup/./config/freertos/nucleo_f746zg/build.sh\n'}
[4.479235] (micro_ros_setup) StdoutLine: {'line': b'-- Up-to-date: /home/epiibots/ros2_ws/install/micro_ros_setup/./config/freertos/nucleo_f746zg/client-colcon.meta\n'}
[4.479345] (micro_ros_setup) StdoutLine: {'line': b'-- Up-to-date: /home/epiibots/ros2_ws/install/micro_ros_setup/./config/freertos/nucleo_f746zg/client_uros_packages.repos\n'}
[4.479455] (micro_ros_setup) StdoutLine: {'line': b'-- Up-to-date: /home/epiibots/ros2_ws/install/micro_ros_setup/./config/freertos/nucleo_f746zg/configure.sh\n'}
[4.479543] (micro_ros_setup) StdoutLine: {'line': b'-- Up-to-date: /home/epiibots/ros2_ws/install/micro_ros_setup/./config/freertos/olimex-stm32-e407\n'}
[4.479622] (micro_ros_setup) StdoutLine: {'line': b'-- Up-to-date: /home/epiibots/ros2_ws/install/micro_ros_setup/./config/freertos/olimex-stm32-e407/board.repos\n'}
[4.479698] (micro_ros_setup) StdoutLine: {'line': b'-- Up-to-date: /home/epiibots/ros2_ws/install/micro_ros_setup/./config/freertos/olimex-stm32-e407/create.sh\n'}
[4.479779] (micro_ros_setup) StdoutLine: {'line': b'-- Up-to-date: /home/epiibots/ros2_ws/install/micro_ros_setup/./config/freertos/olimex-stm32-e407/package.xml\n'}
[4.479857] (micro_ros_setup) StdoutLine: {'line': b'-- Up-to-date: /home/epiibots/ros2_ws/install/micro_ros_setup/./config/freertos/olimex-stm32-e407/flash.sh\n'}
[4.479931] (micro_ros_setup) StdoutLine: {'line': b'-- Up-to-date: /home/epiibots/ros2_ws/install/micro_ros_setup/./config/freertos/olimex-stm32-e407/build.sh\n'}
[4.480049] (micro_ros_setup) StdoutLine: {'line': b'-- Up-to-date: /home/epiibots/ros2_ws/install/micro_ros_setup/./config/freertos/olimex-stm32-e407/client-colcon.meta\n'}
[4.480139] (micro_ros_setup) StdoutLine: {'line': b'-- Up-to-date: /home/epiibots/ros2_ws/install/micro_ros_setup/./config/freertos/olimex-stm32-e407/client_uros_packages.repos\n'}
[4.480217] (micro_ros_setup) StdoutLine: {'line': b'-- Up-to-date: /home/epiibots/ros2_ws/install/micro_ros_setup/./config/freertos/olimex-stm32-e407/configure.sh\n'}
[4.480293] (micro_ros_setup) StdoutLine: {'line': b'-- Up-to-date: /home/epiibots/ros2_ws/install/micro_ros_setup/./config/freertos/nucleo_f446re\n'}
[4.480371] (micro_ros_setup) StdoutLine: {'line': b'-- Up-to-date: /home/epiibots/ros2_ws/install/micro_ros_setup/./config/freertos/nucleo_f446re/board.repos\n'}
[4.480446] (micro_ros_setup) StdoutLine: {'line': b'-- Up-to-date: /home/epiibots/ros2_ws/install/micro_ros_setup/./config/freertos/nucleo_f446re/create.sh\n'}
[4.480526] (micro_ros_setup) StdoutLine: {'line': b'-- Up-to-date: /home/epiibots/ros2_ws/install/micro_ros_setup/./config/freertos/nucleo_f446re/package.xml\n'}
[4.480605] (micro_ros_setup) StdoutLine: {'line': b'-- Up-to-date: /home/epiibots/ros2_ws/install/micro_ros_setup/./config/freertos/nucleo_f446re/flash.sh\n'}
[4.480680] (micro_ros_setup) StdoutLine: {'line': b'-- Up-to-date: /home/epiibots/ros2_ws/install/micro_ros_setup/./config/freertos/nucleo_f446re/build.sh\n'}
[4.480793] (micro_ros_setup) StdoutLine: {'line': b'-- Up-to-date: /home/epiibots/ros2_ws/install/micro_ros_setup/./config/freertos/nucleo_f446re/client-colcon.meta\n'}
[4.480876] (micro_ros_setup) StdoutLine: {'line': b'-- Up-to-date: /home/epiibots/ros2_ws/install/micro_ros_setup/./config/freertos/nucleo_f446re/client_uros_packages.repos\n'}
[4.480954] (micro_ros_setup) StdoutLine: {'line': b'-- Up-to-date: /home/epiibots/ros2_ws/install/micro_ros_setup/./config/freertos/nucleo_f446re/configure.sh\n'}
[4.484095] (micro_ros_setup) StdoutLine: {'line': b'-- Up-to-date: /home/epiibots/ros2_ws/install/micro_ros_setup/./config/freertos/dev_ros2_packages.txt\n'}
[4.484285] (micro_ros_setup) StdoutLine: {'line': b'-- Up-to-date: /home/epiibots/ros2_ws/install/micro_ros_setup/./config/host\n'}
[4.484392] (micro_ros_setup) StdoutLine: {'line': b'-- Up-to-date: /home/epiibots/ros2_ws/install/micro_ros_setup/./config/host/generic\n'}
[4.484497] (micro_ros_setup) StdoutLine: {'line': b'-- Up-to-date: /home/epiibots/ros2_ws/install/micro_ros_setup/./config/host/generic/create.sh\n'}
[4.484608] (micro_ros_setup) StdoutLine: {'line': b'-- Up-to-date: /home/epiibots/ros2_ws/install/micro_ros_setup/./config/host/generic/package.xml\n'}
[4.484712] (micro_ros_setup) StdoutLine: {'line': b'-- Up-to-date: /home/epiibots/ros2_ws/install/micro_ros_setup/./config/host/generic/flash.sh\n'}
[4.484806] (micro_ros_setup) StdoutLine: {'line': b'-- Up-to-date: /home/epiibots/ros2_ws/install/micro_ros_setup/./config/host/generic/client_host_packages.repos\n'}
[4.484898] (micro_ros_setup) StdoutLine: {'line': b'-- Up-to-date: /home/epiibots/ros2_ws/install/micro_ros_setup/./config/host/generic/build.sh\n'}
[4.485029] (micro_ros_setup) StdoutLine: {'line': b'-- Up-to-date: /home/epiibots/ros2_ws/install/micro_ros_setup/./config/host/generic/client-host-colcon.meta\n'}
[4.485166] (micro_ros_setup) StdoutLine: {'line': b'-- Up-to-date: /home/epiibots/ros2_ws/install/micro_ros_setup/./config/host/client_ros2_packages.txt\n'}
[4.485272] (micro_ros_setup) StdoutLine: {'line': b'-- Up-to-date: /home/epiibots/ros2_ws/install/micro_ros_setup/./config/host/dev_uros_packages.repos\n'}
[4.485373] (micro_ros_setup) StdoutLine: {'line': b'-- Up-to-date: /home/epiibots/ros2_ws/install/micro_ros_setup/./config/host/dev_ros2_packages.txt\n'}
[4.485472] (micro_ros_setup) StdoutLine: {'line': b'-- Up-to-date: /home/epiibots/ros2_ws/install/micro_ros_setup/./config/android\n'}
[4.485585] (micro_ros_setup) StdoutLine: {'line': b'-- Up-to-date: /home/epiibots/ros2_ws/install/micro_ros_setup/./config/android/generic\n'}
[4.485689] (micro_ros_setup) StdoutLine: {'line': b'-- Up-to-date: /home/epiibots/ros2_ws/install/micro_ros_setup/./config/android/generic/create.sh\n'}
[4.485779] (micro_ros_setup) StdoutLine: {'line': b'-- Up-to-date: /home/epiibots/ros2_ws/install/micro_ros_setup/./config/android/generic/package.xml\n'}
[4.485877] (micro_ros_setup) StdoutLine: {'line': b'-- Up-to-date: /home/epiibots/ros2_ws/install/micro_ros_setup/./config/android/generic/flash.sh\n'}
[4.485995] (micro_ros_setup) StdoutLine: {'line': b'-- Up-to-date: /home/epiibots/ros2_ws/install/micro_ros_setup/./config/android/generic/build.sh\n'}
[4.486150] (micro_ros_setup) StdoutLine: {'line': b'-- Up-to-date: /home/epiibots/ros2_ws/install/micro_ros_setup/./config/android/generic/client-colcon.meta\n'}
[4.486266] (micro_ros_setup) StdoutLine: {'line': b'-- Up-to-date: /home/epiibots/ros2_ws/install/micro_ros_setup/./config/android/generic/client_uros_packages.repos\n'}
[4.486436] (micro_ros_setup) StdoutLine: {'line': b'-- Up-to-date: /home/epiibots/ros2_ws/install/micro_ros_setup/./config/android/dev_uros_packages.repos\n'}
[4.486556] (micro_ros_setup) StdoutLine: {'line': b'-- Up-to-date: /home/epiibots/ros2_ws/install/micro_ros_setup/./config/android/dev_ros2_packages.txt\n'}
[4.486693] (micro_ros_setup) StdoutLine: {'line': b'-- Up-to-date: /home/epiibots/ros2_ws/install/micro_ros_setup/./config/agent_ros2_packages.txt\n'}
[4.486815] (micro_ros_setup) StdoutLine: {'line': b'-- Up-to-date: /home/epiibots/ros2_ws/install/micro_ros_setup/./config/client_uros_packages.repos\n'}
[4.487042] (micro_ros_setup) StdoutLine: {'line': b'-- Up-to-date: /home/epiibots/ros2_ws/install/micro_ros_setup/lib/micro_ros_setup/create_ws.sh\n'}
[4.492530] (micro_ros_setup) StdoutLine: {'line': b'-- Up-to-date: /home/epiibots/ros2_ws/install/micro_ros_setup/lib/micro_ros_setup/create_agent_ws.sh\n'}
[4.492719] (micro_ros_setup) StdoutLine: {'line': b'-- Up-to-date: /home/epiibots/ros2_ws/install/micro_ros_setup/lib/micro_ros_setup/create_firmware_ws.sh\n'}
[4.492849] (micro_ros_setup) StdoutLine: {'line': b'-- Up-to-date: /home/epiibots/ros2_ws/install/micro_ros_setup/lib/micro_ros_setup/configure_firmware.sh\n'}
[4.493007] (micro_ros_setup) StdoutLine: {'line': b'-- Up-to-date: /home/epiibots/ros2_ws/install/micro_ros_setup/lib/micro_ros_setup/flash_firmware.sh\n'}
[4.493176] (micro_ros_setup) StdoutLine: {'line': b'-- Up-to-date: /home/epiibots/ros2_ws/install/micro_ros_setup/lib/micro_ros_setup/build_firmware.sh\n'}
[4.493289] (micro_ros_setup) StdoutLine: {'line': b'-- Up-to-date: /home/epiibots/ros2_ws/install/micro_ros_setup/lib/micro_ros_setup/build_agent.sh\n'}
[4.493397] (micro_ros_setup) StdoutLine: {'line': b'-- Up-to-date: /home/epiibots/ros2_ws/install/micro_ros_setup/lib/micro_ros_setup/yaml_filter.py\n'}
[4.493499] (micro_ros_setup) StdoutLine: {'line': b'-- Up-to-date: /home/epiibots/ros2_ws/install/micro_ros_setup/lib/micro_ros_setup/clean_env.sh\n'}
[4.493597] (micro_ros_setup) StdoutLine: {'line': b'-- Up-to-date: /home/epiibots/ros2_ws/install/micro_ros_setup/lib/micro_ros_setup/component\n'}
[4.493713] (micro_ros_setup) CommandEnded: {'returncode': 0}
[4.495293] (drive_base_msgs) StdoutLine: {'line': b"reading manifest file 'drive_base_msgs.egg-info/SOURCES.txt'\n"}
[4.495558] (drive_base_msgs) StdoutLine: {'line': b"writing manifest file 'drive_base_msgs.egg-info/SOURCES.txt'\n"}
[4.509104] (micro_ros_setup) JobEnded: {'identifier': 'micro_ros_setup', 'rc': 0}
[4.511676] (pwm_rec) JobStarted: {'identifier': 'pwm_rec'}
[4.530687] (-) TimerEvent: {}
[4.607042] (drive_base_msgs) StdoutLine: {'line': b'[100%] Built target ament_cmake_python_build_drive_base_msgs_egg\n'}
[4.631626] (-) TimerEvent: {}
[4.731952] (-) TimerEvent: {}
[4.752899] (detector) StdoutLine: {'line': b'running egg_info\n'}
[4.778748] (detector) StdoutLine: {'line': b'writing ../../build/detector/detector.egg-info/PKG-INFO\n'}
[4.779220] (detector) StdoutLine: {'line': b'writing dependency_links to ../../build/detector/detector.egg-info/dependency_links.txt\n'}
[4.782467] (detector) StdoutLine: {'line': b'writing entry points to ../../build/detector/detector.egg-info/entry_points.txt\n'}
[4.783348] (detector) StdoutLine: {'line': b'writing requirements to ../../build/detector/detector.egg-info/requires.txt\n'}
[4.783977] (detector) StdoutLine: {'line': b'writing top-level names to ../../build/detector/detector.egg-info/top_level.txt\n'}
[4.832046] (-) TimerEvent: {}
[4.836344] (detector) StdoutLine: {'line': b"reading manifest file '../../build/detector/detector.egg-info/SOURCES.txt'\n"}
[4.836702] (detector) StdoutLine: {'line': b"adding license file 'LICENSE'\n"}
[4.837594] (detector) StdoutLine: {'line': b"writing manifest file '../../build/detector/detector.egg-info/SOURCES.txt'\n"}
[4.839028] (detector) StdoutLine: {'line': b'running build\n'}
[4.839260] (detector) StdoutLine: {'line': b'running build_py\n'}
[4.839344] (detector) StdoutLine: {'line': b'running install\n'}
[4.849745] (detector) StdoutLine: {'line': b'running install_lib\n'}
[4.883514] (detector) StdoutLine: {'line': b'running install_data\n'}
[4.886230] (detector) StdoutLine: {'line': b'running install_egg_info\n'}
[4.919472] (detector) StdoutLine: {'line': b"removing '/home/epiibots/ros2_ws/install/detector/lib/python3.12/site-packages/detector-0.0.0-py3.12.egg-info' (and everything under it)\n"}
[4.919718] (detector) StdoutLine: {'line': b'Copying ../../build/detector/detector.egg-info to /home/epiibots/ros2_ws/install/detector/lib/python3.12/site-packages/detector-0.0.0-py3.12.egg-info\n'}
[4.921029] (detector) StdoutLine: {'line': b'running install_scripts\n'}
[4.924164] (drive_base_msgs) CommandEnded: {'returncode': 0}
[4.924687] (drive_base_msgs) JobProgress: {'identifier': 'drive_base_msgs', 'progress': 'install'}
[4.926015] (drive_base_msgs) Command: {'cmd': ['/usr/bin/cmake', '--install', '/home/epiibots/ros2_ws/build/drive_base_msgs'], 'cwd': '/home/epiibots/ros2_ws/build/drive_base_msgs', 'env': OrderedDict({'LESSOPEN': '| /usr/bin/lesspipe %s', 'USER': 'epiibots', 'SSH_CLIENT': '192.168.0.101 63419 22', 'GZ_CONFIG_PATH': '/opt/ros/jazzy/opt/gz_sim_vendor/share/gz:/opt/ros/jazzy/opt/sdformat_vendor/share/gz:/opt/ros/jazzy/opt/gz_gui_vendor/share/gz:/opt/ros/jazzy/opt/gz_transport_vendor/share/gz:/opt/ros/jazzy/opt/gz_rendering_vendor/share/gz:/opt/ros/jazzy/opt/gz_plugin_vendor/share/gz:/opt/ros/jazzy/opt/gz_fuel_tools_vendor/share/gz:/opt/ros/jazzy/opt/gz_msgs_vendor/share/gz:/opt/ros/jazzy/opt/gz_common_vendor/share/gz', 'XDG_SESSION_TYPE': 'tty', 'SHLVL': '1', 'LD_LIBRARY_PATH': '/opt/ros/jazzy/opt/gz_sim_vendor/lib:/opt/ros/jazzy/opt/gz_sensors_vendor/lib:/opt/ros/jazzy/opt/gz_physics_vendor/lib:/opt/ros/jazzy/opt/sdformat_vendor/lib:/opt/ros/jazzy/opt/rviz_ogre_vendor/lib:/opt/ros/jazzy/lib/aarch64-linux-gnu:/opt/ros/jazzy/opt/gz_gui_vendor/lib:/opt/ros/jazzy/opt/gz_transport_vendor/lib:/opt/ros/jazzy/opt/gz_rendering_vendor/lib:/opt/ros/jazzy/opt/gz_plugin_vendor/lib:/opt/ros/jazzy/opt/gz_fuel_tools_vendor/lib:/opt/ros/jazzy/opt/gz_msgs_vendor/lib:/opt/ros/jazzy/opt/gz_common_vendor/lib:/opt/ros/jazzy/opt/gz_math_vendor/lib:/opt/ros/jazzy/opt/gz_utils_vendor/lib:/opt/ros/jazzy/opt/gz_tools_vendor/lib:/opt/ros/jazzy/opt/gz_ogre_next_vendor/lib:/opt/ros/jazzy/opt/gz_dartsim_vendor/lib:/opt/ros/jazzy/opt/gz_cmake_vendor/lib:/opt/ros/jazzy/lib', 'HOME': '/home/epiibots', 'OLDPWD': '/home/epiibots/ros2_ws/install', 'SSH_TTY': '/dev/pts/4', 'ROS_PYTHON_VERSION': '3', 'DBUS_SESSION_BUS_ADDRESS': 'unix:path=/run/user/1000/bus', 'DEBUGINFOD_URLS': 'https://debuginfod.ubuntu.com', 'ROS_DISTRO': 'jazzy', 'LOGNAME': 'epiibots', '_': '/usr/bin/colcon', 'ROS_VERSION': '2', 'XDG_SESSION_CLASS': 'user', 'TERM': 'xterm-256color', 'XDG_SESSION_ID': '11', 'PATH': '/opt/ros/jazzy/opt/gz_msgs_vendor/bin:/opt/ros/jazzy/opt/gz_tools_vendor/bin:/opt/ros/jazzy/opt/gz_ogre_next_vendor/bin:/opt/ros/jazzy/bin:/usr/local/sbin:/usr/local/bin:/usr/sbin:/usr/bin:/sbin:/bin:/usr/games:/usr/local/games:/snap/bin', 'XDG_RUNTIME_DIR': '/run/user/1000', 'LANG': 'en_US.UTF-8', 'LS_COLORS': 'rs=0:di=01;34:ln=01;36:mh=00:pi=40;33:so=01;35:do=01;35:bd=40;33;01:cd=40;33;01:or=40;31;01:mi=00:su=37;41:sg=30;43:ca=00:tw=30;42:ow=34;42:st=37;44:ex=01;32:*.tar=01;31:*.tgz=01;31:*.arc=01;31:*.arj=01;31:*.taz=01;31:*.lha=01;31:*.lz4=01;31:*.lzh=01;31:*.lzma=01;31:*.tlz=01;31:*.txz=01;31:*.tzo=01;31:*.t7z=01;31:*.zip=01;31:*.z=01;31:*.dz=01;31:*.gz=01;31:*.lrz=01;31:*.lz=01;31:*.lzo=01;31:*.xz=01;31:*.zst=01;31:*.tzst=01;31:*.bz2=01;31:*.bz=01;31:*.tbz=01;31:*.tbz2=01;31:*.tz=01;31:*.deb=01;31:*.rpm=01;31:*.jar=01;31:*.war=01;31:*.ear=01;31:*.sar=01;31:*.rar=01;31:*.alz=01;31:*.ace=01;31:*.zoo=01;31:*.cpio=01;31:*.7z=01;31:*.rz=01;31:*.cab=01;31:*.wim=01;31:*.swm=01;31:*.dwm=01;31:*.esd=01;31:*.avif=01;35:*.jpg=01;35:*.jpeg=01;35:*.mjpg=01;35:*.mjpeg=01;35:*.gif=01;35:*.bmp=01;35:*.pbm=01;35:*.pgm=01;35:*.ppm=01;35:*.tga=01;35:*.xbm=01;35:*.xpm=01;35:*.tif=01;35:*.tiff=01;35:*.png=01;35:*.svg=01;35:*.svgz=01;35:*.mng=01;35:*.pcx=01;35:*.mov=01;35:*.mpg=01;35:*.mpeg=01;35:*.m2v=01;35:*.mkv=01;35:*.webm=01;35:*.webp=01;35:*.ogm=01;35:*.mp4=01;35:*.m4v=01;35:*.mp4v=01;35:*.vob=01;35:*.qt=01;35:*.nuv=01;35:*.wmv=01;35:*.asf=01;35:*.rm=01;35:*.rmvb=01;35:*.flc=01;35:*.avi=01;35:*.fli=01;35:*.flv=01;35:*.gl=01;35:*.dl=01;35:*.xcf=01;35:*.xwd=01;35:*.yuv=01;35:*.cgm=01;35:*.emf=01;35:*.ogv=01;35:*.ogx=01;35:*.aac=00;36:*.au=00;36:*.flac=00;36:*.m4a=00;36:*.mid=00;36:*.midi=00;36:*.mka=00;36:*.mp3=00;36:*.mpc=00;36:*.ogg=00;36:*.ra=00;36:*.wav=00;36:*.oga=00;36:*.opus=00;36:*.spx=00;36:*.xspf=00;36:*~=00;90:*#=00;90:*.bak=00;90:*.crdownload=00;90:*.dpkg-dist=00;90:*.dpkg-new=00;90:*.dpkg-old=00;90:*.dpkg-tmp=00;90:*.old=00;90:*.orig=00;90:*.part=00;90:*.rej=00;90:*.rpmnew=00;90:*.rpmorig=00;90:*.rpmsave=00;90:*.swp=00;90:*.tmp=00;90:*.ucf-dist=00;90:*.ucf-new=00;90:*.ucf-old=00;90:', 'AMENT_PREFIX_PATH': '/opt/ros/jazzy', 'SHELL': '/bin/bash', 'LESSCLOSE': '/usr/bin/lesspipe %s %s', 'ROS_AUTOMATIC_DISCOVERY_RANGE': 'SUBNET', 'PWD': '/home/epiibots/ros2_ws/build/drive_base_msgs', 'LC_ALL': 'en_US.UTF-8', 'SSH_CONNECTION': '192.168.0.101 63419 192.168.0.67 22', 'XDG_DATA_DIRS': '/usr/share/gnome:/usr/local/share:/usr/share:/var/lib/snapd/desktop', 'PYTHONPATH': '/opt/ros/jazzy/lib/python3.12/site-packages', 'COLCON': '1', 'CMAKE_PREFIX_PATH': '/opt/ros/jazzy/opt/gz_sim_vendor:/opt/ros/jazzy/opt/gz_sensors_vendor:/opt/ros/jazzy/opt/gz_physics_vendor:/opt/ros/jazzy/opt/sdformat_vendor:/opt/ros/jazzy/opt/gz_gui_vendor:/opt/ros/jazzy/opt/gz_transport_vendor:/opt/ros/jazzy/opt/gz_rendering_vendor:/opt/ros/jazzy/opt/gz_plugin_vendor:/opt/ros/jazzy/opt/gz_fuel_tools_vendor:/opt/ros/jazzy/opt/gz_msgs_vendor:/opt/ros/jazzy/opt/gz_common_vendor:/opt/ros/jazzy/opt/gz_math_vendor:/opt/ros/jazzy/opt/gz_utils_vendor:/opt/ros/jazzy/opt/gz_tools_vendor:/opt/ros/jazzy/opt/gz_ogre_next_vendor:/opt/ros/jazzy/opt/gz_dartsim_vendor:/opt/ros/jazzy/opt/gz_cmake_vendor:/opt/ros/jazzy'}), 'shell': False}
[4.932175] (-) TimerEvent: {}
[4.946241] (drive_base_msgs) StdoutLine: {'line': b'-- Install configuration: ""\n'}
[4.946812] (drive_base_msgs) StdoutLine: {'line': b'-- Up-to-date: /home/epiibots/ros2_ws/install/drive_base_msgs/share/ament_index/resource_index/rosidl_interfaces/drive_base_msgs\n'}
[4.947185] (drive_base_msgs) StdoutLine: {'line': b'-- Up-to-date: /home/epiibots/ros2_ws/install/drive_base_msgs/share/drive_base_msgs/msg/CommandHeader.json\n'}
[4.947545] (drive_base_msgs) StdoutLine: {'line': b'-- Up-to-date: /home/epiibots/ros2_ws/install/drive_base_msgs/share/drive_base_msgs/msg/BaseInfo.json\n'}
[4.947862] (drive_base_msgs) StdoutLine: {'line': b'-- Up-to-date: /home/epiibots/ros2_ws/install/drive_base_msgs/share/drive_base_msgs/msg/CommandStatus.json\n'}
[4.948226] (drive_base_msgs) StdoutLine: {'line': b'-- Up-to-date: /home/epiibots/ros2_ws/install/drive_base_msgs/share/drive_base_msgs/msg/TRVCommand.json\n'}
[4.951237] (drive_base_msgs) StdoutLine: {'line': b'-- Up-to-date: /home/epiibots/ros2_ws/install/drive_base_msgs/include/drive_base_msgs/drive_base_msgs\n'}
[4.951497] (drive_base_msgs) StdoutLine: {'line': b'-- Up-to-date: /home/epiibots/ros2_ws/install/drive_base_msgs/include/drive_base_msgs/drive_base_msgs/msg\n'}
[4.951598] (drive_base_msgs) StdoutLine: {'line': b'-- Up-to-date: /home/epiibots/ros2_ws/install/drive_base_msgs/include/drive_base_msgs/drive_base_msgs/msg/trv_command.h\n'}
[4.951679] (drive_base_msgs) StdoutLine: {'line': b'-- Up-to-date: /home/epiibots/ros2_ws/install/drive_base_msgs/include/drive_base_msgs/drive_base_msgs/msg/command_status.h\n'}
[4.951762] (drive_base_msgs) StdoutLine: {'line': b'-- Up-to-date: /home/epiibots/ros2_ws/install/drive_base_msgs/include/drive_base_msgs/drive_base_msgs/msg/base_info.h\n'}
[4.951840] (drive_base_msgs) StdoutLine: {'line': b'-- Up-to-date: /home/epiibots/ros2_ws/install/drive_base_msgs/include/drive_base_msgs/drive_base_msgs/msg/rosidl_generator_c__visibility_control.h\n'}
[4.951921] (drive_base_msgs) StdoutLine: {'line': b'-- Up-to-date: /home/epiibots/ros2_ws/install/drive_base_msgs/include/drive_base_msgs/drive_base_msgs/msg/detail\n'}
[4.952036] (drive_base_msgs) StdoutLine: {'line': b'-- Up-to-date: /home/epiibots/ros2_ws/install/drive_base_msgs/include/drive_base_msgs/drive_base_msgs/msg/detail/command_header__functions.c\n'}
[4.952127] (drive_base_msgs) StdoutLine: {'line': b'-- Up-to-date: /home/epiibots/ros2_ws/install/drive_base_msgs/include/drive_base_msgs/drive_base_msgs/msg/detail/trv_command__type_support.h\n'}
[4.952232] (drive_base_msgs) StdoutLine: {'line': b'-- Up-to-date: /home/epiibots/ros2_ws/install/drive_base_msgs/include/drive_base_msgs/drive_base_msgs/msg/detail/trv_command__functions.c\n'}
[4.952336] (drive_base_msgs) StdoutLine: {'line': b'-- Up-to-date: /home/epiibots/ros2_ws/install/drive_base_msgs/include/drive_base_msgs/drive_base_msgs/msg/detail/base_info__functions.h\n'}
[4.952425] (drive_base_msgs) StdoutLine: {'line': b'-- Up-to-date: /home/epiibots/ros2_ws/install/drive_base_msgs/include/drive_base_msgs/drive_base_msgs/msg/detail/command_header__description.c\n'}
[4.952508] (drive_base_msgs) StdoutLine: {'line': b'-- Up-to-date: /home/epiibots/ros2_ws/install/drive_base_msgs/include/drive_base_msgs/drive_base_msgs/msg/detail/trv_command__functions.h\n'}
[4.952586] (drive_base_msgs) StdoutLine: {'line': b'-- Up-to-date: /home/epiibots/ros2_ws/install/drive_base_msgs/include/drive_base_msgs/drive_base_msgs/msg/detail/command_header__type_support.h\n'}
[4.952681] (drive_base_msgs) StdoutLine: {'line': b'-- Installing: /home/epiibots/ros2_ws/install/drive_base_msgs/include/drive_base_msgs/drive_base_msgs/msg/detail/command_status__type_support.c\n'}
[4.952769] (drive_base_msgs) StdoutLine: {'line': b'-- Up-to-date: /home/epiibots/ros2_ws/install/drive_base_msgs/include/drive_base_msgs/drive_base_msgs/msg/detail/command_status__functions.c\n'}
[4.952846] (drive_base_msgs) StdoutLine: {'line': b'-- Up-to-date: /home/epiibots/ros2_ws/install/drive_base_msgs/include/drive_base_msgs/drive_base_msgs/msg/detail/base_info__description.c\n'}
[4.952944] (drive_base_msgs) StdoutLine: {'line': b'-- Up-to-date: /home/epiibots/ros2_ws/install/drive_base_msgs/include/drive_base_msgs/drive_base_msgs/msg/detail/command_status__type_support.h\n'}
[4.953070] (drive_base_msgs) StdoutLine: {'line': b'-- Up-to-date: /home/epiibots/ros2_ws/install/drive_base_msgs/include/drive_base_msgs/drive_base_msgs/msg/detail/base_info__functions.c\n'}
[4.953154] (drive_base_msgs) StdoutLine: {'line': b'-- Up-to-date: /home/epiibots/ros2_ws/install/drive_base_msgs/include/drive_base_msgs/drive_base_msgs/msg/detail/base_info__type_support.h\n'}
[4.953230] (drive_base_msgs) StdoutLine: {'line': b'-- Up-to-date: /home/epiibots/ros2_ws/install/drive_base_msgs/include/drive_base_msgs/drive_base_msgs/msg/detail/trv_command__struct.h\n'}
[4.953307] (drive_base_msgs) StdoutLine: {'line': b'-- Up-to-date: /home/epiibots/ros2_ws/install/drive_base_msgs/include/drive_base_msgs/drive_base_msgs/msg/detail/command_status__functions.h\n'}
[4.953388] (drive_base_msgs) StdoutLine: {'line': b'-- Up-to-date: /home/epiibots/ros2_ws/install/drive_base_msgs/include/drive_base_msgs/drive_base_msgs/msg/detail/command_header__struct.h\n'}
[4.953474] (drive_base_msgs) StdoutLine: {'line': b'-- Installing: /home/epiibots/ros2_ws/install/drive_base_msgs/include/drive_base_msgs/drive_base_msgs/msg/detail/trv_command__type_support.c\n'}
[4.953562] (drive_base_msgs) StdoutLine: {'line': b'-- Up-to-date: /home/epiibots/ros2_ws/install/drive_base_msgs/include/drive_base_msgs/drive_base_msgs/msg/detail/command_status__description.c\n'}
[4.953648] (drive_base_msgs) StdoutLine: {'line': b'-- Installing: /home/epiibots/ros2_ws/install/drive_base_msgs/include/drive_base_msgs/drive_base_msgs/msg/detail/command_header__type_support.c\n'}
[4.953729] (drive_base_msgs) StdoutLine: {'line': b'-- Up-to-date: /home/epiibots/ros2_ws/install/drive_base_msgs/include/drive_base_msgs/drive_base_msgs/msg/detail/command_header__functions.h\n'}
[4.953804] (drive_base_msgs) StdoutLine: {'line': b'-- Up-to-date: /home/epiibots/ros2_ws/install/drive_base_msgs/include/drive_base_msgs/drive_base_msgs/msg/detail/trv_command__description.c\n'}
[4.953881] (drive_base_msgs) StdoutLine: {'line': b'-- Up-to-date: /home/epiibots/ros2_ws/install/drive_base_msgs/include/drive_base_msgs/drive_base_msgs/msg/detail/command_status__struct.h\n'}
[4.953958] (drive_base_msgs) StdoutLine: {'line': b'-- Installing: /home/epiibots/ros2_ws/install/drive_base_msgs/include/drive_base_msgs/drive_base_msgs/msg/detail/base_info__type_support.c\n'}
[4.956624] (drive_base_msgs) StdoutLine: {'line': b'-- Up-to-date: /home/epiibots/ros2_ws/install/drive_base_msgs/include/drive_base_msgs/drive_base_msgs/msg/detail/base_info__struct.h\n'}
[4.956763] (drive_base_msgs) StdoutLine: {'line': b'-- Up-to-date: /home/epiibots/ros2_ws/install/drive_base_msgs/include/drive_base_msgs/drive_base_msgs/msg/command_header.h\n'}
[4.956854] (drive_base_msgs) StdoutLine: {'line': b'-- Up-to-date: /home/epiibots/ros2_ws/install/drive_base_msgs/share/drive_base_msgs/environment/library_path.sh\n'}
[4.956944] (drive_base_msgs) StdoutLine: {'line': b'-- Up-to-date: /home/epiibots/ros2_ws/install/drive_base_msgs/share/drive_base_msgs/environment/library_path.dsv\n'}
[4.957068] (drive_base_msgs) StdoutLine: {'line': b'-- Up-to-date: /home/epiibots/ros2_ws/install/drive_base_msgs/lib/libdrive_base_msgs__rosidl_generator_c.so\n'}
[4.957161] (drive_base_msgs) StdoutLine: {'line': b'-- Up-to-date: /home/epiibots/ros2_ws/install/drive_base_msgs/include/drive_base_msgs/drive_base_msgs\n'}
[4.957242] (drive_base_msgs) StdoutLine: {'line': b'-- Up-to-date: /home/epiibots/ros2_ws/install/drive_base_msgs/include/drive_base_msgs/drive_base_msgs/msg\n'}
[4.957322] (drive_base_msgs) StdoutLine: {'line': b'-- Up-to-date: /home/epiibots/ros2_ws/install/drive_base_msgs/include/drive_base_msgs/drive_base_msgs/msg/rosidl_typesupport_fastrtps_c__visibility_control.h\n'}
[4.957413] (drive_base_msgs) StdoutLine: {'line': b'-- Up-to-date: /home/epiibots/ros2_ws/install/drive_base_msgs/include/drive_base_msgs/drive_base_msgs/msg/detail\n'}
[4.957506] (drive_base_msgs) StdoutLine: {'line': b'-- Up-to-date: /home/epiibots/ros2_ws/install/drive_base_msgs/include/drive_base_msgs/drive_base_msgs/msg/detail/trv_command__rosidl_typesupport_fastrtps_c.h\n'}
[4.957591] (drive_base_msgs) StdoutLine: {'line': b'-- Up-to-date: /home/epiibots/ros2_ws/install/drive_base_msgs/include/drive_base_msgs/drive_base_msgs/msg/detail/base_info__rosidl_typesupport_fastrtps_c.h\n'}
[4.957677] (drive_base_msgs) StdoutLine: {'line': b'-- Up-to-date: /home/epiibots/ros2_ws/install/drive_base_msgs/include/drive_base_msgs/drive_base_msgs/msg/detail/command_header__rosidl_typesupport_fastrtps_c.h\n'}
[4.957762] (drive_base_msgs) StdoutLine: {'line': b'-- Up-to-date: /home/epiibots/ros2_ws/install/drive_base_msgs/include/drive_base_msgs/drive_base_msgs/msg/detail/command_status__rosidl_typesupport_fastrtps_c.h\n'}
[4.957844] (drive_base_msgs) StdoutLine: {'line': b'-- Up-to-date: /home/epiibots/ros2_ws/install/drive_base_msgs/lib/libdrive_base_msgs__rosidl_typesupport_fastrtps_c.so\n'}
[4.957928] (drive_base_msgs) StdoutLine: {'line': b'-- Up-to-date: /home/epiibots/ros2_ws/install/drive_base_msgs/include/drive_base_msgs/drive_base_msgs\n'}
[4.958725] (drive_base_msgs) StdoutLine: {'line': b'-- Up-to-date: /home/epiibots/ros2_ws/install/drive_base_msgs/include/drive_base_msgs/drive_base_msgs/msg\n'}
[4.958931] (drive_base_msgs) StdoutLine: {'line': b'-- Up-to-date: /home/epiibots/ros2_ws/install/drive_base_msgs/include/drive_base_msgs/drive_base_msgs/msg/base_info.hpp\n'}
[4.959081] (drive_base_msgs) StdoutLine: {'line': b'-- Up-to-date: /home/epiibots/ros2_ws/install/drive_base_msgs/include/drive_base_msgs/drive_base_msgs/msg/command_header.hpp\n'}
[4.959240] (drive_base_msgs) StdoutLine: {'line': b'-- Up-to-date: /home/epiibots/ros2_ws/install/drive_base_msgs/include/drive_base_msgs/drive_base_msgs/msg/rosidl_generator_cpp__visibility_control.hpp\n'}
[4.959349] (drive_base_msgs) StdoutLine: {'line': b'-- Up-to-date: /home/epiibots/ros2_ws/install/drive_base_msgs/include/drive_base_msgs/drive_base_msgs/msg/trv_command.hpp\n'}
[4.959641] (drive_base_msgs) StdoutLine: {'line': b'-- Up-to-date: /home/epiibots/ros2_ws/install/drive_base_msgs/include/drive_base_msgs/drive_base_msgs/msg/detail\n'}
[4.960044] (drive_base_msgs) StdoutLine: {'line': b'-- Up-to-date: /home/epiibots/ros2_ws/install/drive_base_msgs/include/drive_base_msgs/drive_base_msgs/msg/detail/command_status__struct.hpp\n'}
[4.960357] (drive_base_msgs) StdoutLine: {'line': b'-- Up-to-date: /home/epiibots/ros2_ws/install/drive_base_msgs/include/drive_base_msgs/drive_base_msgs/msg/detail/base_info__builder.hpp\n'}
[4.960639] (drive_base_msgs) StdoutLine: {'line': b'-- Up-to-date: /home/epiibots/ros2_ws/install/drive_base_msgs/include/drive_base_msgs/drive_base_msgs/msg/detail/command_status__builder.hpp\n'}
[4.960908] (drive_base_msgs) StdoutLine: {'line': b'-- Up-to-date: /home/epiibots/ros2_ws/install/drive_base_msgs/include/drive_base_msgs/drive_base_msgs/msg/detail/command_status__traits.hpp\n'}
[4.961211] (drive_base_msgs) StdoutLine: {'line': b'-- Up-to-date: /home/epiibots/ros2_ws/install/drive_base_msgs/include/drive_base_msgs/drive_base_msgs/msg/detail/base_info__struct.hpp\n'}
[4.961508] (drive_base_msgs) StdoutLine: {'line': b'-- Up-to-date: /home/epiibots/ros2_ws/install/drive_base_msgs/include/drive_base_msgs/drive_base_msgs/msg/detail/command_status__type_support.hpp\n'}
[4.961810] (drive_base_msgs) StdoutLine: {'line': b'-- Up-to-date: /home/epiibots/ros2_ws/install/drive_base_msgs/include/drive_base_msgs/drive_base_msgs/msg/detail/command_header__traits.hpp\n'}
[4.962135] (drive_base_msgs) StdoutLine: {'line': b'-- Up-to-date: /home/epiibots/ros2_ws/install/drive_base_msgs/include/drive_base_msgs/drive_base_msgs/msg/detail/trv_command__builder.hpp\n'}
[4.962469] (drive_base_msgs) StdoutLine: {'line': b'-- Up-to-date: /home/epiibots/ros2_ws/install/drive_base_msgs/include/drive_base_msgs/drive_base_msgs/msg/detail/trv_command__type_support.hpp\n'}
[4.962747] (drive_base_msgs) StdoutLine: {'line': b'-- Up-to-date: /home/epiibots/ros2_ws/install/drive_base_msgs/include/drive_base_msgs/drive_base_msgs/msg/detail/command_header__type_support.hpp\n'}
[4.963071] (drive_base_msgs) StdoutLine: {'line': b'-- Up-to-date: /home/epiibots/ros2_ws/install/drive_base_msgs/include/drive_base_msgs/drive_base_msgs/msg/detail/base_info__type_support.hpp\n'}
[4.963383] (drive_base_msgs) StdoutLine: {'line': b'-- Up-to-date: /home/epiibots/ros2_ws/install/drive_base_msgs/include/drive_base_msgs/drive_base_msgs/msg/detail/command_header__struct.hpp\n'}
[4.963689] (drive_base_msgs) StdoutLine: {'line': b'-- Up-to-date: /home/epiibots/ros2_ws/install/drive_base_msgs/include/drive_base_msgs/drive_base_msgs/msg/detail/base_info__traits.hpp\n'}
[4.964155] (drive_base_msgs) StdoutLine: {'line': b'-- Up-to-date: /home/epiibots/ros2_ws/install/drive_base_msgs/include/drive_base_msgs/drive_base_msgs/msg/detail/trv_command__struct.hpp\n'}
[4.964334] (drive_base_msgs) StdoutLine: {'line': b'-- Up-to-date: /home/epiibots/ros2_ws/install/drive_base_msgs/include/drive_base_msgs/drive_base_msgs/msg/detail/trv_command__traits.hpp\n'}
[4.964944] (drive_base_msgs) StdoutLine: {'line': b'-- Up-to-date: /home/epiibots/ros2_ws/install/drive_base_msgs/include/drive_base_msgs/drive_base_msgs/msg/detail/command_header__builder.hpp\n'}
[4.965167] (drive_base_msgs) StdoutLine: {'line': b'-- Up-to-date: /home/epiibots/ros2_ws/install/drive_base_msgs/include/drive_base_msgs/drive_base_msgs/msg/command_status.hpp\n'}
[4.965275] (drive_base_msgs) StdoutLine: {'line': b'-- Up-to-date: /home/epiibots/ros2_ws/install/drive_base_msgs/include/drive_base_msgs/drive_base_msgs\n'}
[4.966013] (drive_base_msgs) StdoutLine: {'line': b'-- Up-to-date: /home/epiibots/ros2_ws/install/drive_base_msgs/include/drive_base_msgs/drive_base_msgs/msg\n'}
[4.966199] (drive_base_msgs) StdoutLine: {'line': b'-- Up-to-date: /home/epiibots/ros2_ws/install/drive_base_msgs/include/drive_base_msgs/drive_base_msgs/msg/rosidl_typesupport_fastrtps_cpp__visibility_control.h\n'}
[4.966289] (drive_base_msgs) StdoutLine: {'line': b'-- Up-to-date: /home/epiibots/ros2_ws/install/drive_base_msgs/include/drive_base_msgs/drive_base_msgs/msg/detail\n'}
[4.966367] (drive_base_msgs) StdoutLine: {'line': b'-- Up-to-date: /home/epiibots/ros2_ws/install/drive_base_msgs/include/drive_base_msgs/drive_base_msgs/msg/detail/base_info__rosidl_typesupport_fastrtps_cpp.hpp\n'}
[4.966900] (drive_base_msgs) StdoutLine: {'line': b'-- Up-to-date: /home/epiibots/ros2_ws/install/drive_base_msgs/include/drive_base_msgs/drive_base_msgs/msg/detail/command_status__rosidl_typesupport_fastrtps_cpp.hpp\n'}
[4.967088] (drive_base_msgs) StdoutLine: {'line': b'-- Up-to-date: /home/epiibots/ros2_ws/install/drive_base_msgs/include/drive_base_msgs/drive_base_msgs/msg/detail/trv_command__rosidl_typesupport_fastrtps_cpp.hpp\n'}
[4.967201] (drive_base_msgs) StdoutLine: {'line': b'-- Up-to-date: /home/epiibots/ros2_ws/install/drive_base_msgs/include/drive_base_msgs/drive_base_msgs/msg/detail/dds_fastrtps\n'}
[4.967283] (drive_base_msgs) StdoutLine: {'line': b'-- Up-to-date: /home/epiibots/ros2_ws/install/drive_base_msgs/include/drive_base_msgs/drive_base_msgs/msg/detail/command_header__rosidl_typesupport_fastrtps_cpp.hpp\n'}
[4.968572] (drive_base_msgs) StdoutLine: {'line': b'-- Up-to-date: /home/epiibots/ros2_ws/install/drive_base_msgs/lib/libdrive_base_msgs__rosidl_typesupport_fastrtps_cpp.so\n'}
[4.968790] (drive_base_msgs) StdoutLine: {'line': b'-- Up-to-date: /home/epiibots/ros2_ws/install/drive_base_msgs/include/drive_base_msgs/drive_base_msgs\n'}
[4.969098] (drive_base_msgs) StdoutLine: {'line': b'-- Up-to-date: /home/epiibots/ros2_ws/install/drive_base_msgs/include/drive_base_msgs/drive_base_msgs/msg\n'}
[4.969495] (drive_base_msgs) StdoutLine: {'line': b'-- Up-to-date: /home/epiibots/ros2_ws/install/drive_base_msgs/include/drive_base_msgs/drive_base_msgs/msg/rosidl_typesupport_introspection_c__visibility_control.h\n'}
[4.969800] (drive_base_msgs) StdoutLine: {'line': b'-- Up-to-date: /home/epiibots/ros2_ws/install/drive_base_msgs/include/drive_base_msgs/drive_base_msgs/msg/detail\n'}
[4.970119] (drive_base_msgs) StdoutLine: {'line': b'-- Up-to-date: /home/epiibots/ros2_ws/install/drive_base_msgs/include/drive_base_msgs/drive_base_msgs/msg/detail/command_status__rosidl_typesupport_introspection_c.h\n'}
[4.970394] (drive_base_msgs) StdoutLine: {'line': b'-- Installing: /home/epiibots/ros2_ws/install/drive_base_msgs/include/drive_base_msgs/drive_base_msgs/msg/detail/command_status__type_support.c\n'}
[4.971023] (drive_base_msgs) StdoutLine: {'line': b'-- Up-to-date: /home/epiibots/ros2_ws/install/drive_base_msgs/include/drive_base_msgs/drive_base_msgs/msg/detail/command_header__rosidl_typesupport_introspection_c.h\n'}
[4.971428] (drive_base_msgs) StdoutLine: {'line': b'-- Up-to-date: /home/epiibots/ros2_ws/install/drive_base_msgs/include/drive_base_msgs/drive_base_msgs/msg/detail/base_info__rosidl_typesupport_introspection_c.h\n'}
[4.972051] (drive_base_msgs) StdoutLine: {'line': b'-- Installing: /home/epiibots/ros2_ws/install/drive_base_msgs/include/drive_base_msgs/drive_base_msgs/msg/detail/trv_command__type_support.c\n'}
[4.972291] (drive_base_msgs) StdoutLine: {'line': b'-- Installing: /home/epiibots/ros2_ws/install/drive_base_msgs/include/drive_base_msgs/drive_base_msgs/msg/detail/command_header__type_support.c\n'}
[4.972798] (drive_base_msgs) StdoutLine: {'line': b'-- Installing: /home/epiibots/ros2_ws/install/drive_base_msgs/include/drive_base_msgs/drive_base_msgs/msg/detail/base_info__type_support.c\n'}
[4.973824] (drive_base_msgs) StdoutLine: {'line': b'-- Up-to-date: /home/epiibots/ros2_ws/install/drive_base_msgs/include/drive_base_msgs/drive_base_msgs/msg/detail/trv_command__rosidl_typesupport_introspection_c.h\n'}
[4.974055] (drive_base_msgs) StdoutLine: {'line': b'-- Up-to-date: /home/epiibots/ros2_ws/install/drive_base_msgs/lib/libdrive_base_msgs__rosidl_typesupport_introspection_c.so\n'}
[4.974865] (drive_base_msgs) StdoutLine: {'line': b'-- Up-to-date: /home/epiibots/ros2_ws/install/drive_base_msgs/lib/libdrive_base_msgs__rosidl_typesupport_c.so\n'}
[4.975888] (drive_base_msgs) StdoutLine: {'line': b'-- Up-to-date: /home/epiibots/ros2_ws/install/drive_base_msgs/include/drive_base_msgs/drive_base_msgs\n'}
[4.976205] (drive_base_msgs) StdoutLine: {'line': b'-- Up-to-date: /home/epiibots/ros2_ws/install/drive_base_msgs/include/drive_base_msgs/drive_base_msgs/msg\n'}
[4.977381] (drive_base_msgs) StdoutLine: {'line': b'-- Up-to-date: /home/epiibots/ros2_ws/install/drive_base_msgs/include/drive_base_msgs/drive_base_msgs/msg/detail\n'}
[4.977708] (drive_base_msgs) StdoutLine: {'line': b'-- Up-to-date: /home/epiibots/ros2_ws/install/drive_base_msgs/include/drive_base_msgs/drive_base_msgs/msg/detail/base_info__type_support.cpp\n'}
[4.977891] (drive_base_msgs) StdoutLine: {'line': b'-- Up-to-date: /home/epiibots/ros2_ws/install/drive_base_msgs/include/drive_base_msgs/drive_base_msgs/msg/detail/trv_command__rosidl_typesupport_introspection_cpp.hpp\n'}
[4.978100] (drive_base_msgs) StdoutLine: {'line': b'-- Up-to-date: /home/epiibots/ros2_ws/install/drive_base_msgs/include/drive_base_msgs/drive_base_msgs/msg/detail/base_info__rosidl_typesupport_introspection_cpp.hpp\n'}
[4.978240] (drive_base_msgs) StdoutLine: {'line': b'-- Up-to-date: /home/epiibots/ros2_ws/install/drive_base_msgs/include/drive_base_msgs/drive_base_msgs/msg/detail/trv_command__type_support.cpp\n'}
[4.978355] (drive_base_msgs) StdoutLine: {'line': b'-- Up-to-date: /home/epiibots/ros2_ws/install/drive_base_msgs/include/drive_base_msgs/drive_base_msgs/msg/detail/command_header__rosidl_typesupport_introspection_cpp.hpp\n'}
[4.980099] (drive_base_msgs) StdoutLine: {'line': b'-- Up-to-date: /home/epiibots/ros2_ws/install/drive_base_msgs/include/drive_base_msgs/drive_base_msgs/msg/detail/command_status__rosidl_typesupport_introspection_cpp.hpp\n'}
[4.980415] (drive_base_msgs) StdoutLine: {'line': b'-- Up-to-date: /home/epiibots/ros2_ws/install/drive_base_msgs/include/drive_base_msgs/drive_base_msgs/msg/detail/command_header__type_support.cpp\n'}
[4.980554] (drive_base_msgs) StdoutLine: {'line': b'-- Up-to-date: /home/epiibots/ros2_ws/install/drive_base_msgs/include/drive_base_msgs/drive_base_msgs/msg/detail/command_status__type_support.cpp\n'}
[4.980663] (drive_base_msgs) StdoutLine: {'line': b'-- Up-to-date: /home/epiibots/ros2_ws/install/drive_base_msgs/lib/libdrive_base_msgs__rosidl_typesupport_introspection_cpp.so\n'}
[4.980875] (drive_base_msgs) StdoutLine: {'line': b'-- Up-to-date: /home/epiibots/ros2_ws/install/drive_base_msgs/lib/libdrive_base_msgs__rosidl_typesupport_cpp.so\n'}
[4.981738] (drive_base_msgs) StdoutLine: {'line': b'-- Up-to-date: /home/epiibots/ros2_ws/install/drive_base_msgs/share/drive_base_msgs/environment/pythonpath.sh\n'}
[4.982463] (drive_base_msgs) StdoutLine: {'line': b'-- Up-to-date: /home/epiibots/ros2_ws/install/drive_base_msgs/share/drive_base_msgs/environment/pythonpath.dsv\n'}
[4.983116] (drive_base_msgs) StdoutLine: {'line': b'-- Up-to-date: /home/epiibots/ros2_ws/install/drive_base_msgs/lib/python3.12/site-packages/drive_base_msgs-0.0.0-py3.12.egg-info\n'}
[4.983541] (drive_base_msgs) StdoutLine: {'line': b'-- Installing: /home/epiibots/ros2_ws/install/drive_base_msgs/lib/python3.12/site-packages/drive_base_msgs-0.0.0-py3.12.egg-info/top_level.txt\n'}
[4.984164] (drive_base_msgs) StdoutLine: {'line': b'-- Installing: /home/epiibots/ros2_ws/install/drive_base_msgs/lib/python3.12/site-packages/drive_base_msgs-0.0.0-py3.12.egg-info/PKG-INFO\n'}
[4.984610] (drive_base_msgs) StdoutLine: {'line': b'-- Installing: /home/epiibots/ros2_ws/install/drive_base_msgs/lib/python3.12/site-packages/drive_base_msgs-0.0.0-py3.12.egg-info/SOURCES.txt\n'}
[4.986027] (drive_base_msgs) StdoutLine: {'line': b'-- Installing: /home/epiibots/ros2_ws/install/drive_base_msgs/lib/python3.12/site-packages/drive_base_msgs-0.0.0-py3.12.egg-info/dependency_links.txt\n'}
[4.986269] (drive_base_msgs) StdoutLine: {'line': b'-- Up-to-date: /home/epiibots/ros2_ws/install/drive_base_msgs/lib/python3.12/site-packages/drive_base_msgs\n'}
[4.986363] (drive_base_msgs) StdoutLine: {'line': b'-- Up-to-date: /home/epiibots/ros2_ws/install/drive_base_msgs/lib/python3.12/site-packages/drive_base_msgs/msg\n'}
[4.986448] (drive_base_msgs) StdoutLine: {'line': b'-- Up-to-date: /home/epiibots/ros2_ws/install/drive_base_msgs/lib/python3.12/site-packages/drive_base_msgs/msg/_command_header_s.c\n'}
[4.986531] (drive_base_msgs) StdoutLine: {'line': b'-- Up-to-date: /home/epiibots/ros2_ws/install/drive_base_msgs/lib/python3.12/site-packages/drive_base_msgs/msg/_trv_command.py\n'}
[4.986613] (drive_base_msgs) StdoutLine: {'line': b'-- Up-to-date: /home/epiibots/ros2_ws/install/drive_base_msgs/lib/python3.12/site-packages/drive_base_msgs/msg/_trv_command_s.c\n'}
[4.986715] (drive_base_msgs) StdoutLine: {'line': b'-- Up-to-date: /home/epiibots/ros2_ws/install/drive_base_msgs/lib/python3.12/site-packages/drive_base_msgs/msg/__init__.py\n'}
[4.986802] (drive_base_msgs) StdoutLine: {'line': b'-- Up-to-date: /home/epiibots/ros2_ws/install/drive_base_msgs/lib/python3.12/site-packages/drive_base_msgs/msg/_base_info.py\n'}
[4.986896] (drive_base_msgs) StdoutLine: {'line': b'-- Up-to-date: /home/epiibots/ros2_ws/install/drive_base_msgs/lib/python3.12/site-packages/drive_base_msgs/msg/_command_status.py\n'}
[4.987038] (drive_base_msgs) StdoutLine: {'line': b'-- Up-to-date: /home/epiibots/ros2_ws/install/drive_base_msgs/lib/python3.12/site-packages/drive_base_msgs/msg/_command_header.py\n'}
[4.987150] (drive_base_msgs) StdoutLine: {'line': b'-- Up-to-date: /home/epiibots/ros2_ws/install/drive_base_msgs/lib/python3.12/site-packages/drive_base_msgs/msg/_base_info_s.c\n'}
[4.987233] (drive_base_msgs) StdoutLine: {'line': b'-- Up-to-date: /home/epiibots/ros2_ws/install/drive_base_msgs/lib/python3.12/site-packages/drive_base_msgs/msg/_command_status_s.c\n'}
[4.987325] (drive_base_msgs) StdoutLine: {'line': b'-- Up-to-date: /home/epiibots/ros2_ws/install/drive_base_msgs/lib/python3.12/site-packages/drive_base_msgs/__init__.py\n'}
[4.987405] (drive_base_msgs) StdoutLine: {'line': b'-- Up-to-date: /home/epiibots/ros2_ws/install/drive_base_msgs/lib/python3.12/site-packages/drive_base_msgs/_drive_base_msgs_s.ep.rosidl_typesupport_introspection_c.c\n'}
[4.987486] (drive_base_msgs) StdoutLine: {'line': b'-- Up-to-date: /home/epiibots/ros2_ws/install/drive_base_msgs/lib/python3.12/site-packages/drive_base_msgs/drive_base_msgs_s__rosidl_typesupport_fastrtps_c.so\n'}
[4.987562] (drive_base_msgs) StdoutLine: {'line': b'-- Up-to-date: /home/epiibots/ros2_ws/install/drive_base_msgs/lib/python3.12/site-packages/drive_base_msgs/_drive_base_msgs_s.ep.rosidl_typesupport_fastrtps_c.c\n'}
[4.987641] (drive_base_msgs) StdoutLine: {'line': b'-- Up-to-date: /home/epiibots/ros2_ws/install/drive_base_msgs/lib/python3.12/site-packages/drive_base_msgs/_drive_base_msgs_s.ep.rosidl_typesupport_c.c\n'}
[4.987716] (drive_base_msgs) StdoutLine: {'line': b'-- Up-to-date: /home/epiibots/ros2_ws/install/drive_base_msgs/lib/python3.12/site-packages/drive_base_msgs/drive_base_msgs_s__rosidl_typesupport_introspection_c.so\n'}
[4.987792] (drive_base_msgs) StdoutLine: {'line': b'-- Up-to-date: /home/epiibots/ros2_ws/install/drive_base_msgs/lib/python3.12/site-packages/drive_base_msgs/drive_base_msgs_s__rosidl_typesupport_c.so\n'}
[5.034045] (-) TimerEvent: {}
[5.053778] (drive_base_msgs) StdoutLine: {'line': b"Listing '/home/epiibots/ros2_ws/install/drive_base_msgs/lib/python3.12/site-packages/drive_base_msgs'...\n"}
[5.054097] (drive_base_msgs) StdoutLine: {'line': b"Listing '/home/epiibots/ros2_ws/install/drive_base_msgs/lib/python3.12/site-packages/drive_base_msgs/msg'...\n"}
[5.078307] (drive_base_msgs) StdoutLine: {'line': b'-- Up-to-date: /home/epiibots/ros2_ws/install/drive_base_msgs/lib/python3.12/site-packages/drive_base_msgs/drive_base_msgs_s__rosidl_typesupport_fastrtps_c.so\n'}
[5.078581] (drive_base_msgs) StdoutLine: {'line': b'-- Up-to-date: /home/epiibots/ros2_ws/install/drive_base_msgs/lib/python3.12/site-packages/drive_base_msgs/drive_base_msgs_s__rosidl_typesupport_introspection_c.so\n'}
[5.078681] (drive_base_msgs) StdoutLine: {'line': b'-- Up-to-date: /home/epiibots/ros2_ws/install/drive_base_msgs/lib/python3.12/site-packages/drive_base_msgs/drive_base_msgs_s__rosidl_typesupport_c.so\n'}
[5.078767] (drive_base_msgs) StdoutLine: {'line': b'-- Up-to-date: /home/epiibots/ros2_ws/install/drive_base_msgs/lib/libdrive_base_msgs__rosidl_generator_py.so\n'}
[5.078851] (drive_base_msgs) StdoutLine: {'line': b'-- Up-to-date: /home/epiibots/ros2_ws/install/drive_base_msgs/share/ament_index/resource_index/rust_packages/drive_base_msgs\n'}
[5.078931] (drive_base_msgs) StdoutLine: {'line': b'-- Up-to-date: /home/epiibots/ros2_ws/install/drive_base_msgs/share/drive_base_msgs/rust\n'}
[5.079079] (drive_base_msgs) StdoutLine: {'line': b'-- Up-to-date: /home/epiibots/ros2_ws/install/drive_base_msgs/share/drive_base_msgs/rust/build.rs\n'}
[5.079179] (drive_base_msgs) StdoutLine: {'line': b'-- Up-to-date: /home/epiibots/ros2_ws/install/drive_base_msgs/share/drive_base_msgs/rust/src\n'}
[5.079255] (drive_base_msgs) StdoutLine: {'line': b'-- Up-to-date: /home/epiibots/ros2_ws/install/drive_base_msgs/share/drive_base_msgs/rust/src/msg\n'}
[5.079329] (drive_base_msgs) StdoutLine: {'line': b'-- Up-to-date: /home/epiibots/ros2_ws/install/drive_base_msgs/share/drive_base_msgs/rust/src/msg/rmw.rs\n'}
[5.079402] (drive_base_msgs) StdoutLine: {'line': b'-- Up-to-date: /home/epiibots/ros2_ws/install/drive_base_msgs/share/drive_base_msgs/rust/src/lib.rs\n'}
[5.079474] (drive_base_msgs) StdoutLine: {'line': b'-- Up-to-date: /home/epiibots/ros2_ws/install/drive_base_msgs/share/drive_base_msgs/rust/src/msg.rs\n'}
[5.079899] (drive_base_msgs) StdoutLine: {'line': b'-- Up-to-date: /home/epiibots/ros2_ws/install/drive_base_msgs/share/drive_base_msgs/rust/Cargo.toml\n'}
[5.080059] (drive_base_msgs) StdoutLine: {'line': b'-- Up-to-date: /home/epiibots/ros2_ws/install/drive_base_msgs/share/drive_base_msgs/msg/CommandHeader.idl\n'}
[5.080383] (drive_base_msgs) StdoutLine: {'line': b'-- Up-to-date: /home/epiibots/ros2_ws/install/drive_base_msgs/share/drive_base_msgs/msg/BaseInfo.idl\n'}
[5.080812] (drive_base_msgs) StdoutLine: {'line': b'-- Up-to-date: /home/epiibots/ros2_ws/install/drive_base_msgs/share/drive_base_msgs/msg/CommandStatus.idl\n'}
[5.081334] (drive_base_msgs) StdoutLine: {'line': b'-- Up-to-date: /home/epiibots/ros2_ws/install/drive_base_msgs/share/drive_base_msgs/msg/TRVCommand.idl\n'}
[5.081820] (drive_base_msgs) StdoutLine: {'line': b'-- Up-to-date: /home/epiibots/ros2_ws/install/drive_base_msgs/share/drive_base_msgs/msg/CommandHeader.msg\n'}
[5.082371] (drive_base_msgs) StdoutLine: {'line': b'-- Up-to-date: /home/epiibots/ros2_ws/install/drive_base_msgs/share/drive_base_msgs/msg/BaseInfo.msg\n'}
[5.083026] (drive_base_msgs) StdoutLine: {'line': b'-- Up-to-date: /home/epiibots/ros2_ws/install/drive_base_msgs/share/drive_base_msgs/msg/CommandStatus.msg\n'}
[5.083229] (drive_base_msgs) StdoutLine: {'line': b'-- Up-to-date: /home/epiibots/ros2_ws/install/drive_base_msgs/share/drive_base_msgs/msg/TRVCommand.msg\n'}
[5.083777] (drive_base_msgs) StdoutLine: {'line': b'-- Up-to-date: /home/epiibots/ros2_ws/install/drive_base_msgs/share/ament_index/resource_index/package_run_dependencies/drive_base_msgs\n'}
[5.084019] (drive_base_msgs) StdoutLine: {'line': b'-- Up-to-date: /home/epiibots/ros2_ws/install/drive_base_msgs/share/ament_index/resource_index/parent_prefix_path/drive_base_msgs\n'}
[5.084504] (drive_base_msgs) StdoutLine: {'line': b'-- Up-to-date: /home/epiibots/ros2_ws/install/drive_base_msgs/share/drive_base_msgs/environment/ament_prefix_path.sh\n'}
[5.084706] (drive_base_msgs) StdoutLine: {'line': b'-- Up-to-date: /home/epiibots/ros2_ws/install/drive_base_msgs/share/drive_base_msgs/environment/ament_prefix_path.dsv\n'}
[5.085162] (drive_base_msgs) StdoutLine: {'line': b'-- Up-to-date: /home/epiibots/ros2_ws/install/drive_base_msgs/share/drive_base_msgs/environment/path.sh\n'}
[5.085749] (drive_base_msgs) StdoutLine: {'line': b'-- Up-to-date: /home/epiibots/ros2_ws/install/drive_base_msgs/share/drive_base_msgs/environment/path.dsv\n'}
[5.085921] (drive_base_msgs) StdoutLine: {'line': b'-- Up-to-date: /home/epiibots/ros2_ws/install/drive_base_msgs/share/drive_base_msgs/local_setup.bash\n'}
[5.086369] (drive_base_msgs) StdoutLine: {'line': b'-- Up-to-date: /home/epiibots/ros2_ws/install/drive_base_msgs/share/drive_base_msgs/local_setup.sh\n'}
[5.086475] (drive_base_msgs) StdoutLine: {'line': b'-- Up-to-date: /home/epiibots/ros2_ws/install/drive_base_msgs/share/drive_base_msgs/local_setup.zsh\n'}
[5.087463] (drive_base_msgs) StdoutLine: {'line': b'-- Up-to-date: /home/epiibots/ros2_ws/install/drive_base_msgs/share/drive_base_msgs/local_setup.dsv\n'}
[5.087675] (drive_base_msgs) StdoutLine: {'line': b'-- Installing: /home/epiibots/ros2_ws/install/drive_base_msgs/share/drive_base_msgs/package.dsv\n'}
[5.087782] (drive_base_msgs) StdoutLine: {'line': b'-- Up-to-date: /home/epiibots/ros2_ws/install/drive_base_msgs/share/ament_index/resource_index/packages/drive_base_msgs\n'}
[5.088303] (drive_base_msgs) StdoutLine: {'line': b'-- Up-to-date: /home/epiibots/ros2_ws/install/drive_base_msgs/share/drive_base_msgs/cmake/export_drive_base_msgs__rosidl_generator_cExport.cmake\n'}
[5.089040] (drive_base_msgs) StdoutLine: {'line': b'-- Up-to-date: /home/epiibots/ros2_ws/install/drive_base_msgs/share/drive_base_msgs/cmake/export_drive_base_msgs__rosidl_generator_cExport-noconfig.cmake\n'}
[5.089242] (drive_base_msgs) StdoutLine: {'line': b'-- Up-to-date: /home/epiibots/ros2_ws/install/drive_base_msgs/share/drive_base_msgs/cmake/export_drive_base_msgs__rosidl_typesupport_fastrtps_cExport.cmake\n'}
[5.089896] (drive_base_msgs) StdoutLine: {'line': b'-- Up-to-date: /home/epiibots/ros2_ws/install/drive_base_msgs/share/drive_base_msgs/cmake/export_drive_base_msgs__rosidl_typesupport_fastrtps_cExport-noconfig.cmake\n'}
[5.090090] (drive_base_msgs) StdoutLine: {'line': b'-- Up-to-date: /home/epiibots/ros2_ws/install/drive_base_msgs/share/drive_base_msgs/cmake/export_drive_base_msgs__rosidl_generator_cppExport.cmake\n'}
[5.090815] (drive_base_msgs) StdoutLine: {'line': b'-- Up-to-date: /home/epiibots/ros2_ws/install/drive_base_msgs/share/drive_base_msgs/cmake/export_drive_base_msgs__rosidl_typesupport_fastrtps_cppExport.cmake\n'}
[5.091354] (drive_base_msgs) StdoutLine: {'line': b'-- Up-to-date: /home/epiibots/ros2_ws/install/drive_base_msgs/share/drive_base_msgs/cmake/export_drive_base_msgs__rosidl_typesupport_fastrtps_cppExport-noconfig.cmake\n'}
[5.092094] (drive_base_msgs) StdoutLine: {'line': b'-- Up-to-date: /home/epiibots/ros2_ws/install/drive_base_msgs/share/drive_base_msgs/cmake/drive_base_msgs__rosidl_typesupport_introspection_cExport.cmake\n'}
[5.092324] (drive_base_msgs) StdoutLine: {'line': b'-- Up-to-date: /home/epiibots/ros2_ws/install/drive_base_msgs/share/drive_base_msgs/cmake/drive_base_msgs__rosidl_typesupport_introspection_cExport-noconfig.cmake\n'}
[5.092721] (drive_base_msgs) StdoutLine: {'line': b'-- Up-to-date: /home/epiibots/ros2_ws/install/drive_base_msgs/share/drive_base_msgs/cmake/drive_base_msgs__rosidl_typesupport_cExport.cmake\n'}
[5.092875] (drive_base_msgs) StdoutLine: {'line': b'-- Up-to-date: /home/epiibots/ros2_ws/install/drive_base_msgs/share/drive_base_msgs/cmake/drive_base_msgs__rosidl_typesupport_cExport-noconfig.cmake\n'}
[5.093605] (drive_base_msgs) StdoutLine: {'line': b'-- Up-to-date: /home/epiibots/ros2_ws/install/drive_base_msgs/share/drive_base_msgs/cmake/drive_base_msgs__rosidl_typesupport_introspection_cppExport.cmake\n'}
[5.093936] (drive_base_msgs) StdoutLine: {'line': b'-- Up-to-date: /home/epiibots/ros2_ws/install/drive_base_msgs/share/drive_base_msgs/cmake/drive_base_msgs__rosidl_typesupport_introspection_cppExport-noconfig.cmake\n'}
[5.094819] (drive_base_msgs) StdoutLine: {'line': b'-- Up-to-date: /home/epiibots/ros2_ws/install/drive_base_msgs/share/drive_base_msgs/cmake/drive_base_msgs__rosidl_typesupport_cppExport.cmake\n'}
[5.094934] (drive_base_msgs) StdoutLine: {'line': b'-- Up-to-date: /home/epiibots/ros2_ws/install/drive_base_msgs/share/drive_base_msgs/cmake/drive_base_msgs__rosidl_typesupport_cppExport-noconfig.cmake\n'}
[5.095693] (drive_base_msgs) StdoutLine: {'line': b'-- Up-to-date: /home/epiibots/ros2_ws/install/drive_base_msgs/share/drive_base_msgs/cmake/export_drive_base_msgs__rosidl_generator_pyExport.cmake\n'}
[5.095870] (drive_base_msgs) StdoutLine: {'line': b'-- Up-to-date: /home/epiibots/ros2_ws/install/drive_base_msgs/share/drive_base_msgs/cmake/export_drive_base_msgs__rosidl_generator_pyExport-noconfig.cmake\n'}
[5.095980] (drive_base_msgs) StdoutLine: {'line': b'-- Up-to-date: /home/epiibots/ros2_ws/install/drive_base_msgs/share/drive_base_msgs/cmake/rosidl_cmake-extras.cmake\n'}
[5.096586] (drive_base_msgs) StdoutLine: {'line': b'-- Up-to-date: /home/epiibots/ros2_ws/install/drive_base_msgs/share/drive_base_msgs/cmake/ament_cmake_export_dependencies-extras.cmake\n'}
[5.096781] (drive_base_msgs) StdoutLine: {'line': b'-- Up-to-date: /home/epiibots/ros2_ws/install/drive_base_msgs/share/drive_base_msgs/cmake/ament_cmake_export_include_directories-extras.cmake\n'}
[5.096879] (drive_base_msgs) StdoutLine: {'line': b'-- Up-to-date: /home/epiibots/ros2_ws/install/drive_base_msgs/share/drive_base_msgs/cmake/ament_cmake_export_libraries-extras.cmake\n'}
[5.097575] (drive_base_msgs) StdoutLine: {'line': b'-- Up-to-date: /home/epiibots/ros2_ws/install/drive_base_msgs/share/drive_base_msgs/cmake/ament_cmake_export_targets-extras.cmake\n'}
[5.097792] (drive_base_msgs) StdoutLine: {'line': b'-- Up-to-date: /home/epiibots/ros2_ws/install/drive_base_msgs/share/drive_base_msgs/cmake/rosidl_cmake_export_typesupport_targets-extras.cmake\n'}
[5.097895] (drive_base_msgs) StdoutLine: {'line': b'-- Up-to-date: /home/epiibots/ros2_ws/install/drive_base_msgs/share/drive_base_msgs/cmake/rosidl_cmake_export_typesupport_libraries-extras.cmake\n'}
[5.098651] (drive_base_msgs) StdoutLine: {'line': b'-- Up-to-date: /home/epiibots/ros2_ws/install/drive_base_msgs/share/drive_base_msgs/cmake/drive_base_msgsConfig.cmake\n'}
[5.098919] (drive_base_msgs) StdoutLine: {'line': b'-- Up-to-date: /home/epiibots/ros2_ws/install/drive_base_msgs/share/drive_base_msgs/cmake/drive_base_msgsConfig-version.cmake\n'}
[5.101346] (drive_base_msgs) StdoutLine: {'line': b'-- Up-to-date: /home/epiibots/ros2_ws/install/drive_base_msgs/share/drive_base_msgs/package.xml\n'}
[5.104883] (drive_base_msgs) CommandEnded: {'returncode': 0}
[5.134163] (-) TimerEvent: {}
[5.152472] (drive_base_msgs) JobEnded: {'identifier': 'drive_base_msgs', 'rc': 0}
[5.153277] (servo_steering) JobStarted: {'identifier': 'servo_steering'}
[5.155944] (detector) StdoutLine: {'line': b'Installing apriltags script to /home/epiibots/ros2_ws/install/detector/lib/detector\n'}
[5.157017] (detector) StdoutLine: {'line': b"writing list of installed files to '/home/epiibots/ros2_ws/build/detector/install.log'\n"}
[5.237194] (-) TimerEvent: {}
[5.337749] (-) TimerEvent: {}
[5.438213] (-) TimerEvent: {}
[5.538741] (-) TimerEvent: {}
[5.629368] (lidar_teste) Command: {'cmd': ['/usr/bin/python3', '-W', 'ignore:setup.py install is deprecated', '-W', 'ignore:easy_install command is deprecated', 'setup.py', 'egg_info', '--egg-base', '../../build/lidar_teste', 'build', '--build-base', '/home/epiibots/ros2_ws/build/lidar_teste/build', 'install', '--record', '/home/epiibots/ros2_ws/build/lidar_teste/install.log', '--single-version-externally-managed', 'install_data'], 'cwd': '/home/epiibots/ros2_ws/src/lidar_teste', 'env': {'LESSOPEN': '| /usr/bin/lesspipe %s', 'USER': 'epiibots', 'SSH_CLIENT': '192.168.0.101 63419 22', 'GZ_CONFIG_PATH': '/opt/ros/jazzy/opt/gz_sim_vendor/share/gz:/opt/ros/jazzy/opt/sdformat_vendor/share/gz:/opt/ros/jazzy/opt/gz_gui_vendor/share/gz:/opt/ros/jazzy/opt/gz_transport_vendor/share/gz:/opt/ros/jazzy/opt/gz_rendering_vendor/share/gz:/opt/ros/jazzy/opt/gz_plugin_vendor/share/gz:/opt/ros/jazzy/opt/gz_fuel_tools_vendor/share/gz:/opt/ros/jazzy/opt/gz_msgs_vendor/share/gz:/opt/ros/jazzy/opt/gz_common_vendor/share/gz', 'XDG_SESSION_TYPE': 'tty', 'SHLVL': '1', 'LD_LIBRARY_PATH': '/opt/ros/jazzy/opt/gz_sim_vendor/lib:/opt/ros/jazzy/opt/gz_sensors_vendor/lib:/opt/ros/jazzy/opt/gz_physics_vendor/lib:/opt/ros/jazzy/opt/sdformat_vendor/lib:/opt/ros/jazzy/opt/rviz_ogre_vendor/lib:/opt/ros/jazzy/lib/aarch64-linux-gnu:/opt/ros/jazzy/opt/gz_gui_vendor/lib:/opt/ros/jazzy/opt/gz_transport_vendor/lib:/opt/ros/jazzy/opt/gz_rendering_vendor/lib:/opt/ros/jazzy/opt/gz_plugin_vendor/lib:/opt/ros/jazzy/opt/gz_fuel_tools_vendor/lib:/opt/ros/jazzy/opt/gz_msgs_vendor/lib:/opt/ros/jazzy/opt/gz_common_vendor/lib:/opt/ros/jazzy/opt/gz_math_vendor/lib:/opt/ros/jazzy/opt/gz_utils_vendor/lib:/opt/ros/jazzy/opt/gz_tools_vendor/lib:/opt/ros/jazzy/opt/gz_ogre_next_vendor/lib:/opt/ros/jazzy/opt/gz_dartsim_vendor/lib:/opt/ros/jazzy/opt/gz_cmake_vendor/lib:/opt/ros/jazzy/lib', 'HOME': '/home/epiibots', 'OLDPWD': '/home/epiibots/ros2_ws/install', 'SSH_TTY': '/dev/pts/4', 'ROS_PYTHON_VERSION': '3', 'DBUS_SESSION_BUS_ADDRESS': 'unix:path=/run/user/1000/bus', 'DEBUGINFOD_URLS': 'https://debuginfod.ubuntu.com', 'ROS_DISTRO': 'jazzy', 'LOGNAME': 'epiibots', '_': '/usr/bin/colcon', 'ROS_VERSION': '2', 'XDG_SESSION_CLASS': 'user', 'TERM': 'xterm-256color', 'XDG_SESSION_ID': '11', 'PATH': '/opt/ros/jazzy/opt/gz_msgs_vendor/bin:/opt/ros/jazzy/opt/gz_tools_vendor/bin:/opt/ros/jazzy/opt/gz_ogre_next_vendor/bin:/opt/ros/jazzy/bin:/usr/local/sbin:/usr/local/bin:/usr/sbin:/usr/bin:/sbin:/bin:/usr/games:/usr/local/games:/snap/bin', 'XDG_RUNTIME_DIR': '/run/user/1000', 'LANG': 'en_US.UTF-8', 'LS_COLORS': 'rs=0:di=01;34:ln=01;36:mh=00:pi=40;33:so=01;35:do=01;35:bd=40;33;01:cd=40;33;01:or=40;31;01:mi=00:su=37;41:sg=30;43:ca=00:tw=30;42:ow=34;42:st=37;44:ex=01;32:*.tar=01;31:*.tgz=01;31:*.arc=01;31:*.arj=01;31:*.taz=01;31:*.lha=01;31:*.lz4=01;31:*.lzh=01;31:*.lzma=01;31:*.tlz=01;31:*.txz=01;31:*.tzo=01;31:*.t7z=01;31:*.zip=01;31:*.z=01;31:*.dz=01;31:*.gz=01;31:*.lrz=01;31:*.lz=01;31:*.lzo=01;31:*.xz=01;31:*.zst=01;31:*.tzst=01;31:*.bz2=01;31:*.bz=01;31:*.tbz=01;31:*.tbz2=01;31:*.tz=01;31:*.deb=01;31:*.rpm=01;31:*.jar=01;31:*.war=01;31:*.ear=01;31:*.sar=01;31:*.rar=01;31:*.alz=01;31:*.ace=01;31:*.zoo=01;31:*.cpio=01;31:*.7z=01;31:*.rz=01;31:*.cab=01;31:*.wim=01;31:*.swm=01;31:*.dwm=01;31:*.esd=01;31:*.avif=01;35:*.jpg=01;35:*.jpeg=01;35:*.mjpg=01;35:*.mjpeg=01;35:*.gif=01;35:*.bmp=01;35:*.pbm=01;35:*.pgm=01;35:*.ppm=01;35:*.tga=01;35:*.xbm=01;35:*.xpm=01;35:*.tif=01;35:*.tiff=01;35:*.png=01;35:*.svg=01;35:*.svgz=01;35:*.mng=01;35:*.pcx=01;35:*.mov=01;35:*.mpg=01;35:*.mpeg=01;35:*.m2v=01;35:*.mkv=01;35:*.webm=01;35:*.webp=01;35:*.ogm=01;35:*.mp4=01;35:*.m4v=01;35:*.mp4v=01;35:*.vob=01;35:*.qt=01;35:*.nuv=01;35:*.wmv=01;35:*.asf=01;35:*.rm=01;35:*.rmvb=01;35:*.flc=01;35:*.avi=01;35:*.fli=01;35:*.flv=01;35:*.gl=01;35:*.dl=01;35:*.xcf=01;35:*.xwd=01;35:*.yuv=01;35:*.cgm=01;35:*.emf=01;35:*.ogv=01;35:*.ogx=01;35:*.aac=00;36:*.au=00;36:*.flac=00;36:*.m4a=00;36:*.mid=00;36:*.midi=00;36:*.mka=00;36:*.mp3=00;36:*.mpc=00;36:*.ogg=00;36:*.ra=00;36:*.wav=00;36:*.oga=00;36:*.opus=00;36:*.spx=00;36:*.xspf=00;36:*~=00;90:*#=00;90:*.bak=00;90:*.crdownload=00;90:*.dpkg-dist=00;90:*.dpkg-new=00;90:*.dpkg-old=00;90:*.dpkg-tmp=00;90:*.old=00;90:*.orig=00;90:*.part=00;90:*.rej=00;90:*.rpmnew=00;90:*.rpmorig=00;90:*.rpmsave=00;90:*.swp=00;90:*.tmp=00;90:*.ucf-dist=00;90:*.ucf-new=00;90:*.ucf-old=00;90:', 'AMENT_PREFIX_PATH': '/opt/ros/jazzy', 'SHELL': '/bin/bash', 'LESSCLOSE': '/usr/bin/lesspipe %s %s', 'ROS_AUTOMATIC_DISCOVERY_RANGE': 'SUBNET', 'PWD': '/home/epiibots/ros2_ws/build/lidar_teste', 'LC_ALL': 'en_US.UTF-8', 'SSH_CONNECTION': '192.168.0.101 63419 192.168.0.67 22', 'XDG_DATA_DIRS': '/usr/share/gnome:/usr/local/share:/usr/share:/var/lib/snapd/desktop', 'PYTHONPATH': '/home/epiibots/ros2_ws/build/lidar_teste/prefix_override:/usr/lib/python3/dist-packages/colcon_core/task/python/colcon_distutils_commands:/home/epiibots/ros2_ws/install/lidar_teste/lib/python3.12/site-packages:/opt/ros/jazzy/lib/python3.12/site-packages', 'COLCON': '1', 'CMAKE_PREFIX_PATH': '/opt/ros/jazzy/opt/gz_sim_vendor:/opt/ros/jazzy/opt/gz_sensors_vendor:/opt/ros/jazzy/opt/gz_physics_vendor:/opt/ros/jazzy/opt/sdformat_vendor:/opt/ros/jazzy/opt/gz_gui_vendor:/opt/ros/jazzy/opt/gz_transport_vendor:/opt/ros/jazzy/opt/gz_rendering_vendor:/opt/ros/jazzy/opt/gz_plugin_vendor:/opt/ros/jazzy/opt/gz_fuel_tools_vendor:/opt/ros/jazzy/opt/gz_msgs_vendor:/opt/ros/jazzy/opt/gz_common_vendor:/opt/ros/jazzy/opt/gz_math_vendor:/opt/ros/jazzy/opt/gz_utils_vendor:/opt/ros/jazzy/opt/gz_tools_vendor:/opt/ros/jazzy/opt/gz_ogre_next_vendor:/opt/ros/jazzy/opt/gz_dartsim_vendor:/opt/ros/jazzy/opt/gz_cmake_vendor'}, 'shell': False}
[5.632509] (detector) CommandEnded: {'returncode': 0}
[5.639131] (-) TimerEvent: {}
[5.645274] (detector) JobEnded: {'identifier': 'detector', 'rc': 0}
[5.646928] (controlegeral_carrinho) JobStarted: {'identifier': 'controlegeral_carrinho'}
[5.739288] (-) TimerEvent: {}
[5.842219] (-) TimerEvent: {}
[5.942662] (-) TimerEvent: {}
[6.043075] (-) TimerEvent: {}
[6.143706] (-) TimerEvent: {}
[6.156210] (pwm_rec) Command: {'cmd': ['/usr/bin/python3', '-W', 'ignore:setup.py install is deprecated', '-W', 'ignore:easy_install command is deprecated', 'setup.py', 'egg_info', '--egg-base', '../../build/pwm_rec', 'build', '--build-base', '/home/epiibots/ros2_ws/build/pwm_rec/build', 'install', '--record', '/home/epiibots/ros2_ws/build/pwm_rec/install.log', '--single-version-externally-managed', 'install_data'], 'cwd': '/home/epiibots/ros2_ws/src/pwm_rec', 'env': {'LESSOPEN': '| /usr/bin/lesspipe %s', 'USER': 'epiibots', 'SSH_CLIENT': '192.168.0.101 63419 22', 'GZ_CONFIG_PATH': '/opt/ros/jazzy/opt/gz_sim_vendor/share/gz:/opt/ros/jazzy/opt/sdformat_vendor/share/gz:/opt/ros/jazzy/opt/gz_gui_vendor/share/gz:/opt/ros/jazzy/opt/gz_transport_vendor/share/gz:/opt/ros/jazzy/opt/gz_rendering_vendor/share/gz:/opt/ros/jazzy/opt/gz_plugin_vendor/share/gz:/opt/ros/jazzy/opt/gz_fuel_tools_vendor/share/gz:/opt/ros/jazzy/opt/gz_msgs_vendor/share/gz:/opt/ros/jazzy/opt/gz_common_vendor/share/gz', 'XDG_SESSION_TYPE': 'tty', 'SHLVL': '1', 'LD_LIBRARY_PATH': '/opt/ros/jazzy/opt/gz_sim_vendor/lib:/opt/ros/jazzy/opt/gz_sensors_vendor/lib:/opt/ros/jazzy/opt/gz_physics_vendor/lib:/opt/ros/jazzy/opt/sdformat_vendor/lib:/opt/ros/jazzy/opt/rviz_ogre_vendor/lib:/opt/ros/jazzy/lib/aarch64-linux-gnu:/opt/ros/jazzy/opt/gz_gui_vendor/lib:/opt/ros/jazzy/opt/gz_transport_vendor/lib:/opt/ros/jazzy/opt/gz_rendering_vendor/lib:/opt/ros/jazzy/opt/gz_plugin_vendor/lib:/opt/ros/jazzy/opt/gz_fuel_tools_vendor/lib:/opt/ros/jazzy/opt/gz_msgs_vendor/lib:/opt/ros/jazzy/opt/gz_common_vendor/lib:/opt/ros/jazzy/opt/gz_math_vendor/lib:/opt/ros/jazzy/opt/gz_utils_vendor/lib:/opt/ros/jazzy/opt/gz_tools_vendor/lib:/opt/ros/jazzy/opt/gz_ogre_next_vendor/lib:/opt/ros/jazzy/opt/gz_dartsim_vendor/lib:/opt/ros/jazzy/opt/gz_cmake_vendor/lib:/opt/ros/jazzy/lib', 'HOME': '/home/epiibots', 'OLDPWD': '/home/epiibots/ros2_ws/install', 'SSH_TTY': '/dev/pts/4', 'ROS_PYTHON_VERSION': '3', 'DBUS_SESSION_BUS_ADDRESS': 'unix:path=/run/user/1000/bus', 'DEBUGINFOD_URLS': 'https://debuginfod.ubuntu.com', 'ROS_DISTRO': 'jazzy', 'LOGNAME': 'epiibots', '_': '/usr/bin/colcon', 'ROS_VERSION': '2', 'XDG_SESSION_CLASS': 'user', 'TERM': 'xterm-256color', 'XDG_SESSION_ID': '11', 'PATH': '/opt/ros/jazzy/opt/gz_msgs_vendor/bin:/opt/ros/jazzy/opt/gz_tools_vendor/bin:/opt/ros/jazzy/opt/gz_ogre_next_vendor/bin:/opt/ros/jazzy/bin:/usr/local/sbin:/usr/local/bin:/usr/sbin:/usr/bin:/sbin:/bin:/usr/games:/usr/local/games:/snap/bin', 'XDG_RUNTIME_DIR': '/run/user/1000', 'LANG': 'en_US.UTF-8', 'LS_COLORS': 'rs=0:di=01;34:ln=01;36:mh=00:pi=40;33:so=01;35:do=01;35:bd=40;33;01:cd=40;33;01:or=40;31;01:mi=00:su=37;41:sg=30;43:ca=00:tw=30;42:ow=34;42:st=37;44:ex=01;32:*.tar=01;31:*.tgz=01;31:*.arc=01;31:*.arj=01;31:*.taz=01;31:*.lha=01;31:*.lz4=01;31:*.lzh=01;31:*.lzma=01;31:*.tlz=01;31:*.txz=01;31:*.tzo=01;31:*.t7z=01;31:*.zip=01;31:*.z=01;31:*.dz=01;31:*.gz=01;31:*.lrz=01;31:*.lz=01;31:*.lzo=01;31:*.xz=01;31:*.zst=01;31:*.tzst=01;31:*.bz2=01;31:*.bz=01;31:*.tbz=01;31:*.tbz2=01;31:*.tz=01;31:*.deb=01;31:*.rpm=01;31:*.jar=01;31:*.war=01;31:*.ear=01;31:*.sar=01;31:*.rar=01;31:*.alz=01;31:*.ace=01;31:*.zoo=01;31:*.cpio=01;31:*.7z=01;31:*.rz=01;31:*.cab=01;31:*.wim=01;31:*.swm=01;31:*.dwm=01;31:*.esd=01;31:*.avif=01;35:*.jpg=01;35:*.jpeg=01;35:*.mjpg=01;35:*.mjpeg=01;35:*.gif=01;35:*.bmp=01;35:*.pbm=01;35:*.pgm=01;35:*.ppm=01;35:*.tga=01;35:*.xbm=01;35:*.xpm=01;35:*.tif=01;35:*.tiff=01;35:*.png=01;35:*.svg=01;35:*.svgz=01;35:*.mng=01;35:*.pcx=01;35:*.mov=01;35:*.mpg=01;35:*.mpeg=01;35:*.m2v=01;35:*.mkv=01;35:*.webm=01;35:*.webp=01;35:*.ogm=01;35:*.mp4=01;35:*.m4v=01;35:*.mp4v=01;35:*.vob=01;35:*.qt=01;35:*.nuv=01;35:*.wmv=01;35:*.asf=01;35:*.rm=01;35:*.rmvb=01;35:*.flc=01;35:*.avi=01;35:*.fli=01;35:*.flv=01;35:*.gl=01;35:*.dl=01;35:*.xcf=01;35:*.xwd=01;35:*.yuv=01;35:*.cgm=01;35:*.emf=01;35:*.ogv=01;35:*.ogx=01;35:*.aac=00;36:*.au=00;36:*.flac=00;36:*.m4a=00;36:*.mid=00;36:*.midi=00;36:*.mka=00;36:*.mp3=00;36:*.mpc=00;36:*.ogg=00;36:*.ra=00;36:*.wav=00;36:*.oga=00;36:*.opus=00;36:*.spx=00;36:*.xspf=00;36:*~=00;90:*#=00;90:*.bak=00;90:*.crdownload=00;90:*.dpkg-dist=00;90:*.dpkg-new=00;90:*.dpkg-old=00;90:*.dpkg-tmp=00;90:*.old=00;90:*.orig=00;90:*.part=00;90:*.rej=00;90:*.rpmnew=00;90:*.rpmorig=00;90:*.rpmsave=00;90:*.swp=00;90:*.tmp=00;90:*.ucf-dist=00;90:*.ucf-new=00;90:*.ucf-old=00;90:', 'AMENT_PREFIX_PATH': '/opt/ros/jazzy', 'SHELL': '/bin/bash', 'LESSCLOSE': '/usr/bin/lesspipe %s %s', 'ROS_AUTOMATIC_DISCOVERY_RANGE': 'SUBNET', 'PWD': '/home/epiibots/ros2_ws/build/pwm_rec', 'LC_ALL': 'en_US.UTF-8', 'SSH_CONNECTION': '192.168.0.101 63419 192.168.0.67 22', 'XDG_DATA_DIRS': '/usr/share/gnome:/usr/local/share:/usr/share:/var/lib/snapd/desktop', 'PYTHONPATH': '/home/epiibots/ros2_ws/build/pwm_rec/prefix_override:/usr/lib/python3/dist-packages/colcon_core/task/python/colcon_distutils_commands:/home/epiibots/ros2_ws/install/pwm_rec/lib/python3.12/site-packages:/opt/ros/jazzy/lib/python3.12/site-packages', 'COLCON': '1', 'CMAKE_PREFIX_PATH': '/opt/ros/jazzy/opt/gz_sim_vendor:/opt/ros/jazzy/opt/gz_sensors_vendor:/opt/ros/jazzy/opt/gz_physics_vendor:/opt/ros/jazzy/opt/sdformat_vendor:/opt/ros/jazzy/opt/gz_gui_vendor:/opt/ros/jazzy/opt/gz_transport_vendor:/opt/ros/jazzy/opt/gz_rendering_vendor:/opt/ros/jazzy/opt/gz_plugin_vendor:/opt/ros/jazzy/opt/gz_fuel_tools_vendor:/opt/ros/jazzy/opt/gz_msgs_vendor:/opt/ros/jazzy/opt/gz_common_vendor:/opt/ros/jazzy/opt/gz_math_vendor:/opt/ros/jazzy/opt/gz_utils_vendor:/opt/ros/jazzy/opt/gz_tools_vendor:/opt/ros/jazzy/opt/gz_ogre_next_vendor:/opt/ros/jazzy/opt/gz_dartsim_vendor:/opt/ros/jazzy/opt/gz_cmake_vendor'}, 'shell': False}
[6.217062] (lidar_teste) StdoutLine: {'line': b'running egg_info\n'}
[6.243787] (-) TimerEvent: {}
[6.246668] (lidar_teste) StdoutLine: {'line': b'writing ../../build/lidar_teste/lidar_teste.egg-info/PKG-INFO\n'}
[6.252188] (lidar_teste) StdoutLine: {'line': b'writing dependency_links to ../../build/lidar_teste/lidar_teste.egg-info/dependency_links.txt\n'}
[6.253117] (lidar_teste) StdoutLine: {'line': b'writing entry points to ../../build/lidar_teste/lidar_teste.egg-info/entry_points.txt\n'}
[6.254595] (lidar_teste) StdoutLine: {'line': b'writing requirements to ../../build/lidar_teste/lidar_teste.egg-info/requires.txt\n'}
[6.254987] (lidar_teste) StdoutLine: {'line': b'writing top-level names to ../../build/lidar_teste/lidar_teste.egg-info/top_level.txt\n'}
[6.334133] (lidar_teste) StdoutLine: {'line': b"reading manifest file '../../build/lidar_teste/lidar_teste.egg-info/SOURCES.txt'\n"}
[6.334628] (lidar_teste) StdoutLine: {'line': b"adding license file 'LICENSE'\n"}
[6.335710] (lidar_teste) StdoutLine: {'line': b"writing manifest file '../../build/lidar_teste/lidar_teste.egg-info/SOURCES.txt'\n"}
[6.337001] (lidar_teste) StdoutLine: {'line': b'running build\n'}
[6.337275] (lidar_teste) StdoutLine: {'line': b'running build_py\n'}
[6.337400] (lidar_teste) StdoutLine: {'line': b'running install\n'}
[6.345070] (-) TimerEvent: {}
[6.348183] (lidar_teste) StdoutLine: {'line': b'running install_lib\n'}
[6.385624] (lidar_teste) StdoutLine: {'line': b'running install_data\n'}
[6.385922] (lidar_teste) StdoutLine: {'line': b'running install_egg_info\n'}
[6.417067] (lidar_teste) StdoutLine: {'line': b"removing '/home/epiibots/ros2_ws/install/lidar_teste/lib/python3.12/site-packages/lidar_teste-0.0.0-py3.12.egg-info' (and everything under it)\n"}
[6.419306] (lidar_teste) StdoutLine: {'line': b'Copying ../../build/lidar_teste/lidar_teste.egg-info to /home/epiibots/ros2_ws/install/lidar_teste/lib/python3.12/site-packages/lidar_teste-0.0.0-py3.12.egg-info\n'}
[6.419642] (lidar_teste) StdoutLine: {'line': b'running install_scripts\n'}
[6.445179] (-) TimerEvent: {}
[6.545778] (-) TimerEvent: {}
[6.617172] (lidar_teste) StdoutLine: {'line': b'Installing save_lidar script to /home/epiibots/ros2_ws/install/lidar_teste/lib/lidar_teste\n'}
[6.617785] (lidar_teste) StdoutLine: {'line': b"writing list of installed files to '/home/epiibots/ros2_ws/build/lidar_teste/install.log'\n"}
[6.645946] (-) TimerEvent: {}
[6.659664] (pwm_rec) StdoutLine: {'line': b'running egg_info\n'}
[6.702761] (pwm_rec) StdoutLine: {'line': b'writing ../../build/pwm_rec/pwm_rec.egg-info/PKG-INFO\n'}
[6.704028] (pwm_rec) StdoutLine: {'line': b'writing dependency_links to ../../build/pwm_rec/pwm_rec.egg-info/dependency_links.txt\n'}
[6.708132] (pwm_rec) StdoutLine: {'line': b'writing entry points to ../../build/pwm_rec/pwm_rec.egg-info/entry_points.txt\n'}
[6.710127] (pwm_rec) StdoutLine: {'line': b'writing requirements to ../../build/pwm_rec/pwm_rec.egg-info/requires.txt\n'}
[6.710381] (pwm_rec) StdoutLine: {'line': b'writing top-level names to ../../build/pwm_rec/pwm_rec.egg-info/top_level.txt\n'}
[6.746109] (-) TimerEvent: {}
[6.753341] (lidar_teste) CommandEnded: {'returncode': 0}
[6.767371] (lidar_teste) JobEnded: {'identifier': 'lidar_teste', 'rc': 0}
[6.768540] (micro_ros_agent) JobStarted: {'identifier': 'micro_ros_agent'}
[6.782103] (pwm_rec) StdoutLine: {'line': b"reading manifest file '../../build/pwm_rec/pwm_rec.egg-info/SOURCES.txt'\n"}
[6.782451] (pwm_rec) StdoutLine: {'line': b"adding license file 'LICENSE'\n"}
[6.783252] (pwm_rec) StdoutLine: {'line': b"writing manifest file '../../build/pwm_rec/pwm_rec.egg-info/SOURCES.txt'\n"}
[6.783499] (pwm_rec) StdoutLine: {'line': b'running build\n'}
[6.783641] (pwm_rec) StdoutLine: {'line': b'running build_py\n'}
[6.784009] (pwm_rec) StdoutLine: {'line': b'running install\n'}
[6.794770] (pwm_rec) StdoutLine: {'line': b'running install_lib\n'}
[6.814954] (micro_ros_agent) JobProgress: {'identifier': 'micro_ros_agent', 'progress': 'cmake'}
[6.819293] (micro_ros_agent) JobProgress: {'identifier': 'micro_ros_agent', 'progress': 'build'}
[6.819423] (micro_ros_agent) Command: {'cmd': ['/usr/bin/cmake', '--build', '/home/epiibots/ros2_ws/build/micro_ros_agent', '--', '-j4', '-l4'], 'cwd': '/home/epiibots/ros2_ws/build/micro_ros_agent', 'env': OrderedDict({'LESSOPEN': '| /usr/bin/lesspipe %s', 'USER': 'epiibots', 'SSH_CLIENT': '192.168.0.101 63419 22', 'GZ_CONFIG_PATH': '/opt/ros/jazzy/opt/gz_sim_vendor/share/gz:/opt/ros/jazzy/opt/sdformat_vendor/share/gz:/opt/ros/jazzy/opt/gz_gui_vendor/share/gz:/opt/ros/jazzy/opt/gz_transport_vendor/share/gz:/opt/ros/jazzy/opt/gz_rendering_vendor/share/gz:/opt/ros/jazzy/opt/gz_plugin_vendor/share/gz:/opt/ros/jazzy/opt/gz_fuel_tools_vendor/share/gz:/opt/ros/jazzy/opt/gz_msgs_vendor/share/gz:/opt/ros/jazzy/opt/gz_common_vendor/share/gz', 'XDG_SESSION_TYPE': 'tty', 'SHLVL': '1', 'LD_LIBRARY_PATH': '/home/epiibots/ros2_ws/install/micro_ros_msgs/lib:/opt/ros/jazzy/opt/gz_sim_vendor/lib:/opt/ros/jazzy/opt/gz_sensors_vendor/lib:/opt/ros/jazzy/opt/gz_physics_vendor/lib:/opt/ros/jazzy/opt/sdformat_vendor/lib:/opt/ros/jazzy/opt/rviz_ogre_vendor/lib:/opt/ros/jazzy/lib/aarch64-linux-gnu:/opt/ros/jazzy/opt/gz_gui_vendor/lib:/opt/ros/jazzy/opt/gz_transport_vendor/lib:/opt/ros/jazzy/opt/gz_rendering_vendor/lib:/opt/ros/jazzy/opt/gz_plugin_vendor/lib:/opt/ros/jazzy/opt/gz_fuel_tools_vendor/lib:/opt/ros/jazzy/opt/gz_msgs_vendor/lib:/opt/ros/jazzy/opt/gz_common_vendor/lib:/opt/ros/jazzy/opt/gz_math_vendor/lib:/opt/ros/jazzy/opt/gz_utils_vendor/lib:/opt/ros/jazzy/opt/gz_tools_vendor/lib:/opt/ros/jazzy/opt/gz_ogre_next_vendor/lib:/opt/ros/jazzy/opt/gz_dartsim_vendor/lib:/opt/ros/jazzy/opt/gz_cmake_vendor/lib:/opt/ros/jazzy/lib', 'HOME': '/home/epiibots', 'OLDPWD': '/home/epiibots/ros2_ws/install', 'SSH_TTY': '/dev/pts/4', 'ROS_PYTHON_VERSION': '3', 'DBUS_SESSION_BUS_ADDRESS': 'unix:path=/run/user/1000/bus', 'DEBUGINFOD_URLS': 'https://debuginfod.ubuntu.com', 'ROS_DISTRO': 'jazzy', 'LOGNAME': 'epiibots', '_': '/usr/bin/colcon', 'ROS_VERSION': '2', 'XDG_SESSION_CLASS': 'user', 'TERM': 'xterm-256color', 'XDG_SESSION_ID': '11', 'PATH': '/opt/ros/jazzy/opt/gz_msgs_vendor/bin:/opt/ros/jazzy/opt/gz_tools_vendor/bin:/opt/ros/jazzy/opt/gz_ogre_next_vendor/bin:/opt/ros/jazzy/bin:/usr/local/sbin:/usr/local/bin:/usr/sbin:/usr/bin:/sbin:/bin:/usr/games:/usr/local/games:/snap/bin', 'XDG_RUNTIME_DIR': '/run/user/1000', 'LANG': 'en_US.UTF-8', 'LS_COLORS': 'rs=0:di=01;34:ln=01;36:mh=00:pi=40;33:so=01;35:do=01;35:bd=40;33;01:cd=40;33;01:or=40;31;01:mi=00:su=37;41:sg=30;43:ca=00:tw=30;42:ow=34;42:st=37;44:ex=01;32:*.tar=01;31:*.tgz=01;31:*.arc=01;31:*.arj=01;31:*.taz=01;31:*.lha=01;31:*.lz4=01;31:*.lzh=01;31:*.lzma=01;31:*.tlz=01;31:*.txz=01;31:*.tzo=01;31:*.t7z=01;31:*.zip=01;31:*.z=01;31:*.dz=01;31:*.gz=01;31:*.lrz=01;31:*.lz=01;31:*.lzo=01;31:*.xz=01;31:*.zst=01;31:*.tzst=01;31:*.bz2=01;31:*.bz=01;31:*.tbz=01;31:*.tbz2=01;31:*.tz=01;31:*.deb=01;31:*.rpm=01;31:*.jar=01;31:*.war=01;31:*.ear=01;31:*.sar=01;31:*.rar=01;31:*.alz=01;31:*.ace=01;31:*.zoo=01;31:*.cpio=01;31:*.7z=01;31:*.rz=01;31:*.cab=01;31:*.wim=01;31:*.swm=01;31:*.dwm=01;31:*.esd=01;31:*.avif=01;35:*.jpg=01;35:*.jpeg=01;35:*.mjpg=01;35:*.mjpeg=01;35:*.gif=01;35:*.bmp=01;35:*.pbm=01;35:*.pgm=01;35:*.ppm=01;35:*.tga=01;35:*.xbm=01;35:*.xpm=01;35:*.tif=01;35:*.tiff=01;35:*.png=01;35:*.svg=01;35:*.svgz=01;35:*.mng=01;35:*.pcx=01;35:*.mov=01;35:*.mpg=01;35:*.mpeg=01;35:*.m2v=01;35:*.mkv=01;35:*.webm=01;35:*.webp=01;35:*.ogm=01;35:*.mp4=01;35:*.m4v=01;35:*.mp4v=01;35:*.vob=01;35:*.qt=01;35:*.nuv=01;35:*.wmv=01;35:*.asf=01;35:*.rm=01;35:*.rmvb=01;35:*.flc=01;35:*.avi=01;35:*.fli=01;35:*.flv=01;35:*.gl=01;35:*.dl=01;35:*.xcf=01;35:*.xwd=01;35:*.yuv=01;35:*.cgm=01;35:*.emf=01;35:*.ogv=01;35:*.ogx=01;35:*.aac=00;36:*.au=00;36:*.flac=00;36:*.m4a=00;36:*.mid=00;36:*.midi=00;36:*.mka=00;36:*.mp3=00;36:*.mpc=00;36:*.ogg=00;36:*.ra=00;36:*.wav=00;36:*.oga=00;36:*.opus=00;36:*.spx=00;36:*.xspf=00;36:*~=00;90:*#=00;90:*.bak=00;90:*.crdownload=00;90:*.dpkg-dist=00;90:*.dpkg-new=00;90:*.dpkg-old=00;90:*.dpkg-tmp=00;90:*.old=00;90:*.orig=00;90:*.part=00;90:*.rej=00;90:*.rpmnew=00;90:*.rpmorig=00;90:*.rpmsave=00;90:*.swp=00;90:*.tmp=00;90:*.ucf-dist=00;90:*.ucf-new=00;90:*.ucf-old=00;90:', 'AMENT_PREFIX_PATH': '/home/epiibots/ros2_ws/install/micro_ros_msgs:/opt/ros/jazzy', 'SHELL': '/bin/bash', 'LESSCLOSE': '/usr/bin/lesspipe %s %s', 'ROS_AUTOMATIC_DISCOVERY_RANGE': 'SUBNET', 'PWD': '/home/epiibots/ros2_ws/build/micro_ros_agent', 'LC_ALL': 'en_US.UTF-8', 'SSH_CONNECTION': '192.168.0.101 63419 192.168.0.67 22', 'XDG_DATA_DIRS': '/usr/share/gnome:/usr/local/share:/usr/share:/var/lib/snapd/desktop', 'PYTHONPATH': '/home/epiibots/ros2_ws/install/micro_ros_msgs/lib/python3.12/site-packages:/opt/ros/jazzy/lib/python3.12/site-packages', 'COLCON': '1', 'CMAKE_PREFIX_PATH': '/home/epiibots/ros2_ws/install/micro_ros_msgs:/opt/ros/jazzy/opt/gz_sim_vendor:/opt/ros/jazzy/opt/gz_sensors_vendor:/opt/ros/jazzy/opt/gz_physics_vendor:/opt/ros/jazzy/opt/sdformat_vendor:/opt/ros/jazzy/opt/gz_gui_vendor:/opt/ros/jazzy/opt/gz_transport_vendor:/opt/ros/jazzy/opt/gz_rendering_vendor:/opt/ros/jazzy/opt/gz_plugin_vendor:/opt/ros/jazzy/opt/gz_fuel_tools_vendor:/opt/ros/jazzy/opt/gz_msgs_vendor:/opt/ros/jazzy/opt/gz_common_vendor:/opt/ros/jazzy/opt/gz_math_vendor:/opt/ros/jazzy/opt/gz_utils_vendor:/opt/ros/jazzy/opt/gz_tools_vendor:/opt/ros/jazzy/opt/gz_ogre_next_vendor:/opt/ros/jazzy/opt/gz_dartsim_vendor:/opt/ros/jazzy/opt/gz_cmake_vendor:/opt/ros/jazzy'}), 'shell': False}
[6.833172] (pwm_rec) StdoutLine: {'line': b'running install_data\n'}
[6.833485] (pwm_rec) StdoutLine: {'line': b'running install_egg_info\n'}
[6.846270] (-) TimerEvent: {}
[6.886345] (pwm_rec) StdoutLine: {'line': b"removing '/home/epiibots/ros2_ws/install/pwm_rec/lib/python3.12/site-packages/pwm_rec-0.0.0-py3.12.egg-info' (and everything under it)\n"}
[6.886957] (pwm_rec) StdoutLine: {'line': b'Copying ../../build/pwm_rec/pwm_rec.egg-info to /home/epiibots/ros2_ws/install/pwm_rec/lib/python3.12/site-packages/pwm_rec-0.0.0-py3.12.egg-info\n'}
[6.890121] (pwm_rec) StdoutLine: {'line': b'running install_scripts\n'}
[6.946421] (-) TimerEvent: {}
[6.971174] (servo_steering) Command: {'cmd': ['/usr/bin/python3', '-W', 'ignore:setup.py install is deprecated', '-W', 'ignore:easy_install command is deprecated', 'setup.py', 'egg_info', '--egg-base', '../../build/servo_steering', 'build', '--build-base', '/home/epiibots/ros2_ws/build/servo_steering/build', 'install', '--record', '/home/epiibots/ros2_ws/build/servo_steering/install.log', '--single-version-externally-managed', 'install_data'], 'cwd': '/home/epiibots/ros2_ws/src/servo_steering', 'env': {'LESSOPEN': '| /usr/bin/lesspipe %s', 'USER': 'epiibots', 'SSH_CLIENT': '192.168.0.101 63419 22', 'GZ_CONFIG_PATH': '/opt/ros/jazzy/opt/gz_sim_vendor/share/gz:/opt/ros/jazzy/opt/sdformat_vendor/share/gz:/opt/ros/jazzy/opt/gz_gui_vendor/share/gz:/opt/ros/jazzy/opt/gz_transport_vendor/share/gz:/opt/ros/jazzy/opt/gz_rendering_vendor/share/gz:/opt/ros/jazzy/opt/gz_plugin_vendor/share/gz:/opt/ros/jazzy/opt/gz_fuel_tools_vendor/share/gz:/opt/ros/jazzy/opt/gz_msgs_vendor/share/gz:/opt/ros/jazzy/opt/gz_common_vendor/share/gz', 'XDG_SESSION_TYPE': 'tty', 'SHLVL': '1', 'LD_LIBRARY_PATH': '/opt/ros/jazzy/opt/gz_sim_vendor/lib:/opt/ros/jazzy/opt/gz_sensors_vendor/lib:/opt/ros/jazzy/opt/gz_physics_vendor/lib:/opt/ros/jazzy/opt/sdformat_vendor/lib:/opt/ros/jazzy/opt/rviz_ogre_vendor/lib:/opt/ros/jazzy/lib/aarch64-linux-gnu:/opt/ros/jazzy/opt/gz_gui_vendor/lib:/opt/ros/jazzy/opt/gz_transport_vendor/lib:/opt/ros/jazzy/opt/gz_rendering_vendor/lib:/opt/ros/jazzy/opt/gz_plugin_vendor/lib:/opt/ros/jazzy/opt/gz_fuel_tools_vendor/lib:/opt/ros/jazzy/opt/gz_msgs_vendor/lib:/opt/ros/jazzy/opt/gz_common_vendor/lib:/opt/ros/jazzy/opt/gz_math_vendor/lib:/opt/ros/jazzy/opt/gz_utils_vendor/lib:/opt/ros/jazzy/opt/gz_tools_vendor/lib:/opt/ros/jazzy/opt/gz_ogre_next_vendor/lib:/opt/ros/jazzy/opt/gz_dartsim_vendor/lib:/opt/ros/jazzy/opt/gz_cmake_vendor/lib:/opt/ros/jazzy/lib', 'HOME': '/home/epiibots', 'OLDPWD': '/home/epiibots/ros2_ws/install', 'SSH_TTY': '/dev/pts/4', 'ROS_PYTHON_VERSION': '3', 'DBUS_SESSION_BUS_ADDRESS': 'unix:path=/run/user/1000/bus', 'DEBUGINFOD_URLS': 'https://debuginfod.ubuntu.com', 'ROS_DISTRO': 'jazzy', 'LOGNAME': 'epiibots', '_': '/usr/bin/colcon', 'ROS_VERSION': '2', 'XDG_SESSION_CLASS': 'user', 'TERM': 'xterm-256color', 'XDG_SESSION_ID': '11', 'PATH': '/opt/ros/jazzy/opt/gz_msgs_vendor/bin:/opt/ros/jazzy/opt/gz_tools_vendor/bin:/opt/ros/jazzy/opt/gz_ogre_next_vendor/bin:/opt/ros/jazzy/bin:/usr/local/sbin:/usr/local/bin:/usr/sbin:/usr/bin:/sbin:/bin:/usr/games:/usr/local/games:/snap/bin', 'XDG_RUNTIME_DIR': '/run/user/1000', 'LANG': 'en_US.UTF-8', 'LS_COLORS': 'rs=0:di=01;34:ln=01;36:mh=00:pi=40;33:so=01;35:do=01;35:bd=40;33;01:cd=40;33;01:or=40;31;01:mi=00:su=37;41:sg=30;43:ca=00:tw=30;42:ow=34;42:st=37;44:ex=01;32:*.tar=01;31:*.tgz=01;31:*.arc=01;31:*.arj=01;31:*.taz=01;31:*.lha=01;31:*.lz4=01;31:*.lzh=01;31:*.lzma=01;31:*.tlz=01;31:*.txz=01;31:*.tzo=01;31:*.t7z=01;31:*.zip=01;31:*.z=01;31:*.dz=01;31:*.gz=01;31:*.lrz=01;31:*.lz=01;31:*.lzo=01;31:*.xz=01;31:*.zst=01;31:*.tzst=01;31:*.bz2=01;31:*.bz=01;31:*.tbz=01;31:*.tbz2=01;31:*.tz=01;31:*.deb=01;31:*.rpm=01;31:*.jar=01;31:*.war=01;31:*.ear=01;31:*.sar=01;31:*.rar=01;31:*.alz=01;31:*.ace=01;31:*.zoo=01;31:*.cpio=01;31:*.7z=01;31:*.rz=01;31:*.cab=01;31:*.wim=01;31:*.swm=01;31:*.dwm=01;31:*.esd=01;31:*.avif=01;35:*.jpg=01;35:*.jpeg=01;35:*.mjpg=01;35:*.mjpeg=01;35:*.gif=01;35:*.bmp=01;35:*.pbm=01;35:*.pgm=01;35:*.ppm=01;35:*.tga=01;35:*.xbm=01;35:*.xpm=01;35:*.tif=01;35:*.tiff=01;35:*.png=01;35:*.svg=01;35:*.svgz=01;35:*.mng=01;35:*.pcx=01;35:*.mov=01;35:*.mpg=01;35:*.mpeg=01;35:*.m2v=01;35:*.mkv=01;35:*.webm=01;35:*.webp=01;35:*.ogm=01;35:*.mp4=01;35:*.m4v=01;35:*.mp4v=01;35:*.vob=01;35:*.qt=01;35:*.nuv=01;35:*.wmv=01;35:*.asf=01;35:*.rm=01;35:*.rmvb=01;35:*.flc=01;35:*.avi=01;35:*.fli=01;35:*.flv=01;35:*.gl=01;35:*.dl=01;35:*.xcf=01;35:*.xwd=01;35:*.yuv=01;35:*.cgm=01;35:*.emf=01;35:*.ogv=01;35:*.ogx=01;35:*.aac=00;36:*.au=00;36:*.flac=00;36:*.m4a=00;36:*.mid=00;36:*.midi=00;36:*.mka=00;36:*.mp3=00;36:*.mpc=00;36:*.ogg=00;36:*.ra=00;36:*.wav=00;36:*.oga=00;36:*.opus=00;36:*.spx=00;36:*.xspf=00;36:*~=00;90:*#=00;90:*.bak=00;90:*.crdownload=00;90:*.dpkg-dist=00;90:*.dpkg-new=00;90:*.dpkg-old=00;90:*.dpkg-tmp=00;90:*.old=00;90:*.orig=00;90:*.part=00;90:*.rej=00;90:*.rpmnew=00;90:*.rpmorig=00;90:*.rpmsave=00;90:*.swp=00;90:*.tmp=00;90:*.ucf-dist=00;90:*.ucf-new=00;90:*.ucf-old=00;90:', 'AMENT_PREFIX_PATH': '/opt/ros/jazzy', 'SHELL': '/bin/bash', 'LESSCLOSE': '/usr/bin/lesspipe %s %s', 'ROS_AUTOMATIC_DISCOVERY_RANGE': 'SUBNET', 'PWD': '/home/epiibots/ros2_ws/build/servo_steering', 'LC_ALL': 'en_US.UTF-8', 'SSH_CONNECTION': '192.168.0.101 63419 192.168.0.67 22', 'XDG_DATA_DIRS': '/usr/share/gnome:/usr/local/share:/usr/share:/var/lib/snapd/desktop', 'PYTHONPATH': '/home/epiibots/ros2_ws/build/servo_steering/prefix_override:/usr/lib/python3/dist-packages/colcon_core/task/python/colcon_distutils_commands:/home/epiibots/ros2_ws/install/servo_steering/lib/python3.12/site-packages:/opt/ros/jazzy/lib/python3.12/site-packages', 'COLCON': '1', 'CMAKE_PREFIX_PATH': '/opt/ros/jazzy/opt/gz_sim_vendor:/opt/ros/jazzy/opt/gz_sensors_vendor:/opt/ros/jazzy/opt/gz_physics_vendor:/opt/ros/jazzy/opt/sdformat_vendor:/opt/ros/jazzy/opt/gz_gui_vendor:/opt/ros/jazzy/opt/gz_transport_vendor:/opt/ros/jazzy/opt/gz_rendering_vendor:/opt/ros/jazzy/opt/gz_plugin_vendor:/opt/ros/jazzy/opt/gz_fuel_tools_vendor:/opt/ros/jazzy/opt/gz_msgs_vendor:/opt/ros/jazzy/opt/gz_common_vendor:/opt/ros/jazzy/opt/gz_math_vendor:/opt/ros/jazzy/opt/gz_utils_vendor:/opt/ros/jazzy/opt/gz_tools_vendor:/opt/ros/jazzy/opt/gz_ogre_next_vendor:/opt/ros/jazzy/opt/gz_dartsim_vendor:/opt/ros/jazzy/opt/gz_cmake_vendor'}, 'shell': False}
[6.985397] (micro_ros_agent) StdoutLine: {'line': b'[100%] Built target micro_ros_agent\n'}
[7.012383] (micro_ros_agent) CommandEnded: {'returncode': 0}
[7.014743] (micro_ros_agent) JobProgress: {'identifier': 'micro_ros_agent', 'progress': 'install'}
[7.014847] (micro_ros_agent) Command: {'cmd': ['/usr/bin/cmake', '--install', '/home/epiibots/ros2_ws/build/micro_ros_agent'], 'cwd': '/home/epiibots/ros2_ws/build/micro_ros_agent', 'env': OrderedDict({'LESSOPEN': '| /usr/bin/lesspipe %s', 'USER': 'epiibots', 'SSH_CLIENT': '192.168.0.101 63419 22', 'GZ_CONFIG_PATH': '/opt/ros/jazzy/opt/gz_sim_vendor/share/gz:/opt/ros/jazzy/opt/sdformat_vendor/share/gz:/opt/ros/jazzy/opt/gz_gui_vendor/share/gz:/opt/ros/jazzy/opt/gz_transport_vendor/share/gz:/opt/ros/jazzy/opt/gz_rendering_vendor/share/gz:/opt/ros/jazzy/opt/gz_plugin_vendor/share/gz:/opt/ros/jazzy/opt/gz_fuel_tools_vendor/share/gz:/opt/ros/jazzy/opt/gz_msgs_vendor/share/gz:/opt/ros/jazzy/opt/gz_common_vendor/share/gz', 'XDG_SESSION_TYPE': 'tty', 'SHLVL': '1', 'LD_LIBRARY_PATH': '/home/epiibots/ros2_ws/install/micro_ros_msgs/lib:/opt/ros/jazzy/opt/gz_sim_vendor/lib:/opt/ros/jazzy/opt/gz_sensors_vendor/lib:/opt/ros/jazzy/opt/gz_physics_vendor/lib:/opt/ros/jazzy/opt/sdformat_vendor/lib:/opt/ros/jazzy/opt/rviz_ogre_vendor/lib:/opt/ros/jazzy/lib/aarch64-linux-gnu:/opt/ros/jazzy/opt/gz_gui_vendor/lib:/opt/ros/jazzy/opt/gz_transport_vendor/lib:/opt/ros/jazzy/opt/gz_rendering_vendor/lib:/opt/ros/jazzy/opt/gz_plugin_vendor/lib:/opt/ros/jazzy/opt/gz_fuel_tools_vendor/lib:/opt/ros/jazzy/opt/gz_msgs_vendor/lib:/opt/ros/jazzy/opt/gz_common_vendor/lib:/opt/ros/jazzy/opt/gz_math_vendor/lib:/opt/ros/jazzy/opt/gz_utils_vendor/lib:/opt/ros/jazzy/opt/gz_tools_vendor/lib:/opt/ros/jazzy/opt/gz_ogre_next_vendor/lib:/opt/ros/jazzy/opt/gz_dartsim_vendor/lib:/opt/ros/jazzy/opt/gz_cmake_vendor/lib:/opt/ros/jazzy/lib', 'HOME': '/home/epiibots', 'OLDPWD': '/home/epiibots/ros2_ws/install', 'SSH_TTY': '/dev/pts/4', 'ROS_PYTHON_VERSION': '3', 'DBUS_SESSION_BUS_ADDRESS': 'unix:path=/run/user/1000/bus', 'DEBUGINFOD_URLS': 'https://debuginfod.ubuntu.com', 'ROS_DISTRO': 'jazzy', 'LOGNAME': 'epiibots', '_': '/usr/bin/colcon', 'ROS_VERSION': '2', 'XDG_SESSION_CLASS': 'user', 'TERM': 'xterm-256color', 'XDG_SESSION_ID': '11', 'PATH': '/opt/ros/jazzy/opt/gz_msgs_vendor/bin:/opt/ros/jazzy/opt/gz_tools_vendor/bin:/opt/ros/jazzy/opt/gz_ogre_next_vendor/bin:/opt/ros/jazzy/bin:/usr/local/sbin:/usr/local/bin:/usr/sbin:/usr/bin:/sbin:/bin:/usr/games:/usr/local/games:/snap/bin', 'XDG_RUNTIME_DIR': '/run/user/1000', 'LANG': 'en_US.UTF-8', 'LS_COLORS': 'rs=0:di=01;34:ln=01;36:mh=00:pi=40;33:so=01;35:do=01;35:bd=40;33;01:cd=40;33;01:or=40;31;01:mi=00:su=37;41:sg=30;43:ca=00:tw=30;42:ow=34;42:st=37;44:ex=01;32:*.tar=01;31:*.tgz=01;31:*.arc=01;31:*.arj=01;31:*.taz=01;31:*.lha=01;31:*.lz4=01;31:*.lzh=01;31:*.lzma=01;31:*.tlz=01;31:*.txz=01;31:*.tzo=01;31:*.t7z=01;31:*.zip=01;31:*.z=01;31:*.dz=01;31:*.gz=01;31:*.lrz=01;31:*.lz=01;31:*.lzo=01;31:*.xz=01;31:*.zst=01;31:*.tzst=01;31:*.bz2=01;31:*.bz=01;31:*.tbz=01;31:*.tbz2=01;31:*.tz=01;31:*.deb=01;31:*.rpm=01;31:*.jar=01;31:*.war=01;31:*.ear=01;31:*.sar=01;31:*.rar=01;31:*.alz=01;31:*.ace=01;31:*.zoo=01;31:*.cpio=01;31:*.7z=01;31:*.rz=01;31:*.cab=01;31:*.wim=01;31:*.swm=01;31:*.dwm=01;31:*.esd=01;31:*.avif=01;35:*.jpg=01;35:*.jpeg=01;35:*.mjpg=01;35:*.mjpeg=01;35:*.gif=01;35:*.bmp=01;35:*.pbm=01;35:*.pgm=01;35:*.ppm=01;35:*.tga=01;35:*.xbm=01;35:*.xpm=01;35:*.tif=01;35:*.tiff=01;35:*.png=01;35:*.svg=01;35:*.svgz=01;35:*.mng=01;35:*.pcx=01;35:*.mov=01;35:*.mpg=01;35:*.mpeg=01;35:*.m2v=01;35:*.mkv=01;35:*.webm=01;35:*.webp=01;35:*.ogm=01;35:*.mp4=01;35:*.m4v=01;35:*.mp4v=01;35:*.vob=01;35:*.qt=01;35:*.nuv=01;35:*.wmv=01;35:*.asf=01;35:*.rm=01;35:*.rmvb=01;35:*.flc=01;35:*.avi=01;35:*.fli=01;35:*.flv=01;35:*.gl=01;35:*.dl=01;35:*.xcf=01;35:*.xwd=01;35:*.yuv=01;35:*.cgm=01;35:*.emf=01;35:*.ogv=01;35:*.ogx=01;35:*.aac=00;36:*.au=00;36:*.flac=00;36:*.m4a=00;36:*.mid=00;36:*.midi=00;36:*.mka=00;36:*.mp3=00;36:*.mpc=00;36:*.ogg=00;36:*.ra=00;36:*.wav=00;36:*.oga=00;36:*.opus=00;36:*.spx=00;36:*.xspf=00;36:*~=00;90:*#=00;90:*.bak=00;90:*.crdownload=00;90:*.dpkg-dist=00;90:*.dpkg-new=00;90:*.dpkg-old=00;90:*.dpkg-tmp=00;90:*.old=00;90:*.orig=00;90:*.part=00;90:*.rej=00;90:*.rpmnew=00;90:*.rpmorig=00;90:*.rpmsave=00;90:*.swp=00;90:*.tmp=00;90:*.ucf-dist=00;90:*.ucf-new=00;90:*.ucf-old=00;90:', 'AMENT_PREFIX_PATH': '/home/epiibots/ros2_ws/install/micro_ros_msgs:/opt/ros/jazzy', 'SHELL': '/bin/bash', 'LESSCLOSE': '/usr/bin/lesspipe %s %s', 'ROS_AUTOMATIC_DISCOVERY_RANGE': 'SUBNET', 'PWD': '/home/epiibots/ros2_ws/build/micro_ros_agent', 'LC_ALL': 'en_US.UTF-8', 'SSH_CONNECTION': '192.168.0.101 63419 192.168.0.67 22', 'XDG_DATA_DIRS': '/usr/share/gnome:/usr/local/share:/usr/share:/var/lib/snapd/desktop', 'PYTHONPATH': '/home/epiibots/ros2_ws/install/micro_ros_msgs/lib/python3.12/site-packages:/opt/ros/jazzy/lib/python3.12/site-packages', 'COLCON': '1', 'CMAKE_PREFIX_PATH': '/home/epiibots/ros2_ws/install/micro_ros_msgs:/opt/ros/jazzy/opt/gz_sim_vendor:/opt/ros/jazzy/opt/gz_sensors_vendor:/opt/ros/jazzy/opt/gz_physics_vendor:/opt/ros/jazzy/opt/sdformat_vendor:/opt/ros/jazzy/opt/gz_gui_vendor:/opt/ros/jazzy/opt/gz_transport_vendor:/opt/ros/jazzy/opt/gz_rendering_vendor:/opt/ros/jazzy/opt/gz_plugin_vendor:/opt/ros/jazzy/opt/gz_fuel_tools_vendor:/opt/ros/jazzy/opt/gz_msgs_vendor:/opt/ros/jazzy/opt/gz_common_vendor:/opt/ros/jazzy/opt/gz_math_vendor:/opt/ros/jazzy/opt/gz_utils_vendor:/opt/ros/jazzy/opt/gz_tools_vendor:/opt/ros/jazzy/opt/gz_ogre_next_vendor:/opt/ros/jazzy/opt/gz_dartsim_vendor:/opt/ros/jazzy/opt/gz_cmake_vendor:/opt/ros/jazzy'}), 'shell': False}
[7.036048] (micro_ros_agent) StdoutLine: {'line': b'-- Install configuration: ""\n'}
[7.036311] (micro_ros_agent) StdoutLine: {'line': b'-- Up-to-date: /home/epiibots/ros2_ws/install/micro_ros_agent/share/ament_index/resource_index/package_run_dependencies/micro_ros_agent\n'}
[7.036413] (micro_ros_agent) StdoutLine: {'line': b'-- Up-to-date: /home/epiibots/ros2_ws/install/micro_ros_agent/share/ament_index/resource_index/parent_prefix_path/micro_ros_agent\n'}
[7.036501] (micro_ros_agent) StdoutLine: {'line': b'-- Up-to-date: /home/epiibots/ros2_ws/install/micro_ros_agent/share/micro_ros_agent/environment/ament_prefix_path.sh\n'}
[7.036586] (micro_ros_agent) StdoutLine: {'line': b'-- Up-to-date: /home/epiibots/ros2_ws/install/micro_ros_agent/share/micro_ros_agent/environment/ament_prefix_path.dsv\n'}
[7.036684] (micro_ros_agent) StdoutLine: {'line': b'-- Up-to-date: /home/epiibots/ros2_ws/install/micro_ros_agent/share/micro_ros_agent/environment/path.sh\n'}
[7.036781] (micro_ros_agent) StdoutLine: {'line': b'-- Up-to-date: /home/epiibots/ros2_ws/install/micro_ros_agent/share/micro_ros_agent/environment/path.dsv\n'}
[7.039060] (micro_ros_agent) StdoutLine: {'line': b'-- Up-to-date: /home/epiibots/ros2_ws/install/micro_ros_agent/share/micro_ros_agent/local_setup.bash\n'}
[7.039350] (micro_ros_agent) StdoutLine: {'line': b'-- Up-to-date: /home/epiibots/ros2_ws/install/micro_ros_agent/share/micro_ros_agent/local_setup.sh\n'}
[7.039447] (micro_ros_agent) StdoutLine: {'line': b'-- Up-to-date: /home/epiibots/ros2_ws/install/micro_ros_agent/share/micro_ros_agent/local_setup.zsh\n'}
[7.039529] (micro_ros_agent) StdoutLine: {'line': b'-- Up-to-date: /home/epiibots/ros2_ws/install/micro_ros_agent/share/micro_ros_agent/local_setup.dsv\n'}
[7.039615] (micro_ros_agent) StdoutLine: {'line': b'-- Installing: /home/epiibots/ros2_ws/install/micro_ros_agent/share/micro_ros_agent/package.dsv\n'}
[7.039705] (micro_ros_agent) StdoutLine: {'line': b'-- Up-to-date: /home/epiibots/ros2_ws/install/micro_ros_agent/share/ament_index/resource_index/packages/micro_ros_agent\n'}
[7.039797] (micro_ros_agent) StdoutLine: {'line': b'-- Up-to-date: /home/epiibots/ros2_ws/install/micro_ros_agent/share/micro_ros_agent/cmake/ament_cmake_export_dependencies-extras.cmake\n'}
[7.039887] (micro_ros_agent) StdoutLine: {'line': b'-- Up-to-date: /home/epiibots/ros2_ws/install/micro_ros_agent/share/micro_ros_agent/cmake/micro_ros_agentConfig.cmake\n'}
[7.039995] (micro_ros_agent) StdoutLine: {'line': b'-- Up-to-date: /home/epiibots/ros2_ws/install/micro_ros_agent/share/micro_ros_agent/cmake/micro_ros_agentConfig-version.cmake\n'}
[7.040099] (micro_ros_agent) StdoutLine: {'line': b'-- Up-to-date: /home/epiibots/ros2_ws/install/micro_ros_agent/share/micro_ros_agent/package.xml\n'}
[7.040181] (micro_ros_agent) StdoutLine: {'line': b'-- Up-to-date: /home/epiibots/ros2_ws/install/micro_ros_agent/lib/micro_ros_agent/micro_ros_agent\n'}
[7.040281] (micro_ros_agent) StdoutLine: {'line': b'-- Up-to-date: /home/epiibots/ros2_ws/install/micro_ros_agent/share/micro_ros_agent/launch\n'}
[7.040412] (micro_ros_agent) StdoutLine: {'line': b'-- Up-to-date: /home/epiibots/ros2_ws/install/micro_ros_agent/share/micro_ros_agent/launch/micro_ros_agent_launch.py\n'}
[7.041675] (micro_ros_agent) CommandEnded: {'returncode': 0}
[7.046568] (-) TimerEvent: {}
[7.077207] (micro_ros_agent) JobEnded: {'identifier': 'micro_ros_agent', 'rc': 0}
[7.128345] (pwm_rec) StdoutLine: {'line': b'Installing rpm_saver script to /home/epiibots/ros2_ws/install/pwm_rec/lib/pwm_rec\n'}
[7.128932] (pwm_rec) StdoutLine: {'line': b"writing list of installed files to '/home/epiibots/ros2_ws/build/pwm_rec/install.log'\n"}
[7.146694] (-) TimerEvent: {}
[7.248083] (pwm_rec) CommandEnded: {'returncode': 0}
[7.248875] (-) TimerEvent: {}
[7.258882] (pwm_rec) JobEnded: {'identifier': 'pwm_rec', 'rc': 0}
[7.349007] (-) TimerEvent: {}
[7.382071] (controlegeral_carrinho) Command: {'cmd': ['/usr/bin/python3', '-W', 'ignore:setup.py install is deprecated', '-W', 'ignore:easy_install command is deprecated', 'setup.py', 'egg_info', '--egg-base', '../../build/controlegeral_carrinho', 'build', '--build-base', '/home/epiibots/ros2_ws/build/controlegeral_carrinho/build', 'install', '--record', '/home/epiibots/ros2_ws/build/controlegeral_carrinho/install.log', '--single-version-externally-managed', 'install_data'], 'cwd': '/home/epiibots/ros2_ws/src/controlegeral_carrinho', 'env': {'LESSOPEN': '| /usr/bin/lesspipe %s', 'USER': 'epiibots', 'SSH_CLIENT': '192.168.0.101 63419 22', 'GZ_CONFIG_PATH': '/opt/ros/jazzy/opt/gz_sim_vendor/share/gz:/opt/ros/jazzy/opt/sdformat_vendor/share/gz:/opt/ros/jazzy/opt/gz_gui_vendor/share/gz:/opt/ros/jazzy/opt/gz_transport_vendor/share/gz:/opt/ros/jazzy/opt/gz_rendering_vendor/share/gz:/opt/ros/jazzy/opt/gz_plugin_vendor/share/gz:/opt/ros/jazzy/opt/gz_fuel_tools_vendor/share/gz:/opt/ros/jazzy/opt/gz_msgs_vendor/share/gz:/opt/ros/jazzy/opt/gz_common_vendor/share/gz', 'XDG_SESSION_TYPE': 'tty', 'SHLVL': '1', 'LD_LIBRARY_PATH': '/opt/ros/jazzy/opt/gz_sim_vendor/lib:/opt/ros/jazzy/opt/gz_sensors_vendor/lib:/opt/ros/jazzy/opt/gz_physics_vendor/lib:/opt/ros/jazzy/opt/sdformat_vendor/lib:/opt/ros/jazzy/opt/rviz_ogre_vendor/lib:/opt/ros/jazzy/lib/aarch64-linux-gnu:/opt/ros/jazzy/opt/gz_gui_vendor/lib:/opt/ros/jazzy/opt/gz_transport_vendor/lib:/opt/ros/jazzy/opt/gz_rendering_vendor/lib:/opt/ros/jazzy/opt/gz_plugin_vendor/lib:/opt/ros/jazzy/opt/gz_fuel_tools_vendor/lib:/opt/ros/jazzy/opt/gz_msgs_vendor/lib:/opt/ros/jazzy/opt/gz_common_vendor/lib:/opt/ros/jazzy/opt/gz_math_vendor/lib:/opt/ros/jazzy/opt/gz_utils_vendor/lib:/opt/ros/jazzy/opt/gz_tools_vendor/lib:/opt/ros/jazzy/opt/gz_ogre_next_vendor/lib:/opt/ros/jazzy/opt/gz_dartsim_vendor/lib:/opt/ros/jazzy/opt/gz_cmake_vendor/lib:/opt/ros/jazzy/lib', 'HOME': '/home/epiibots', 'OLDPWD': '/home/epiibots/ros2_ws/install', 'SSH_TTY': '/dev/pts/4', 'ROS_PYTHON_VERSION': '3', 'DBUS_SESSION_BUS_ADDRESS': 'unix:path=/run/user/1000/bus', 'DEBUGINFOD_URLS': 'https://debuginfod.ubuntu.com', 'ROS_DISTRO': 'jazzy', 'LOGNAME': 'epiibots', '_': '/usr/bin/colcon', 'ROS_VERSION': '2', 'XDG_SESSION_CLASS': 'user', 'TERM': 'xterm-256color', 'XDG_SESSION_ID': '11', 'PATH': '/opt/ros/jazzy/opt/gz_msgs_vendor/bin:/opt/ros/jazzy/opt/gz_tools_vendor/bin:/opt/ros/jazzy/opt/gz_ogre_next_vendor/bin:/opt/ros/jazzy/bin:/usr/local/sbin:/usr/local/bin:/usr/sbin:/usr/bin:/sbin:/bin:/usr/games:/usr/local/games:/snap/bin', 'XDG_RUNTIME_DIR': '/run/user/1000', 'LANG': 'en_US.UTF-8', 'LS_COLORS': 'rs=0:di=01;34:ln=01;36:mh=00:pi=40;33:so=01;35:do=01;35:bd=40;33;01:cd=40;33;01:or=40;31;01:mi=00:su=37;41:sg=30;43:ca=00:tw=30;42:ow=34;42:st=37;44:ex=01;32:*.tar=01;31:*.tgz=01;31:*.arc=01;31:*.arj=01;31:*.taz=01;31:*.lha=01;31:*.lz4=01;31:*.lzh=01;31:*.lzma=01;31:*.tlz=01;31:*.txz=01;31:*.tzo=01;31:*.t7z=01;31:*.zip=01;31:*.z=01;31:*.dz=01;31:*.gz=01;31:*.lrz=01;31:*.lz=01;31:*.lzo=01;31:*.xz=01;31:*.zst=01;31:*.tzst=01;31:*.bz2=01;31:*.bz=01;31:*.tbz=01;31:*.tbz2=01;31:*.tz=01;31:*.deb=01;31:*.rpm=01;31:*.jar=01;31:*.war=01;31:*.ear=01;31:*.sar=01;31:*.rar=01;31:*.alz=01;31:*.ace=01;31:*.zoo=01;31:*.cpio=01;31:*.7z=01;31:*.rz=01;31:*.cab=01;31:*.wim=01;31:*.swm=01;31:*.dwm=01;31:*.esd=01;31:*.avif=01;35:*.jpg=01;35:*.jpeg=01;35:*.mjpg=01;35:*.mjpeg=01;35:*.gif=01;35:*.bmp=01;35:*.pbm=01;35:*.pgm=01;35:*.ppm=01;35:*.tga=01;35:*.xbm=01;35:*.xpm=01;35:*.tif=01;35:*.tiff=01;35:*.png=01;35:*.svg=01;35:*.svgz=01;35:*.mng=01;35:*.pcx=01;35:*.mov=01;35:*.mpg=01;35:*.mpeg=01;35:*.m2v=01;35:*.mkv=01;35:*.webm=01;35:*.webp=01;35:*.ogm=01;35:*.mp4=01;35:*.m4v=01;35:*.mp4v=01;35:*.vob=01;35:*.qt=01;35:*.nuv=01;35:*.wmv=01;35:*.asf=01;35:*.rm=01;35:*.rmvb=01;35:*.flc=01;35:*.avi=01;35:*.fli=01;35:*.flv=01;35:*.gl=01;35:*.dl=01;35:*.xcf=01;35:*.xwd=01;35:*.yuv=01;35:*.cgm=01;35:*.emf=01;35:*.ogv=01;35:*.ogx=01;35:*.aac=00;36:*.au=00;36:*.flac=00;36:*.m4a=00;36:*.mid=00;36:*.midi=00;36:*.mka=00;36:*.mp3=00;36:*.mpc=00;36:*.ogg=00;36:*.ra=00;36:*.wav=00;36:*.oga=00;36:*.opus=00;36:*.spx=00;36:*.xspf=00;36:*~=00;90:*#=00;90:*.bak=00;90:*.crdownload=00;90:*.dpkg-dist=00;90:*.dpkg-new=00;90:*.dpkg-old=00;90:*.dpkg-tmp=00;90:*.old=00;90:*.orig=00;90:*.part=00;90:*.rej=00;90:*.rpmnew=00;90:*.rpmorig=00;90:*.rpmsave=00;90:*.swp=00;90:*.tmp=00;90:*.ucf-dist=00;90:*.ucf-new=00;90:*.ucf-old=00;90:', 'AMENT_PREFIX_PATH': '/home/epiibots/ros2_ws/install/sllidar_ros2:/home/epiibots/ros2_ws/install/bno055:/opt/ros/jazzy', 'SHELL': '/bin/bash', 'LESSCLOSE': '/usr/bin/lesspipe %s %s', 'ROS_AUTOMATIC_DISCOVERY_RANGE': 'SUBNET', 'PWD': '/home/epiibots/ros2_ws/build/controlegeral_carrinho', 'LC_ALL': 'en_US.UTF-8', 'SSH_CONNECTION': '192.168.0.101 63419 192.168.0.67 22', 'XDG_DATA_DIRS': '/usr/share/gnome:/usr/local/share:/usr/share:/var/lib/snapd/desktop', 'PYTHONPATH': '/home/epiibots/ros2_ws/build/controlegeral_carrinho/prefix_override:/usr/lib/python3/dist-packages/colcon_core/task/python/colcon_distutils_commands:/home/epiibots/ros2_ws/install/controlegeral_carrinho/lib/python3.12/site-packages:/home/epiibots/ros2_ws/install/bno055/lib/python3.12/site-packages:/opt/ros/jazzy/lib/python3.12/site-packages', 'COLCON': '1', 'CMAKE_PREFIX_PATH': '/home/epiibots/ros2_ws/install/sllidar_ros2:/opt/ros/jazzy/opt/gz_sim_vendor:/opt/ros/jazzy/opt/gz_sensors_vendor:/opt/ros/jazzy/opt/gz_physics_vendor:/opt/ros/jazzy/opt/sdformat_vendor:/opt/ros/jazzy/opt/gz_gui_vendor:/opt/ros/jazzy/opt/gz_transport_vendor:/opt/ros/jazzy/opt/gz_rendering_vendor:/opt/ros/jazzy/opt/gz_plugin_vendor:/opt/ros/jazzy/opt/gz_fuel_tools_vendor:/opt/ros/jazzy/opt/gz_msgs_vendor:/opt/ros/jazzy/opt/gz_common_vendor:/opt/ros/jazzy/opt/gz_math_vendor:/opt/ros/jazzy/opt/gz_utils_vendor:/opt/ros/jazzy/opt/gz_tools_vendor:/opt/ros/jazzy/opt/gz_ogre_next_vendor:/opt/ros/jazzy/opt/gz_dartsim_vendor:/opt/ros/jazzy/opt/gz_cmake_vendor'}, 'shell': False}
[7.408689] (servo_steering) StdoutLine: {'line': b'running egg_info\n'}
[7.433458] (servo_steering) StdoutLine: {'line': b'writing ../../build/servo_steering/servo_steering.egg-info/PKG-INFO\n'}
[7.433891] (servo_steering) StdoutLine: {'line': b'writing dependency_links to ../../build/servo_steering/servo_steering.egg-info/dependency_links.txt\n'}
[7.437174] (servo_steering) StdoutLine: {'line': b'writing entry points to ../../build/servo_steering/servo_steering.egg-info/entry_points.txt\n'}
[7.437730] (servo_steering) StdoutLine: {'line': b'writing requirements to ../../build/servo_steering/servo_steering.egg-info/requires.txt\n'}
[7.438535] (servo_steering) StdoutLine: {'line': b'writing top-level names to ../../build/servo_steering/servo_steering.egg-info/top_level.txt\n'}
[7.449083] (-) TimerEvent: {}
[7.489787] (servo_steering) StdoutLine: {'line': b"reading manifest file '../../build/servo_steering/servo_steering.egg-info/SOURCES.txt'\n"}
[7.490939] (servo_steering) StdoutLine: {'line': b"writing manifest file '../../build/servo_steering/servo_steering.egg-info/SOURCES.txt'\n"}
[7.491187] (servo_steering) StdoutLine: {'line': b'running build\n'}
[7.491317] (servo_steering) StdoutLine: {'line': b'running build_py\n'}
[7.491644] (servo_steering) StdoutLine: {'line': b'copying servo_steering/motor_node.py -> /home/epiibots/ros2_ws/build/servo_steering/build/lib/servo_steering\n'}
[7.492323] (servo_steering) StdoutLine: {'line': b'running install\n'}
[7.501956] (servo_steering) StdoutLine: {'line': b'running install_lib\n'}
[7.527080] (servo_steering) StdoutLine: {'line': b'copying /home/epiibots/ros2_ws/build/servo_steering/build/lib/servo_steering/motor_node.py -> /home/epiibots/ros2_ws/install/servo_steering/lib/python3.12/site-packages/servo_steering\n'}
[7.528250] (servo_steering) StdoutLine: {'line': b'byte-compiling /home/epiibots/ros2_ws/install/servo_steering/lib/python3.12/site-packages/servo_steering/motor_node.py to motor_node.cpython-312.pyc\n'}
[7.530263] (servo_steering) StdoutLine: {'line': b'running install_data\n'}
[7.530436] (servo_steering) StdoutLine: {'line': b'running install_egg_info\n'}
[7.549158] (-) TimerEvent: {}
[7.556959] (servo_steering) StdoutLine: {'line': b"removing '/home/epiibots/ros2_ws/install/servo_steering/lib/python3.12/site-packages/servo_steering-0.1.0-py3.12.egg-info' (and everything under it)\n"}
[7.557401] (servo_steering) StdoutLine: {'line': b'Copying ../../build/servo_steering/servo_steering.egg-info to /home/epiibots/ros2_ws/install/servo_steering/lib/python3.12/site-packages/servo_steering-0.1.0-py3.12.egg-info\n'}
[7.558594] (servo_steering) StdoutLine: {'line': b'running install_scripts\n'}
[7.649261] (-) TimerEvent: {}
[7.725713] (servo_steering) StdoutLine: {'line': b'Installing motor_node script to /home/epiibots/ros2_ws/install/servo_steering/lib/servo_steering\n'}
[7.726022] (servo_steering) StdoutLine: {'line': b'Installing motor_node_pwm script to /home/epiibots/ros2_ws/install/servo_steering/lib/servo_steering\n'}
[7.729186] (servo_steering) StdoutLine: {'line': b'Installing servo_node script to /home/epiibots/ros2_ws/install/servo_steering/lib/servo_steering\n'}
[7.729653] (servo_steering) StdoutLine: {'line': b'Installing teleop_kei script to /home/epiibots/ros2_ws/install/servo_steering/lib/servo_steering\n'}
[7.730583] (servo_steering) StdoutLine: {'line': b'Installing teleop_key script to /home/epiibots/ros2_ws/install/servo_steering/lib/servo_steering\n'}
[7.731847] (servo_steering) StdoutLine: {'line': b"writing list of installed files to '/home/epiibots/ros2_ws/build/servo_steering/install.log'\n"}
[7.740004] (controlegeral_carrinho) StdoutLine: {'line': b'running egg_info\n'}
[7.749357] (-) TimerEvent: {}
[7.766613] (controlegeral_carrinho) StdoutLine: {'line': b'writing ../../build/controlegeral_carrinho/controlegeral_carrinho.egg-info/PKG-INFO\n'}
[7.767214] (controlegeral_carrinho) StdoutLine: {'line': b'writing dependency_links to ../../build/controlegeral_carrinho/controlegeral_carrinho.egg-info/dependency_links.txt\n'}
[7.770260] (controlegeral_carrinho) StdoutLine: {'line': b'writing requirements to ../../build/controlegeral_carrinho/controlegeral_carrinho.egg-info/requires.txt\n'}
[7.770868] (controlegeral_carrinho) StdoutLine: {'line': b'writing top-level names to ../../build/controlegeral_carrinho/controlegeral_carrinho.egg-info/top_level.txt\n'}
[7.837262] (servo_steering) CommandEnded: {'returncode': 0}
[7.848237] (controlegeral_carrinho) StdoutLine: {'line': b"reading manifest file '../../build/controlegeral_carrinho/controlegeral_carrinho.egg-info/SOURCES.txt'\n"}
[7.849335] (controlegeral_carrinho) StdoutLine: {'line': b"adding license file 'LICENSE'\n"}
[7.849492] (-) TimerEvent: {}
[7.849881] (controlegeral_carrinho) StdoutLine: {'line': b"writing manifest file '../../build/controlegeral_carrinho/controlegeral_carrinho.egg-info/SOURCES.txt'\n"}
[7.850148] (controlegeral_carrinho) StdoutLine: {'line': b'running build\n'}
[7.850311] (controlegeral_carrinho) StdoutLine: {'line': b'running build_py\n'}
[7.850453] (controlegeral_carrinho) StdoutLine: {'line': b'running install\n'}
[7.853487] (servo_steering) JobEnded: {'identifier': 'servo_steering', 'rc': 0}
[7.860907] (controlegeral_carrinho) StdoutLine: {'line': b'running install_lib\n'}
[7.889229] (controlegeral_carrinho) StdoutLine: {'line': b'running install_data\n'}
[7.889460] (controlegeral_carrinho) StdoutLine: {'line': b'running install_egg_info\n'}
[7.915334] (controlegeral_carrinho) StdoutLine: {'line': b"removing '/home/epiibots/ros2_ws/install/controlegeral_carrinho/lib/python3.12/site-packages/controlegeral_carrinho-0.0.0-py3.12.egg-info' (and everything under it)\n"}
[7.915714] (controlegeral_carrinho) StdoutLine: {'line': b'Copying ../../build/controlegeral_carrinho/controlegeral_carrinho.egg-info to /home/epiibots/ros2_ws/install/controlegeral_carrinho/lib/python3.12/site-packages/controlegeral_carrinho-0.0.0-py3.12.egg-info\n'}
[7.916754] (controlegeral_carrinho) StdoutLine: {'line': b'running install_scripts\n'}
[7.949569] (-) TimerEvent: {}
[8.049824] (-) TimerEvent: {}
[8.083234] (controlegeral_carrinho) StdoutLine: {'line': b"writing list of installed files to '/home/epiibots/ros2_ws/build/controlegeral_carrinho/install.log'\n"}
[8.149934] (-) TimerEvent: {}
[8.163299] (controlegeral_carrinho) CommandEnded: {'returncode': 0}
[8.178955] (controlegeral_carrinho) JobEnded: {'identifier': 'controlegeral_carrinho', 'rc': 0}
[8.180149] (-) EventReactorShutdown: {}
