[0.248s] DEBUG:colcon:Command line arguments: ['/usr/bin/colcon', 'build']
[0.248s] DEBUG:colcon:Parsed command line arguments: Namespace(log_base=None, log_level=None, verb_name='build', build_base='build', install_base='install', merge_install=False, symlink_install=False, test_result_base=None, continue_on_error=False, executor='parallel', parallel_workers=4, event_handlers=None, ignore_user_meta=False, metas=['./colcon.meta'], base_paths=['.'], packages_ignore=None, packages_ignore_regex=None, paths=None, packages_up_to=None, packages_up_to_regex=None, packages_above=None, packages_above_and_dependencies=None, packages_above_depth=None, packages_select_by_dep=None, packages_skip_by_dep=None, packages_skip_up_to=None, packages_select_build_failed=False, packages_skip_build_finished=False, packages_select_test_failures=False, packages_skip_test_passed=False, packages_select=None, packages_skip=None, packages_select_regex=None, packages_skip_regex=None, packages_start=None, packages_end=None, allow_overriding=[], cmake_args=None, cmake_target=None, cmake_target_skip_unavailable=False, cmake_clean_cache=False, cmake_clean_first=False, cmake_force_configure=False, ament_cmake_args=None, catkin_cmake_args=None, catkin_skip_building_tests=False, mixin_files=None, mixin=None, verb_parser=<colcon_mixin.mixin.mixin_argument.MixinArgumentDecorator object at 0xffff8632cec0>, verb_extension=<colcon_core.verb.build.BuildVerb object at 0xffff864ddb80>, main=<bound method BuildVerb.main of <colcon_core.verb.build.BuildVerb object at 0xffff864ddb80>>, mixin_verb=('build',))
[0.353s] Level 1:colcon.colcon_core.package_discovery:discover_packages(colcon_meta) check parameters
[0.353s] Level 1:colcon.colcon_core.package_discovery:discover_packages(recursive) check parameters
[0.353s] Level 1:colcon.colcon_core.package_discovery:discover_packages(ignore) check parameters
[0.353s] Level 1:colcon.colcon_core.package_discovery:discover_packages(path) check parameters
[0.354s] Level 1:colcon.colcon_core.package_discovery:discover_packages(colcon_meta) discover
[0.354s] Level 1:colcon.colcon_core.package_discovery:discover_packages(recursive) discover
[0.354s] INFO:colcon.colcon_core.package_discovery:Crawling recursively for packages in '/home/epiibots/ros2_ws'
[0.354s] Level 1:colcon.colcon_core.package_identification:_identify(.) by extensions ['ignore', 'ignore_ament_install']
[0.354s] Level 1:colcon.colcon_core.package_identification:_identify(.) by extension 'ignore'
[0.355s] Level 1:colcon.colcon_core.package_identification:_identify(.) by extension 'ignore_ament_install'
[0.355s] Level 1:colcon.colcon_core.package_identification:_identify(.) by extensions ['colcon_pkg']
[0.355s] Level 1:colcon.colcon_core.package_identification:_identify(.) by extension 'colcon_pkg'
[0.355s] Level 1:colcon.colcon_core.package_identification:_identify(.) by extensions ['colcon_meta']
[0.355s] Level 1:colcon.colcon_core.package_identification:_identify(.) by extension 'colcon_meta'
[0.355s] Level 1:colcon.colcon_core.package_identification:_identify(.) by extensions ['ros']
[0.355s] Level 1:colcon.colcon_core.package_identification:_identify(.) by extension 'ros'
[0.428s] Level 1:colcon.colcon_core.package_identification:_identify(.) by extensions ['cmake', 'python']
[0.428s] Level 1:colcon.colcon_core.package_identification:_identify(.) by extension 'cmake'
[0.429s] Level 1:colcon.colcon_core.package_identification:_identify(.) by extension 'python'
[0.429s] Level 1:colcon.colcon_core.package_identification:_identify(.) by extensions ['python_setup_py']
[0.429s] Level 1:colcon.colcon_core.package_identification:_identify(.) by extension 'python_setup_py'
[0.429s] Level 1:colcon.colcon_core.package_identification:_identify(build) by extensions ['ignore', 'ignore_ament_install']
[0.429s] Level 1:colcon.colcon_core.package_identification:_identify(build) by extension 'ignore'
[0.430s] Level 1:colcon.colcon_core.package_identification:_identify(build) ignored
[0.430s] Level 1:colcon.colcon_core.package_identification:_identify(install) by extensions ['ignore', 'ignore_ament_install']
[0.430s] Level 1:colcon.colcon_core.package_identification:_identify(install) by extension 'ignore'
[0.430s] Level 1:colcon.colcon_core.package_identification:_identify(install) ignored
[0.431s] Level 1:colcon.colcon_core.package_identification:_identify(log) by extensions ['ignore', 'ignore_ament_install']
[0.431s] Level 1:colcon.colcon_core.package_identification:_identify(log) by extension 'ignore'
[0.431s] Level 1:colcon.colcon_core.package_identification:_identify(log) ignored
[0.432s] Level 1:colcon.colcon_core.package_identification:_identify(src) by extensions ['ignore', 'ignore_ament_install']
[0.432s] Level 1:colcon.colcon_core.package_identification:_identify(src) by extension 'ignore'
[0.432s] Level 1:colcon.colcon_core.package_identification:_identify(src) by extension 'ignore_ament_install'
[0.432s] Level 1:colcon.colcon_core.package_identification:_identify(src) by extensions ['colcon_pkg']
[0.433s] Level 1:colcon.colcon_core.package_identification:_identify(src) by extension 'colcon_pkg'
[0.433s] Level 1:colcon.colcon_core.package_identification:_identify(src) by extensions ['colcon_meta']
[0.433s] Level 1:colcon.colcon_core.package_identification:_identify(src) by extension 'colcon_meta'
[0.433s] Level 1:colcon.colcon_core.package_identification:_identify(src) by extensions ['ros']
[0.433s] Level 1:colcon.colcon_core.package_identification:_identify(src) by extension 'ros'
[0.433s] Level 1:colcon.colcon_core.package_identification:_identify(src) by extensions ['cmake', 'python']
[0.433s] Level 1:colcon.colcon_core.package_identification:_identify(src) by extension 'cmake'
[0.433s] Level 1:colcon.colcon_core.package_identification:_identify(src) by extension 'python'
[0.434s] Level 1:colcon.colcon_core.package_identification:_identify(src) by extensions ['python_setup_py']
[0.434s] Level 1:colcon.colcon_core.package_identification:_identify(src) by extension 'python_setup_py'
[0.434s] Level 1:colcon.colcon_core.package_identification:_identify(src/bno055) by extensions ['ignore', 'ignore_ament_install']
[0.434s] Level 1:colcon.colcon_core.package_identification:_identify(src/bno055) by extension 'ignore'
[0.434s] Level 1:colcon.colcon_core.package_identification:_identify(src/bno055) by extension 'ignore_ament_install'
[0.435s] Level 1:colcon.colcon_core.package_identification:_identify(src/bno055) by extensions ['colcon_pkg']
[0.435s] Level 1:colcon.colcon_core.package_identification:_identify(src/bno055) by extension 'colcon_pkg'
[0.435s] Level 1:colcon.colcon_core.package_identification:_identify(src/bno055) by extensions ['colcon_meta']
[0.435s] Level 1:colcon.colcon_core.package_identification:_identify(src/bno055) by extension 'colcon_meta'
[0.435s] Level 1:colcon.colcon_core.package_identification:_identify(src/bno055) by extensions ['ros']
[0.435s] Level 1:colcon.colcon_core.package_identification:_identify(src/bno055) by extension 'ros'
[0.442s] DEBUG:colcon.colcon_core.package_identification:Package 'src/bno055' with type 'ros.ament_python' and name 'bno055'
[0.442s] Level 1:colcon.colcon_core.package_identification:_identify(src/calibration) by extensions ['ignore', 'ignore_ament_install']
[0.443s] Level 1:colcon.colcon_core.package_identification:_identify(src/calibration) by extension 'ignore'
[0.443s] Level 1:colcon.colcon_core.package_identification:_identify(src/calibration) by extension 'ignore_ament_install'
[0.443s] Level 1:colcon.colcon_core.package_identification:_identify(src/calibration) by extensions ['colcon_pkg']
[0.443s] Level 1:colcon.colcon_core.package_identification:_identify(src/calibration) by extension 'colcon_pkg'
[0.443s] Level 1:colcon.colcon_core.package_identification:_identify(src/calibration) by extensions ['colcon_meta']
[0.443s] Level 1:colcon.colcon_core.package_identification:_identify(src/calibration) by extension 'colcon_meta'
[0.443s] Level 1:colcon.colcon_core.package_identification:_identify(src/calibration) by extensions ['ros']
[0.443s] Level 1:colcon.colcon_core.package_identification:_identify(src/calibration) by extension 'ros'
[0.445s] DEBUG:colcon.colcon_core.package_identification:Package 'src/calibration' with type 'ros.ament_python' and name 'calibration'
[0.445s] Level 1:colcon.colcon_core.package_identification:_identify(src/carrinho_base) by extensions ['ignore', 'ignore_ament_install']
[0.445s] Level 1:colcon.colcon_core.package_identification:_identify(src/carrinho_base) by extension 'ignore'
[0.445s] Level 1:colcon.colcon_core.package_identification:_identify(src/carrinho_base) by extension 'ignore_ament_install'
[0.445s] Level 1:colcon.colcon_core.package_identification:_identify(src/carrinho_base) by extensions ['colcon_pkg']
[0.446s] Level 1:colcon.colcon_core.package_identification:_identify(src/carrinho_base) by extension 'colcon_pkg'
[0.446s] Level 1:colcon.colcon_core.package_identification:_identify(src/carrinho_base) by extensions ['colcon_meta']
[0.446s] Level 1:colcon.colcon_core.package_identification:_identify(src/carrinho_base) by extension 'colcon_meta'
[0.446s] Level 1:colcon.colcon_core.package_identification:_identify(src/carrinho_base) by extensions ['ros']
[0.446s] Level 1:colcon.colcon_core.package_identification:_identify(src/carrinho_base) by extension 'ros'
[0.447s] DEBUG:colcon.colcon_core.package_identification:Package 'src/carrinho_base' with type 'ros.ament_python' and name 'carrinho_base'
[0.447s] Level 1:colcon.colcon_core.package_identification:_identify(src/computervision) by extensions ['ignore', 'ignore_ament_install']
[0.448s] Level 1:colcon.colcon_core.package_identification:_identify(src/computervision) by extension 'ignore'
[0.448s] Level 1:colcon.colcon_core.package_identification:_identify(src/computervision) by extension 'ignore_ament_install'
[0.448s] Level 1:colcon.colcon_core.package_identification:_identify(src/computervision) by extensions ['colcon_pkg']
[0.448s] Level 1:colcon.colcon_core.package_identification:_identify(src/computervision) by extension 'colcon_pkg'
[0.448s] Level 1:colcon.colcon_core.package_identification:_identify(src/computervision) by extensions ['colcon_meta']
[0.448s] Level 1:colcon.colcon_core.package_identification:_identify(src/computervision) by extension 'colcon_meta'
[0.448s] Level 1:colcon.colcon_core.package_identification:_identify(src/computervision) by extensions ['ros']
[0.448s] Level 1:colcon.colcon_core.package_identification:_identify(src/computervision) by extension 'ros'
[0.449s] Level 1:colcon.colcon_core.package_identification:_identify(src/computervision) by extensions ['cmake', 'python']
[0.449s] Level 1:colcon.colcon_core.package_identification:_identify(src/computervision) by extension 'cmake'
[0.449s] Level 1:colcon.colcon_core.package_identification:_identify(src/computervision) by extension 'python'
[0.449s] Level 1:colcon.colcon_core.package_identification:_identify(src/computervision) by extensions ['python_setup_py']
[0.449s] Level 1:colcon.colcon_core.package_identification:_identify(src/computervision) by extension 'python_setup_py'
[0.449s] Level 1:colcon.colcon_core.package_identification:_identify(src/computervision/aruco) by extensions ['ignore', 'ignore_ament_install']
[0.449s] Level 1:colcon.colcon_core.package_identification:_identify(src/computervision/aruco) by extension 'ignore'
[0.450s] Level 1:colcon.colcon_core.package_identification:_identify(src/computervision/aruco) by extension 'ignore_ament_install'
[0.450s] Level 1:colcon.colcon_core.package_identification:_identify(src/computervision/aruco) by extensions ['colcon_pkg']
[0.450s] Level 1:colcon.colcon_core.package_identification:_identify(src/computervision/aruco) by extension 'colcon_pkg'
[0.450s] Level 1:colcon.colcon_core.package_identification:_identify(src/computervision/aruco) by extensions ['colcon_meta']
[0.450s] Level 1:colcon.colcon_core.package_identification:_identify(src/computervision/aruco) by extension 'colcon_meta'
[0.450s] Level 1:colcon.colcon_core.package_identification:_identify(src/computervision/aruco) by extensions ['ros']
[0.450s] Level 1:colcon.colcon_core.package_identification:_identify(src/computervision/aruco) by extension 'ros'
[0.450s] Level 1:colcon.colcon_core.package_identification:_identify(src/computervision/aruco) by extensions ['cmake', 'python']
[0.450s] Level 1:colcon.colcon_core.package_identification:_identify(src/computervision/aruco) by extension 'cmake'
[0.451s] Level 1:colcon.colcon_core.package_identification:_identify(src/computervision/aruco) by extension 'python'
[0.451s] Level 1:colcon.colcon_core.package_identification:_identify(src/computervision/aruco) by extensions ['python_setup_py']
[0.451s] Level 1:colcon.colcon_core.package_identification:_identify(src/computervision/aruco) by extension 'python_setup_py'
[0.451s] Level 1:colcon.colcon_core.package_identification:_identify(src/controlegeral_carrinho) by extensions ['ignore', 'ignore_ament_install']
[0.451s] Level 1:colcon.colcon_core.package_identification:_identify(src/controlegeral_carrinho) by extension 'ignore'
[0.451s] Level 1:colcon.colcon_core.package_identification:_identify(src/controlegeral_carrinho) by extension 'ignore_ament_install'
[0.452s] Level 1:colcon.colcon_core.package_identification:_identify(src/controlegeral_carrinho) by extensions ['colcon_pkg']
[0.452s] Level 1:colcon.colcon_core.package_identification:_identify(src/controlegeral_carrinho) by extension 'colcon_pkg'
[0.452s] Level 1:colcon.colcon_core.package_identification:_identify(src/controlegeral_carrinho) by extensions ['colcon_meta']
[0.452s] Level 1:colcon.colcon_core.package_identification:_identify(src/controlegeral_carrinho) by extension 'colcon_meta'
[0.452s] Level 1:colcon.colcon_core.package_identification:_identify(src/controlegeral_carrinho) by extensions ['ros']
[0.452s] Level 1:colcon.colcon_core.package_identification:_identify(src/controlegeral_carrinho) by extension 'ros'
[0.454s] DEBUG:colcon.colcon_core.package_identification:Package 'src/controlegeral_carrinho' with type 'ros.ament_python' and name 'controlegeral_carrinho'
[0.454s] Level 1:colcon.colcon_core.package_identification:_identify(src/detector) by extensions ['ignore', 'ignore_ament_install']
[0.454s] Level 1:colcon.colcon_core.package_identification:_identify(src/detector) by extension 'ignore'
[0.454s] Level 1:colcon.colcon_core.package_identification:_identify(src/detector) by extension 'ignore_ament_install'
[0.454s] Level 1:colcon.colcon_core.package_identification:_identify(src/detector) by extensions ['colcon_pkg']
[0.454s] Level 1:colcon.colcon_core.package_identification:_identify(src/detector) by extension 'colcon_pkg'
[0.455s] Level 1:colcon.colcon_core.package_identification:_identify(src/detector) by extensions ['colcon_meta']
[0.455s] Level 1:colcon.colcon_core.package_identification:_identify(src/detector) by extension 'colcon_meta'
[0.455s] Level 1:colcon.colcon_core.package_identification:_identify(src/detector) by extensions ['ros']
[0.455s] Level 1:colcon.colcon_core.package_identification:_identify(src/detector) by extension 'ros'
[0.456s] DEBUG:colcon.colcon_core.package_identification:Package 'src/detector' with type 'ros.ament_python' and name 'detector'
[0.456s] Level 1:colcon.colcon_core.package_identification:_identify(src/lidar_teste) by extensions ['ignore', 'ignore_ament_install']
[0.456s] Level 1:colcon.colcon_core.package_identification:_identify(src/lidar_teste) by extension 'ignore'
[0.456s] Level 1:colcon.colcon_core.package_identification:_identify(src/lidar_teste) by extension 'ignore_ament_install'
[0.457s] Level 1:colcon.colcon_core.package_identification:_identify(src/lidar_teste) by extensions ['colcon_pkg']
[0.457s] Level 1:colcon.colcon_core.package_identification:_identify(src/lidar_teste) by extension 'colcon_pkg'
[0.457s] Level 1:colcon.colcon_core.package_identification:_identify(src/lidar_teste) by extensions ['colcon_meta']
[0.457s] Level 1:colcon.colcon_core.package_identification:_identify(src/lidar_teste) by extension 'colcon_meta'
[0.457s] Level 1:colcon.colcon_core.package_identification:_identify(src/lidar_teste) by extensions ['ros']
[0.457s] Level 1:colcon.colcon_core.package_identification:_identify(src/lidar_teste) by extension 'ros'
[0.458s] DEBUG:colcon.colcon_core.package_identification:Package 'src/lidar_teste' with type 'ros.ament_python' and name 'lidar_teste'
[0.458s] Level 1:colcon.colcon_core.package_identification:_identify(src/micro_ros_setup) by extensions ['ignore', 'ignore_ament_install']
[0.459s] Level 1:colcon.colcon_core.package_identification:_identify(src/micro_ros_setup) by extension 'ignore'
[0.459s] Level 1:colcon.colcon_core.package_identification:_identify(src/micro_ros_setup) by extension 'ignore_ament_install'
[0.459s] Level 1:colcon.colcon_core.package_identification:_identify(src/micro_ros_setup) by extensions ['colcon_pkg']
[0.459s] Level 1:colcon.colcon_core.package_identification:_identify(src/micro_ros_setup) by extension 'colcon_pkg'
[0.459s] Level 1:colcon.colcon_core.package_identification:_identify(src/micro_ros_setup) by extensions ['colcon_meta']
[0.459s] Level 1:colcon.colcon_core.package_identification:_identify(src/micro_ros_setup) by extension 'colcon_meta'
[0.459s] Level 1:colcon.colcon_core.package_identification:_identify(src/micro_ros_setup) by extensions ['ros']
[0.460s] Level 1:colcon.colcon_core.package_identification:_identify(src/micro_ros_setup) by extension 'ros'
[0.461s] DEBUG:colcon.colcon_core.package_identification:Package 'src/micro_ros_setup' with type 'ros.ament_cmake' and name 'micro_ros_setup'
[0.462s] Level 1:colcon.colcon_core.package_identification:_identify(src/pwm_rec) by extensions ['ignore', 'ignore_ament_install']
[0.462s] Level 1:colcon.colcon_core.package_identification:_identify(src/pwm_rec) by extension 'ignore'
[0.462s] Level 1:colcon.colcon_core.package_identification:_identify(src/pwm_rec) by extension 'ignore_ament_install'
[0.462s] Level 1:colcon.colcon_core.package_identification:_identify(src/pwm_rec) by extensions ['colcon_pkg']
[0.462s] Level 1:colcon.colcon_core.package_identification:_identify(src/pwm_rec) by extension 'colcon_pkg'
[0.462s] Level 1:colcon.colcon_core.package_identification:_identify(src/pwm_rec) by extensions ['colcon_meta']
[0.462s] Level 1:colcon.colcon_core.package_identification:_identify(src/pwm_rec) by extension 'colcon_meta'
[0.462s] Level 1:colcon.colcon_core.package_identification:_identify(src/pwm_rec) by extensions ['ros']
[0.463s] Level 1:colcon.colcon_core.package_identification:_identify(src/pwm_rec) by extension 'ros'
[0.464s] DEBUG:colcon.colcon_core.package_identification:Package 'src/pwm_rec' with type 'ros.ament_python' and name 'pwm_rec'
[0.464s] Level 1:colcon.colcon_core.package_identification:_identify(src/servo_steering) by extensions ['ignore', 'ignore_ament_install']
[0.464s] Level 1:colcon.colcon_core.package_identification:_identify(src/servo_steering) by extension 'ignore'
[0.464s] Level 1:colcon.colcon_core.package_identification:_identify(src/servo_steering) by extension 'ignore_ament_install'
[0.464s] Level 1:colcon.colcon_core.package_identification:_identify(src/servo_steering) by extensions ['colcon_pkg']
[0.465s] Level 1:colcon.colcon_core.package_identification:_identify(src/servo_steering) by extension 'colcon_pkg'
[0.465s] Level 1:colcon.colcon_core.package_identification:_identify(src/servo_steering) by extensions ['colcon_meta']
[0.465s] Level 1:colcon.colcon_core.package_identification:_identify(src/servo_steering) by extension 'colcon_meta'
[0.465s] Level 1:colcon.colcon_core.package_identification:_identify(src/servo_steering) by extensions ['ros']
[0.465s] Level 1:colcon.colcon_core.package_identification:_identify(src/servo_steering) by extension 'ros'
[0.466s] DEBUG:colcon.colcon_core.package_identification:Package 'src/servo_steering' with type 'ros.ament_python' and name 'servo_steering'
[0.466s] Level 1:colcon.colcon_core.package_identification:_identify(src/sllidar_ros2) by extensions ['ignore', 'ignore_ament_install']
[0.466s] Level 1:colcon.colcon_core.package_identification:_identify(src/sllidar_ros2) by extension 'ignore'
[0.467s] Level 1:colcon.colcon_core.package_identification:_identify(src/sllidar_ros2) by extension 'ignore_ament_install'
[0.467s] Level 1:colcon.colcon_core.package_identification:_identify(src/sllidar_ros2) by extensions ['colcon_pkg']
[0.467s] Level 1:colcon.colcon_core.package_identification:_identify(src/sllidar_ros2) by extension 'colcon_pkg'
[0.467s] Level 1:colcon.colcon_core.package_identification:_identify(src/sllidar_ros2) by extensions ['colcon_meta']
[0.467s] Level 1:colcon.colcon_core.package_identification:_identify(src/sllidar_ros2) by extension 'colcon_meta'
[0.467s] Level 1:colcon.colcon_core.package_identification:_identify(src/sllidar_ros2) by extensions ['ros']
[0.467s] Level 1:colcon.colcon_core.package_identification:_identify(src/sllidar_ros2) by extension 'ros'
[0.469s] DEBUG:colcon.colcon_core.package_identification:Package 'src/sllidar_ros2' with type 'ros.ament_cmake' and name 'sllidar_ros2'
[0.469s] Level 1:colcon.colcon_core.package_identification:_identify(src/uros) by extensions ['ignore', 'ignore_ament_install']
[0.469s] Level 1:colcon.colcon_core.package_identification:_identify(src/uros) by extension 'ignore'
[0.469s] Level 1:colcon.colcon_core.package_identification:_identify(src/uros) by extension 'ignore_ament_install'
[0.470s] Level 1:colcon.colcon_core.package_identification:_identify(src/uros) by extensions ['colcon_pkg']
[0.470s] Level 1:colcon.colcon_core.package_identification:_identify(src/uros) by extension 'colcon_pkg'
[0.470s] Level 1:colcon.colcon_core.package_identification:_identify(src/uros) by extensions ['colcon_meta']
[0.470s] Level 1:colcon.colcon_core.package_identification:_identify(src/uros) by extension 'colcon_meta'
[0.470s] Level 1:colcon.colcon_core.package_identification:_identify(src/uros) by extensions ['ros']
[0.470s] Level 1:colcon.colcon_core.package_identification:_identify(src/uros) by extension 'ros'
[0.470s] Level 1:colcon.colcon_core.package_identification:_identify(src/uros) by extensions ['cmake', 'python']
[0.470s] Level 1:colcon.colcon_core.package_identification:_identify(src/uros) by extension 'cmake'
[0.470s] Level 1:colcon.colcon_core.package_identification:_identify(src/uros) by extension 'python'
[0.471s] Level 1:colcon.colcon_core.package_identification:_identify(src/uros) by extensions ['python_setup_py']
[0.471s] Level 1:colcon.colcon_core.package_identification:_identify(src/uros) by extension 'python_setup_py'
[0.471s] Level 1:colcon.colcon_core.package_identification:_identify(src/uros/drive_base) by extensions ['ignore', 'ignore_ament_install']
[0.471s] Level 1:colcon.colcon_core.package_identification:_identify(src/uros/drive_base) by extension 'ignore'
[0.471s] Level 1:colcon.colcon_core.package_identification:_identify(src/uros/drive_base) by extension 'ignore_ament_install'
[0.472s] Level 1:colcon.colcon_core.package_identification:_identify(src/uros/drive_base) by extensions ['colcon_pkg']
[0.472s] Level 1:colcon.colcon_core.package_identification:_identify(src/uros/drive_base) by extension 'colcon_pkg'
[0.472s] Level 1:colcon.colcon_core.package_identification:_identify(src/uros/drive_base) by extensions ['colcon_meta']
[0.472s] Level 1:colcon.colcon_core.package_identification:_identify(src/uros/drive_base) by extension 'colcon_meta'
[0.472s] Level 1:colcon.colcon_core.package_identification:_identify(src/uros/drive_base) by extensions ['ros']
[0.472s] Level 1:colcon.colcon_core.package_identification:_identify(src/uros/drive_base) by extension 'ros'
[0.472s] Level 1:colcon.colcon_core.package_identification:_identify(src/uros/drive_base) by extensions ['cmake', 'python']
[0.472s] Level 1:colcon.colcon_core.package_identification:_identify(src/uros/drive_base) by extension 'cmake'
[0.472s] Level 1:colcon.colcon_core.package_identification:_identify(src/uros/drive_base) by extension 'python'
[0.473s] Level 1:colcon.colcon_core.package_identification:_identify(src/uros/drive_base) by extensions ['python_setup_py']
[0.473s] Level 1:colcon.colcon_core.package_identification:_identify(src/uros/drive_base) by extension 'python_setup_py'
[0.473s] Level 1:colcon.colcon_core.package_identification:_identify(src/uros/drive_base/drive_base_msgs) by extensions ['ignore', 'ignore_ament_install']
[0.473s] Level 1:colcon.colcon_core.package_identification:_identify(src/uros/drive_base/drive_base_msgs) by extension 'ignore'
[0.473s] Level 1:colcon.colcon_core.package_identification:_identify(src/uros/drive_base/drive_base_msgs) by extension 'ignore_ament_install'
[0.474s] Level 1:colcon.colcon_core.package_identification:_identify(src/uros/drive_base/drive_base_msgs) by extensions ['colcon_pkg']
[0.474s] Level 1:colcon.colcon_core.package_identification:_identify(src/uros/drive_base/drive_base_msgs) by extension 'colcon_pkg'
[0.474s] Level 1:colcon.colcon_core.package_identification:_identify(src/uros/drive_base/drive_base_msgs) by extensions ['colcon_meta']
[0.474s] Level 1:colcon.colcon_core.package_identification:_identify(src/uros/drive_base/drive_base_msgs) by extension 'colcon_meta'
[0.474s] Level 1:colcon.colcon_core.package_identification:_identify(src/uros/drive_base/drive_base_msgs) by extensions ['ros']
[0.474s] Level 1:colcon.colcon_core.package_identification:_identify(src/uros/drive_base/drive_base_msgs) by extension 'ros'
[0.476s] DEBUG:colcon.colcon_core.package_identification:Package 'src/uros/drive_base/drive_base_msgs' with type 'ros.ament_cmake' and name 'drive_base_msgs'
[0.476s] Level 1:colcon.colcon_core.package_identification:_identify(src/uros/micro-ROS-Agent) by extensions ['ignore', 'ignore_ament_install']
[0.476s] Level 1:colcon.colcon_core.package_identification:_identify(src/uros/micro-ROS-Agent) by extension 'ignore'
[0.476s] Level 1:colcon.colcon_core.package_identification:_identify(src/uros/micro-ROS-Agent) by extension 'ignore_ament_install'
[0.476s] Level 1:colcon.colcon_core.package_identification:_identify(src/uros/micro-ROS-Agent) by extensions ['colcon_pkg']
[0.477s] Level 1:colcon.colcon_core.package_identification:_identify(src/uros/micro-ROS-Agent) by extension 'colcon_pkg'
[0.477s] Level 1:colcon.colcon_core.package_identification:_identify(src/uros/micro-ROS-Agent) by extensions ['colcon_meta']
[0.477s] Level 1:colcon.colcon_core.package_identification:_identify(src/uros/micro-ROS-Agent) by extension 'colcon_meta'
[0.477s] Level 1:colcon.colcon_core.package_identification:_identify(src/uros/micro-ROS-Agent) by extensions ['ros']
[0.477s] Level 1:colcon.colcon_core.package_identification:_identify(src/uros/micro-ROS-Agent) by extension 'ros'
[0.477s] Level 1:colcon.colcon_core.package_identification:_identify(src/uros/micro-ROS-Agent) by extensions ['cmake', 'python']
[0.477s] Level 1:colcon.colcon_core.package_identification:_identify(src/uros/micro-ROS-Agent) by extension 'cmake'
[0.477s] Level 1:colcon.colcon_core.package_identification:_identify(src/uros/micro-ROS-Agent) by extension 'python'
[0.477s] Level 1:colcon.colcon_core.package_identification:_identify(src/uros/micro-ROS-Agent) by extensions ['python_setup_py']
[0.477s] Level 1:colcon.colcon_core.package_identification:_identify(src/uros/micro-ROS-Agent) by extension 'python_setup_py'
[0.478s] Level 1:colcon.colcon_core.package_identification:_identify(src/uros/micro-ROS-Agent/micro_ros_agent) by extensions ['ignore', 'ignore_ament_install']
[0.478s] Level 1:colcon.colcon_core.package_identification:_identify(src/uros/micro-ROS-Agent/micro_ros_agent) by extension 'ignore'
[0.478s] Level 1:colcon.colcon_core.package_identification:_identify(src/uros/micro-ROS-Agent/micro_ros_agent) by extension 'ignore_ament_install'
[0.478s] Level 1:colcon.colcon_core.package_identification:_identify(src/uros/micro-ROS-Agent/micro_ros_agent) by extensions ['colcon_pkg']
[0.478s] Level 1:colcon.colcon_core.package_identification:_identify(src/uros/micro-ROS-Agent/micro_ros_agent) by extension 'colcon_pkg'
[0.478s] Level 1:colcon.colcon_core.package_identification:_identify(src/uros/micro-ROS-Agent/micro_ros_agent) by extensions ['colcon_meta']
[0.479s] Level 1:colcon.colcon_core.package_identification:_identify(src/uros/micro-ROS-Agent/micro_ros_agent) by extension 'colcon_meta'
[0.479s] Level 1:colcon.colcon_core.package_identification:_identify(src/uros/micro-ROS-Agent/micro_ros_agent) by extensions ['ros']
[0.479s] Level 1:colcon.colcon_core.package_identification:_identify(src/uros/micro-ROS-Agent/micro_ros_agent) by extension 'ros'
[0.481s] DEBUG:colcon.colcon_core.package_identification:Package 'src/uros/micro-ROS-Agent/micro_ros_agent' with type 'ros.ament_cmake' and name 'micro_ros_agent'
[0.481s] Level 1:colcon.colcon_core.package_identification:_identify(src/uros/micro-ROS-Agent/snap) by extensions ['ignore', 'ignore_ament_install']
[0.481s] Level 1:colcon.colcon_core.package_identification:_identify(src/uros/micro-ROS-Agent/snap) by extension 'ignore'
[0.481s] Level 1:colcon.colcon_core.package_identification:_identify(src/uros/micro-ROS-Agent/snap) by extension 'ignore_ament_install'
[0.482s] Level 1:colcon.colcon_core.package_identification:_identify(src/uros/micro-ROS-Agent/snap) by extensions ['colcon_pkg']
[0.482s] Level 1:colcon.colcon_core.package_identification:_identify(src/uros/micro-ROS-Agent/snap) by extension 'colcon_pkg'
[0.482s] Level 1:colcon.colcon_core.package_identification:_identify(src/uros/micro-ROS-Agent/snap) by extensions ['colcon_meta']
[0.482s] Level 1:colcon.colcon_core.package_identification:_identify(src/uros/micro-ROS-Agent/snap) by extension 'colcon_meta'
[0.482s] Level 1:colcon.colcon_core.package_identification:_identify(src/uros/micro-ROS-Agent/snap) by extensions ['ros']
[0.482s] Level 1:colcon.colcon_core.package_identification:_identify(src/uros/micro-ROS-Agent/snap) by extension 'ros'
[0.482s] Level 1:colcon.colcon_core.package_identification:_identify(src/uros/micro-ROS-Agent/snap) by extensions ['cmake', 'python']
[0.482s] Level 1:colcon.colcon_core.package_identification:_identify(src/uros/micro-ROS-Agent/snap) by extension 'cmake'
[0.482s] Level 1:colcon.colcon_core.package_identification:_identify(src/uros/micro-ROS-Agent/snap) by extension 'python'
[0.483s] Level 1:colcon.colcon_core.package_identification:_identify(src/uros/micro-ROS-Agent/snap) by extensions ['python_setup_py']
[0.483s] Level 1:colcon.colcon_core.package_identification:_identify(src/uros/micro-ROS-Agent/snap) by extension 'python_setup_py'
[0.483s] Level 1:colcon.colcon_core.package_identification:_identify(src/uros/micro-ROS-Agent/snap/hooks) by extensions ['ignore', 'ignore_ament_install']
[0.483s] Level 1:colcon.colcon_core.package_identification:_identify(src/uros/micro-ROS-Agent/snap/hooks) by extension 'ignore'
[0.483s] Level 1:colcon.colcon_core.package_identification:_identify(src/uros/micro-ROS-Agent/snap/hooks) by extension 'ignore_ament_install'
[0.483s] Level 1:colcon.colcon_core.package_identification:_identify(src/uros/micro-ROS-Agent/snap/hooks) by extensions ['colcon_pkg']
[0.484s] Level 1:colcon.colcon_core.package_identification:_identify(src/uros/micro-ROS-Agent/snap/hooks) by extension 'colcon_pkg'
[0.484s] Level 1:colcon.colcon_core.package_identification:_identify(src/uros/micro-ROS-Agent/snap/hooks) by extensions ['colcon_meta']
[0.484s] Level 1:colcon.colcon_core.package_identification:_identify(src/uros/micro-ROS-Agent/snap/hooks) by extension 'colcon_meta'
[0.484s] Level 1:colcon.colcon_core.package_identification:_identify(src/uros/micro-ROS-Agent/snap/hooks) by extensions ['ros']
[0.484s] Level 1:colcon.colcon_core.package_identification:_identify(src/uros/micro-ROS-Agent/snap/hooks) by extension 'ros'
[0.484s] Level 1:colcon.colcon_core.package_identification:_identify(src/uros/micro-ROS-Agent/snap/hooks) by extensions ['cmake', 'python']
[0.484s] Level 1:colcon.colcon_core.package_identification:_identify(src/uros/micro-ROS-Agent/snap/hooks) by extension 'cmake'
[0.484s] Level 1:colcon.colcon_core.package_identification:_identify(src/uros/micro-ROS-Agent/snap/hooks) by extension 'python'
[0.484s] Level 1:colcon.colcon_core.package_identification:_identify(src/uros/micro-ROS-Agent/snap/hooks) by extensions ['python_setup_py']
[0.485s] Level 1:colcon.colcon_core.package_identification:_identify(src/uros/micro-ROS-Agent/snap/hooks) by extension 'python_setup_py'
[0.485s] Level 1:colcon.colcon_core.package_identification:_identify(src/uros/micro-ROS-Agent/snap/local) by extensions ['ignore', 'ignore_ament_install']
[0.485s] Level 1:colcon.colcon_core.package_identification:_identify(src/uros/micro-ROS-Agent/snap/local) by extension 'ignore'
[0.485s] Level 1:colcon.colcon_core.package_identification:_identify(src/uros/micro-ROS-Agent/snap/local) by extension 'ignore_ament_install'
[0.485s] Level 1:colcon.colcon_core.package_identification:_identify(src/uros/micro-ROS-Agent/snap/local) by extensions ['colcon_pkg']
[0.485s] Level 1:colcon.colcon_core.package_identification:_identify(src/uros/micro-ROS-Agent/snap/local) by extension 'colcon_pkg'
[0.486s] Level 1:colcon.colcon_core.package_identification:_identify(src/uros/micro-ROS-Agent/snap/local) by extensions ['colcon_meta']
[0.486s] Level 1:colcon.colcon_core.package_identification:_identify(src/uros/micro-ROS-Agent/snap/local) by extension 'colcon_meta'
[0.486s] Level 1:colcon.colcon_core.package_identification:_identify(src/uros/micro-ROS-Agent/snap/local) by extensions ['ros']
[0.486s] Level 1:colcon.colcon_core.package_identification:_identify(src/uros/micro-ROS-Agent/snap/local) by extension 'ros'
[0.486s] Level 1:colcon.colcon_core.package_identification:_identify(src/uros/micro-ROS-Agent/snap/local) by extensions ['cmake', 'python']
[0.486s] Level 1:colcon.colcon_core.package_identification:_identify(src/uros/micro-ROS-Agent/snap/local) by extension 'cmake'
[0.486s] Level 1:colcon.colcon_core.package_identification:_identify(src/uros/micro-ROS-Agent/snap/local) by extension 'python'
[0.486s] Level 1:colcon.colcon_core.package_identification:_identify(src/uros/micro-ROS-Agent/snap/local) by extensions ['python_setup_py']
[0.487s] Level 1:colcon.colcon_core.package_identification:_identify(src/uros/micro-ROS-Agent/snap/local) by extension 'python_setup_py'
[0.487s] Level 1:colcon.colcon_core.package_identification:_identify(src/uros/micro_ros_msgs) by extensions ['ignore', 'ignore_ament_install']
[0.487s] Level 1:colcon.colcon_core.package_identification:_identify(src/uros/micro_ros_msgs) by extension 'ignore'
[0.487s] Level 1:colcon.colcon_core.package_identification:_identify(src/uros/micro_ros_msgs) by extension 'ignore_ament_install'
[0.487s] Level 1:colcon.colcon_core.package_identification:_identify(src/uros/micro_ros_msgs) by extensions ['colcon_pkg']
[0.487s] Level 1:colcon.colcon_core.package_identification:_identify(src/uros/micro_ros_msgs) by extension 'colcon_pkg'
[0.488s] Level 1:colcon.colcon_core.package_identification:_identify(src/uros/micro_ros_msgs) by extensions ['colcon_meta']
[0.488s] Level 1:colcon.colcon_core.package_identification:_identify(src/uros/micro_ros_msgs) by extension 'colcon_meta'
[0.488s] Level 1:colcon.colcon_core.package_identification:_identify(src/uros/micro_ros_msgs) by extensions ['ros']
[0.488s] Level 1:colcon.colcon_core.package_identification:_identify(src/uros/micro_ros_msgs) by extension 'ros'
[0.489s] DEBUG:colcon.colcon_core.package_identification:Package 'src/uros/micro_ros_msgs' with type 'ros.ament_cmake' and name 'micro_ros_msgs'
[0.490s] Level 1:colcon.colcon_core.package_discovery:discover_packages(recursive) using defaults
[0.490s] Level 1:colcon.colcon_core.package_discovery:discover_packages(ignore) discover
[0.490s] Level 1:colcon.colcon_core.package_discovery:discover_packages(ignore) using defaults
[0.490s] Level 1:colcon.colcon_core.package_discovery:discover_packages(path) discover
[0.490s] Level 1:colcon.colcon_core.package_discovery:discover_packages(path) using defaults
[0.537s] Level 1:colcon.colcon_core.package_discovery:discover_packages(prefix_path) check parameters
[0.537s] Level 1:colcon.colcon_core.package_discovery:discover_packages(prefix_path) discover
[0.541s] DEBUG:colcon.colcon_installed_package_information.package_discovery:Found 14 installed packages in /home/epiibots/ros2_ws/install
[0.543s] DEBUG:colcon.colcon_installed_package_information.package_discovery:Found 310 installed packages in /opt/ros/jazzy
[0.546s] Level 1:colcon.colcon_core.package_discovery:discover_packages(prefix_path) using defaults
[0.605s] Level 5:colcon.colcon_core.verb:set package 'bno055' build argument 'cmake_args' from command line to 'None'
[0.605s] Level 5:colcon.colcon_core.verb:set package 'bno055' build argument 'cmake_target' from command line to 'None'
[0.606s] Level 5:colcon.colcon_core.verb:set package 'bno055' build argument 'cmake_target_skip_unavailable' from command line to 'False'
[0.606s] Level 5:colcon.colcon_core.verb:set package 'bno055' build argument 'cmake_clean_cache' from command line to 'False'
[0.606s] Level 5:colcon.colcon_core.verb:set package 'bno055' build argument 'cmake_clean_first' from command line to 'False'
[0.606s] Level 5:colcon.colcon_core.verb:set package 'bno055' build argument 'cmake_force_configure' from command line to 'False'
[0.606s] Level 5:colcon.colcon_core.verb:set package 'bno055' build argument 'ament_cmake_args' from command line to 'None'
[0.606s] Level 5:colcon.colcon_core.verb:set package 'bno055' build argument 'catkin_cmake_args' from command line to 'None'
[0.606s] Level 5:colcon.colcon_core.verb:set package 'bno055' build argument 'catkin_skip_building_tests' from command line to 'False'
[0.606s] DEBUG:colcon.colcon_core.verb:Building package 'bno055' with the following arguments: {'ament_cmake_args': None, 'build_base': '/home/epiibots/ros2_ws/build/bno055', 'catkin_cmake_args': None, 'catkin_skip_building_tests': False, 'cmake_args': None, 'cmake_clean_cache': False, 'cmake_clean_first': False, 'cmake_force_configure': False, 'cmake_target': None, 'cmake_target_skip_unavailable': False, 'install_base': '/home/epiibots/ros2_ws/install/bno055', 'merge_install': False, 'path': '/home/epiibots/ros2_ws/src/bno055', 'symlink_install': False, 'test_result_base': None}
[0.606s] Level 5:colcon.colcon_core.verb:set package 'calibration' build argument 'cmake_args' from command line to 'None'
[0.606s] Level 5:colcon.colcon_core.verb:set package 'calibration' build argument 'cmake_target' from command line to 'None'
[0.606s] Level 5:colcon.colcon_core.verb:set package 'calibration' build argument 'cmake_target_skip_unavailable' from command line to 'False'
[0.606s] Level 5:colcon.colcon_core.verb:set package 'calibration' build argument 'cmake_clean_cache' from command line to 'False'
[0.606s] Level 5:colcon.colcon_core.verb:set package 'calibration' build argument 'cmake_clean_first' from command line to 'False'
[0.606s] Level 5:colcon.colcon_core.verb:set package 'calibration' build argument 'cmake_force_configure' from command line to 'False'
[0.606s] Level 5:colcon.colcon_core.verb:set package 'calibration' build argument 'ament_cmake_args' from command line to 'None'
[0.606s] Level 5:colcon.colcon_core.verb:set package 'calibration' build argument 'catkin_cmake_args' from command line to 'None'
[0.606s] Level 5:colcon.colcon_core.verb:set package 'calibration' build argument 'catkin_skip_building_tests' from command line to 'False'
[0.607s] DEBUG:colcon.colcon_core.verb:Building package 'calibration' with the following arguments: {'ament_cmake_args': None, 'build_base': '/home/epiibots/ros2_ws/build/calibration', 'catkin_cmake_args': None, 'catkin_skip_building_tests': False, 'cmake_args': None, 'cmake_clean_cache': False, 'cmake_clean_first': False, 'cmake_force_configure': False, 'cmake_target': None, 'cmake_target_skip_unavailable': False, 'install_base': '/home/epiibots/ros2_ws/install/calibration', 'merge_install': False, 'path': '/home/epiibots/ros2_ws/src/calibration', 'symlink_install': False, 'test_result_base': None}
[0.607s] Level 5:colcon.colcon_core.verb:set package 'carrinho_base' build argument 'cmake_args' from command line to 'None'
[0.607s] Level 5:colcon.colcon_core.verb:set package 'carrinho_base' build argument 'cmake_target' from command line to 'None'
[0.607s] Level 5:colcon.colcon_core.verb:set package 'carrinho_base' build argument 'cmake_target_skip_unavailable' from command line to 'False'
[0.607s] Level 5:colcon.colcon_core.verb:set package 'carrinho_base' build argument 'cmake_clean_cache' from command line to 'False'
[0.607s] Level 5:colcon.colcon_core.verb:set package 'carrinho_base' build argument 'cmake_clean_first' from command line to 'False'
[0.607s] Level 5:colcon.colcon_core.verb:set package 'carrinho_base' build argument 'cmake_force_configure' from command line to 'False'
[0.607s] Level 5:colcon.colcon_core.verb:set package 'carrinho_base' build argument 'ament_cmake_args' from command line to 'None'
[0.607s] Level 5:colcon.colcon_core.verb:set package 'carrinho_base' build argument 'catkin_cmake_args' from command line to 'None'
[0.607s] Level 5:colcon.colcon_core.verb:set package 'carrinho_base' build argument 'catkin_skip_building_tests' from command line to 'False'
[0.607s] DEBUG:colcon.colcon_core.verb:Building package 'carrinho_base' with the following arguments: {'ament_cmake_args': None, 'build_base': '/home/epiibots/ros2_ws/build/carrinho_base', 'catkin_cmake_args': None, 'catkin_skip_building_tests': False, 'cmake_args': None, 'cmake_clean_cache': False, 'cmake_clean_first': False, 'cmake_force_configure': False, 'cmake_target': None, 'cmake_target_skip_unavailable': False, 'install_base': '/home/epiibots/ros2_ws/install/carrinho_base', 'merge_install': False, 'path': '/home/epiibots/ros2_ws/src/carrinho_base', 'symlink_install': False, 'test_result_base': None}
[0.608s] Level 5:colcon.colcon_core.verb:set package 'detector' build argument 'cmake_args' from command line to 'None'
[0.608s] Level 5:colcon.colcon_core.verb:set package 'detector' build argument 'cmake_target' from command line to 'None'
[0.608s] Level 5:colcon.colcon_core.verb:set package 'detector' build argument 'cmake_target_skip_unavailable' from command line to 'False'
[0.608s] Level 5:colcon.colcon_core.verb:set package 'detector' build argument 'cmake_clean_cache' from command line to 'False'
[0.608s] Level 5:colcon.colcon_core.verb:set package 'detector' build argument 'cmake_clean_first' from command line to 'False'
[0.608s] Level 5:colcon.colcon_core.verb:set package 'detector' build argument 'cmake_force_configure' from command line to 'False'
[0.608s] Level 5:colcon.colcon_core.verb:set package 'detector' build argument 'ament_cmake_args' from command line to 'None'
[0.608s] Level 5:colcon.colcon_core.verb:set package 'detector' build argument 'catkin_cmake_args' from command line to 'None'
[0.608s] Level 5:colcon.colcon_core.verb:set package 'detector' build argument 'catkin_skip_building_tests' from command line to 'False'
[0.608s] DEBUG:colcon.colcon_core.verb:Building package 'detector' with the following arguments: {'ament_cmake_args': None, 'build_base': '/home/epiibots/ros2_ws/build/detector', 'catkin_cmake_args': None, 'catkin_skip_building_tests': False, 'cmake_args': None, 'cmake_clean_cache': False, 'cmake_clean_first': False, 'cmake_force_configure': False, 'cmake_target': None, 'cmake_target_skip_unavailable': False, 'install_base': '/home/epiibots/ros2_ws/install/detector', 'merge_install': False, 'path': '/home/epiibots/ros2_ws/src/detector', 'symlink_install': False, 'test_result_base': None}
[0.608s] Level 5:colcon.colcon_core.verb:set package 'drive_base_msgs' build argument 'cmake_args' from command line to 'None'
[0.608s] Level 5:colcon.colcon_core.verb:set package 'drive_base_msgs' build argument 'cmake_target' from command line to 'None'
[0.608s] Level 5:colcon.colcon_core.verb:set package 'drive_base_msgs' build argument 'cmake_target_skip_unavailable' from command line to 'False'
[0.608s] Level 5:colcon.colcon_core.verb:set package 'drive_base_msgs' build argument 'cmake_clean_cache' from command line to 'False'
[0.608s] Level 5:colcon.colcon_core.verb:set package 'drive_base_msgs' build argument 'cmake_clean_first' from command line to 'False'
[0.608s] Level 5:colcon.colcon_core.verb:set package 'drive_base_msgs' build argument 'cmake_force_configure' from command line to 'False'
[0.608s] Level 5:colcon.colcon_core.verb:set package 'drive_base_msgs' build argument 'ament_cmake_args' from command line to 'None'
[0.608s] Level 5:colcon.colcon_core.verb:set package 'drive_base_msgs' build argument 'catkin_cmake_args' from command line to 'None'
[0.608s] Level 5:colcon.colcon_core.verb:set package 'drive_base_msgs' build argument 'catkin_skip_building_tests' from command line to 'False'
[0.608s] DEBUG:colcon.colcon_core.verb:Building package 'drive_base_msgs' with the following arguments: {'ament_cmake_args': None, 'build_base': '/home/epiibots/ros2_ws/build/drive_base_msgs', 'catkin_cmake_args': None, 'catkin_skip_building_tests': False, 'cmake_args': None, 'cmake_clean_cache': False, 'cmake_clean_first': False, 'cmake_force_configure': False, 'cmake_target': None, 'cmake_target_skip_unavailable': False, 'install_base': '/home/epiibots/ros2_ws/install/drive_base_msgs', 'merge_install': False, 'path': '/home/epiibots/ros2_ws/src/uros/drive_base/drive_base_msgs', 'symlink_install': False, 'test_result_base': None}
[0.609s] Level 5:colcon.colcon_core.verb:set package 'lidar_teste' build argument 'cmake_args' from command line to 'None'
[0.609s] Level 5:colcon.colcon_core.verb:set package 'lidar_teste' build argument 'cmake_target' from command line to 'None'
[0.609s] Level 5:colcon.colcon_core.verb:set package 'lidar_teste' build argument 'cmake_target_skip_unavailable' from command line to 'False'
[0.609s] Level 5:colcon.colcon_core.verb:set package 'lidar_teste' build argument 'cmake_clean_cache' from command line to 'False'
[0.609s] Level 5:colcon.colcon_core.verb:set package 'lidar_teste' build argument 'cmake_clean_first' from command line to 'False'
[0.609s] Level 5:colcon.colcon_core.verb:set package 'lidar_teste' build argument 'cmake_force_configure' from command line to 'False'
[0.609s] Level 5:colcon.colcon_core.verb:set package 'lidar_teste' build argument 'ament_cmake_args' from command line to 'None'
[0.609s] Level 5:colcon.colcon_core.verb:set package 'lidar_teste' build argument 'catkin_cmake_args' from command line to 'None'
[0.609s] Level 5:colcon.colcon_core.verb:set package 'lidar_teste' build argument 'catkin_skip_building_tests' from command line to 'False'
[0.609s] DEBUG:colcon.colcon_core.verb:Building package 'lidar_teste' with the following arguments: {'ament_cmake_args': None, 'build_base': '/home/epiibots/ros2_ws/build/lidar_teste', 'catkin_cmake_args': None, 'catkin_skip_building_tests': False, 'cmake_args': None, 'cmake_clean_cache': False, 'cmake_clean_first': False, 'cmake_force_configure': False, 'cmake_target': None, 'cmake_target_skip_unavailable': False, 'install_base': '/home/epiibots/ros2_ws/install/lidar_teste', 'merge_install': False, 'path': '/home/epiibots/ros2_ws/src/lidar_teste', 'symlink_install': False, 'test_result_base': None}
[0.609s] Level 5:colcon.colcon_core.verb:set package 'micro_ros_msgs' build argument 'cmake_args' from command line to 'None'
[0.609s] Level 5:colcon.colcon_core.verb:set package 'micro_ros_msgs' build argument 'cmake_target' from command line to 'None'
[0.609s] Level 5:colcon.colcon_core.verb:set package 'micro_ros_msgs' build argument 'cmake_target_skip_unavailable' from command line to 'False'
[0.609s] Level 5:colcon.colcon_core.verb:set package 'micro_ros_msgs' build argument 'cmake_clean_cache' from command line to 'False'
[0.609s] Level 5:colcon.colcon_core.verb:set package 'micro_ros_msgs' build argument 'cmake_clean_first' from command line to 'False'
[0.609s] Level 5:colcon.colcon_core.verb:set package 'micro_ros_msgs' build argument 'cmake_force_configure' from command line to 'False'
[0.609s] Level 5:colcon.colcon_core.verb:set package 'micro_ros_msgs' build argument 'ament_cmake_args' from command line to 'None'
[0.609s] Level 5:colcon.colcon_core.verb:set package 'micro_ros_msgs' build argument 'catkin_cmake_args' from command line to 'None'
[0.610s] Level 5:colcon.colcon_core.verb:set package 'micro_ros_msgs' build argument 'catkin_skip_building_tests' from command line to 'False'
[0.610s] DEBUG:colcon.colcon_core.verb:Building package 'micro_ros_msgs' with the following arguments: {'ament_cmake_args': None, 'build_base': '/home/epiibots/ros2_ws/build/micro_ros_msgs', 'catkin_cmake_args': None, 'catkin_skip_building_tests': False, 'cmake_args': None, 'cmake_clean_cache': False, 'cmake_clean_first': False, 'cmake_force_configure': False, 'cmake_target': None, 'cmake_target_skip_unavailable': False, 'install_base': '/home/epiibots/ros2_ws/install/micro_ros_msgs', 'merge_install': False, 'path': '/home/epiibots/ros2_ws/src/uros/micro_ros_msgs', 'symlink_install': False, 'test_result_base': None}
[0.610s] Level 5:colcon.colcon_core.verb:set package 'micro_ros_setup' build argument 'cmake_args' from command line to 'None'
[0.610s] Level 5:colcon.colcon_core.verb:set package 'micro_ros_setup' build argument 'cmake_target' from command line to 'None'
[0.610s] Level 5:colcon.colcon_core.verb:set package 'micro_ros_setup' build argument 'cmake_target_skip_unavailable' from command line to 'False'
[0.610s] Level 5:colcon.colcon_core.verb:set package 'micro_ros_setup' build argument 'cmake_clean_cache' from command line to 'False'
[0.610s] Level 5:colcon.colcon_core.verb:set package 'micro_ros_setup' build argument 'cmake_clean_first' from command line to 'False'
[0.610s] Level 5:colcon.colcon_core.verb:set package 'micro_ros_setup' build argument 'cmake_force_configure' from command line to 'False'
[0.610s] Level 5:colcon.colcon_core.verb:set package 'micro_ros_setup' build argument 'ament_cmake_args' from command line to 'None'
[0.610s] Level 5:colcon.colcon_core.verb:set package 'micro_ros_setup' build argument 'catkin_cmake_args' from command line to 'None'
[0.610s] Level 5:colcon.colcon_core.verb:set package 'micro_ros_setup' build argument 'catkin_skip_building_tests' from command line to 'False'
[0.610s] DEBUG:colcon.colcon_core.verb:Building package 'micro_ros_setup' with the following arguments: {'ament_cmake_args': None, 'build_base': '/home/epiibots/ros2_ws/build/micro_ros_setup', 'catkin_cmake_args': None, 'catkin_skip_building_tests': False, 'cmake_args': None, 'cmake_clean_cache': False, 'cmake_clean_first': False, 'cmake_force_configure': False, 'cmake_target': None, 'cmake_target_skip_unavailable': False, 'install_base': '/home/epiibots/ros2_ws/install/micro_ros_setup', 'merge_install': False, 'path': '/home/epiibots/ros2_ws/src/micro_ros_setup', 'symlink_install': False, 'test_result_base': None}
[0.610s] Level 5:colcon.colcon_core.verb:set package 'pwm_rec' build argument 'cmake_args' from command line to 'None'
[0.610s] Level 5:colcon.colcon_core.verb:set package 'pwm_rec' build argument 'cmake_target' from command line to 'None'
[0.610s] Level 5:colcon.colcon_core.verb:set package 'pwm_rec' build argument 'cmake_target_skip_unavailable' from command line to 'False'
[0.610s] Level 5:colcon.colcon_core.verb:set package 'pwm_rec' build argument 'cmake_clean_cache' from command line to 'False'
[0.610s] Level 5:colcon.colcon_core.verb:set package 'pwm_rec' build argument 'cmake_clean_first' from command line to 'False'
[0.611s] Level 5:colcon.colcon_core.verb:set package 'pwm_rec' build argument 'cmake_force_configure' from command line to 'False'
[0.611s] Level 5:colcon.colcon_core.verb:set package 'pwm_rec' build argument 'ament_cmake_args' from command line to 'None'
[0.611s] Level 5:colcon.colcon_core.verb:set package 'pwm_rec' build argument 'catkin_cmake_args' from command line to 'None'
[0.611s] Level 5:colcon.colcon_core.verb:set package 'pwm_rec' build argument 'catkin_skip_building_tests' from command line to 'False'
[0.611s] DEBUG:colcon.colcon_core.verb:Building package 'pwm_rec' with the following arguments: {'ament_cmake_args': None, 'build_base': '/home/epiibots/ros2_ws/build/pwm_rec', 'catkin_cmake_args': None, 'catkin_skip_building_tests': False, 'cmake_args': None, 'cmake_clean_cache': False, 'cmake_clean_first': False, 'cmake_force_configure': False, 'cmake_target': None, 'cmake_target_skip_unavailable': False, 'install_base': '/home/epiibots/ros2_ws/install/pwm_rec', 'merge_install': False, 'path': '/home/epiibots/ros2_ws/src/pwm_rec', 'symlink_install': False, 'test_result_base': None}
[0.611s] Level 5:colcon.colcon_core.verb:set package 'servo_steering' build argument 'cmake_args' from command line to 'None'
[0.611s] Level 5:colcon.colcon_core.verb:set package 'servo_steering' build argument 'cmake_target' from command line to 'None'
[0.611s] Level 5:colcon.colcon_core.verb:set package 'servo_steering' build argument 'cmake_target_skip_unavailable' from command line to 'False'
[0.611s] Level 5:colcon.colcon_core.verb:set package 'servo_steering' build argument 'cmake_clean_cache' from command line to 'False'
[0.611s] Level 5:colcon.colcon_core.verb:set package 'servo_steering' build argument 'cmake_clean_first' from command line to 'False'
[0.611s] Level 5:colcon.colcon_core.verb:set package 'servo_steering' build argument 'cmake_force_configure' from command line to 'False'
[0.611s] Level 5:colcon.colcon_core.verb:set package 'servo_steering' build argument 'ament_cmake_args' from command line to 'None'
[0.611s] Level 5:colcon.colcon_core.verb:set package 'servo_steering' build argument 'catkin_cmake_args' from command line to 'None'
[0.611s] Level 5:colcon.colcon_core.verb:set package 'servo_steering' build argument 'catkin_skip_building_tests' from command line to 'False'
[0.611s] DEBUG:colcon.colcon_core.verb:Building package 'servo_steering' with the following arguments: {'ament_cmake_args': None, 'build_base': '/home/epiibots/ros2_ws/build/servo_steering', 'catkin_cmake_args': None, 'catkin_skip_building_tests': False, 'cmake_args': None, 'cmake_clean_cache': False, 'cmake_clean_first': False, 'cmake_force_configure': False, 'cmake_target': None, 'cmake_target_skip_unavailable': False, 'install_base': '/home/epiibots/ros2_ws/install/servo_steering', 'merge_install': False, 'path': '/home/epiibots/ros2_ws/src/servo_steering', 'symlink_install': False, 'test_result_base': None}
[0.612s] Level 5:colcon.colcon_core.verb:set package 'sllidar_ros2' build argument 'cmake_args' from command line to 'None'
[0.612s] Level 5:colcon.colcon_core.verb:set package 'sllidar_ros2' build argument 'cmake_target' from command line to 'None'
[0.612s] Level 5:colcon.colcon_core.verb:set package 'sllidar_ros2' build argument 'cmake_target_skip_unavailable' from command line to 'False'
[0.612s] Level 5:colcon.colcon_core.verb:set package 'sllidar_ros2' build argument 'cmake_clean_cache' from command line to 'False'
[0.612s] Level 5:colcon.colcon_core.verb:set package 'sllidar_ros2' build argument 'cmake_clean_first' from command line to 'False'
[0.612s] Level 5:colcon.colcon_core.verb:set package 'sllidar_ros2' build argument 'cmake_force_configure' from command line to 'False'
[0.612s] Level 5:colcon.colcon_core.verb:set package 'sllidar_ros2' build argument 'ament_cmake_args' from command line to 'None'
[0.612s] Level 5:colcon.colcon_core.verb:set package 'sllidar_ros2' build argument 'catkin_cmake_args' from command line to 'None'
[0.612s] Level 5:colcon.colcon_core.verb:set package 'sllidar_ros2' build argument 'catkin_skip_building_tests' from command line to 'False'
[0.612s] DEBUG:colcon.colcon_core.verb:Building package 'sllidar_ros2' with the following arguments: {'ament_cmake_args': None, 'build_base': '/home/epiibots/ros2_ws/build/sllidar_ros2', 'catkin_cmake_args': None, 'catkin_skip_building_tests': False, 'cmake_args': None, 'cmake_clean_cache': False, 'cmake_clean_first': False, 'cmake_force_configure': False, 'cmake_target': None, 'cmake_target_skip_unavailable': False, 'install_base': '/home/epiibots/ros2_ws/install/sllidar_ros2', 'merge_install': False, 'path': '/home/epiibots/ros2_ws/src/sllidar_ros2', 'symlink_install': False, 'test_result_base': None}
[0.612s] Level 5:colcon.colcon_core.verb:set package 'controlegeral_carrinho' build argument 'cmake_args' from command line to 'None'
[0.612s] Level 5:colcon.colcon_core.verb:set package 'controlegeral_carrinho' build argument 'cmake_target' from command line to 'None'
[0.612s] Level 5:colcon.colcon_core.verb:set package 'controlegeral_carrinho' build argument 'cmake_target_skip_unavailable' from command line to 'False'
[0.612s] Level 5:colcon.colcon_core.verb:set package 'controlegeral_carrinho' build argument 'cmake_clean_cache' from command line to 'False'
[0.612s] Level 5:colcon.colcon_core.verb:set package 'controlegeral_carrinho' build argument 'cmake_clean_first' from command line to 'False'
[0.612s] Level 5:colcon.colcon_core.verb:set package 'controlegeral_carrinho' build argument 'cmake_force_configure' from command line to 'False'
[0.612s] Level 5:colcon.colcon_core.verb:set package 'controlegeral_carrinho' build argument 'ament_cmake_args' from command line to 'None'
[0.612s] Level 5:colcon.colcon_core.verb:set package 'controlegeral_carrinho' build argument 'catkin_cmake_args' from command line to 'None'
[0.612s] Level 5:colcon.colcon_core.verb:set package 'controlegeral_carrinho' build argument 'catkin_skip_building_tests' from command line to 'False'
[0.612s] DEBUG:colcon.colcon_core.verb:Building package 'controlegeral_carrinho' with the following arguments: {'ament_cmake_args': None, 'build_base': '/home/epiibots/ros2_ws/build/controlegeral_carrinho', 'catkin_cmake_args': None, 'catkin_skip_building_tests': False, 'cmake_args': None, 'cmake_clean_cache': False, 'cmake_clean_first': False, 'cmake_force_configure': False, 'cmake_target': None, 'cmake_target_skip_unavailable': False, 'install_base': '/home/epiibots/ros2_ws/install/controlegeral_carrinho', 'merge_install': False, 'path': '/home/epiibots/ros2_ws/src/controlegeral_carrinho', 'symlink_install': False, 'test_result_base': None}
[0.613s] Level 5:colcon.colcon_core.verb:set package 'micro_ros_agent' build argument 'cmake_args' from command line to 'None'
[0.613s] Level 5:colcon.colcon_core.verb:set package 'micro_ros_agent' build argument 'cmake_target' from command line to 'None'
[0.613s] Level 5:colcon.colcon_core.verb:set package 'micro_ros_agent' build argument 'cmake_target_skip_unavailable' from command line to 'False'
[0.613s] Level 5:colcon.colcon_core.verb:set package 'micro_ros_agent' build argument 'cmake_clean_cache' from command line to 'False'
[0.613s] Level 5:colcon.colcon_core.verb:set package 'micro_ros_agent' build argument 'cmake_clean_first' from command line to 'False'
[0.613s] Level 5:colcon.colcon_core.verb:set package 'micro_ros_agent' build argument 'cmake_force_configure' from command line to 'False'
[0.613s] Level 5:colcon.colcon_core.verb:set package 'micro_ros_agent' build argument 'ament_cmake_args' from command line to 'None'
[0.613s] Level 5:colcon.colcon_core.verb:set package 'micro_ros_agent' build argument 'catkin_cmake_args' from command line to 'None'
[0.613s] Level 5:colcon.colcon_core.verb:set package 'micro_ros_agent' build argument 'catkin_skip_building_tests' from command line to 'False'
[0.613s] DEBUG:colcon.colcon_core.verb:Building package 'micro_ros_agent' with the following arguments: {'ament_cmake_args': None, 'build_base': '/home/epiibots/ros2_ws/build/micro_ros_agent', 'catkin_cmake_args': None, 'catkin_skip_building_tests': False, 'cmake_args': None, 'cmake_clean_cache': False, 'cmake_clean_first': False, 'cmake_force_configure': False, 'cmake_target': None, 'cmake_target_skip_unavailable': False, 'install_base': '/home/epiibots/ros2_ws/install/micro_ros_agent', 'merge_install': False, 'path': '/home/epiibots/ros2_ws/src/uros/micro-ROS-Agent/micro_ros_agent', 'symlink_install': False, 'test_result_base': None}
[0.613s] INFO:colcon.colcon_core.executor:Executing jobs using 'parallel' executor
[0.614s] DEBUG:colcon.colcon_parallel_executor.executor.parallel:run_until_complete
[0.615s] INFO:colcon.colcon_ros.task.ament_python.build:Building ROS package in '/home/epiibots/ros2_ws/src/bno055' with build type 'ament_python'
[0.615s] Level 1:colcon.colcon_core.shell:create_environment_hook('bno055', 'ament_prefix_path')
[0.618s] INFO:colcon.colcon_core.plugin_system:Skipping extension 'colcon_core.shell.bat': Not used on non-Windows systems
[0.618s] INFO:colcon.colcon_core.shell:Creating environment hook '/home/epiibots/ros2_ws/install/bno055/share/bno055/hook/ament_prefix_path.ps1'
[0.619s] INFO:colcon.colcon_core.shell:Creating environment descriptor '/home/epiibots/ros2_ws/install/bno055/share/bno055/hook/ament_prefix_path.dsv'
[0.622s] INFO:colcon.colcon_core.shell:Creating environment hook '/home/epiibots/ros2_ws/install/bno055/share/bno055/hook/ament_prefix_path.sh'
[0.623s] INFO:colcon.colcon_core.shell:Skip shell extension 'powershell' for command environment: Not usable outside of PowerShell
[0.623s] DEBUG:colcon.colcon_core.shell:Skip shell extension 'dsv' for command environment
[0.630s] INFO:colcon.colcon_ros.task.ament_cmake.build:Building ROS package in '/home/epiibots/ros2_ws/src/uros/micro_ros_msgs' with build type 'ament_cmake'
[0.630s] INFO:colcon.colcon_cmake.task.cmake.build:Building CMake package in '/home/epiibots/ros2_ws/src/uros/micro_ros_msgs'
[0.630s] INFO:colcon.colcon_core.shell:Skip shell extension 'powershell' for command environment: Not usable outside of PowerShell
[0.630s] DEBUG:colcon.colcon_core.shell:Skip shell extension 'dsv' for command environment
[0.637s] INFO:colcon.colcon_ros.task.ament_cmake.build:Building ROS package in '/home/epiibots/ros2_ws/src/sllidar_ros2' with build type 'ament_cmake'
[0.637s] INFO:colcon.colcon_cmake.task.cmake.build:Building CMake package in '/home/epiibots/ros2_ws/src/sllidar_ros2'
[0.637s] INFO:colcon.colcon_core.shell:Skip shell extension 'powershell' for command environment: Not usable outside of PowerShell
[0.637s] DEBUG:colcon.colcon_core.shell:Skip shell extension 'dsv' for command environment
[0.643s] INFO:colcon.colcon_ros.task.ament_python.build:Building ROS package in '/home/epiibots/ros2_ws/src/calibration' with build type 'ament_python'
[0.643s] Level 1:colcon.colcon_core.shell:create_environment_hook('calibration', 'ament_prefix_path')
[0.644s] INFO:colcon.colcon_core.shell:Creating environment hook '/home/epiibots/ros2_ws/install/calibration/share/calibration/hook/ament_prefix_path.ps1'
[0.645s] INFO:colcon.colcon_core.shell:Creating environment descriptor '/home/epiibots/ros2_ws/install/calibration/share/calibration/hook/ament_prefix_path.dsv'
[0.645s] INFO:colcon.colcon_core.shell:Creating environment hook '/home/epiibots/ros2_ws/install/calibration/share/calibration/hook/ament_prefix_path.sh'
[0.646s] INFO:colcon.colcon_core.shell:Skip shell extension 'powershell' for command environment: Not usable outside of PowerShell
[0.647s] DEBUG:colcon.colcon_core.shell:Skip shell extension 'dsv' for command environment
[1.015s] INFO:colcon.colcon_core.task.python.build:Building Python package in '/home/epiibots/ros2_ws/src/bno055'
[1.016s] INFO:colcon.colcon_core.shell:Skip shell extension 'powershell' for command environment: Not usable outside of PowerShell
[1.016s] DEBUG:colcon.colcon_core.shell:Skip shell extension 'dsv' for command environment
[1.057s] DEBUG:colcon.colcon_core.event_handler.log_command:Invoking command in '/home/epiibots/ros2_ws/build/micro_ros_msgs': CMAKE_PREFIX_PATH=${CMAKE_PREFIX_PATH}:/home/epiibots/ros2_ws/install/controlegeral_carrinho:/home/epiibots/ros2_ws/install/servo_steering:/home/epiibots/ros2_ws/install/pwm_rec:/home/epiibots/ros2_ws/install/lidar_teste:/home/epiibots/ros2_ws/install/detector:/home/epiibots/ros2_ws/install/carrinho_base:/home/epiibots/ros2_ws/install/calibration:/home/epiibots/ros2_ws/install/bno055:/opt/ros/jazzy DEBUGINFOD_URLS=https://debuginfod.ubuntu.com /usr/bin/cmake --build /home/epiibots/ros2_ws/build/micro_ros_msgs -- -j4 -l4
[1.062s] DEBUG:colcon.colcon_core.event_handler.log_command:Invoking command in '/home/epiibots/ros2_ws/build/sllidar_ros2': CMAKE_PREFIX_PATH=${CMAKE_PREFIX_PATH}:/home/epiibots/ros2_ws/install/controlegeral_carrinho:/home/epiibots/ros2_ws/install/servo_steering:/home/epiibots/ros2_ws/install/pwm_rec:/home/epiibots/ros2_ws/install/lidar_teste:/home/epiibots/ros2_ws/install/detector:/home/epiibots/ros2_ws/install/carrinho_base:/home/epiibots/ros2_ws/install/calibration:/home/epiibots/ros2_ws/install/bno055:/opt/ros/jazzy DEBUGINFOD_URLS=https://debuginfod.ubuntu.com /usr/bin/cmake --build /home/epiibots/ros2_ws/build/sllidar_ros2 -- -j4 -l4
[2.211s] INFO:colcon.colcon_core.task.python.build:Building Python package in '/home/epiibots/ros2_ws/src/calibration'
[2.212s] INFO:colcon.colcon_core.shell:Skip shell extension 'powershell' for command environment: Not usable outside of PowerShell
[2.213s] DEBUG:colcon.colcon_core.shell:Skip shell extension 'dsv' for command environment
[2.244s] DEBUG:colcon.colcon_core.event_handler.log_command:Invoked command in '/home/epiibots/ros2_ws/build/sllidar_ros2' returned '0': CMAKE_PREFIX_PATH=${CMAKE_PREFIX_PATH}:/home/epiibots/ros2_ws/install/controlegeral_carrinho:/home/epiibots/ros2_ws/install/servo_steering:/home/epiibots/ros2_ws/install/pwm_rec:/home/epiibots/ros2_ws/install/lidar_teste:/home/epiibots/ros2_ws/install/detector:/home/epiibots/ros2_ws/install/carrinho_base:/home/epiibots/ros2_ws/install/calibration:/home/epiibots/ros2_ws/install/bno055:/opt/ros/jazzy DEBUGINFOD_URLS=https://debuginfod.ubuntu.com /usr/bin/cmake --build /home/epiibots/ros2_ws/build/sllidar_ros2 -- -j4 -l4
[2.332s] DEBUG:colcon.colcon_core.event_handler.log_command:Invoking command in '/home/epiibots/ros2_ws/build/sllidar_ros2': CMAKE_PREFIX_PATH=${CMAKE_PREFIX_PATH}:/home/epiibots/ros2_ws/install/controlegeral_carrinho:/home/epiibots/ros2_ws/install/servo_steering:/home/epiibots/ros2_ws/install/pwm_rec:/home/epiibots/ros2_ws/install/lidar_teste:/home/epiibots/ros2_ws/install/detector:/home/epiibots/ros2_ws/install/carrinho_base:/home/epiibots/ros2_ws/install/calibration:/home/epiibots/ros2_ws/install/bno055:/opt/ros/jazzy DEBUGINFOD_URLS=https://debuginfod.ubuntu.com /usr/bin/cmake --install /home/epiibots/ros2_ws/build/sllidar_ros2
[2.487s] Level 1:colcon.colcon_core.environment:create_environment_scripts_only(sllidar_ros2)
[2.488s] DEBUG:colcon.colcon_core.event_handler.log_command:Invoked command in '/home/epiibots/ros2_ws/build/sllidar_ros2' returned '0': CMAKE_PREFIX_PATH=${CMAKE_PREFIX_PATH}:/home/epiibots/ros2_ws/install/controlegeral_carrinho:/home/epiibots/ros2_ws/install/servo_steering:/home/epiibots/ros2_ws/install/pwm_rec:/home/epiibots/ros2_ws/install/lidar_teste:/home/epiibots/ros2_ws/install/detector:/home/epiibots/ros2_ws/install/carrinho_base:/home/epiibots/ros2_ws/install/calibration:/home/epiibots/ros2_ws/install/bno055:/opt/ros/jazzy DEBUGINFOD_URLS=https://debuginfod.ubuntu.com /usr/bin/cmake --install /home/epiibots/ros2_ws/build/sllidar_ros2
[2.492s] Level 1:colcon.colcon_core.environment:checking '/home/epiibots/ros2_ws/install/sllidar_ros2' for CMake module files
[2.494s] Level 1:colcon.colcon_core.environment:checking '/home/epiibots/ros2_ws/install/sllidar_ros2' for CMake config files
[2.495s] Level 1:colcon.colcon_core.shell:create_environment_hook('sllidar_ros2', 'cmake_prefix_path')
[2.495s] INFO:colcon.colcon_core.shell:Creating environment hook '/home/epiibots/ros2_ws/install/sllidar_ros2/share/sllidar_ros2/hook/cmake_prefix_path.ps1'
[2.496s] INFO:colcon.colcon_core.shell:Creating environment descriptor '/home/epiibots/ros2_ws/install/sllidar_ros2/share/sllidar_ros2/hook/cmake_prefix_path.dsv'
[2.499s] INFO:colcon.colcon_core.shell:Creating environment hook '/home/epiibots/ros2_ws/install/sllidar_ros2/share/sllidar_ros2/hook/cmake_prefix_path.sh'
[2.502s] Level 1:colcon.colcon_core.environment:checking '/home/epiibots/ros2_ws/install/sllidar_ros2/lib'
[2.502s] Level 1:colcon.colcon_core.environment:checking '/home/epiibots/ros2_ws/install/sllidar_ros2/bin'
[2.503s] Level 1:colcon.colcon_core.environment:checking '/home/epiibots/ros2_ws/install/sllidar_ros2/lib/pkgconfig/sllidar_ros2.pc'
[2.504s] Level 1:colcon.colcon_core.environment:checking '/home/epiibots/ros2_ws/install/sllidar_ros2/lib/python3.12/site-packages'
[2.505s] Level 1:colcon.colcon_core.environment:checking '/home/epiibots/ros2_ws/install/sllidar_ros2/bin'
[2.506s] INFO:colcon.colcon_core.shell:Creating package script '/home/epiibots/ros2_ws/install/sllidar_ros2/share/sllidar_ros2/package.ps1'
[2.510s] INFO:colcon.colcon_core.shell:Creating package descriptor '/home/epiibots/ros2_ws/install/sllidar_ros2/share/sllidar_ros2/package.dsv'
[2.512s] INFO:colcon.colcon_core.shell:Creating package script '/home/epiibots/ros2_ws/install/sllidar_ros2/share/sllidar_ros2/package.sh'
[2.515s] INFO:colcon.colcon_core.shell:Creating package script '/home/epiibots/ros2_ws/install/sllidar_ros2/share/sllidar_ros2/package.bash'
[2.518s] INFO:colcon.colcon_core.shell:Creating package script '/home/epiibots/ros2_ws/install/sllidar_ros2/share/sllidar_ros2/package.zsh'
[2.520s] Level 1:colcon.colcon_core.environment:create_file_with_runtime_dependencies(/home/epiibots/ros2_ws/install/sllidar_ros2/share/colcon-core/packages/sllidar_ros2)
[2.523s] Level 1:colcon.colcon_core.environment:create_environment_scripts_only(sllidar_ros2)
[2.524s] Level 1:colcon.colcon_core.environment:checking '/home/epiibots/ros2_ws/install/sllidar_ros2' for CMake module files
[2.526s] Level 1:colcon.colcon_core.environment:checking '/home/epiibots/ros2_ws/install/sllidar_ros2' for CMake config files
[2.528s] Level 1:colcon.colcon_core.shell:create_environment_hook('sllidar_ros2', 'cmake_prefix_path')
[2.529s] INFO:colcon.colcon_core.shell:Creating environment hook '/home/epiibots/ros2_ws/install/sllidar_ros2/share/sllidar_ros2/hook/cmake_prefix_path.ps1'
[2.531s] INFO:colcon.colcon_core.shell:Creating environment descriptor '/home/epiibots/ros2_ws/install/sllidar_ros2/share/sllidar_ros2/hook/cmake_prefix_path.dsv'
[2.533s] INFO:colcon.colcon_core.shell:Creating environment hook '/home/epiibots/ros2_ws/install/sllidar_ros2/share/sllidar_ros2/hook/cmake_prefix_path.sh'
[2.536s] Level 1:colcon.colcon_core.environment:checking '/home/epiibots/ros2_ws/install/sllidar_ros2/lib'
[2.536s] Level 1:colcon.colcon_core.environment:checking '/home/epiibots/ros2_ws/install/sllidar_ros2/bin'
[2.537s] Level 1:colcon.colcon_core.environment:checking '/home/epiibots/ros2_ws/install/sllidar_ros2/lib/pkgconfig/sllidar_ros2.pc'
[2.537s] Level 1:colcon.colcon_core.environment:checking '/home/epiibots/ros2_ws/install/sllidar_ros2/lib/python3.12/site-packages'
[2.539s] Level 1:colcon.colcon_core.environment:checking '/home/epiibots/ros2_ws/install/sllidar_ros2/bin'
[2.540s] INFO:colcon.colcon_core.shell:Creating package script '/home/epiibots/ros2_ws/install/sllidar_ros2/share/sllidar_ros2/package.ps1'
[2.543s] INFO:colcon.colcon_core.shell:Creating package descriptor '/home/epiibots/ros2_ws/install/sllidar_ros2/share/sllidar_ros2/package.dsv'
[2.546s] INFO:colcon.colcon_core.shell:Creating package script '/home/epiibots/ros2_ws/install/sllidar_ros2/share/sllidar_ros2/package.sh'
[2.548s] INFO:colcon.colcon_core.shell:Creating package script '/home/epiibots/ros2_ws/install/sllidar_ros2/share/sllidar_ros2/package.bash'
[2.550s] INFO:colcon.colcon_core.shell:Creating package script '/home/epiibots/ros2_ws/install/sllidar_ros2/share/sllidar_ros2/package.zsh'
[2.552s] Level 1:colcon.colcon_core.environment:create_file_with_runtime_dependencies(/home/epiibots/ros2_ws/install/sllidar_ros2/share/colcon-core/packages/sllidar_ros2)
[2.554s] INFO:colcon.colcon_ros.task.ament_python.build:Building ROS package in '/home/epiibots/ros2_ws/src/carrinho_base' with build type 'ament_python'
[2.555s] Level 1:colcon.colcon_core.shell:create_environment_hook('carrinho_base', 'ament_prefix_path')
[2.557s] INFO:colcon.colcon_core.shell:Creating environment hook '/home/epiibots/ros2_ws/install/carrinho_base/share/carrinho_base/hook/ament_prefix_path.ps1'
[2.560s] INFO:colcon.colcon_core.shell:Creating environment descriptor '/home/epiibots/ros2_ws/install/carrinho_base/share/carrinho_base/hook/ament_prefix_path.dsv'
[2.563s] INFO:colcon.colcon_core.shell:Creating environment hook '/home/epiibots/ros2_ws/install/carrinho_base/share/carrinho_base/hook/ament_prefix_path.sh'
[2.566s] INFO:colcon.colcon_core.shell:Skip shell extension 'powershell' for command environment: Not usable outside of PowerShell
[2.567s] DEBUG:colcon.colcon_core.shell:Skip shell extension 'dsv' for command environment
[3.390s] INFO:colcon.colcon_core.task.python.build:Building Python package in '/home/epiibots/ros2_ws/src/carrinho_base'
[3.391s] INFO:colcon.colcon_core.shell:Skip shell extension 'powershell' for command environment: Not usable outside of PowerShell
[3.391s] DEBUG:colcon.colcon_core.shell:Skip shell extension 'dsv' for command environment
[3.408s] DEBUG:colcon.colcon_core.event_handler.log_command:Invoked command in '/home/epiibots/ros2_ws/build/micro_ros_msgs' returned '0': CMAKE_PREFIX_PATH=${CMAKE_PREFIX_PATH}:/home/epiibots/ros2_ws/install/controlegeral_carrinho:/home/epiibots/ros2_ws/install/servo_steering:/home/epiibots/ros2_ws/install/pwm_rec:/home/epiibots/ros2_ws/install/lidar_teste:/home/epiibots/ros2_ws/install/detector:/home/epiibots/ros2_ws/install/carrinho_base:/home/epiibots/ros2_ws/install/calibration:/home/epiibots/ros2_ws/install/bno055:/opt/ros/jazzy DEBUGINFOD_URLS=https://debuginfod.ubuntu.com /usr/bin/cmake --build /home/epiibots/ros2_ws/build/micro_ros_msgs -- -j4 -l4
[3.412s] DEBUG:colcon.colcon_core.event_handler.log_command:Invoking command in '/home/epiibots/ros2_ws/build/micro_ros_msgs': CMAKE_PREFIX_PATH=${CMAKE_PREFIX_PATH}:/home/epiibots/ros2_ws/install/controlegeral_carrinho:/home/epiibots/ros2_ws/install/servo_steering:/home/epiibots/ros2_ws/install/pwm_rec:/home/epiibots/ros2_ws/install/lidar_teste:/home/epiibots/ros2_ws/install/detector:/home/epiibots/ros2_ws/install/carrinho_base:/home/epiibots/ros2_ws/install/calibration:/home/epiibots/ros2_ws/install/bno055:/opt/ros/jazzy DEBUGINFOD_URLS=https://debuginfod.ubuntu.com /usr/bin/cmake --install /home/epiibots/ros2_ws/build/micro_ros_msgs
[3.615s] Level 1:colcon.colcon_core.environment:create_environment_scripts_only(micro_ros_msgs)
[3.616s] Level 1:colcon.colcon_core.environment:checking '/home/epiibots/ros2_ws/install/micro_ros_msgs' for CMake module files
[3.621s] Level 1:colcon.colcon_core.environment:checking '/home/epiibots/ros2_ws/install/micro_ros_msgs' for CMake config files
[3.639s] DEBUG:colcon.colcon_core.event_handler.log_command:Invoked command in '/home/epiibots/ros2_ws/build/micro_ros_msgs' returned '0': CMAKE_PREFIX_PATH=${CMAKE_PREFIX_PATH}:/home/epiibots/ros2_ws/install/controlegeral_carrinho:/home/epiibots/ros2_ws/install/servo_steering:/home/epiibots/ros2_ws/install/pwm_rec:/home/epiibots/ros2_ws/install/lidar_teste:/home/epiibots/ros2_ws/install/detector:/home/epiibots/ros2_ws/install/carrinho_base:/home/epiibots/ros2_ws/install/calibration:/home/epiibots/ros2_ws/install/bno055:/opt/ros/jazzy DEBUGINFOD_URLS=https://debuginfod.ubuntu.com /usr/bin/cmake --install /home/epiibots/ros2_ws/build/micro_ros_msgs
[3.640s] Level 1:colcon.colcon_core.shell:create_environment_hook('micro_ros_msgs', 'cmake_prefix_path')
[3.640s] INFO:colcon.colcon_core.shell:Creating environment hook '/home/epiibots/ros2_ws/install/micro_ros_msgs/share/micro_ros_msgs/hook/cmake_prefix_path.ps1'
[3.641s] INFO:colcon.colcon_core.shell:Creating environment descriptor '/home/epiibots/ros2_ws/install/micro_ros_msgs/share/micro_ros_msgs/hook/cmake_prefix_path.dsv'
[3.645s] INFO:colcon.colcon_core.shell:Creating environment hook '/home/epiibots/ros2_ws/install/micro_ros_msgs/share/micro_ros_msgs/hook/cmake_prefix_path.sh'
[3.648s] Level 1:colcon.colcon_core.environment:checking '/home/epiibots/ros2_ws/install/micro_ros_msgs/lib'
[3.649s] Level 1:colcon.colcon_core.shell:create_environment_hook('micro_ros_msgs', 'ld_library_path_lib')
[3.653s] INFO:colcon.colcon_core.shell:Creating environment hook '/home/epiibots/ros2_ws/install/micro_ros_msgs/share/micro_ros_msgs/hook/ld_library_path_lib.ps1'
[3.654s] INFO:colcon.colcon_core.shell:Creating environment descriptor '/home/epiibots/ros2_ws/install/micro_ros_msgs/share/micro_ros_msgs/hook/ld_library_path_lib.dsv'
[3.659s] INFO:colcon.colcon_core.shell:Creating environment hook '/home/epiibots/ros2_ws/install/micro_ros_msgs/share/micro_ros_msgs/hook/ld_library_path_lib.sh'
[3.661s] Level 1:colcon.colcon_core.environment:checking '/home/epiibots/ros2_ws/install/micro_ros_msgs/bin'
[3.661s] Level 1:colcon.colcon_core.environment:checking '/home/epiibots/ros2_ws/install/micro_ros_msgs/lib/pkgconfig/micro_ros_msgs.pc'
[3.664s] Level 1:colcon.colcon_core.environment:checking '/home/epiibots/ros2_ws/install/micro_ros_msgs/lib/python3.12/site-packages'
[3.665s] Level 1:colcon.colcon_core.shell:create_environment_hook('micro_ros_msgs', 'pythonpath')
[3.665s] INFO:colcon.colcon_core.shell:Creating environment hook '/home/epiibots/ros2_ws/install/micro_ros_msgs/share/micro_ros_msgs/hook/pythonpath.ps1'
[3.667s] INFO:colcon.colcon_core.shell:Creating environment descriptor '/home/epiibots/ros2_ws/install/micro_ros_msgs/share/micro_ros_msgs/hook/pythonpath.dsv'
[3.671s] INFO:colcon.colcon_core.shell:Creating environment hook '/home/epiibots/ros2_ws/install/micro_ros_msgs/share/micro_ros_msgs/hook/pythonpath.sh'
[3.676s] Level 1:colcon.colcon_core.environment:checking '/home/epiibots/ros2_ws/install/micro_ros_msgs/bin'
[3.677s] INFO:colcon.colcon_core.shell:Creating package script '/home/epiibots/ros2_ws/install/micro_ros_msgs/share/micro_ros_msgs/package.ps1'
[3.682s] INFO:colcon.colcon_core.shell:Creating package descriptor '/home/epiibots/ros2_ws/install/micro_ros_msgs/share/micro_ros_msgs/package.dsv'
[3.686s] INFO:colcon.colcon_core.shell:Creating package script '/home/epiibots/ros2_ws/install/micro_ros_msgs/share/micro_ros_msgs/package.sh'
[3.689s] INFO:colcon.colcon_core.shell:Creating package script '/home/epiibots/ros2_ws/install/micro_ros_msgs/share/micro_ros_msgs/package.bash'
[3.692s] INFO:colcon.colcon_core.shell:Creating package script '/home/epiibots/ros2_ws/install/micro_ros_msgs/share/micro_ros_msgs/package.zsh'
[3.696s] Level 1:colcon.colcon_core.environment:create_file_with_runtime_dependencies(/home/epiibots/ros2_ws/install/micro_ros_msgs/share/colcon-core/packages/micro_ros_msgs)
[3.698s] Level 1:colcon.colcon_core.environment:create_environment_scripts_only(micro_ros_msgs)
[3.702s] Level 1:colcon.colcon_core.environment:checking '/home/epiibots/ros2_ws/install/micro_ros_msgs' for CMake module files
[3.703s] Level 1:colcon.colcon_core.environment:checking '/home/epiibots/ros2_ws/install/micro_ros_msgs' for CMake config files
[3.704s] Level 1:colcon.colcon_core.shell:create_environment_hook('micro_ros_msgs', 'cmake_prefix_path')
[3.706s] INFO:colcon.colcon_core.shell:Creating environment hook '/home/epiibots/ros2_ws/install/micro_ros_msgs/share/micro_ros_msgs/hook/cmake_prefix_path.ps1'
[3.707s] INFO:colcon.colcon_core.shell:Creating environment descriptor '/home/epiibots/ros2_ws/install/micro_ros_msgs/share/micro_ros_msgs/hook/cmake_prefix_path.dsv'
[3.714s] INFO:colcon.colcon_core.shell:Creating environment hook '/home/epiibots/ros2_ws/install/micro_ros_msgs/share/micro_ros_msgs/hook/cmake_prefix_path.sh'
[3.719s] Level 1:colcon.colcon_core.environment:checking '/home/epiibots/ros2_ws/install/micro_ros_msgs/lib'
[3.719s] Level 1:colcon.colcon_core.shell:create_environment_hook('micro_ros_msgs', 'ld_library_path_lib')
[3.720s] INFO:colcon.colcon_core.shell:Creating environment hook '/home/epiibots/ros2_ws/install/micro_ros_msgs/share/micro_ros_msgs/hook/ld_library_path_lib.ps1'
[3.721s] INFO:colcon.colcon_core.shell:Creating environment descriptor '/home/epiibots/ros2_ws/install/micro_ros_msgs/share/micro_ros_msgs/hook/ld_library_path_lib.dsv'
[3.727s] INFO:colcon.colcon_core.shell:Creating environment hook '/home/epiibots/ros2_ws/install/micro_ros_msgs/share/micro_ros_msgs/hook/ld_library_path_lib.sh'
[3.730s] Level 1:colcon.colcon_core.environment:checking '/home/epiibots/ros2_ws/install/micro_ros_msgs/bin'
[3.730s] Level 1:colcon.colcon_core.environment:checking '/home/epiibots/ros2_ws/install/micro_ros_msgs/lib/pkgconfig/micro_ros_msgs.pc'
[3.733s] Level 1:colcon.colcon_core.environment:checking '/home/epiibots/ros2_ws/install/micro_ros_msgs/lib/python3.12/site-packages'
[3.736s] Level 1:colcon.colcon_core.shell:create_environment_hook('micro_ros_msgs', 'pythonpath')
[3.736s] INFO:colcon.colcon_core.shell:Creating environment hook '/home/epiibots/ros2_ws/install/micro_ros_msgs/share/micro_ros_msgs/hook/pythonpath.ps1'
[3.741s] INFO:colcon.colcon_core.shell:Creating environment descriptor '/home/epiibots/ros2_ws/install/micro_ros_msgs/share/micro_ros_msgs/hook/pythonpath.dsv'
[3.744s] INFO:colcon.colcon_core.shell:Creating environment hook '/home/epiibots/ros2_ws/install/micro_ros_msgs/share/micro_ros_msgs/hook/pythonpath.sh'
[3.747s] Level 1:colcon.colcon_core.environment:checking '/home/epiibots/ros2_ws/install/micro_ros_msgs/bin'
[3.749s] INFO:colcon.colcon_core.shell:Creating package script '/home/epiibots/ros2_ws/install/micro_ros_msgs/share/micro_ros_msgs/package.ps1'
[3.751s] INFO:colcon.colcon_core.shell:Creating package descriptor '/home/epiibots/ros2_ws/install/micro_ros_msgs/share/micro_ros_msgs/package.dsv'
[3.754s] INFO:colcon.colcon_core.shell:Creating package script '/home/epiibots/ros2_ws/install/micro_ros_msgs/share/micro_ros_msgs/package.sh'
[3.756s] INFO:colcon.colcon_core.shell:Creating package script '/home/epiibots/ros2_ws/install/micro_ros_msgs/share/micro_ros_msgs/package.bash'
[3.757s] INFO:colcon.colcon_core.shell:Creating package script '/home/epiibots/ros2_ws/install/micro_ros_msgs/share/micro_ros_msgs/package.zsh'
[3.761s] Level 1:colcon.colcon_core.environment:create_file_with_runtime_dependencies(/home/epiibots/ros2_ws/install/micro_ros_msgs/share/colcon-core/packages/micro_ros_msgs)
[3.763s] INFO:colcon.colcon_ros.task.ament_python.build:Building ROS package in '/home/epiibots/ros2_ws/src/detector' with build type 'ament_python'
[3.764s] Level 1:colcon.colcon_core.shell:create_environment_hook('detector', 'ament_prefix_path')
[3.765s] INFO:colcon.colcon_core.shell:Creating environment hook '/home/epiibots/ros2_ws/install/detector/share/detector/hook/ament_prefix_path.ps1'
[3.768s] INFO:colcon.colcon_core.shell:Creating environment descriptor '/home/epiibots/ros2_ws/install/detector/share/detector/hook/ament_prefix_path.dsv'
[3.773s] INFO:colcon.colcon_core.shell:Creating environment hook '/home/epiibots/ros2_ws/install/detector/share/detector/hook/ament_prefix_path.sh'
[3.777s] INFO:colcon.colcon_core.shell:Skip shell extension 'powershell' for command environment: Not usable outside of PowerShell
[3.777s] DEBUG:colcon.colcon_core.shell:Skip shell extension 'dsv' for command environment
[4.627s] INFO:colcon.colcon_core.task.python.build:Building Python package in '/home/epiibots/ros2_ws/src/detector'
[4.628s] INFO:colcon.colcon_core.shell:Skip shell extension 'powershell' for command environment: Not usable outside of PowerShell
[4.628s] DEBUG:colcon.colcon_core.shell:Skip shell extension 'dsv' for command environment
[4.657s] DEBUG:colcon.colcon_core.event_handler.log_command:Invoking command in '/home/epiibots/ros2_ws/src/bno055': DEBUGINFOD_URLS=https://debuginfod.ubuntu.com PYTHONPATH=/home/epiibots/ros2_ws/build/bno055/prefix_override:/usr/lib/python3/dist-packages/colcon_core/task/python/colcon_distutils_commands:/home/epiibots/ros2_ws/install/bno055/lib/python3.12/site-packages:${PYTHONPATH} /usr/bin/python3 -W ignore:setup.py install is deprecated -W ignore:easy_install command is deprecated setup.py egg_info --egg-base ../../build/bno055 build --build-base /home/epiibots/ros2_ws/build/bno055/build install --record /home/epiibots/ros2_ws/build/bno055/install.log --single-version-externally-managed install_data
[4.660s] DEBUG:colcon.colcon_core.event_handler.log_command:Invoking command in '/home/epiibots/ros2_ws/src/calibration': DEBUGINFOD_URLS=https://debuginfod.ubuntu.com PYTHONPATH=/home/epiibots/ros2_ws/build/calibration/prefix_override:/usr/lib/python3/dist-packages/colcon_core/task/python/colcon_distutils_commands:/home/epiibots/ros2_ws/install/calibration/lib/python3.12/site-packages:${PYTHONPATH} /usr/bin/python3 -W ignore:setup.py install is deprecated -W ignore:easy_install command is deprecated setup.py egg_info --egg-base ../../build/calibration build --build-base /home/epiibots/ros2_ws/build/calibration/build install --record /home/epiibots/ros2_ws/build/calibration/install.log --single-version-externally-managed install_data
[6.246s] DEBUG:colcon.colcon_core.event_handler.log_command:Invoking command in '/home/epiibots/ros2_ws/src/carrinho_base': DEBUGINFOD_URLS=https://debuginfod.ubuntu.com PYTHONPATH=/home/epiibots/ros2_ws/build/carrinho_base/prefix_override:/usr/lib/python3/dist-packages/colcon_core/task/python/colcon_distutils_commands:/home/epiibots/ros2_ws/install/carrinho_base/lib/python3.12/site-packages:${PYTHONPATH} /usr/bin/python3 -W ignore:setup.py install is deprecated -W ignore:easy_install command is deprecated setup.py egg_info --egg-base ../../build/carrinho_base build --build-base /home/epiibots/ros2_ws/build/carrinho_base/build install --record /home/epiibots/ros2_ws/build/carrinho_base/install.log --single-version-externally-managed install_data
[6.367s] Level 1:colcon.colcon_core.environment:checking '/home/epiibots/ros2_ws/install/calibration' for CMake module files
[6.368s] DEBUG:colcon.colcon_core.event_handler.log_command:Invoked command in '/home/epiibots/ros2_ws/src/calibration' returned '0': DEBUGINFOD_URLS=https://debuginfod.ubuntu.com PYTHONPATH=/home/epiibots/ros2_ws/build/calibration/prefix_override:/usr/lib/python3/dist-packages/colcon_core/task/python/colcon_distutils_commands:/home/epiibots/ros2_ws/install/calibration/lib/python3.12/site-packages:${PYTHONPATH} /usr/bin/python3 -W ignore:setup.py install is deprecated -W ignore:easy_install command is deprecated setup.py egg_info --egg-base ../../build/calibration build --build-base /home/epiibots/ros2_ws/build/calibration/build install --record /home/epiibots/ros2_ws/build/calibration/install.log --single-version-externally-managed install_data
[6.371s] Level 1:colcon.colcon_core.environment:checking '/home/epiibots/ros2_ws/install/calibration' for CMake config files
[6.372s] Level 1:colcon.colcon_core.environment:checking '/home/epiibots/ros2_ws/install/calibration/lib'
[6.375s] Level 1:colcon.colcon_core.environment:checking '/home/epiibots/ros2_ws/install/calibration/bin'
[6.376s] Level 1:colcon.colcon_core.environment:checking '/home/epiibots/ros2_ws/install/calibration/lib/pkgconfig/calibration.pc'
[6.376s] Level 1:colcon.colcon_core.environment:checking '/home/epiibots/ros2_ws/install/calibration/lib/python3.12/site-packages'
[6.376s] Level 1:colcon.colcon_core.shell:create_environment_hook('calibration', 'pythonpath')
[6.377s] INFO:colcon.colcon_core.shell:Creating environment hook '/home/epiibots/ros2_ws/install/calibration/share/calibration/hook/pythonpath.ps1'
[6.383s] INFO:colcon.colcon_core.shell:Creating environment descriptor '/home/epiibots/ros2_ws/install/calibration/share/calibration/hook/pythonpath.dsv'
[6.389s] INFO:colcon.colcon_core.shell:Creating environment hook '/home/epiibots/ros2_ws/install/calibration/share/calibration/hook/pythonpath.sh'
[6.391s] Level 1:colcon.colcon_core.environment:checking '/home/epiibots/ros2_ws/install/calibration/bin'
[6.392s] Level 1:colcon.colcon_core.environment:create_environment_scripts_only(calibration)
[6.396s] INFO:colcon.colcon_core.shell:Creating package script '/home/epiibots/ros2_ws/install/calibration/share/calibration/package.ps1'
[6.404s] INFO:colcon.colcon_core.shell:Creating package descriptor '/home/epiibots/ros2_ws/install/calibration/share/calibration/package.dsv'
[6.410s] INFO:colcon.colcon_core.shell:Creating package script '/home/epiibots/ros2_ws/install/calibration/share/calibration/package.sh'
[6.418s] INFO:colcon.colcon_core.shell:Creating package script '/home/epiibots/ros2_ws/install/calibration/share/calibration/package.bash'
[6.419s] INFO:colcon.colcon_core.shell:Creating package script '/home/epiibots/ros2_ws/install/calibration/share/calibration/package.zsh'
[6.431s] Level 1:colcon.colcon_core.environment:create_file_with_runtime_dependencies(/home/epiibots/ros2_ws/install/calibration/share/colcon-core/packages/calibration)
[6.435s] INFO:colcon.colcon_ros.task.ament_cmake.build:Building ROS package in '/home/epiibots/ros2_ws/src/uros/drive_base/drive_base_msgs' with build type 'ament_cmake'
[6.436s] INFO:colcon.colcon_cmake.task.cmake.build:Building CMake package in '/home/epiibots/ros2_ws/src/uros/drive_base/drive_base_msgs'
[6.438s] INFO:colcon.colcon_core.shell:Skip shell extension 'powershell' for command environment: Not usable outside of PowerShell
[6.441s] DEBUG:colcon.colcon_core.shell:Skip shell extension 'dsv' for command environment
[6.499s] DEBUG:colcon.colcon_core.event_handler.log_command:Invoking command in '/home/epiibots/ros2_ws/build/drive_base_msgs': CMAKE_PREFIX_PATH=${CMAKE_PREFIX_PATH}:/home/epiibots/ros2_ws/install/controlegeral_carrinho:/home/epiibots/ros2_ws/install/servo_steering:/home/epiibots/ros2_ws/install/pwm_rec:/home/epiibots/ros2_ws/install/lidar_teste:/home/epiibots/ros2_ws/install/detector:/home/epiibots/ros2_ws/install/carrinho_base:/home/epiibots/ros2_ws/install/calibration:/home/epiibots/ros2_ws/install/bno055:/opt/ros/jazzy DEBUGINFOD_URLS=https://debuginfod.ubuntu.com /usr/bin/cmake --build /home/epiibots/ros2_ws/build/drive_base_msgs -- -j4 -l4
[8.105s] Level 1:colcon.colcon_core.environment:checking '/home/epiibots/ros2_ws/install/bno055' for CMake module files
[8.106s] DEBUG:colcon.colcon_core.event_handler.log_command:Invoked command in '/home/epiibots/ros2_ws/src/bno055' returned '0': DEBUGINFOD_URLS=https://debuginfod.ubuntu.com PYTHONPATH=/home/epiibots/ros2_ws/build/bno055/prefix_override:/usr/lib/python3/dist-packages/colcon_core/task/python/colcon_distutils_commands:/home/epiibots/ros2_ws/install/bno055/lib/python3.12/site-packages:${PYTHONPATH} /usr/bin/python3 -W ignore:setup.py install is deprecated -W ignore:easy_install command is deprecated setup.py egg_info --egg-base ../../build/bno055 build --build-base /home/epiibots/ros2_ws/build/bno055/build install --record /home/epiibots/ros2_ws/build/bno055/install.log --single-version-externally-managed install_data
[8.107s] Level 1:colcon.colcon_core.environment:checking '/home/epiibots/ros2_ws/install/bno055' for CMake config files
[8.109s] Level 1:colcon.colcon_core.environment:checking '/home/epiibots/ros2_ws/install/bno055/lib'
[8.112s] Level 1:colcon.colcon_core.environment:checking '/home/epiibots/ros2_ws/install/bno055/bin'
[8.115s] Level 1:colcon.colcon_core.environment:checking '/home/epiibots/ros2_ws/install/bno055/lib/pkgconfig/bno055.pc'
[8.115s] Level 1:colcon.colcon_core.environment:checking '/home/epiibots/ros2_ws/install/bno055/lib/python3.12/site-packages'
[8.117s] Level 1:colcon.colcon_core.shell:create_environment_hook('bno055', 'pythonpath')
[8.119s] INFO:colcon.colcon_core.shell:Creating environment hook '/home/epiibots/ros2_ws/install/bno055/share/bno055/hook/pythonpath.ps1'
[8.121s] INFO:colcon.colcon_core.shell:Creating environment descriptor '/home/epiibots/ros2_ws/install/bno055/share/bno055/hook/pythonpath.dsv'
[8.126s] INFO:colcon.colcon_core.shell:Creating environment hook '/home/epiibots/ros2_ws/install/bno055/share/bno055/hook/pythonpath.sh'
[8.129s] Level 1:colcon.colcon_core.environment:checking '/home/epiibots/ros2_ws/install/bno055/bin'
[8.131s] Level 1:colcon.colcon_core.environment:create_environment_scripts_only(bno055)
[8.132s] INFO:colcon.colcon_core.shell:Creating package script '/home/epiibots/ros2_ws/install/bno055/share/bno055/package.ps1'
[8.136s] INFO:colcon.colcon_core.shell:Creating package descriptor '/home/epiibots/ros2_ws/install/bno055/share/bno055/package.dsv'
[8.139s] INFO:colcon.colcon_core.shell:Creating package script '/home/epiibots/ros2_ws/install/bno055/share/bno055/package.sh'
[8.142s] INFO:colcon.colcon_core.shell:Creating package script '/home/epiibots/ros2_ws/install/bno055/share/bno055/package.bash'
[8.146s] INFO:colcon.colcon_core.shell:Creating package script '/home/epiibots/ros2_ws/install/bno055/share/bno055/package.zsh'
[8.150s] Level 1:colcon.colcon_core.environment:create_file_with_runtime_dependencies(/home/epiibots/ros2_ws/install/bno055/share/colcon-core/packages/bno055)
[8.152s] INFO:colcon.colcon_ros.task.ament_python.build:Building ROS package in '/home/epiibots/ros2_ws/src/lidar_teste' with build type 'ament_python'
[8.153s] Level 1:colcon.colcon_core.shell:create_environment_hook('lidar_teste', 'ament_prefix_path')
[8.153s] INFO:colcon.colcon_core.shell:Creating environment hook '/home/epiibots/ros2_ws/install/lidar_teste/share/lidar_teste/hook/ament_prefix_path.ps1'
[8.161s] INFO:colcon.colcon_core.shell:Creating environment descriptor '/home/epiibots/ros2_ws/install/lidar_teste/share/lidar_teste/hook/ament_prefix_path.dsv'
[8.167s] INFO:colcon.colcon_core.shell:Creating environment hook '/home/epiibots/ros2_ws/install/lidar_teste/share/lidar_teste/hook/ament_prefix_path.sh'
[8.169s] INFO:colcon.colcon_core.shell:Skip shell extension 'powershell' for command environment: Not usable outside of PowerShell
[8.170s] DEBUG:colcon.colcon_core.shell:Skip shell extension 'dsv' for command environment
[9.119s] INFO:colcon.colcon_core.task.python.build:Building Python package in '/home/epiibots/ros2_ws/src/lidar_teste'
[9.120s] INFO:colcon.colcon_core.shell:Skip shell extension 'powershell' for command environment: Not usable outside of PowerShell
[9.120s] DEBUG:colcon.colcon_core.shell:Skip shell extension 'dsv' for command environment
[9.136s] DEBUG:colcon.colcon_core.event_handler.log_command:Invoking command in '/home/epiibots/ros2_ws/src/detector': DEBUGINFOD_URLS=https://debuginfod.ubuntu.com PYTHONPATH=/home/epiibots/ros2_ws/build/detector/prefix_override:/usr/lib/python3/dist-packages/colcon_core/task/python/colcon_distutils_commands:/home/epiibots/ros2_ws/install/detector/lib/python3.12/site-packages:${PYTHONPATH} /usr/bin/python3 -W ignore:setup.py install is deprecated -W ignore:easy_install command is deprecated setup.py egg_info --egg-base ../../build/detector build --build-base /home/epiibots/ros2_ws/build/detector/build install --record /home/epiibots/ros2_ws/build/detector/install.log --single-version-externally-managed install_data
[9.137s] DEBUG:colcon.colcon_core.event_handler.log_command:Invoked command in '/home/epiibots/ros2_ws/build/drive_base_msgs' returned '0': CMAKE_PREFIX_PATH=${CMAKE_PREFIX_PATH}:/home/epiibots/ros2_ws/install/controlegeral_carrinho:/home/epiibots/ros2_ws/install/servo_steering:/home/epiibots/ros2_ws/install/pwm_rec:/home/epiibots/ros2_ws/install/lidar_teste:/home/epiibots/ros2_ws/install/detector:/home/epiibots/ros2_ws/install/carrinho_base:/home/epiibots/ros2_ws/install/calibration:/home/epiibots/ros2_ws/install/bno055:/opt/ros/jazzy DEBUGINFOD_URLS=https://debuginfod.ubuntu.com /usr/bin/cmake --build /home/epiibots/ros2_ws/build/drive_base_msgs -- -j4 -l4
[9.144s] DEBUG:colcon.colcon_core.event_handler.log_command:Invoking command in '/home/epiibots/ros2_ws/build/drive_base_msgs': CMAKE_PREFIX_PATH=${CMAKE_PREFIX_PATH}:/home/epiibots/ros2_ws/install/controlegeral_carrinho:/home/epiibots/ros2_ws/install/servo_steering:/home/epiibots/ros2_ws/install/pwm_rec:/home/epiibots/ros2_ws/install/lidar_teste:/home/epiibots/ros2_ws/install/detector:/home/epiibots/ros2_ws/install/carrinho_base:/home/epiibots/ros2_ws/install/calibration:/home/epiibots/ros2_ws/install/bno055:/opt/ros/jazzy DEBUGINFOD_URLS=https://debuginfod.ubuntu.com /usr/bin/cmake --install /home/epiibots/ros2_ws/build/drive_base_msgs
[9.571s] Level 1:colcon.colcon_core.environment:create_environment_scripts_only(drive_base_msgs)
[9.572s] DEBUG:colcon.colcon_core.event_handler.log_command:Invoked command in '/home/epiibots/ros2_ws/build/drive_base_msgs' returned '0': CMAKE_PREFIX_PATH=${CMAKE_PREFIX_PATH}:/home/epiibots/ros2_ws/install/controlegeral_carrinho:/home/epiibots/ros2_ws/install/servo_steering:/home/epiibots/ros2_ws/install/pwm_rec:/home/epiibots/ros2_ws/install/lidar_teste:/home/epiibots/ros2_ws/install/detector:/home/epiibots/ros2_ws/install/carrinho_base:/home/epiibots/ros2_ws/install/calibration:/home/epiibots/ros2_ws/install/bno055:/opt/ros/jazzy DEBUGINFOD_URLS=https://debuginfod.ubuntu.com /usr/bin/cmake --install /home/epiibots/ros2_ws/build/drive_base_msgs
[9.575s] Level 1:colcon.colcon_core.environment:checking '/home/epiibots/ros2_ws/install/drive_base_msgs' for CMake module files
[9.585s] Level 1:colcon.colcon_core.environment:checking '/home/epiibots/ros2_ws/install/drive_base_msgs' for CMake config files
[9.587s] Level 1:colcon.colcon_core.shell:create_environment_hook('drive_base_msgs', 'cmake_prefix_path')
[9.591s] INFO:colcon.colcon_core.shell:Creating environment hook '/home/epiibots/ros2_ws/install/drive_base_msgs/share/drive_base_msgs/hook/cmake_prefix_path.ps1'
[9.597s] INFO:colcon.colcon_core.shell:Creating environment descriptor '/home/epiibots/ros2_ws/install/drive_base_msgs/share/drive_base_msgs/hook/cmake_prefix_path.dsv'
[9.601s] INFO:colcon.colcon_core.shell:Creating environment hook '/home/epiibots/ros2_ws/install/drive_base_msgs/share/drive_base_msgs/hook/cmake_prefix_path.sh'
[9.607s] Level 1:colcon.colcon_core.environment:checking '/home/epiibots/ros2_ws/install/drive_base_msgs/lib'
[9.608s] Level 1:colcon.colcon_core.shell:create_environment_hook('drive_base_msgs', 'ld_library_path_lib')
[9.609s] INFO:colcon.colcon_core.shell:Creating environment hook '/home/epiibots/ros2_ws/install/drive_base_msgs/share/drive_base_msgs/hook/ld_library_path_lib.ps1'
[9.614s] INFO:colcon.colcon_core.shell:Creating environment descriptor '/home/epiibots/ros2_ws/install/drive_base_msgs/share/drive_base_msgs/hook/ld_library_path_lib.dsv'
[9.618s] INFO:colcon.colcon_core.shell:Creating environment hook '/home/epiibots/ros2_ws/install/drive_base_msgs/share/drive_base_msgs/hook/ld_library_path_lib.sh'
[9.624s] Level 1:colcon.colcon_core.environment:checking '/home/epiibots/ros2_ws/install/drive_base_msgs/bin'
[9.624s] Level 1:colcon.colcon_core.environment:checking '/home/epiibots/ros2_ws/install/drive_base_msgs/lib/pkgconfig/drive_base_msgs.pc'
[9.625s] Level 1:colcon.colcon_core.environment:checking '/home/epiibots/ros2_ws/install/drive_base_msgs/lib/python3.12/site-packages'
[9.626s] Level 1:colcon.colcon_core.shell:create_environment_hook('drive_base_msgs', 'pythonpath')
[9.629s] INFO:colcon.colcon_core.shell:Creating environment hook '/home/epiibots/ros2_ws/install/drive_base_msgs/share/drive_base_msgs/hook/pythonpath.ps1'
[9.634s] INFO:colcon.colcon_core.shell:Creating environment descriptor '/home/epiibots/ros2_ws/install/drive_base_msgs/share/drive_base_msgs/hook/pythonpath.dsv'
[9.635s] INFO:colcon.colcon_core.shell:Creating environment hook '/home/epiibots/ros2_ws/install/drive_base_msgs/share/drive_base_msgs/hook/pythonpath.sh'
[9.646s] Level 1:colcon.colcon_core.environment:checking '/home/epiibots/ros2_ws/install/drive_base_msgs/bin'
[9.650s] INFO:colcon.colcon_core.shell:Creating package script '/home/epiibots/ros2_ws/install/drive_base_msgs/share/drive_base_msgs/package.ps1'
[9.657s] INFO:colcon.colcon_core.shell:Creating package descriptor '/home/epiibots/ros2_ws/install/drive_base_msgs/share/drive_base_msgs/package.dsv'
[9.660s] INFO:colcon.colcon_core.shell:Creating package script '/home/epiibots/ros2_ws/install/drive_base_msgs/share/drive_base_msgs/package.sh'
[9.662s] INFO:colcon.colcon_core.shell:Creating package script '/home/epiibots/ros2_ws/install/drive_base_msgs/share/drive_base_msgs/package.bash'
[9.664s] INFO:colcon.colcon_core.shell:Creating package script '/home/epiibots/ros2_ws/install/drive_base_msgs/share/drive_base_msgs/package.zsh'
[9.665s] Level 1:colcon.colcon_core.environment:create_file_with_runtime_dependencies(/home/epiibots/ros2_ws/install/drive_base_msgs/share/colcon-core/packages/drive_base_msgs)
[9.668s] Level 1:colcon.colcon_core.environment:create_environment_scripts_only(drive_base_msgs)
[9.669s] Level 1:colcon.colcon_core.environment:checking '/home/epiibots/ros2_ws/install/drive_base_msgs' for CMake module files
[9.671s] Level 1:colcon.colcon_core.environment:checking '/home/epiibots/ros2_ws/install/drive_base_msgs' for CMake config files
[9.672s] Level 1:colcon.colcon_core.shell:create_environment_hook('drive_base_msgs', 'cmake_prefix_path')
[9.673s] INFO:colcon.colcon_core.shell:Creating environment hook '/home/epiibots/ros2_ws/install/drive_base_msgs/share/drive_base_msgs/hook/cmake_prefix_path.ps1'
[9.674s] INFO:colcon.colcon_core.shell:Creating environment descriptor '/home/epiibots/ros2_ws/install/drive_base_msgs/share/drive_base_msgs/hook/cmake_prefix_path.dsv'
[9.676s] INFO:colcon.colcon_core.shell:Creating environment hook '/home/epiibots/ros2_ws/install/drive_base_msgs/share/drive_base_msgs/hook/cmake_prefix_path.sh'
[9.678s] Level 1:colcon.colcon_core.environment:checking '/home/epiibots/ros2_ws/install/drive_base_msgs/lib'
[9.678s] Level 1:colcon.colcon_core.shell:create_environment_hook('drive_base_msgs', 'ld_library_path_lib')
[9.679s] INFO:colcon.colcon_core.shell:Creating environment hook '/home/epiibots/ros2_ws/install/drive_base_msgs/share/drive_base_msgs/hook/ld_library_path_lib.ps1'
[9.680s] INFO:colcon.colcon_core.shell:Creating environment descriptor '/home/epiibots/ros2_ws/install/drive_base_msgs/share/drive_base_msgs/hook/ld_library_path_lib.dsv'
[9.682s] INFO:colcon.colcon_core.shell:Creating environment hook '/home/epiibots/ros2_ws/install/drive_base_msgs/share/drive_base_msgs/hook/ld_library_path_lib.sh'
[9.683s] Level 1:colcon.colcon_core.environment:checking '/home/epiibots/ros2_ws/install/drive_base_msgs/bin'
[9.684s] Level 1:colcon.colcon_core.environment:checking '/home/epiibots/ros2_ws/install/drive_base_msgs/lib/pkgconfig/drive_base_msgs.pc'
[9.684s] Level 1:colcon.colcon_core.environment:checking '/home/epiibots/ros2_ws/install/drive_base_msgs/lib/python3.12/site-packages'
[9.685s] Level 1:colcon.colcon_core.shell:create_environment_hook('drive_base_msgs', 'pythonpath')
[9.685s] INFO:colcon.colcon_core.shell:Creating environment hook '/home/epiibots/ros2_ws/install/drive_base_msgs/share/drive_base_msgs/hook/pythonpath.ps1'
[9.687s] INFO:colcon.colcon_core.shell:Creating environment descriptor '/home/epiibots/ros2_ws/install/drive_base_msgs/share/drive_base_msgs/hook/pythonpath.dsv'
[9.688s] INFO:colcon.colcon_core.shell:Creating environment hook '/home/epiibots/ros2_ws/install/drive_base_msgs/share/drive_base_msgs/hook/pythonpath.sh'
[9.690s] Level 1:colcon.colcon_core.environment:checking '/home/epiibots/ros2_ws/install/drive_base_msgs/bin'
[9.691s] INFO:colcon.colcon_core.shell:Creating package script '/home/epiibots/ros2_ws/install/drive_base_msgs/share/drive_base_msgs/package.ps1'
[9.694s] INFO:colcon.colcon_core.shell:Creating package descriptor '/home/epiibots/ros2_ws/install/drive_base_msgs/share/drive_base_msgs/package.dsv'
[9.696s] INFO:colcon.colcon_core.shell:Creating package script '/home/epiibots/ros2_ws/install/drive_base_msgs/share/drive_base_msgs/package.sh'
[9.699s] INFO:colcon.colcon_core.shell:Creating package script '/home/epiibots/ros2_ws/install/drive_base_msgs/share/drive_base_msgs/package.bash'
[9.701s] INFO:colcon.colcon_core.shell:Creating package script '/home/epiibots/ros2_ws/install/drive_base_msgs/share/drive_base_msgs/package.zsh'
[9.703s] Level 1:colcon.colcon_core.environment:create_file_with_runtime_dependencies(/home/epiibots/ros2_ws/install/drive_base_msgs/share/colcon-core/packages/drive_base_msgs)
[9.707s] INFO:colcon.colcon_ros.task.ament_cmake.build:Building ROS package in '/home/epiibots/ros2_ws/src/micro_ros_setup' with build type 'ament_cmake'
[9.709s] INFO:colcon.colcon_cmake.task.cmake.build:Building CMake package in '/home/epiibots/ros2_ws/src/micro_ros_setup'
[9.710s] INFO:colcon.colcon_core.shell:Skip shell extension 'powershell' for command environment: Not usable outside of PowerShell
[9.711s] DEBUG:colcon.colcon_core.shell:Skip shell extension 'dsv' for command environment
[9.726s] Level 1:colcon.colcon_core.environment:checking '/home/epiibots/ros2_ws/install/carrinho_base' for CMake module files
[9.726s] DEBUG:colcon.colcon_core.event_handler.log_command:Invoked command in '/home/epiibots/ros2_ws/src/carrinho_base' returned '0': DEBUGINFOD_URLS=https://debuginfod.ubuntu.com PYTHONPATH=/home/epiibots/ros2_ws/build/carrinho_base/prefix_override:/usr/lib/python3/dist-packages/colcon_core/task/python/colcon_distutils_commands:/home/epiibots/ros2_ws/install/carrinho_base/lib/python3.12/site-packages:${PYTHONPATH} /usr/bin/python3 -W ignore:setup.py install is deprecated -W ignore:easy_install command is deprecated setup.py egg_info --egg-base ../../build/carrinho_base build --build-base /home/epiibots/ros2_ws/build/carrinho_base/build install --record /home/epiibots/ros2_ws/build/carrinho_base/install.log --single-version-externally-managed install_data
[9.728s] Level 1:colcon.colcon_core.environment:checking '/home/epiibots/ros2_ws/install/carrinho_base' for CMake config files
[9.729s] Level 1:colcon.colcon_core.environment:checking '/home/epiibots/ros2_ws/install/carrinho_base/lib'
[9.729s] Level 1:colcon.colcon_core.environment:checking '/home/epiibots/ros2_ws/install/carrinho_base/bin'
[9.729s] Level 1:colcon.colcon_core.environment:checking '/home/epiibots/ros2_ws/install/carrinho_base/lib/pkgconfig/carrinho_base.pc'
[9.730s] Level 1:colcon.colcon_core.environment:checking '/home/epiibots/ros2_ws/install/carrinho_base/lib/python3.12/site-packages'
[9.730s] Level 1:colcon.colcon_core.shell:create_environment_hook('carrinho_base', 'pythonpath')
[9.731s] INFO:colcon.colcon_core.shell:Creating environment hook '/home/epiibots/ros2_ws/install/carrinho_base/share/carrinho_base/hook/pythonpath.ps1'
[9.733s] INFO:colcon.colcon_core.shell:Creating environment descriptor '/home/epiibots/ros2_ws/install/carrinho_base/share/carrinho_base/hook/pythonpath.dsv'
[9.737s] INFO:colcon.colcon_core.shell:Creating environment hook '/home/epiibots/ros2_ws/install/carrinho_base/share/carrinho_base/hook/pythonpath.sh'
[9.746s] Level 1:colcon.colcon_core.environment:checking '/home/epiibots/ros2_ws/install/carrinho_base/bin'
[9.747s] Level 1:colcon.colcon_core.environment:create_environment_scripts_only(carrinho_base)
[9.748s] INFO:colcon.colcon_core.shell:Creating package script '/home/epiibots/ros2_ws/install/carrinho_base/share/carrinho_base/package.ps1'
[9.749s] INFO:colcon.colcon_core.shell:Creating package descriptor '/home/epiibots/ros2_ws/install/carrinho_base/share/carrinho_base/package.dsv'
[9.753s] INFO:colcon.colcon_core.shell:Creating package script '/home/epiibots/ros2_ws/install/carrinho_base/share/carrinho_base/package.sh'
[9.754s] INFO:colcon.colcon_core.shell:Creating package script '/home/epiibots/ros2_ws/install/carrinho_base/share/carrinho_base/package.bash'
[9.758s] INFO:colcon.colcon_core.shell:Creating package script '/home/epiibots/ros2_ws/install/carrinho_base/share/carrinho_base/package.zsh'
[9.759s] Level 1:colcon.colcon_core.environment:create_file_with_runtime_dependencies(/home/epiibots/ros2_ws/install/carrinho_base/share/colcon-core/packages/carrinho_base)
[9.762s] INFO:colcon.colcon_ros.task.ament_python.build:Building ROS package in '/home/epiibots/ros2_ws/src/pwm_rec' with build type 'ament_python'
[9.763s] Level 1:colcon.colcon_core.shell:create_environment_hook('pwm_rec', 'ament_prefix_path')
[9.763s] INFO:colcon.colcon_core.shell:Creating environment hook '/home/epiibots/ros2_ws/install/pwm_rec/share/pwm_rec/hook/ament_prefix_path.ps1'
[9.765s] INFO:colcon.colcon_core.shell:Creating environment descriptor '/home/epiibots/ros2_ws/install/pwm_rec/share/pwm_rec/hook/ament_prefix_path.dsv'
[9.766s] INFO:colcon.colcon_core.shell:Creating environment hook '/home/epiibots/ros2_ws/install/pwm_rec/share/pwm_rec/hook/ament_prefix_path.sh'
[9.767s] INFO:colcon.colcon_core.shell:Skip shell extension 'powershell' for command environment: Not usable outside of PowerShell
[9.768s] DEBUG:colcon.colcon_core.shell:Skip shell extension 'dsv' for command environment
[9.793s] DEBUG:colcon.colcon_core.event_handler.log_command:Invoking command in '/home/epiibots/ros2_ws/build/micro_ros_setup': CMAKE_PREFIX_PATH=${CMAKE_PREFIX_PATH}:/home/epiibots/ros2_ws/install/controlegeral_carrinho:/home/epiibots/ros2_ws/install/servo_steering:/home/epiibots/ros2_ws/install/pwm_rec:/home/epiibots/ros2_ws/install/lidar_teste:/home/epiibots/ros2_ws/install/detector:/home/epiibots/ros2_ws/install/carrinho_base:/home/epiibots/ros2_ws/install/calibration:/home/epiibots/ros2_ws/install/bno055:/opt/ros/jazzy DEBUGINFOD_URLS=https://debuginfod.ubuntu.com /usr/bin/cmake --build /home/epiibots/ros2_ws/build/micro_ros_setup -- -j4 -l4
[10.668s] INFO:colcon.colcon_core.task.python.build:Building Python package in '/home/epiibots/ros2_ws/src/pwm_rec'
[10.670s] INFO:colcon.colcon_core.shell:Skip shell extension 'powershell' for command environment: Not usable outside of PowerShell
[10.670s] DEBUG:colcon.colcon_core.shell:Skip shell extension 'dsv' for command environment
[10.697s] DEBUG:colcon.colcon_core.event_handler.log_command:Invoked command in '/home/epiibots/ros2_ws/build/micro_ros_setup' returned '0': CMAKE_PREFIX_PATH=${CMAKE_PREFIX_PATH}:/home/epiibots/ros2_ws/install/controlegeral_carrinho:/home/epiibots/ros2_ws/install/servo_steering:/home/epiibots/ros2_ws/install/pwm_rec:/home/epiibots/ros2_ws/install/lidar_teste:/home/epiibots/ros2_ws/install/detector:/home/epiibots/ros2_ws/install/carrinho_base:/home/epiibots/ros2_ws/install/calibration:/home/epiibots/ros2_ws/install/bno055:/opt/ros/jazzy DEBUGINFOD_URLS=https://debuginfod.ubuntu.com /usr/bin/cmake --build /home/epiibots/ros2_ws/build/micro_ros_setup -- -j4 -l4
[10.698s] DEBUG:colcon.colcon_core.event_handler.log_command:Invoking command in '/home/epiibots/ros2_ws/build/micro_ros_setup': CMAKE_PREFIX_PATH=${CMAKE_PREFIX_PATH}:/home/epiibots/ros2_ws/install/controlegeral_carrinho:/home/epiibots/ros2_ws/install/servo_steering:/home/epiibots/ros2_ws/install/pwm_rec:/home/epiibots/ros2_ws/install/lidar_teste:/home/epiibots/ros2_ws/install/detector:/home/epiibots/ros2_ws/install/carrinho_base:/home/epiibots/ros2_ws/install/calibration:/home/epiibots/ros2_ws/install/bno055:/opt/ros/jazzy DEBUGINFOD_URLS=https://debuginfod.ubuntu.com /usr/bin/cmake --install /home/epiibots/ros2_ws/build/micro_ros_setup
[10.792s] Level 1:colcon.colcon_core.environment:create_environment_scripts_only(micro_ros_setup)
[10.792s] Level 1:colcon.colcon_core.environment:checking '/home/epiibots/ros2_ws/install/micro_ros_setup' for CMake module files
[10.793s] Level 1:colcon.colcon_core.environment:checking '/home/epiibots/ros2_ws/install/micro_ros_setup' for CMake config files
[10.794s] Level 1:colcon.colcon_core.shell:create_environment_hook('micro_ros_setup', 'cmake_prefix_path')
[10.801s] INFO:colcon.colcon_core.shell:Creating environment hook '/home/epiibots/ros2_ws/install/micro_ros_setup/share/micro_ros_setup/hook/cmake_prefix_path.ps1'
[10.808s] INFO:colcon.colcon_core.shell:Creating environment descriptor '/home/epiibots/ros2_ws/install/micro_ros_setup/share/micro_ros_setup/hook/cmake_prefix_path.dsv'
[10.820s] INFO:colcon.colcon_core.shell:Creating environment hook '/home/epiibots/ros2_ws/install/micro_ros_setup/share/micro_ros_setup/hook/cmake_prefix_path.sh'
[10.828s] Level 1:colcon.colcon_core.environment:checking '/home/epiibots/ros2_ws/install/micro_ros_setup/lib'
[10.829s] Level 1:colcon.colcon_core.environment:checking '/home/epiibots/ros2_ws/install/micro_ros_setup/bin'
[10.829s] Level 1:colcon.colcon_core.environment:checking '/home/epiibots/ros2_ws/install/micro_ros_setup/lib/pkgconfig/micro_ros_setup.pc'
[10.830s] Level 1:colcon.colcon_core.environment:checking '/home/epiibots/ros2_ws/install/micro_ros_setup/lib/python3.12/site-packages'
[10.837s] Level 1:colcon.colcon_core.environment:checking '/home/epiibots/ros2_ws/install/micro_ros_setup/bin'
[10.840s] DEBUG:colcon.colcon_core.event_handler.log_command:Invoked command in '/home/epiibots/ros2_ws/build/micro_ros_setup' returned '0': CMAKE_PREFIX_PATH=${CMAKE_PREFIX_PATH}:/home/epiibots/ros2_ws/install/controlegeral_carrinho:/home/epiibots/ros2_ws/install/servo_steering:/home/epiibots/ros2_ws/install/pwm_rec:/home/epiibots/ros2_ws/install/lidar_teste:/home/epiibots/ros2_ws/install/detector:/home/epiibots/ros2_ws/install/carrinho_base:/home/epiibots/ros2_ws/install/calibration:/home/epiibots/ros2_ws/install/bno055:/opt/ros/jazzy DEBUGINFOD_URLS=https://debuginfod.ubuntu.com /usr/bin/cmake --install /home/epiibots/ros2_ws/build/micro_ros_setup
[10.843s] INFO:colcon.colcon_core.shell:Creating package script '/home/epiibots/ros2_ws/install/micro_ros_setup/share/micro_ros_setup/package.ps1'
[10.853s] INFO:colcon.colcon_core.shell:Creating package descriptor '/home/epiibots/ros2_ws/install/micro_ros_setup/share/micro_ros_setup/package.dsv'
[10.861s] INFO:colcon.colcon_core.shell:Creating package script '/home/epiibots/ros2_ws/install/micro_ros_setup/share/micro_ros_setup/package.sh'
[10.867s] INFO:colcon.colcon_core.shell:Creating package script '/home/epiibots/ros2_ws/install/micro_ros_setup/share/micro_ros_setup/package.bash'
[10.869s] INFO:colcon.colcon_core.shell:Creating package script '/home/epiibots/ros2_ws/install/micro_ros_setup/share/micro_ros_setup/package.zsh'
[10.877s] Level 1:colcon.colcon_core.environment:create_file_with_runtime_dependencies(/home/epiibots/ros2_ws/install/micro_ros_setup/share/colcon-core/packages/micro_ros_setup)
[10.885s] Level 1:colcon.colcon_core.environment:create_environment_scripts_only(micro_ros_setup)
[10.886s] Level 1:colcon.colcon_core.environment:checking '/home/epiibots/ros2_ws/install/micro_ros_setup' for CMake module files
[10.891s] Level 1:colcon.colcon_core.environment:checking '/home/epiibots/ros2_ws/install/micro_ros_setup' for CMake config files
[10.892s] Level 1:colcon.colcon_core.shell:create_environment_hook('micro_ros_setup', 'cmake_prefix_path')
[10.893s] INFO:colcon.colcon_core.shell:Creating environment hook '/home/epiibots/ros2_ws/install/micro_ros_setup/share/micro_ros_setup/hook/cmake_prefix_path.ps1'
[10.900s] INFO:colcon.colcon_core.shell:Creating environment descriptor '/home/epiibots/ros2_ws/install/micro_ros_setup/share/micro_ros_setup/hook/cmake_prefix_path.dsv'
[10.906s] INFO:colcon.colcon_core.shell:Creating environment hook '/home/epiibots/ros2_ws/install/micro_ros_setup/share/micro_ros_setup/hook/cmake_prefix_path.sh'
[10.911s] Level 1:colcon.colcon_core.environment:checking '/home/epiibots/ros2_ws/install/micro_ros_setup/lib'
[10.911s] Level 1:colcon.colcon_core.environment:checking '/home/epiibots/ros2_ws/install/micro_ros_setup/bin'
[10.914s] Level 1:colcon.colcon_core.environment:checking '/home/epiibots/ros2_ws/install/micro_ros_setup/lib/pkgconfig/micro_ros_setup.pc'
[10.915s] Level 1:colcon.colcon_core.environment:checking '/home/epiibots/ros2_ws/install/micro_ros_setup/lib/python3.12/site-packages'
[10.915s] Level 1:colcon.colcon_core.environment:checking '/home/epiibots/ros2_ws/install/micro_ros_setup/bin'
[10.919s] INFO:colcon.colcon_core.shell:Creating package script '/home/epiibots/ros2_ws/install/micro_ros_setup/share/micro_ros_setup/package.ps1'
[10.921s] INFO:colcon.colcon_core.shell:Creating package descriptor '/home/epiibots/ros2_ws/install/micro_ros_setup/share/micro_ros_setup/package.dsv'
[10.928s] INFO:colcon.colcon_core.shell:Creating package script '/home/epiibots/ros2_ws/install/micro_ros_setup/share/micro_ros_setup/package.sh'
[10.932s] INFO:colcon.colcon_core.shell:Creating package script '/home/epiibots/ros2_ws/install/micro_ros_setup/share/micro_ros_setup/package.bash'
[10.938s] INFO:colcon.colcon_core.shell:Creating package script '/home/epiibots/ros2_ws/install/micro_ros_setup/share/micro_ros_setup/package.zsh'
[10.940s] Level 1:colcon.colcon_core.environment:create_file_with_runtime_dependencies(/home/epiibots/ros2_ws/install/micro_ros_setup/share/colcon-core/packages/micro_ros_setup)
[10.942s] INFO:colcon.colcon_ros.task.ament_python.build:Building ROS package in '/home/epiibots/ros2_ws/src/servo_steering' with build type 'ament_python'
[10.943s] Level 1:colcon.colcon_core.shell:create_environment_hook('servo_steering', 'ament_prefix_path')
[10.945s] INFO:colcon.colcon_core.shell:Creating environment hook '/home/epiibots/ros2_ws/install/servo_steering/share/servo_steering/hook/ament_prefix_path.ps1'
[10.949s] INFO:colcon.colcon_core.shell:Creating environment descriptor '/home/epiibots/ros2_ws/install/servo_steering/share/servo_steering/hook/ament_prefix_path.dsv'
[10.951s] INFO:colcon.colcon_core.shell:Creating environment hook '/home/epiibots/ros2_ws/install/servo_steering/share/servo_steering/hook/ament_prefix_path.sh'
[10.958s] INFO:colcon.colcon_core.shell:Skip shell extension 'powershell' for command environment: Not usable outside of PowerShell
[10.959s] DEBUG:colcon.colcon_core.shell:Skip shell extension 'dsv' for command environment
[12.468s] INFO:colcon.colcon_core.task.python.build:Building Python package in '/home/epiibots/ros2_ws/src/servo_steering'
[12.469s] INFO:colcon.colcon_core.shell:Skip shell extension 'powershell' for command environment: Not usable outside of PowerShell
[12.469s] DEBUG:colcon.colcon_core.shell:Skip shell extension 'dsv' for command environment
[12.868s] DEBUG:colcon.colcon_core.event_handler.log_command:Invoking command in '/home/epiibots/ros2_ws/src/lidar_teste': DEBUGINFOD_URLS=https://debuginfod.ubuntu.com PYTHONPATH=/home/epiibots/ros2_ws/build/lidar_teste/prefix_override:/usr/lib/python3/dist-packages/colcon_core/task/python/colcon_distutils_commands:/home/epiibots/ros2_ws/install/lidar_teste/lib/python3.12/site-packages:${PYTHONPATH} /usr/bin/python3 -W ignore:setup.py install is deprecated -W ignore:easy_install command is deprecated setup.py egg_info --egg-base ../../build/lidar_teste build --build-base /home/epiibots/ros2_ws/build/lidar_teste/build install --record /home/epiibots/ros2_ws/build/lidar_teste/install.log --single-version-externally-managed install_data
[12.881s] DEBUG:colcon.colcon_core.event_handler.log_command:Invoking command in '/home/epiibots/ros2_ws/src/pwm_rec': DEBUGINFOD_URLS=https://debuginfod.ubuntu.com PYTHONPATH=/home/epiibots/ros2_ws/build/pwm_rec/prefix_override:/usr/lib/python3/dist-packages/colcon_core/task/python/colcon_distutils_commands:/home/epiibots/ros2_ws/install/pwm_rec/lib/python3.12/site-packages:${PYTHONPATH} /usr/bin/python3 -W ignore:setup.py install is deprecated -W ignore:easy_install command is deprecated setup.py egg_info --egg-base ../../build/pwm_rec build --build-base /home/epiibots/ros2_ws/build/pwm_rec/build install --record /home/epiibots/ros2_ws/build/pwm_rec/install.log --single-version-externally-managed install_data
[13.001s] Level 1:colcon.colcon_core.environment:checking '/home/epiibots/ros2_ws/install/detector' for CMake module files
[13.002s] Level 1:colcon.colcon_core.environment:checking '/home/epiibots/ros2_ws/install/detector' for CMake config files
[13.009s] DEBUG:colcon.colcon_core.event_handler.log_command:Invoked command in '/home/epiibots/ros2_ws/src/detector' returned '0': DEBUGINFOD_URLS=https://debuginfod.ubuntu.com PYTHONPATH=/home/epiibots/ros2_ws/build/detector/prefix_override:/usr/lib/python3/dist-packages/colcon_core/task/python/colcon_distutils_commands:/home/epiibots/ros2_ws/install/detector/lib/python3.12/site-packages:${PYTHONPATH} /usr/bin/python3 -W ignore:setup.py install is deprecated -W ignore:easy_install command is deprecated setup.py egg_info --egg-base ../../build/detector build --build-base /home/epiibots/ros2_ws/build/detector/build install --record /home/epiibots/ros2_ws/build/detector/install.log --single-version-externally-managed install_data
[13.010s] Level 1:colcon.colcon_core.environment:checking '/home/epiibots/ros2_ws/install/detector/lib'
[13.010s] Level 1:colcon.colcon_core.environment:checking '/home/epiibots/ros2_ws/install/detector/bin'
[13.010s] Level 1:colcon.colcon_core.environment:checking '/home/epiibots/ros2_ws/install/detector/lib/pkgconfig/detector.pc'
[13.011s] Level 1:colcon.colcon_core.environment:checking '/home/epiibots/ros2_ws/install/detector/lib/python3.12/site-packages'
[13.011s] Level 1:colcon.colcon_core.shell:create_environment_hook('detector', 'pythonpath')
[13.019s] INFO:colcon.colcon_core.shell:Creating environment hook '/home/epiibots/ros2_ws/install/detector/share/detector/hook/pythonpath.ps1'
[13.021s] INFO:colcon.colcon_core.shell:Creating environment descriptor '/home/epiibots/ros2_ws/install/detector/share/detector/hook/pythonpath.dsv'
[13.033s] INFO:colcon.colcon_core.shell:Creating environment hook '/home/epiibots/ros2_ws/install/detector/share/detector/hook/pythonpath.sh'
[13.037s] Level 1:colcon.colcon_core.environment:checking '/home/epiibots/ros2_ws/install/detector/bin'
[13.037s] Level 1:colcon.colcon_core.environment:create_environment_scripts_only(detector)
[13.038s] INFO:colcon.colcon_core.shell:Creating package script '/home/epiibots/ros2_ws/install/detector/share/detector/package.ps1'
[13.045s] INFO:colcon.colcon_core.shell:Creating package descriptor '/home/epiibots/ros2_ws/install/detector/share/detector/package.dsv'
[13.053s] INFO:colcon.colcon_core.shell:Creating package script '/home/epiibots/ros2_ws/install/detector/share/detector/package.sh'
[13.062s] INFO:colcon.colcon_core.shell:Creating package script '/home/epiibots/ros2_ws/install/detector/share/detector/package.bash'
[13.070s] INFO:colcon.colcon_core.shell:Creating package script '/home/epiibots/ros2_ws/install/detector/share/detector/package.zsh'
[13.078s] Level 1:colcon.colcon_core.environment:create_file_with_runtime_dependencies(/home/epiibots/ros2_ws/install/detector/share/colcon-core/packages/detector)
[13.085s] INFO:colcon.colcon_ros.task.ament_python.build:Building ROS package in '/home/epiibots/ros2_ws/src/controlegeral_carrinho' with build type 'ament_python'
[13.086s] Level 1:colcon.colcon_core.shell:create_environment_hook('controlegeral_carrinho', 'ament_prefix_path')
[13.088s] INFO:colcon.colcon_core.shell:Creating environment hook '/home/epiibots/ros2_ws/install/controlegeral_carrinho/share/controlegeral_carrinho/hook/ament_prefix_path.ps1'
[13.095s] INFO:colcon.colcon_core.shell:Creating environment descriptor '/home/epiibots/ros2_ws/install/controlegeral_carrinho/share/controlegeral_carrinho/hook/ament_prefix_path.dsv'
[13.101s] INFO:colcon.colcon_core.shell:Creating environment hook '/home/epiibots/ros2_ws/install/controlegeral_carrinho/share/controlegeral_carrinho/hook/ament_prefix_path.sh'
[13.122s] INFO:colcon.colcon_core.shell:Skip shell extension 'powershell' for command environment: Not usable outside of PowerShell
[13.122s] DEBUG:colcon.colcon_core.shell:Skip shell extension 'dsv' for command environment
[14.206s] INFO:colcon.colcon_core.task.python.build:Building Python package in '/home/epiibots/ros2_ws/src/controlegeral_carrinho'
[14.207s] INFO:colcon.colcon_core.shell:Skip shell extension 'powershell' for command environment: Not usable outside of PowerShell
[14.207s] DEBUG:colcon.colcon_core.shell:Skip shell extension 'dsv' for command environment
[15.383s] Level 1:colcon.colcon_core.environment:checking '/home/epiibots/ros2_ws/install/lidar_teste' for CMake module files
[15.385s] Level 1:colcon.colcon_core.environment:checking '/home/epiibots/ros2_ws/install/lidar_teste' for CMake config files
[15.385s] Level 1:colcon.colcon_core.environment:checking '/home/epiibots/ros2_ws/install/lidar_teste/lib'
[15.386s] Level 1:colcon.colcon_core.environment:checking '/home/epiibots/ros2_ws/install/lidar_teste/bin'
[15.386s] Level 1:colcon.colcon_core.environment:checking '/home/epiibots/ros2_ws/install/lidar_teste/lib/pkgconfig/lidar_teste.pc'
[15.384s] DEBUG:colcon.colcon_core.event_handler.log_command:Invoked command in '/home/epiibots/ros2_ws/src/lidar_teste' returned '0': DEBUGINFOD_URLS=https://debuginfod.ubuntu.com PYTHONPATH=/home/epiibots/ros2_ws/build/lidar_teste/prefix_override:/usr/lib/python3/dist-packages/colcon_core/task/python/colcon_distutils_commands:/home/epiibots/ros2_ws/install/lidar_teste/lib/python3.12/site-packages:${PYTHONPATH} /usr/bin/python3 -W ignore:setup.py install is deprecated -W ignore:easy_install command is deprecated setup.py egg_info --egg-base ../../build/lidar_teste build --build-base /home/epiibots/ros2_ws/build/lidar_teste/build install --record /home/epiibots/ros2_ws/build/lidar_teste/install.log --single-version-externally-managed install_data
[15.386s] Level 1:colcon.colcon_core.environment:checking '/home/epiibots/ros2_ws/install/lidar_teste/lib/python3.12/site-packages'
[15.386s] Level 1:colcon.colcon_core.shell:create_environment_hook('lidar_teste', 'pythonpath')
[15.387s] INFO:colcon.colcon_core.shell:Creating environment hook '/home/epiibots/ros2_ws/install/lidar_teste/share/lidar_teste/hook/pythonpath.ps1'
[15.388s] INFO:colcon.colcon_core.shell:Creating environment descriptor '/home/epiibots/ros2_ws/install/lidar_teste/share/lidar_teste/hook/pythonpath.dsv'
[15.391s] INFO:colcon.colcon_core.shell:Creating environment hook '/home/epiibots/ros2_ws/install/lidar_teste/share/lidar_teste/hook/pythonpath.sh'
[15.392s] Level 1:colcon.colcon_core.environment:checking '/home/epiibots/ros2_ws/install/lidar_teste/bin'
[15.393s] Level 1:colcon.colcon_core.environment:create_environment_scripts_only(lidar_teste)
[15.394s] INFO:colcon.colcon_core.shell:Creating package script '/home/epiibots/ros2_ws/install/lidar_teste/share/lidar_teste/package.ps1'
[15.395s] INFO:colcon.colcon_core.shell:Creating package descriptor '/home/epiibots/ros2_ws/install/lidar_teste/share/lidar_teste/package.dsv'
[15.396s] INFO:colcon.colcon_core.shell:Creating package script '/home/epiibots/ros2_ws/install/lidar_teste/share/lidar_teste/package.sh'
[15.397s] INFO:colcon.colcon_core.shell:Creating package script '/home/epiibots/ros2_ws/install/lidar_teste/share/lidar_teste/package.bash'
[15.399s] INFO:colcon.colcon_core.shell:Creating package script '/home/epiibots/ros2_ws/install/lidar_teste/share/lidar_teste/package.zsh'
[15.400s] Level 1:colcon.colcon_core.environment:create_file_with_runtime_dependencies(/home/epiibots/ros2_ws/install/lidar_teste/share/colcon-core/packages/lidar_teste)
[15.401s] INFO:colcon.colcon_ros.task.ament_cmake.build:Building ROS package in '/home/epiibots/ros2_ws/src/uros/micro-ROS-Agent/micro_ros_agent' with build type 'ament_cmake'
[15.402s] INFO:colcon.colcon_cmake.task.cmake.build:Building CMake package in '/home/epiibots/ros2_ws/src/uros/micro-ROS-Agent/micro_ros_agent'
[15.403s] INFO:colcon.colcon_core.shell:Skip shell extension 'powershell' for command environment: Not usable outside of PowerShell
[15.403s] DEBUG:colcon.colcon_core.shell:Skip shell extension 'dsv' for command environment
[15.448s] DEBUG:colcon.colcon_core.event_handler.log_command:Invoking command in '/home/epiibots/ros2_ws/build/micro_ros_agent': CMAKE_PREFIX_PATH=/home/epiibots/ros2_ws/install/micro_ros_msgs:/home/epiibots/ros2_ws/install/sllidar_ros2:/home/epiibots/ros2_ws/install/micro_ros_setup:/home/epiibots/ros2_ws/install/micro_ros_agent:/home/epiibots/ros2_ws/install/drive_base_msgs:/opt/ros/jazzy/opt/gz_sim_vendor:/opt/ros/jazzy/opt/gz_sensors_vendor:/opt/ros/jazzy/opt/gz_physics_vendor:/opt/ros/jazzy/opt/sdformat_vendor:/opt/ros/jazzy/opt/gz_gui_vendor:/opt/ros/jazzy/opt/gz_transport_vendor:/opt/ros/jazzy/opt/gz_rendering_vendor:/opt/ros/jazzy/opt/gz_plugin_vendor:/opt/ros/jazzy/opt/gz_fuel_tools_vendor:/opt/ros/jazzy/opt/gz_msgs_vendor:/opt/ros/jazzy/opt/gz_common_vendor:/opt/ros/jazzy/opt/gz_math_vendor:/opt/ros/jazzy/opt/gz_utils_vendor:/opt/ros/jazzy/opt/gz_tools_vendor:/opt/ros/jazzy/opt/gz_ogre_next_vendor:/opt/ros/jazzy/opt/gz_dartsim_vendor:/opt/ros/jazzy/opt/gz_cmake_vendor:/home/epiibots/ros2_ws/install/controlegeral_carrinho:/home/epiibots/ros2_ws/install/servo_steering:/home/epiibots/ros2_ws/install/pwm_rec:/home/epiibots/ros2_ws/install/lidar_teste:/home/epiibots/ros2_ws/install/detector:/home/epiibots/ros2_ws/install/carrinho_base:/home/epiibots/ros2_ws/install/calibration:/home/epiibots/ros2_ws/install/bno055:/opt/ros/jazzy DEBUGINFOD_URLS=https://debuginfod.ubuntu.com LD_LIBRARY_PATH=/home/epiibots/ros2_ws/install/micro_ros_msgs/lib:/home/epiibots/ros2_ws/install/micro_ros_agent/lib:/home/epiibots/ros2_ws/install/drive_base_msgs/lib:/opt/ros/jazzy/opt/gz_sim_vendor/lib:/opt/ros/jazzy/opt/gz_sensors_vendor/lib:/opt/ros/jazzy/opt/gz_physics_vendor/lib:/opt/ros/jazzy/opt/sdformat_vendor/lib:/opt/ros/jazzy/opt/rviz_ogre_vendor/lib:/opt/ros/jazzy/lib/aarch64-linux-gnu:/opt/ros/jazzy/opt/gz_gui_vendor/lib:/opt/ros/jazzy/opt/gz_transport_vendor/lib:/opt/ros/jazzy/opt/gz_rendering_vendor/lib:/opt/ros/jazzy/opt/gz_plugin_vendor/lib:/opt/ros/jazzy/opt/gz_fuel_tools_vendor/lib:/opt/ros/jazzy/opt/gz_msgs_vendor/lib:/opt/ros/jazzy/opt/gz_common_vendor/lib:/opt/ros/jazzy/opt/gz_math_vendor/lib:/opt/ros/jazzy/opt/gz_utils_vendor/lib:/opt/ros/jazzy/opt/gz_tools_vendor/lib:/opt/ros/jazzy/opt/gz_ogre_next_vendor/lib:/opt/ros/jazzy/opt/gz_dartsim_vendor/lib:/opt/ros/jazzy/opt/gz_cmake_vendor/lib:/opt/ros/jazzy/lib PYTHONPATH=/home/epiibots/ros2_ws/install/micro_ros_msgs/lib/python3.12/site-packages:/home/epiibots/ros2_ws/install/controlegeral_carrinho/lib/python3.12/site-packages:/home/epiibots/ros2_ws/install/servo_steering/lib/python3.12/site-packages:/home/epiibots/ros2_ws/install/pwm_rec/lib/python3.12/site-packages:/home/epiibots/ros2_ws/install/lidar_teste/lib/python3.12/site-packages:/home/epiibots/ros2_ws/install/drive_base_msgs/lib/python3.12/site-packages:/home/epiibots/ros2_ws/install/detector/lib/python3.12/site-packages:/home/epiibots/ros2_ws/install/carrinho_base/lib/python3.12/site-packages:/home/epiibots/ros2_ws/install/calibration/lib/python3.12/site-packages:/home/epiibots/ros2_ws/install/bno055/lib/python3.12/site-packages:/opt/ros/jazzy/lib/python3.12/site-packages /usr/bin/cmake --build /home/epiibots/ros2_ws/build/micro_ros_agent -- -j4 -l4
[15.987s] DEBUG:colcon.colcon_core.event_handler.log_command:Invoked command in '/home/epiibots/ros2_ws/build/micro_ros_agent' returned '0': CMAKE_PREFIX_PATH=/home/epiibots/ros2_ws/install/micro_ros_msgs:/home/epiibots/ros2_ws/install/sllidar_ros2:/home/epiibots/ros2_ws/install/micro_ros_setup:/home/epiibots/ros2_ws/install/micro_ros_agent:/home/epiibots/ros2_ws/install/drive_base_msgs:/opt/ros/jazzy/opt/gz_sim_vendor:/opt/ros/jazzy/opt/gz_sensors_vendor:/opt/ros/jazzy/opt/gz_physics_vendor:/opt/ros/jazzy/opt/sdformat_vendor:/opt/ros/jazzy/opt/gz_gui_vendor:/opt/ros/jazzy/opt/gz_transport_vendor:/opt/ros/jazzy/opt/gz_rendering_vendor:/opt/ros/jazzy/opt/gz_plugin_vendor:/opt/ros/jazzy/opt/gz_fuel_tools_vendor:/opt/ros/jazzy/opt/gz_msgs_vendor:/opt/ros/jazzy/opt/gz_common_vendor:/opt/ros/jazzy/opt/gz_math_vendor:/opt/ros/jazzy/opt/gz_utils_vendor:/opt/ros/jazzy/opt/gz_tools_vendor:/opt/ros/jazzy/opt/gz_ogre_next_vendor:/opt/ros/jazzy/opt/gz_dartsim_vendor:/opt/ros/jazzy/opt/gz_cmake_vendor:/home/epiibots/ros2_ws/install/controlegeral_carrinho:/home/epiibots/ros2_ws/install/servo_steering:/home/epiibots/ros2_ws/install/pwm_rec:/home/epiibots/ros2_ws/install/lidar_teste:/home/epiibots/ros2_ws/install/detector:/home/epiibots/ros2_ws/install/carrinho_base:/home/epiibots/ros2_ws/install/calibration:/home/epiibots/ros2_ws/install/bno055:/opt/ros/jazzy DEBUGINFOD_URLS=https://debuginfod.ubuntu.com LD_LIBRARY_PATH=/home/epiibots/ros2_ws/install/micro_ros_msgs/lib:/home/epiibots/ros2_ws/install/micro_ros_agent/lib:/home/epiibots/ros2_ws/install/drive_base_msgs/lib:/opt/ros/jazzy/opt/gz_sim_vendor/lib:/opt/ros/jazzy/opt/gz_sensors_vendor/lib:/opt/ros/jazzy/opt/gz_physics_vendor/lib:/opt/ros/jazzy/opt/sdformat_vendor/lib:/opt/ros/jazzy/opt/rviz_ogre_vendor/lib:/opt/ros/jazzy/lib/aarch64-linux-gnu:/opt/ros/jazzy/opt/gz_gui_vendor/lib:/opt/ros/jazzy/opt/gz_transport_vendor/lib:/opt/ros/jazzy/opt/gz_rendering_vendor/lib:/opt/ros/jazzy/opt/gz_plugin_vendor/lib:/opt/ros/jazzy/opt/gz_fuel_tools_vendor/lib:/opt/ros/jazzy/opt/gz_msgs_vendor/lib:/opt/ros/jazzy/opt/gz_common_vendor/lib:/opt/ros/jazzy/opt/gz_math_vendor/lib:/opt/ros/jazzy/opt/gz_utils_vendor/lib:/opt/ros/jazzy/opt/gz_tools_vendor/lib:/opt/ros/jazzy/opt/gz_ogre_next_vendor/lib:/opt/ros/jazzy/opt/gz_dartsim_vendor/lib:/opt/ros/jazzy/opt/gz_cmake_vendor/lib:/opt/ros/jazzy/lib PYTHONPATH=/home/epiibots/ros2_ws/install/micro_ros_msgs/lib/python3.12/site-packages:/home/epiibots/ros2_ws/install/controlegeral_carrinho/lib/python3.12/site-packages:/home/epiibots/ros2_ws/install/servo_steering/lib/python3.12/site-packages:/home/epiibots/ros2_ws/install/pwm_rec/lib/python3.12/site-packages:/home/epiibots/ros2_ws/install/lidar_teste/lib/python3.12/site-packages:/home/epiibots/ros2_ws/install/drive_base_msgs/lib/python3.12/site-packages:/home/epiibots/ros2_ws/install/detector/lib/python3.12/site-packages:/home/epiibots/ros2_ws/install/carrinho_base/lib/python3.12/site-packages:/home/epiibots/ros2_ws/install/calibration/lib/python3.12/site-packages:/home/epiibots/ros2_ws/install/bno055/lib/python3.12/site-packages:/opt/ros/jazzy/lib/python3.12/site-packages /usr/bin/cmake --build /home/epiibots/ros2_ws/build/micro_ros_agent -- -j4 -l4
[16.005s] DEBUG:colcon.colcon_core.event_handler.log_command:Invoking command in '/home/epiibots/ros2_ws/build/micro_ros_agent': CMAKE_PREFIX_PATH=/home/epiibots/ros2_ws/install/micro_ros_msgs:/home/epiibots/ros2_ws/install/sllidar_ros2:/home/epiibots/ros2_ws/install/micro_ros_setup:/home/epiibots/ros2_ws/install/micro_ros_agent:/home/epiibots/ros2_ws/install/drive_base_msgs:/opt/ros/jazzy/opt/gz_sim_vendor:/opt/ros/jazzy/opt/gz_sensors_vendor:/opt/ros/jazzy/opt/gz_physics_vendor:/opt/ros/jazzy/opt/sdformat_vendor:/opt/ros/jazzy/opt/gz_gui_vendor:/opt/ros/jazzy/opt/gz_transport_vendor:/opt/ros/jazzy/opt/gz_rendering_vendor:/opt/ros/jazzy/opt/gz_plugin_vendor:/opt/ros/jazzy/opt/gz_fuel_tools_vendor:/opt/ros/jazzy/opt/gz_msgs_vendor:/opt/ros/jazzy/opt/gz_common_vendor:/opt/ros/jazzy/opt/gz_math_vendor:/opt/ros/jazzy/opt/gz_utils_vendor:/opt/ros/jazzy/opt/gz_tools_vendor:/opt/ros/jazzy/opt/gz_ogre_next_vendor:/opt/ros/jazzy/opt/gz_dartsim_vendor:/opt/ros/jazzy/opt/gz_cmake_vendor:/home/epiibots/ros2_ws/install/controlegeral_carrinho:/home/epiibots/ros2_ws/install/servo_steering:/home/epiibots/ros2_ws/install/pwm_rec:/home/epiibots/ros2_ws/install/lidar_teste:/home/epiibots/ros2_ws/install/detector:/home/epiibots/ros2_ws/install/carrinho_base:/home/epiibots/ros2_ws/install/calibration:/home/epiibots/ros2_ws/install/bno055:/opt/ros/jazzy DEBUGINFOD_URLS=https://debuginfod.ubuntu.com LD_LIBRARY_PATH=/home/epiibots/ros2_ws/install/micro_ros_msgs/lib:/home/epiibots/ros2_ws/install/micro_ros_agent/lib:/home/epiibots/ros2_ws/install/drive_base_msgs/lib:/opt/ros/jazzy/opt/gz_sim_vendor/lib:/opt/ros/jazzy/opt/gz_sensors_vendor/lib:/opt/ros/jazzy/opt/gz_physics_vendor/lib:/opt/ros/jazzy/opt/sdformat_vendor/lib:/opt/ros/jazzy/opt/rviz_ogre_vendor/lib:/opt/ros/jazzy/lib/aarch64-linux-gnu:/opt/ros/jazzy/opt/gz_gui_vendor/lib:/opt/ros/jazzy/opt/gz_transport_vendor/lib:/opt/ros/jazzy/opt/gz_rendering_vendor/lib:/opt/ros/jazzy/opt/gz_plugin_vendor/lib:/opt/ros/jazzy/opt/gz_fuel_tools_vendor/lib:/opt/ros/jazzy/opt/gz_msgs_vendor/lib:/opt/ros/jazzy/opt/gz_common_vendor/lib:/opt/ros/jazzy/opt/gz_math_vendor/lib:/opt/ros/jazzy/opt/gz_utils_vendor/lib:/opt/ros/jazzy/opt/gz_tools_vendor/lib:/opt/ros/jazzy/opt/gz_ogre_next_vendor/lib:/opt/ros/jazzy/opt/gz_dartsim_vendor/lib:/opt/ros/jazzy/opt/gz_cmake_vendor/lib:/opt/ros/jazzy/lib PYTHONPATH=/home/epiibots/ros2_ws/install/micro_ros_msgs/lib/python3.12/site-packages:/home/epiibots/ros2_ws/install/controlegeral_carrinho/lib/python3.12/site-packages:/home/epiibots/ros2_ws/install/servo_steering/lib/python3.12/site-packages:/home/epiibots/ros2_ws/install/pwm_rec/lib/python3.12/site-packages:/home/epiibots/ros2_ws/install/lidar_teste/lib/python3.12/site-packages:/home/epiibots/ros2_ws/install/drive_base_msgs/lib/python3.12/site-packages:/home/epiibots/ros2_ws/install/detector/lib/python3.12/site-packages:/home/epiibots/ros2_ws/install/carrinho_base/lib/python3.12/site-packages:/home/epiibots/ros2_ws/install/calibration/lib/python3.12/site-packages:/home/epiibots/ros2_ws/install/bno055/lib/python3.12/site-packages:/opt/ros/jazzy/lib/python3.12/site-packages /usr/bin/cmake --install /home/epiibots/ros2_ws/build/micro_ros_agent
[16.103s] Level 1:colcon.colcon_core.environment:create_environment_scripts_only(micro_ros_agent)
[16.104s] Level 1:colcon.colcon_core.environment:checking '/home/epiibots/ros2_ws/install/micro_ros_agent' for CMake module files
[16.109s] Level 1:colcon.colcon_core.environment:checking '/home/epiibots/ros2_ws/install/micro_ros_agent' for CMake config files
[16.110s] Level 1:colcon.colcon_core.shell:create_environment_hook('micro_ros_agent', 'cmake_prefix_path')
[16.111s] INFO:colcon.colcon_core.shell:Creating environment hook '/home/epiibots/ros2_ws/install/micro_ros_agent/share/micro_ros_agent/hook/cmake_prefix_path.ps1'
[16.116s] DEBUG:colcon.colcon_core.event_handler.log_command:Invoked command in '/home/epiibots/ros2_ws/build/micro_ros_agent' returned '0': CMAKE_PREFIX_PATH=/home/epiibots/ros2_ws/install/micro_ros_msgs:/home/epiibots/ros2_ws/install/sllidar_ros2:/home/epiibots/ros2_ws/install/micro_ros_setup:/home/epiibots/ros2_ws/install/micro_ros_agent:/home/epiibots/ros2_ws/install/drive_base_msgs:/opt/ros/jazzy/opt/gz_sim_vendor:/opt/ros/jazzy/opt/gz_sensors_vendor:/opt/ros/jazzy/opt/gz_physics_vendor:/opt/ros/jazzy/opt/sdformat_vendor:/opt/ros/jazzy/opt/gz_gui_vendor:/opt/ros/jazzy/opt/gz_transport_vendor:/opt/ros/jazzy/opt/gz_rendering_vendor:/opt/ros/jazzy/opt/gz_plugin_vendor:/opt/ros/jazzy/opt/gz_fuel_tools_vendor:/opt/ros/jazzy/opt/gz_msgs_vendor:/opt/ros/jazzy/opt/gz_common_vendor:/opt/ros/jazzy/opt/gz_math_vendor:/opt/ros/jazzy/opt/gz_utils_vendor:/opt/ros/jazzy/opt/gz_tools_vendor:/opt/ros/jazzy/opt/gz_ogre_next_vendor:/opt/ros/jazzy/opt/gz_dartsim_vendor:/opt/ros/jazzy/opt/gz_cmake_vendor:/home/epiibots/ros2_ws/install/controlegeral_carrinho:/home/epiibots/ros2_ws/install/servo_steering:/home/epiibots/ros2_ws/install/pwm_rec:/home/epiibots/ros2_ws/install/lidar_teste:/home/epiibots/ros2_ws/install/detector:/home/epiibots/ros2_ws/install/carrinho_base:/home/epiibots/ros2_ws/install/calibration:/home/epiibots/ros2_ws/install/bno055:/opt/ros/jazzy DEBUGINFOD_URLS=https://debuginfod.ubuntu.com LD_LIBRARY_PATH=/home/epiibots/ros2_ws/install/micro_ros_msgs/lib:/home/epiibots/ros2_ws/install/micro_ros_agent/lib:/home/epiibots/ros2_ws/install/drive_base_msgs/lib:/opt/ros/jazzy/opt/gz_sim_vendor/lib:/opt/ros/jazzy/opt/gz_sensors_vendor/lib:/opt/ros/jazzy/opt/gz_physics_vendor/lib:/opt/ros/jazzy/opt/sdformat_vendor/lib:/opt/ros/jazzy/opt/rviz_ogre_vendor/lib:/opt/ros/jazzy/lib/aarch64-linux-gnu:/opt/ros/jazzy/opt/gz_gui_vendor/lib:/opt/ros/jazzy/opt/gz_transport_vendor/lib:/opt/ros/jazzy/opt/gz_rendering_vendor/lib:/opt/ros/jazzy/opt/gz_plugin_vendor/lib:/opt/ros/jazzy/opt/gz_fuel_tools_vendor/lib:/opt/ros/jazzy/opt/gz_msgs_vendor/lib:/opt/ros/jazzy/opt/gz_common_vendor/lib:/opt/ros/jazzy/opt/gz_math_vendor/lib:/opt/ros/jazzy/opt/gz_utils_vendor/lib:/opt/ros/jazzy/opt/gz_tools_vendor/lib:/opt/ros/jazzy/opt/gz_ogre_next_vendor/lib:/opt/ros/jazzy/opt/gz_dartsim_vendor/lib:/opt/ros/jazzy/opt/gz_cmake_vendor/lib:/opt/ros/jazzy/lib PYTHONPATH=/home/epiibots/ros2_ws/install/micro_ros_msgs/lib/python3.12/site-packages:/home/epiibots/ros2_ws/install/controlegeral_carrinho/lib/python3.12/site-packages:/home/epiibots/ros2_ws/install/servo_steering/lib/python3.12/site-packages:/home/epiibots/ros2_ws/install/pwm_rec/lib/python3.12/site-packages:/home/epiibots/ros2_ws/install/lidar_teste/lib/python3.12/site-packages:/home/epiibots/ros2_ws/install/drive_base_msgs/lib/python3.12/site-packages:/home/epiibots/ros2_ws/install/detector/lib/python3.12/site-packages:/home/epiibots/ros2_ws/install/carrinho_base/lib/python3.12/site-packages:/home/epiibots/ros2_ws/install/calibration/lib/python3.12/site-packages:/home/epiibots/ros2_ws/install/bno055/lib/python3.12/site-packages:/opt/ros/jazzy/lib/python3.12/site-packages /usr/bin/cmake --install /home/epiibots/ros2_ws/build/micro_ros_agent
[16.117s] INFO:colcon.colcon_core.shell:Creating environment descriptor '/home/epiibots/ros2_ws/install/micro_ros_agent/share/micro_ros_agent/hook/cmake_prefix_path.dsv'
[16.121s] INFO:colcon.colcon_core.shell:Creating environment hook '/home/epiibots/ros2_ws/install/micro_ros_agent/share/micro_ros_agent/hook/cmake_prefix_path.sh'
[16.124s] Level 1:colcon.colcon_core.environment:checking '/home/epiibots/ros2_ws/install/micro_ros_agent/lib'
[16.128s] Level 1:colcon.colcon_core.shell:create_environment_hook('micro_ros_agent', 'ld_library_path_lib')
[16.129s] INFO:colcon.colcon_core.shell:Creating environment hook '/home/epiibots/ros2_ws/install/micro_ros_agent/share/micro_ros_agent/hook/ld_library_path_lib.ps1'
[16.131s] INFO:colcon.colcon_core.shell:Creating environment descriptor '/home/epiibots/ros2_ws/install/micro_ros_agent/share/micro_ros_agent/hook/ld_library_path_lib.dsv'
[16.136s] INFO:colcon.colcon_core.shell:Creating environment hook '/home/epiibots/ros2_ws/install/micro_ros_agent/share/micro_ros_agent/hook/ld_library_path_lib.sh'
[16.142s] Level 1:colcon.colcon_core.environment:checking '/home/epiibots/ros2_ws/install/micro_ros_agent/bin'
[16.142s] Level 1:colcon.colcon_core.environment:checking '/home/epiibots/ros2_ws/install/micro_ros_agent/lib/pkgconfig/micro_ros_agent.pc'
[16.143s] Level 1:colcon.colcon_core.environment:checking '/home/epiibots/ros2_ws/install/micro_ros_agent/lib/python3.12/site-packages'
[16.143s] Level 1:colcon.colcon_core.environment:checking '/home/epiibots/ros2_ws/install/micro_ros_agent/bin'
[16.150s] INFO:colcon.colcon_core.shell:Creating package script '/home/epiibots/ros2_ws/install/micro_ros_agent/share/micro_ros_agent/package.ps1'
[16.152s] INFO:colcon.colcon_core.shell:Creating package descriptor '/home/epiibots/ros2_ws/install/micro_ros_agent/share/micro_ros_agent/package.dsv'
[16.157s] INFO:colcon.colcon_core.shell:Creating package script '/home/epiibots/ros2_ws/install/micro_ros_agent/share/micro_ros_agent/package.sh'
[16.158s] INFO:colcon.colcon_core.shell:Creating package script '/home/epiibots/ros2_ws/install/micro_ros_agent/share/micro_ros_agent/package.bash'
[16.159s] INFO:colcon.colcon_core.shell:Creating package script '/home/epiibots/ros2_ws/install/micro_ros_agent/share/micro_ros_agent/package.zsh'
[16.160s] Level 1:colcon.colcon_core.environment:create_file_with_runtime_dependencies(/home/epiibots/ros2_ws/install/micro_ros_agent/share/colcon-core/packages/micro_ros_agent)
[16.165s] Level 1:colcon.colcon_core.environment:create_environment_scripts_only(micro_ros_agent)
[16.165s] Level 1:colcon.colcon_core.environment:checking '/home/epiibots/ros2_ws/install/micro_ros_agent' for CMake module files
[16.170s] Level 1:colcon.colcon_core.environment:checking '/home/epiibots/ros2_ws/install/micro_ros_agent' for CMake config files
[16.170s] Level 1:colcon.colcon_core.shell:create_environment_hook('micro_ros_agent', 'cmake_prefix_path')
[16.171s] INFO:colcon.colcon_core.shell:Creating environment hook '/home/epiibots/ros2_ws/install/micro_ros_agent/share/micro_ros_agent/hook/cmake_prefix_path.ps1'
[16.175s] INFO:colcon.colcon_core.shell:Creating environment descriptor '/home/epiibots/ros2_ws/install/micro_ros_agent/share/micro_ros_agent/hook/cmake_prefix_path.dsv'
[16.181s] INFO:colcon.colcon_core.shell:Creating environment hook '/home/epiibots/ros2_ws/install/micro_ros_agent/share/micro_ros_agent/hook/cmake_prefix_path.sh'
[16.182s] Level 1:colcon.colcon_core.environment:checking '/home/epiibots/ros2_ws/install/micro_ros_agent/lib'
[16.183s] Level 1:colcon.colcon_core.shell:create_environment_hook('micro_ros_agent', 'ld_library_path_lib')
[16.183s] INFO:colcon.colcon_core.shell:Creating environment hook '/home/epiibots/ros2_ws/install/micro_ros_agent/share/micro_ros_agent/hook/ld_library_path_lib.ps1'
[16.185s] INFO:colcon.colcon_core.shell:Creating environment descriptor '/home/epiibots/ros2_ws/install/micro_ros_agent/share/micro_ros_agent/hook/ld_library_path_lib.dsv'
[16.190s] INFO:colcon.colcon_core.shell:Creating environment hook '/home/epiibots/ros2_ws/install/micro_ros_agent/share/micro_ros_agent/hook/ld_library_path_lib.sh'
[16.196s] Level 1:colcon.colcon_core.environment:checking '/home/epiibots/ros2_ws/install/micro_ros_agent/bin'
[16.196s] Level 1:colcon.colcon_core.environment:checking '/home/epiibots/ros2_ws/install/micro_ros_agent/lib/pkgconfig/micro_ros_agent.pc'
[16.196s] Level 1:colcon.colcon_core.environment:checking '/home/epiibots/ros2_ws/install/micro_ros_agent/lib/python3.12/site-packages'
[16.197s] Level 1:colcon.colcon_core.environment:checking '/home/epiibots/ros2_ws/install/micro_ros_agent/bin'
[16.198s] INFO:colcon.colcon_core.shell:Creating package script '/home/epiibots/ros2_ws/install/micro_ros_agent/share/micro_ros_agent/package.ps1'
[16.201s] INFO:colcon.colcon_core.shell:Creating package descriptor '/home/epiibots/ros2_ws/install/micro_ros_agent/share/micro_ros_agent/package.dsv'
[16.213s] INFO:colcon.colcon_core.shell:Creating package script '/home/epiibots/ros2_ws/install/micro_ros_agent/share/micro_ros_agent/package.sh'
[16.216s] INFO:colcon.colcon_core.shell:Creating package script '/home/epiibots/ros2_ws/install/micro_ros_agent/share/micro_ros_agent/package.bash'
[16.219s] INFO:colcon.colcon_core.shell:Creating package script '/home/epiibots/ros2_ws/install/micro_ros_agent/share/micro_ros_agent/package.zsh'
[16.221s] Level 1:colcon.colcon_core.environment:create_file_with_runtime_dependencies(/home/epiibots/ros2_ws/install/micro_ros_agent/share/colcon-core/packages/micro_ros_agent)
[16.231s] DEBUG:colcon.colcon_core.event_handler.log_command:Invoking command in '/home/epiibots/ros2_ws/src/controlegeral_carrinho': AMENT_PREFIX_PATH=/home/epiibots/ros2_ws/install/bno055:/home/epiibots/ros2_ws/install/controlegeral_carrinho:/home/epiibots/ros2_ws/install/sllidar_ros2:/home/epiibots/ros2_ws/install/servo_steering:/home/epiibots/ros2_ws/install/pwm_rec:/home/epiibots/ros2_ws/install/micro_ros_setup:/home/epiibots/ros2_ws/install/micro_ros_agent:/home/epiibots/ros2_ws/install/micro_ros_msgs:/home/epiibots/ros2_ws/install/lidar_teste:/home/epiibots/ros2_ws/install/drive_base_msgs:/home/epiibots/ros2_ws/install/detector:/home/epiibots/ros2_ws/install/carrinho_base:/home/epiibots/ros2_ws/install/calibration:/opt/ros/jazzy DEBUGINFOD_URLS=https://debuginfod.ubuntu.com PYTHONPATH=/home/epiibots/ros2_ws/build/controlegeral_carrinho/prefix_override:/usr/lib/python3/dist-packages/colcon_core/task/python/colcon_distutils_commands:/home/epiibots/ros2_ws/install/controlegeral_carrinho/lib/python3.12/site-packages:/home/epiibots/ros2_ws/install/bno055/lib/python3.12/site-packages:/home/epiibots/ros2_ws/install/controlegeral_carrinho/lib/python3.12/site-packages:/home/epiibots/ros2_ws/install/servo_steering/lib/python3.12/site-packages:/home/epiibots/ros2_ws/install/pwm_rec/lib/python3.12/site-packages:/home/epiibots/ros2_ws/install/micro_ros_msgs/lib/python3.12/site-packages:/home/epiibots/ros2_ws/install/lidar_teste/lib/python3.12/site-packages:/home/epiibots/ros2_ws/install/drive_base_msgs/lib/python3.12/site-packages:/home/epiibots/ros2_ws/install/detector/lib/python3.12/site-packages:/home/epiibots/ros2_ws/install/carrinho_base/lib/python3.12/site-packages:/home/epiibots/ros2_ws/install/calibration/lib/python3.12/site-packages:/opt/ros/jazzy/lib/python3.12/site-packages /usr/bin/python3 -W ignore:setup.py install is deprecated -W ignore:easy_install command is deprecated setup.py egg_info --egg-base ../../build/controlegeral_carrinho build --build-base /home/epiibots/ros2_ws/build/controlegeral_carrinho/build install --record /home/epiibots/ros2_ws/build/controlegeral_carrinho/install.log --single-version-externally-managed install_data
[16.234s] Level 1:colcon.colcon_core.environment:checking '/home/epiibots/ros2_ws/install/pwm_rec' for CMake module files
[16.239s] DEBUG:colcon.colcon_core.event_handler.log_command:Invoked command in '/home/epiibots/ros2_ws/src/pwm_rec' returned '0': DEBUGINFOD_URLS=https://debuginfod.ubuntu.com PYTHONPATH=/home/epiibots/ros2_ws/build/pwm_rec/prefix_override:/usr/lib/python3/dist-packages/colcon_core/task/python/colcon_distutils_commands:/home/epiibots/ros2_ws/install/pwm_rec/lib/python3.12/site-packages:${PYTHONPATH} /usr/bin/python3 -W ignore:setup.py install is deprecated -W ignore:easy_install command is deprecated setup.py egg_info --egg-base ../../build/pwm_rec build --build-base /home/epiibots/ros2_ws/build/pwm_rec/build install --record /home/epiibots/ros2_ws/build/pwm_rec/install.log --single-version-externally-managed install_data
[16.241s] Level 1:colcon.colcon_core.environment:checking '/home/epiibots/ros2_ws/install/pwm_rec' for CMake config files
[16.248s] Level 1:colcon.colcon_core.environment:checking '/home/epiibots/ros2_ws/install/pwm_rec/lib'
[16.248s] Level 1:colcon.colcon_core.environment:checking '/home/epiibots/ros2_ws/install/pwm_rec/bin'
[16.249s] Level 1:colcon.colcon_core.environment:checking '/home/epiibots/ros2_ws/install/pwm_rec/lib/pkgconfig/pwm_rec.pc'
[16.250s] Level 1:colcon.colcon_core.environment:checking '/home/epiibots/ros2_ws/install/pwm_rec/lib/python3.12/site-packages'
[16.251s] Level 1:colcon.colcon_core.shell:create_environment_hook('pwm_rec', 'pythonpath')
[16.252s] INFO:colcon.colcon_core.shell:Creating environment hook '/home/epiibots/ros2_ws/install/pwm_rec/share/pwm_rec/hook/pythonpath.ps1'
[16.254s] INFO:colcon.colcon_core.shell:Creating environment descriptor '/home/epiibots/ros2_ws/install/pwm_rec/share/pwm_rec/hook/pythonpath.dsv'
[16.260s] INFO:colcon.colcon_core.shell:Creating environment hook '/home/epiibots/ros2_ws/install/pwm_rec/share/pwm_rec/hook/pythonpath.sh'
[16.267s] Level 1:colcon.colcon_core.environment:checking '/home/epiibots/ros2_ws/install/pwm_rec/bin'
[16.272s] Level 1:colcon.colcon_core.environment:create_environment_scripts_only(pwm_rec)
[16.273s] INFO:colcon.colcon_core.shell:Creating package script '/home/epiibots/ros2_ws/install/pwm_rec/share/pwm_rec/package.ps1'
[16.283s] INFO:colcon.colcon_core.shell:Creating package descriptor '/home/epiibots/ros2_ws/install/pwm_rec/share/pwm_rec/package.dsv'
[16.290s] INFO:colcon.colcon_core.shell:Creating package script '/home/epiibots/ros2_ws/install/pwm_rec/share/pwm_rec/package.sh'
[16.299s] INFO:colcon.colcon_core.shell:Creating package script '/home/epiibots/ros2_ws/install/pwm_rec/share/pwm_rec/package.bash'
[16.308s] INFO:colcon.colcon_core.shell:Creating package script '/home/epiibots/ros2_ws/install/pwm_rec/share/pwm_rec/package.zsh'
[16.313s] Level 1:colcon.colcon_core.environment:create_file_with_runtime_dependencies(/home/epiibots/ros2_ws/install/pwm_rec/share/colcon-core/packages/pwm_rec)
[16.600s] DEBUG:colcon.colcon_core.event_handler.log_command:Invoking command in '/home/epiibots/ros2_ws/src/servo_steering': DEBUGINFOD_URLS=https://debuginfod.ubuntu.com PYTHONPATH=/home/epiibots/ros2_ws/build/servo_steering/prefix_override:/usr/lib/python3/dist-packages/colcon_core/task/python/colcon_distutils_commands:/home/epiibots/ros2_ws/install/servo_steering/lib/python3.12/site-packages:${PYTHONPATH} /usr/bin/python3 -W ignore:setup.py install is deprecated -W ignore:easy_install command is deprecated setup.py egg_info --egg-base ../../build/servo_steering build --build-base /home/epiibots/ros2_ws/build/servo_steering/build install --record /home/epiibots/ros2_ws/build/servo_steering/install.log --single-version-externally-managed install_data
[18.118s] Level 1:colcon.colcon_core.environment:checking '/home/epiibots/ros2_ws/install/controlegeral_carrinho' for CMake module files
[18.119s] DEBUG:colcon.colcon_core.event_handler.log_command:Invoked command in '/home/epiibots/ros2_ws/src/controlegeral_carrinho' returned '0': AMENT_PREFIX_PATH=/home/epiibots/ros2_ws/install/bno055:/home/epiibots/ros2_ws/install/controlegeral_carrinho:/home/epiibots/ros2_ws/install/sllidar_ros2:/home/epiibots/ros2_ws/install/servo_steering:/home/epiibots/ros2_ws/install/pwm_rec:/home/epiibots/ros2_ws/install/micro_ros_setup:/home/epiibots/ros2_ws/install/micro_ros_agent:/home/epiibots/ros2_ws/install/micro_ros_msgs:/home/epiibots/ros2_ws/install/lidar_teste:/home/epiibots/ros2_ws/install/drive_base_msgs:/home/epiibots/ros2_ws/install/detector:/home/epiibots/ros2_ws/install/carrinho_base:/home/epiibots/ros2_ws/install/calibration:/opt/ros/jazzy DEBUGINFOD_URLS=https://debuginfod.ubuntu.com PYTHONPATH=/home/epiibots/ros2_ws/build/controlegeral_carrinho/prefix_override:/usr/lib/python3/dist-packages/colcon_core/task/python/colcon_distutils_commands:/home/epiibots/ros2_ws/install/controlegeral_carrinho/lib/python3.12/site-packages:/home/epiibots/ros2_ws/install/bno055/lib/python3.12/site-packages:/home/epiibots/ros2_ws/install/controlegeral_carrinho/lib/python3.12/site-packages:/home/epiibots/ros2_ws/install/servo_steering/lib/python3.12/site-packages:/home/epiibots/ros2_ws/install/pwm_rec/lib/python3.12/site-packages:/home/epiibots/ros2_ws/install/micro_ros_msgs/lib/python3.12/site-packages:/home/epiibots/ros2_ws/install/lidar_teste/lib/python3.12/site-packages:/home/epiibots/ros2_ws/install/drive_base_msgs/lib/python3.12/site-packages:/home/epiibots/ros2_ws/install/detector/lib/python3.12/site-packages:/home/epiibots/ros2_ws/install/carrinho_base/lib/python3.12/site-packages:/home/epiibots/ros2_ws/install/calibration/lib/python3.12/site-packages:/opt/ros/jazzy/lib/python3.12/site-packages /usr/bin/python3 -W ignore:setup.py install is deprecated -W ignore:easy_install command is deprecated setup.py egg_info --egg-base ../../build/controlegeral_carrinho build --build-base /home/epiibots/ros2_ws/build/controlegeral_carrinho/build install --record /home/epiibots/ros2_ws/build/controlegeral_carrinho/install.log --single-version-externally-managed install_data
[18.121s] Level 1:colcon.colcon_core.environment:checking '/home/epiibots/ros2_ws/install/controlegeral_carrinho' for CMake config files
[18.123s] Level 1:colcon.colcon_core.environment:checking '/home/epiibots/ros2_ws/install/controlegeral_carrinho/lib'
[18.124s] Level 1:colcon.colcon_core.environment:checking '/home/epiibots/ros2_ws/install/controlegeral_carrinho/bin'
[18.124s] Level 1:colcon.colcon_core.environment:checking '/home/epiibots/ros2_ws/install/controlegeral_carrinho/lib/pkgconfig/controlegeral_carrinho.pc'
[18.125s] Level 1:colcon.colcon_core.environment:checking '/home/epiibots/ros2_ws/install/controlegeral_carrinho/lib/python3.12/site-packages'
[18.125s] Level 1:colcon.colcon_core.shell:create_environment_hook('controlegeral_carrinho', 'pythonpath')
[18.126s] INFO:colcon.colcon_core.shell:Creating environment hook '/home/epiibots/ros2_ws/install/controlegeral_carrinho/share/controlegeral_carrinho/hook/pythonpath.ps1'
[18.128s] INFO:colcon.colcon_core.shell:Creating environment descriptor '/home/epiibots/ros2_ws/install/controlegeral_carrinho/share/controlegeral_carrinho/hook/pythonpath.dsv'
[18.133s] INFO:colcon.colcon_core.shell:Creating environment hook '/home/epiibots/ros2_ws/install/controlegeral_carrinho/share/controlegeral_carrinho/hook/pythonpath.sh'
[18.137s] Level 1:colcon.colcon_core.environment:checking '/home/epiibots/ros2_ws/install/controlegeral_carrinho/bin'
[18.138s] Level 1:colcon.colcon_core.environment:create_environment_scripts_only(controlegeral_carrinho)
[18.138s] INFO:colcon.colcon_core.shell:Creating package script '/home/epiibots/ros2_ws/install/controlegeral_carrinho/share/controlegeral_carrinho/package.ps1'
[18.140s] INFO:colcon.colcon_core.shell:Creating package descriptor '/home/epiibots/ros2_ws/install/controlegeral_carrinho/share/controlegeral_carrinho/package.dsv'
[18.142s] INFO:colcon.colcon_core.shell:Creating package script '/home/epiibots/ros2_ws/install/controlegeral_carrinho/share/controlegeral_carrinho/package.sh'
[18.144s] INFO:colcon.colcon_core.shell:Creating package script '/home/epiibots/ros2_ws/install/controlegeral_carrinho/share/controlegeral_carrinho/package.bash'
[18.146s] INFO:colcon.colcon_core.shell:Creating package script '/home/epiibots/ros2_ws/install/controlegeral_carrinho/share/controlegeral_carrinho/package.zsh'
[18.148s] Level 1:colcon.colcon_core.environment:create_file_with_runtime_dependencies(/home/epiibots/ros2_ws/install/controlegeral_carrinho/share/colcon-core/packages/controlegeral_carrinho)
[18.453s] Level 1:colcon.colcon_core.environment:checking '/home/epiibots/ros2_ws/install/servo_steering' for CMake module files
[18.454s] Level 1:colcon.colcon_core.environment:checking '/home/epiibots/ros2_ws/install/servo_steering' for CMake config files
[18.456s] DEBUG:colcon.colcon_core.event_handler.log_command:Invoked command in '/home/epiibots/ros2_ws/src/servo_steering' returned '0': DEBUGINFOD_URLS=https://debuginfod.ubuntu.com PYTHONPATH=/home/epiibots/ros2_ws/build/servo_steering/prefix_override:/usr/lib/python3/dist-packages/colcon_core/task/python/colcon_distutils_commands:/home/epiibots/ros2_ws/install/servo_steering/lib/python3.12/site-packages:${PYTHONPATH} /usr/bin/python3 -W ignore:setup.py install is deprecated -W ignore:easy_install command is deprecated setup.py egg_info --egg-base ../../build/servo_steering build --build-base /home/epiibots/ros2_ws/build/servo_steering/build install --record /home/epiibots/ros2_ws/build/servo_steering/install.log --single-version-externally-managed install_data
[18.457s] Level 1:colcon.colcon_core.environment:checking '/home/epiibots/ros2_ws/install/servo_steering/lib'
[18.457s] Level 1:colcon.colcon_core.environment:checking '/home/epiibots/ros2_ws/install/servo_steering/bin'
[18.457s] Level 1:colcon.colcon_core.environment:checking '/home/epiibots/ros2_ws/install/servo_steering/lib/pkgconfig/servo_steering.pc'
[18.457s] Level 1:colcon.colcon_core.environment:checking '/home/epiibots/ros2_ws/install/servo_steering/lib/python3.12/site-packages'
[18.458s] Level 1:colcon.colcon_core.shell:create_environment_hook('servo_steering', 'pythonpath')
[18.458s] INFO:colcon.colcon_core.shell:Creating environment hook '/home/epiibots/ros2_ws/install/servo_steering/share/servo_steering/hook/pythonpath.ps1'
[18.459s] INFO:colcon.colcon_core.shell:Creating environment descriptor '/home/epiibots/ros2_ws/install/servo_steering/share/servo_steering/hook/pythonpath.dsv'
[18.462s] INFO:colcon.colcon_core.shell:Creating environment hook '/home/epiibots/ros2_ws/install/servo_steering/share/servo_steering/hook/pythonpath.sh'
[18.466s] Level 1:colcon.colcon_core.environment:checking '/home/epiibots/ros2_ws/install/servo_steering/bin'
[18.470s] Level 1:colcon.colcon_core.environment:create_environment_scripts_only(servo_steering)
[18.472s] INFO:colcon.colcon_core.shell:Creating package script '/home/epiibots/ros2_ws/install/servo_steering/share/servo_steering/package.ps1'
[18.480s] INFO:colcon.colcon_core.shell:Creating package descriptor '/home/epiibots/ros2_ws/install/servo_steering/share/servo_steering/package.dsv'
[18.483s] INFO:colcon.colcon_core.shell:Creating package script '/home/epiibots/ros2_ws/install/servo_steering/share/servo_steering/package.sh'
[18.486s] INFO:colcon.colcon_core.shell:Creating package script '/home/epiibots/ros2_ws/install/servo_steering/share/servo_steering/package.bash'
[18.488s] INFO:colcon.colcon_core.shell:Creating package script '/home/epiibots/ros2_ws/install/servo_steering/share/servo_steering/package.zsh'
[18.494s] Level 1:colcon.colcon_core.environment:create_file_with_runtime_dependencies(/home/epiibots/ros2_ws/install/servo_steering/share/colcon-core/packages/servo_steering)
[18.495s] DEBUG:colcon.colcon_parallel_executor.executor.parallel:closing loop
[18.496s] DEBUG:colcon.colcon_parallel_executor.executor.parallel:loop closed
[18.496s] DEBUG:colcon.colcon_parallel_executor.executor.parallel:run_until_complete finished with '0'
[18.497s] DEBUG:colcon.colcon_core.event_reactor:joining thread
[18.499s] DEBUG:colcon.colcon_core.event_reactor:joined thread
[18.499s] INFO:colcon.colcon_core.shell:Creating prefix script '/home/epiibots/ros2_ws/install/local_setup.ps1'
[18.501s] INFO:colcon.colcon_core.shell:Creating prefix util module '/home/epiibots/ros2_ws/install/_local_setup_util_ps1.py'
[18.503s] INFO:colcon.colcon_core.shell:Creating prefix chain script '/home/epiibots/ros2_ws/install/setup.ps1'
[18.506s] INFO:colcon.colcon_core.shell:Creating prefix script '/home/epiibots/ros2_ws/install/local_setup.sh'
[18.507s] INFO:colcon.colcon_core.shell:Creating prefix util module '/home/epiibots/ros2_ws/install/_local_setup_util_sh.py'
[18.508s] INFO:colcon.colcon_core.shell:Creating prefix chain script '/home/epiibots/ros2_ws/install/setup.sh'
[18.512s] INFO:colcon.colcon_core.shell:Creating prefix script '/home/epiibots/ros2_ws/install/local_setup.bash'
[18.513s] INFO:colcon.colcon_core.shell:Creating prefix chain script '/home/epiibots/ros2_ws/install/setup.bash'
[18.516s] INFO:colcon.colcon_core.shell:Creating prefix script '/home/epiibots/ros2_ws/install/local_setup.zsh'
[18.517s] INFO:colcon.colcon_core.shell:Creating prefix chain script '/home/epiibots/ros2_ws/install/setup.zsh'
