[0.154s] DEBUG:colcon:Command line arguments: ['/usr/bin/colcon', 'build']
[0.154s] DEBUG:colcon:Parsed command line arguments: Namespace(log_base=None, log_level=None, verb_name='build', build_base='build', install_base='install', merge_install=False, symlink_install=False, test_result_base=None, continue_on_error=False, executor='parallel', parallel_workers=4, event_handlers=None, ignore_user_meta=False, metas=['./colcon.meta'], base_paths=['.'], packages_ignore=None, packages_ignore_regex=None, paths=None, packages_up_to=None, packages_up_to_regex=None, packages_above=None, packages_above_and_dependencies=None, packages_above_depth=None, packages_select_by_dep=None, packages_skip_by_dep=None, packages_skip_up_to=None, packages_select_build_failed=False, packages_skip_build_finished=False, packages_select_test_failures=False, packages_skip_test_passed=False, packages_select=None, packages_skip=None, packages_select_regex=None, packages_skip_regex=None, packages_start=None, packages_end=None, allow_overriding=[], cmake_args=None, cmake_target=None, cmake_target_skip_unavailable=False, cmake_clean_cache=False, cmake_clean_first=False, cmake_force_configure=False, ament_cmake_args=None, catkin_cmake_args=None, catkin_skip_building_tests=False, mixin_files=None, mixin=None, verb_parser=<colcon_mixin.mixin.mixin_argument.MixinArgumentDecorator object at 0xffffad0c8d10>, verb_extension=<colcon_core.verb.build.BuildVerb object at 0xffffad27a120>, main=<bound method BuildVerb.main of <colcon_core.verb.build.BuildVerb object at 0xffffad27a120>>, mixin_verb=('build',))
[0.211s] Level 1:colcon.colcon_core.package_discovery:discover_packages(colcon_meta) check parameters
[0.211s] Level 1:colcon.colcon_core.package_discovery:discover_packages(recursive) check parameters
[0.211s] Level 1:colcon.colcon_core.package_discovery:discover_packages(ignore) check parameters
[0.211s] Level 1:colcon.colcon_core.package_discovery:discover_packages(path) check parameters
[0.211s] Level 1:colcon.colcon_core.package_discovery:discover_packages(colcon_meta) discover
[0.211s] Level 1:colcon.colcon_core.package_discovery:discover_packages(recursive) discover
[0.212s] INFO:colcon.colcon_core.package_discovery:Crawling recursively for packages in '/home/epiibots/ros2_ws'
[0.212s] Level 1:colcon.colcon_core.package_identification:_identify(.) by extensions ['ignore', 'ignore_ament_install']
[0.212s] Level 1:colcon.colcon_core.package_identification:_identify(.) by extension 'ignore'
[0.212s] Level 1:colcon.colcon_core.package_identification:_identify(.) by extension 'ignore_ament_install'
[0.212s] Level 1:colcon.colcon_core.package_identification:_identify(.) by extensions ['colcon_pkg']
[0.212s] Level 1:colcon.colcon_core.package_identification:_identify(.) by extension 'colcon_pkg'
[0.212s] Level 1:colcon.colcon_core.package_identification:_identify(.) by extensions ['colcon_meta']
[0.212s] Level 1:colcon.colcon_core.package_identification:_identify(.) by extension 'colcon_meta'
[0.212s] Level 1:colcon.colcon_core.package_identification:_identify(.) by extensions ['ros']
[0.212s] Level 1:colcon.colcon_core.package_identification:_identify(.) by extension 'ros'
[0.253s] Level 1:colcon.colcon_core.package_identification:_identify(.) by extensions ['cmake', 'python']
[0.253s] Level 1:colcon.colcon_core.package_identification:_identify(.) by extension 'cmake'
[0.253s] Level 1:colcon.colcon_core.package_identification:_identify(.) by extension 'python'
[0.253s] Level 1:colcon.colcon_core.package_identification:_identify(.) by extensions ['python_setup_py']
[0.253s] Level 1:colcon.colcon_core.package_identification:_identify(.) by extension 'python_setup_py'
[0.253s] Level 1:colcon.colcon_core.package_identification:_identify(build) by extensions ['ignore', 'ignore_ament_install']
[0.253s] Level 1:colcon.colcon_core.package_identification:_identify(build) by extension 'ignore'
[0.253s] Level 1:colcon.colcon_core.package_identification:_identify(build) ignored
[0.253s] Level 1:colcon.colcon_core.package_identification:_identify(install) by extensions ['ignore', 'ignore_ament_install']
[0.254s] Level 1:colcon.colcon_core.package_identification:_identify(install) by extension 'ignore'
[0.254s] Level 1:colcon.colcon_core.package_identification:_identify(install) ignored
[0.254s] Level 1:colcon.colcon_core.package_identification:_identify(log) by extensions ['ignore', 'ignore_ament_install']
[0.254s] Level 1:colcon.colcon_core.package_identification:_identify(log) by extension 'ignore'
[0.254s] Level 1:colcon.colcon_core.package_identification:_identify(log) ignored
[0.254s] Level 1:colcon.colcon_core.package_identification:_identify(src) by extensions ['ignore', 'ignore_ament_install']
[0.254s] Level 1:colcon.colcon_core.package_identification:_identify(src) by extension 'ignore'
[0.254s] Level 1:colcon.colcon_core.package_identification:_identify(src) by extension 'ignore_ament_install'
[0.254s] Level 1:colcon.colcon_core.package_identification:_identify(src) by extensions ['colcon_pkg']
[0.254s] Level 1:colcon.colcon_core.package_identification:_identify(src) by extension 'colcon_pkg'
[0.254s] Level 1:colcon.colcon_core.package_identification:_identify(src) by extensions ['colcon_meta']
[0.254s] Level 1:colcon.colcon_core.package_identification:_identify(src) by extension 'colcon_meta'
[0.255s] Level 1:colcon.colcon_core.package_identification:_identify(src) by extensions ['ros']
[0.255s] Level 1:colcon.colcon_core.package_identification:_identify(src) by extension 'ros'
[0.255s] Level 1:colcon.colcon_core.package_identification:_identify(src) by extensions ['cmake', 'python']
[0.255s] Level 1:colcon.colcon_core.package_identification:_identify(src) by extension 'cmake'
[0.255s] Level 1:colcon.colcon_core.package_identification:_identify(src) by extension 'python'
[0.255s] Level 1:colcon.colcon_core.package_identification:_identify(src) by extensions ['python_setup_py']
[0.255s] Level 1:colcon.colcon_core.package_identification:_identify(src) by extension 'python_setup_py'
[0.255s] Level 1:colcon.colcon_core.package_identification:_identify(src/bno055) by extensions ['ignore', 'ignore_ament_install']
[0.255s] Level 1:colcon.colcon_core.package_identification:_identify(src/bno055) by extension 'ignore'
[0.255s] Level 1:colcon.colcon_core.package_identification:_identify(src/bno055) by extension 'ignore_ament_install'
[0.255s] Level 1:colcon.colcon_core.package_identification:_identify(src/bno055) by extensions ['colcon_pkg']
[0.255s] Level 1:colcon.colcon_core.package_identification:_identify(src/bno055) by extension 'colcon_pkg'
[0.255s] Level 1:colcon.colcon_core.package_identification:_identify(src/bno055) by extensions ['colcon_meta']
[0.255s] Level 1:colcon.colcon_core.package_identification:_identify(src/bno055) by extension 'colcon_meta'
[0.255s] Level 1:colcon.colcon_core.package_identification:_identify(src/bno055) by extensions ['ros']
[0.255s] Level 1:colcon.colcon_core.package_identification:_identify(src/bno055) by extension 'ros'
[0.259s] DEBUG:colcon.colcon_core.package_identification:Package 'src/bno055' with type 'ros.ament_python' and name 'bno055'
[0.259s] Level 1:colcon.colcon_core.package_identification:_identify(src/calibration) by extensions ['ignore', 'ignore_ament_install']
[0.259s] Level 1:colcon.colcon_core.package_identification:_identify(src/calibration) by extension 'ignore'
[0.259s] Level 1:colcon.colcon_core.package_identification:_identify(src/calibration) by extension 'ignore_ament_install'
[0.259s] Level 1:colcon.colcon_core.package_identification:_identify(src/calibration) by extensions ['colcon_pkg']
[0.259s] Level 1:colcon.colcon_core.package_identification:_identify(src/calibration) by extension 'colcon_pkg'
[0.259s] Level 1:colcon.colcon_core.package_identification:_identify(src/calibration) by extensions ['colcon_meta']
[0.259s] Level 1:colcon.colcon_core.package_identification:_identify(src/calibration) by extension 'colcon_meta'
[0.259s] Level 1:colcon.colcon_core.package_identification:_identify(src/calibration) by extensions ['ros']
[0.259s] Level 1:colcon.colcon_core.package_identification:_identify(src/calibration) by extension 'ros'
[0.260s] DEBUG:colcon.colcon_core.package_identification:Package 'src/calibration' with type 'ros.ament_python' and name 'calibration'
[0.260s] Level 1:colcon.colcon_core.package_identification:_identify(src/carrinho_base) by extensions ['ignore', 'ignore_ament_install']
[0.260s] Level 1:colcon.colcon_core.package_identification:_identify(src/carrinho_base) by extension 'ignore'
[0.260s] Level 1:colcon.colcon_core.package_identification:_identify(src/carrinho_base) by extension 'ignore_ament_install'
[0.260s] Level 1:colcon.colcon_core.package_identification:_identify(src/carrinho_base) by extensions ['colcon_pkg']
[0.260s] Level 1:colcon.colcon_core.package_identification:_identify(src/carrinho_base) by extension 'colcon_pkg'
[0.260s] Level 1:colcon.colcon_core.package_identification:_identify(src/carrinho_base) by extensions ['colcon_meta']
[0.260s] Level 1:colcon.colcon_core.package_identification:_identify(src/carrinho_base) by extension 'colcon_meta'
[0.260s] Level 1:colcon.colcon_core.package_identification:_identify(src/carrinho_base) by extensions ['ros']
[0.260s] Level 1:colcon.colcon_core.package_identification:_identify(src/carrinho_base) by extension 'ros'
[0.261s] DEBUG:colcon.colcon_core.package_identification:Package 'src/carrinho_base' with type 'ros.ament_python' and name 'carrinho_base'
[0.261s] Level 1:colcon.colcon_core.package_identification:_identify(src/computervision) by extensions ['ignore', 'ignore_ament_install']
[0.261s] Level 1:colcon.colcon_core.package_identification:_identify(src/computervision) by extension 'ignore'
[0.261s] Level 1:colcon.colcon_core.package_identification:_identify(src/computervision) by extension 'ignore_ament_install'
[0.261s] Level 1:colcon.colcon_core.package_identification:_identify(src/computervision) by extensions ['colcon_pkg']
[0.261s] Level 1:colcon.colcon_core.package_identification:_identify(src/computervision) by extension 'colcon_pkg'
[0.261s] Level 1:colcon.colcon_core.package_identification:_identify(src/computervision) by extensions ['colcon_meta']
[0.261s] Level 1:colcon.colcon_core.package_identification:_identify(src/computervision) by extension 'colcon_meta'
[0.261s] Level 1:colcon.colcon_core.package_identification:_identify(src/computervision) by extensions ['ros']
[0.262s] Level 1:colcon.colcon_core.package_identification:_identify(src/computervision) by extension 'ros'
[0.262s] Level 1:colcon.colcon_core.package_identification:_identify(src/computervision) by extensions ['cmake', 'python']
[0.262s] Level 1:colcon.colcon_core.package_identification:_identify(src/computervision) by extension 'cmake'
[0.262s] Level 1:colcon.colcon_core.package_identification:_identify(src/computervision) by extension 'python'
[0.262s] Level 1:colcon.colcon_core.package_identification:_identify(src/computervision) by extensions ['python_setup_py']
[0.262s] Level 1:colcon.colcon_core.package_identification:_identify(src/computervision) by extension 'python_setup_py'
[0.262s] Level 1:colcon.colcon_core.package_identification:_identify(src/computervision/aruco) by extensions ['ignore', 'ignore_ament_install']
[0.262s] Level 1:colcon.colcon_core.package_identification:_identify(src/computervision/aruco) by extension 'ignore'
[0.262s] Level 1:colcon.colcon_core.package_identification:_identify(src/computervision/aruco) by extension 'ignore_ament_install'
[0.262s] Level 1:colcon.colcon_core.package_identification:_identify(src/computervision/aruco) by extensions ['colcon_pkg']
[0.262s] Level 1:colcon.colcon_core.package_identification:_identify(src/computervision/aruco) by extension 'colcon_pkg'
[0.262s] Level 1:colcon.colcon_core.package_identification:_identify(src/computervision/aruco) by extensions ['colcon_meta']
[0.262s] Level 1:colcon.colcon_core.package_identification:_identify(src/computervision/aruco) by extension 'colcon_meta'
[0.262s] Level 1:colcon.colcon_core.package_identification:_identify(src/computervision/aruco) by extensions ['ros']
[0.262s] Level 1:colcon.colcon_core.package_identification:_identify(src/computervision/aruco) by extension 'ros'
[0.262s] Level 1:colcon.colcon_core.package_identification:_identify(src/computervision/aruco) by extensions ['cmake', 'python']
[0.262s] Level 1:colcon.colcon_core.package_identification:_identify(src/computervision/aruco) by extension 'cmake'
[0.262s] Level 1:colcon.colcon_core.package_identification:_identify(src/computervision/aruco) by extension 'python'
[0.263s] Level 1:colcon.colcon_core.package_identification:_identify(src/computervision/aruco) by extensions ['python_setup_py']
[0.263s] Level 1:colcon.colcon_core.package_identification:_identify(src/computervision/aruco) by extension 'python_setup_py'
[0.263s] Level 1:colcon.colcon_core.package_identification:_identify(src/controlegeral_carrinho) by extensions ['ignore', 'ignore_ament_install']
[0.263s] Level 1:colcon.colcon_core.package_identification:_identify(src/controlegeral_carrinho) by extension 'ignore'
[0.263s] Level 1:colcon.colcon_core.package_identification:_identify(src/controlegeral_carrinho) by extension 'ignore_ament_install'
[0.263s] Level 1:colcon.colcon_core.package_identification:_identify(src/controlegeral_carrinho) by extensions ['colcon_pkg']
[0.263s] Level 1:colcon.colcon_core.package_identification:_identify(src/controlegeral_carrinho) by extension 'colcon_pkg'
[0.263s] Level 1:colcon.colcon_core.package_identification:_identify(src/controlegeral_carrinho) by extensions ['colcon_meta']
[0.263s] Level 1:colcon.colcon_core.package_identification:_identify(src/controlegeral_carrinho) by extension 'colcon_meta'
[0.263s] Level 1:colcon.colcon_core.package_identification:_identify(src/controlegeral_carrinho) by extensions ['ros']
[0.263s] Level 1:colcon.colcon_core.package_identification:_identify(src/controlegeral_carrinho) by extension 'ros'
[0.264s] DEBUG:colcon.colcon_core.package_identification:Package 'src/controlegeral_carrinho' with type 'ros.ament_python' and name 'controlegeral_carrinho'
[0.264s] Level 1:colcon.colcon_core.package_identification:_identify(src/detector) by extensions ['ignore', 'ignore_ament_install']
[0.264s] Level 1:colcon.colcon_core.package_identification:_identify(src/detector) by extension 'ignore'
[0.264s] Level 1:colcon.colcon_core.package_identification:_identify(src/detector) by extension 'ignore_ament_install'
[0.264s] Level 1:colcon.colcon_core.package_identification:_identify(src/detector) by extensions ['colcon_pkg']
[0.264s] Level 1:colcon.colcon_core.package_identification:_identify(src/detector) by extension 'colcon_pkg'
[0.264s] Level 1:colcon.colcon_core.package_identification:_identify(src/detector) by extensions ['colcon_meta']
[0.264s] Level 1:colcon.colcon_core.package_identification:_identify(src/detector) by extension 'colcon_meta'
[0.264s] Level 1:colcon.colcon_core.package_identification:_identify(src/detector) by extensions ['ros']
[0.264s] Level 1:colcon.colcon_core.package_identification:_identify(src/detector) by extension 'ros'
[0.265s] DEBUG:colcon.colcon_core.package_identification:Package 'src/detector' with type 'ros.ament_python' and name 'detector'
[0.265s] Level 1:colcon.colcon_core.package_identification:_identify(src/lidar_teste) by extensions ['ignore', 'ignore_ament_install']
[0.265s] Level 1:colcon.colcon_core.package_identification:_identify(src/lidar_teste) by extension 'ignore'
[0.265s] Level 1:colcon.colcon_core.package_identification:_identify(src/lidar_teste) by extension 'ignore_ament_install'
[0.265s] Level 1:colcon.colcon_core.package_identification:_identify(src/lidar_teste) by extensions ['colcon_pkg']
[0.265s] Level 1:colcon.colcon_core.package_identification:_identify(src/lidar_teste) by extension 'colcon_pkg'
[0.265s] Level 1:colcon.colcon_core.package_identification:_identify(src/lidar_teste) by extensions ['colcon_meta']
[0.265s] Level 1:colcon.colcon_core.package_identification:_identify(src/lidar_teste) by extension 'colcon_meta'
[0.265s] Level 1:colcon.colcon_core.package_identification:_identify(src/lidar_teste) by extensions ['ros']
[0.265s] Level 1:colcon.colcon_core.package_identification:_identify(src/lidar_teste) by extension 'ros'
[0.266s] DEBUG:colcon.colcon_core.package_identification:Package 'src/lidar_teste' with type 'ros.ament_python' and name 'lidar_teste'
[0.266s] Level 1:colcon.colcon_core.package_identification:_identify(src/micro_ros_setup) by extensions ['ignore', 'ignore_ament_install']
[0.266s] Level 1:colcon.colcon_core.package_identification:_identify(src/micro_ros_setup) by extension 'ignore'
[0.266s] Level 1:colcon.colcon_core.package_identification:_identify(src/micro_ros_setup) by extension 'ignore_ament_install'
[0.266s] Level 1:colcon.colcon_core.package_identification:_identify(src/micro_ros_setup) by extensions ['colcon_pkg']
[0.266s] Level 1:colcon.colcon_core.package_identification:_identify(src/micro_ros_setup) by extension 'colcon_pkg'
[0.266s] Level 1:colcon.colcon_core.package_identification:_identify(src/micro_ros_setup) by extensions ['colcon_meta']
[0.266s] Level 1:colcon.colcon_core.package_identification:_identify(src/micro_ros_setup) by extension 'colcon_meta'
[0.266s] Level 1:colcon.colcon_core.package_identification:_identify(src/micro_ros_setup) by extensions ['ros']
[0.266s] Level 1:colcon.colcon_core.package_identification:_identify(src/micro_ros_setup) by extension 'ros'
[0.267s] DEBUG:colcon.colcon_core.package_identification:Package 'src/micro_ros_setup' with type 'ros.ament_cmake' and name 'micro_ros_setup'
[0.267s] Level 1:colcon.colcon_core.package_identification:_identify(src/pwm_rec) by extensions ['ignore', 'ignore_ament_install']
[0.267s] Level 1:colcon.colcon_core.package_identification:_identify(src/pwm_rec) by extension 'ignore'
[0.267s] Level 1:colcon.colcon_core.package_identification:_identify(src/pwm_rec) by extension 'ignore_ament_install'
[0.267s] Level 1:colcon.colcon_core.package_identification:_identify(src/pwm_rec) by extensions ['colcon_pkg']
[0.267s] Level 1:colcon.colcon_core.package_identification:_identify(src/pwm_rec) by extension 'colcon_pkg'
[0.267s] Level 1:colcon.colcon_core.package_identification:_identify(src/pwm_rec) by extensions ['colcon_meta']
[0.267s] Level 1:colcon.colcon_core.package_identification:_identify(src/pwm_rec) by extension 'colcon_meta'
[0.267s] Level 1:colcon.colcon_core.package_identification:_identify(src/pwm_rec) by extensions ['ros']
[0.267s] Level 1:colcon.colcon_core.package_identification:_identify(src/pwm_rec) by extension 'ros'
[0.268s] DEBUG:colcon.colcon_core.package_identification:Package 'src/pwm_rec' with type 'ros.ament_python' and name 'pwm_rec'
[0.268s] Level 1:colcon.colcon_core.package_identification:_identify(src/servo_steering) by extensions ['ignore', 'ignore_ament_install']
[0.268s] Level 1:colcon.colcon_core.package_identification:_identify(src/servo_steering) by extension 'ignore'
[0.268s] Level 1:colcon.colcon_core.package_identification:_identify(src/servo_steering) by extension 'ignore_ament_install'
[0.268s] Level 1:colcon.colcon_core.package_identification:_identify(src/servo_steering) by extensions ['colcon_pkg']
[0.268s] Level 1:colcon.colcon_core.package_identification:_identify(src/servo_steering) by extension 'colcon_pkg'
[0.268s] Level 1:colcon.colcon_core.package_identification:_identify(src/servo_steering) by extensions ['colcon_meta']
[0.268s] Level 1:colcon.colcon_core.package_identification:_identify(src/servo_steering) by extension 'colcon_meta'
[0.268s] Level 1:colcon.colcon_core.package_identification:_identify(src/servo_steering) by extensions ['ros']
[0.268s] Level 1:colcon.colcon_core.package_identification:_identify(src/servo_steering) by extension 'ros'
[0.269s] DEBUG:colcon.colcon_core.package_identification:Package 'src/servo_steering' with type 'ros.ament_python' and name 'servo_steering'
[0.269s] Level 1:colcon.colcon_core.package_identification:_identify(src/sllidar_ros2) by extensions ['ignore', 'ignore_ament_install']
[0.269s] Level 1:colcon.colcon_core.package_identification:_identify(src/sllidar_ros2) by extension 'ignore'
[0.269s] Level 1:colcon.colcon_core.package_identification:_identify(src/sllidar_ros2) by extension 'ignore_ament_install'
[0.269s] Level 1:colcon.colcon_core.package_identification:_identify(src/sllidar_ros2) by extensions ['colcon_pkg']
[0.269s] Level 1:colcon.colcon_core.package_identification:_identify(src/sllidar_ros2) by extension 'colcon_pkg'
[0.269s] Level 1:colcon.colcon_core.package_identification:_identify(src/sllidar_ros2) by extensions ['colcon_meta']
[0.269s] Level 1:colcon.colcon_core.package_identification:_identify(src/sllidar_ros2) by extension 'colcon_meta'
[0.269s] Level 1:colcon.colcon_core.package_identification:_identify(src/sllidar_ros2) by extensions ['ros']
[0.269s] Level 1:colcon.colcon_core.package_identification:_identify(src/sllidar_ros2) by extension 'ros'
[0.270s] DEBUG:colcon.colcon_core.package_identification:Package 'src/sllidar_ros2' with type 'ros.ament_cmake' and name 'sllidar_ros2'
[0.270s] Level 1:colcon.colcon_core.package_identification:_identify(src/uros) by extensions ['ignore', 'ignore_ament_install']
[0.270s] Level 1:colcon.colcon_core.package_identification:_identify(src/uros) by extension 'ignore'
[0.270s] Level 1:colcon.colcon_core.package_identification:_identify(src/uros) by extension 'ignore_ament_install'
[0.270s] Level 1:colcon.colcon_core.package_identification:_identify(src/uros) by extensions ['colcon_pkg']
[0.270s] Level 1:colcon.colcon_core.package_identification:_identify(src/uros) by extension 'colcon_pkg'
[0.270s] Level 1:colcon.colcon_core.package_identification:_identify(src/uros) by extensions ['colcon_meta']
[0.270s] Level 1:colcon.colcon_core.package_identification:_identify(src/uros) by extension 'colcon_meta'
[0.270s] Level 1:colcon.colcon_core.package_identification:_identify(src/uros) by extensions ['ros']
[0.271s] Level 1:colcon.colcon_core.package_identification:_identify(src/uros) by extension 'ros'
[0.271s] Level 1:colcon.colcon_core.package_identification:_identify(src/uros) by extensions ['cmake', 'python']
[0.271s] Level 1:colcon.colcon_core.package_identification:_identify(src/uros) by extension 'cmake'
[0.271s] Level 1:colcon.colcon_core.package_identification:_identify(src/uros) by extension 'python'
[0.271s] Level 1:colcon.colcon_core.package_identification:_identify(src/uros) by extensions ['python_setup_py']
[0.271s] Level 1:colcon.colcon_core.package_identification:_identify(src/uros) by extension 'python_setup_py'
[0.271s] Level 1:colcon.colcon_core.package_identification:_identify(src/uros/drive_base) by extensions ['ignore', 'ignore_ament_install']
[0.271s] Level 1:colcon.colcon_core.package_identification:_identify(src/uros/drive_base) by extension 'ignore'
[0.271s] Level 1:colcon.colcon_core.package_identification:_identify(src/uros/drive_base) by extension 'ignore_ament_install'
[0.271s] Level 1:colcon.colcon_core.package_identification:_identify(src/uros/drive_base) by extensions ['colcon_pkg']
[0.271s] Level 1:colcon.colcon_core.package_identification:_identify(src/uros/drive_base) by extension 'colcon_pkg'
[0.271s] Level 1:colcon.colcon_core.package_identification:_identify(src/uros/drive_base) by extensions ['colcon_meta']
[0.271s] Level 1:colcon.colcon_core.package_identification:_identify(src/uros/drive_base) by extension 'colcon_meta'
[0.271s] Level 1:colcon.colcon_core.package_identification:_identify(src/uros/drive_base) by extensions ['ros']
[0.271s] Level 1:colcon.colcon_core.package_identification:_identify(src/uros/drive_base) by extension 'ros'
[0.271s] Level 1:colcon.colcon_core.package_identification:_identify(src/uros/drive_base) by extensions ['cmake', 'python']
[0.271s] Level 1:colcon.colcon_core.package_identification:_identify(src/uros/drive_base) by extension 'cmake'
[0.271s] Level 1:colcon.colcon_core.package_identification:_identify(src/uros/drive_base) by extension 'python'
[0.271s] Level 1:colcon.colcon_core.package_identification:_identify(src/uros/drive_base) by extensions ['python_setup_py']
[0.271s] Level 1:colcon.colcon_core.package_identification:_identify(src/uros/drive_base) by extension 'python_setup_py'
[0.272s] Level 1:colcon.colcon_core.package_identification:_identify(src/uros/drive_base/drive_base_msgs) by extensions ['ignore', 'ignore_ament_install']
[0.272s] Level 1:colcon.colcon_core.package_identification:_identify(src/uros/drive_base/drive_base_msgs) by extension 'ignore'
[0.272s] Level 1:colcon.colcon_core.package_identification:_identify(src/uros/drive_base/drive_base_msgs) by extension 'ignore_ament_install'
[0.272s] Level 1:colcon.colcon_core.package_identification:_identify(src/uros/drive_base/drive_base_msgs) by extensions ['colcon_pkg']
[0.272s] Level 1:colcon.colcon_core.package_identification:_identify(src/uros/drive_base/drive_base_msgs) by extension 'colcon_pkg'
[0.272s] Level 1:colcon.colcon_core.package_identification:_identify(src/uros/drive_base/drive_base_msgs) by extensions ['colcon_meta']
[0.272s] Level 1:colcon.colcon_core.package_identification:_identify(src/uros/drive_base/drive_base_msgs) by extension 'colcon_meta'
[0.272s] Level 1:colcon.colcon_core.package_identification:_identify(src/uros/drive_base/drive_base_msgs) by extensions ['ros']
[0.272s] Level 1:colcon.colcon_core.package_identification:_identify(src/uros/drive_base/drive_base_msgs) by extension 'ros'
[0.273s] DEBUG:colcon.colcon_core.package_identification:Package 'src/uros/drive_base/drive_base_msgs' with type 'ros.ament_cmake' and name 'drive_base_msgs'
[0.273s] Level 1:colcon.colcon_core.package_identification:_identify(src/uros/micro-ROS-Agent) by extensions ['ignore', 'ignore_ament_install']
[0.273s] Level 1:colcon.colcon_core.package_identification:_identify(src/uros/micro-ROS-Agent) by extension 'ignore'
[0.273s] Level 1:colcon.colcon_core.package_identification:_identify(src/uros/micro-ROS-Agent) by extension 'ignore_ament_install'
[0.273s] Level 1:colcon.colcon_core.package_identification:_identify(src/uros/micro-ROS-Agent) by extensions ['colcon_pkg']
[0.273s] Level 1:colcon.colcon_core.package_identification:_identify(src/uros/micro-ROS-Agent) by extension 'colcon_pkg'
[0.273s] Level 1:colcon.colcon_core.package_identification:_identify(src/uros/micro-ROS-Agent) by extensions ['colcon_meta']
[0.273s] Level 1:colcon.colcon_core.package_identification:_identify(src/uros/micro-ROS-Agent) by extension 'colcon_meta'
[0.273s] Level 1:colcon.colcon_core.package_identification:_identify(src/uros/micro-ROS-Agent) by extensions ['ros']
[0.273s] Level 1:colcon.colcon_core.package_identification:_identify(src/uros/micro-ROS-Agent) by extension 'ros'
[0.273s] Level 1:colcon.colcon_core.package_identification:_identify(src/uros/micro-ROS-Agent) by extensions ['cmake', 'python']
[0.273s] Level 1:colcon.colcon_core.package_identification:_identify(src/uros/micro-ROS-Agent) by extension 'cmake'
[0.273s] Level 1:colcon.colcon_core.package_identification:_identify(src/uros/micro-ROS-Agent) by extension 'python'
[0.273s] Level 1:colcon.colcon_core.package_identification:_identify(src/uros/micro-ROS-Agent) by extensions ['python_setup_py']
[0.273s] Level 1:colcon.colcon_core.package_identification:_identify(src/uros/micro-ROS-Agent) by extension 'python_setup_py'
[0.274s] Level 1:colcon.colcon_core.package_identification:_identify(src/uros/micro-ROS-Agent/micro_ros_agent) by extensions ['ignore', 'ignore_ament_install']
[0.274s] Level 1:colcon.colcon_core.package_identification:_identify(src/uros/micro-ROS-Agent/micro_ros_agent) by extension 'ignore'
[0.274s] Level 1:colcon.colcon_core.package_identification:_identify(src/uros/micro-ROS-Agent/micro_ros_agent) by extension 'ignore_ament_install'
[0.274s] Level 1:colcon.colcon_core.package_identification:_identify(src/uros/micro-ROS-Agent/micro_ros_agent) by extensions ['colcon_pkg']
[0.274s] Level 1:colcon.colcon_core.package_identification:_identify(src/uros/micro-ROS-Agent/micro_ros_agent) by extension 'colcon_pkg'
[0.274s] Level 1:colcon.colcon_core.package_identification:_identify(src/uros/micro-ROS-Agent/micro_ros_agent) by extensions ['colcon_meta']
[0.274s] Level 1:colcon.colcon_core.package_identification:_identify(src/uros/micro-ROS-Agent/micro_ros_agent) by extension 'colcon_meta'
[0.274s] Level 1:colcon.colcon_core.package_identification:_identify(src/uros/micro-ROS-Agent/micro_ros_agent) by extensions ['ros']
[0.274s] Level 1:colcon.colcon_core.package_identification:_identify(src/uros/micro-ROS-Agent/micro_ros_agent) by extension 'ros'
[0.275s] DEBUG:colcon.colcon_core.package_identification:Package 'src/uros/micro-ROS-Agent/micro_ros_agent' with type 'ros.ament_cmake' and name 'micro_ros_agent'
[0.275s] Level 1:colcon.colcon_core.package_identification:_identify(src/uros/micro-ROS-Agent/snap) by extensions ['ignore', 'ignore_ament_install']
[0.275s] Level 1:colcon.colcon_core.package_identification:_identify(src/uros/micro-ROS-Agent/snap) by extension 'ignore'
[0.275s] Level 1:colcon.colcon_core.package_identification:_identify(src/uros/micro-ROS-Agent/snap) by extension 'ignore_ament_install'
[0.275s] Level 1:colcon.colcon_core.package_identification:_identify(src/uros/micro-ROS-Agent/snap) by extensions ['colcon_pkg']
[0.275s] Level 1:colcon.colcon_core.package_identification:_identify(src/uros/micro-ROS-Agent/snap) by extension 'colcon_pkg'
[0.275s] Level 1:colcon.colcon_core.package_identification:_identify(src/uros/micro-ROS-Agent/snap) by extensions ['colcon_meta']
[0.275s] Level 1:colcon.colcon_core.package_identification:_identify(src/uros/micro-ROS-Agent/snap) by extension 'colcon_meta'
[0.275s] Level 1:colcon.colcon_core.package_identification:_identify(src/uros/micro-ROS-Agent/snap) by extensions ['ros']
[0.275s] Level 1:colcon.colcon_core.package_identification:_identify(src/uros/micro-ROS-Agent/snap) by extension 'ros'
[0.276s] Level 1:colcon.colcon_core.package_identification:_identify(src/uros/micro-ROS-Agent/snap) by extensions ['cmake', 'python']
[0.276s] Level 1:colcon.colcon_core.package_identification:_identify(src/uros/micro-ROS-Agent/snap) by extension 'cmake'
[0.276s] Level 1:colcon.colcon_core.package_identification:_identify(src/uros/micro-ROS-Agent/snap) by extension 'python'
[0.276s] Level 1:colcon.colcon_core.package_identification:_identify(src/uros/micro-ROS-Agent/snap) by extensions ['python_setup_py']
[0.276s] Level 1:colcon.colcon_core.package_identification:_identify(src/uros/micro-ROS-Agent/snap) by extension 'python_setup_py'
[0.276s] Level 1:colcon.colcon_core.package_identification:_identify(src/uros/micro-ROS-Agent/snap/hooks) by extensions ['ignore', 'ignore_ament_install']
[0.276s] Level 1:colcon.colcon_core.package_identification:_identify(src/uros/micro-ROS-Agent/snap/hooks) by extension 'ignore'
[0.276s] Level 1:colcon.colcon_core.package_identification:_identify(src/uros/micro-ROS-Agent/snap/hooks) by extension 'ignore_ament_install'
[0.276s] Level 1:colcon.colcon_core.package_identification:_identify(src/uros/micro-ROS-Agent/snap/hooks) by extensions ['colcon_pkg']
[0.276s] Level 1:colcon.colcon_core.package_identification:_identify(src/uros/micro-ROS-Agent/snap/hooks) by extension 'colcon_pkg'
[0.276s] Level 1:colcon.colcon_core.package_identification:_identify(src/uros/micro-ROS-Agent/snap/hooks) by extensions ['colcon_meta']
[0.276s] Level 1:colcon.colcon_core.package_identification:_identify(src/uros/micro-ROS-Agent/snap/hooks) by extension 'colcon_meta'
[0.276s] Level 1:colcon.colcon_core.package_identification:_identify(src/uros/micro-ROS-Agent/snap/hooks) by extensions ['ros']
[0.276s] Level 1:colcon.colcon_core.package_identification:_identify(src/uros/micro-ROS-Agent/snap/hooks) by extension 'ros'
[0.276s] Level 1:colcon.colcon_core.package_identification:_identify(src/uros/micro-ROS-Agent/snap/hooks) by extensions ['cmake', 'python']
[0.276s] Level 1:colcon.colcon_core.package_identification:_identify(src/uros/micro-ROS-Agent/snap/hooks) by extension 'cmake'
[0.276s] Level 1:colcon.colcon_core.package_identification:_identify(src/uros/micro-ROS-Agent/snap/hooks) by extension 'python'
[0.276s] Level 1:colcon.colcon_core.package_identification:_identify(src/uros/micro-ROS-Agent/snap/hooks) by extensions ['python_setup_py']
[0.276s] Level 1:colcon.colcon_core.package_identification:_identify(src/uros/micro-ROS-Agent/snap/hooks) by extension 'python_setup_py'
[0.277s] Level 1:colcon.colcon_core.package_identification:_identify(src/uros/micro-ROS-Agent/snap/local) by extensions ['ignore', 'ignore_ament_install']
[0.277s] Level 1:colcon.colcon_core.package_identification:_identify(src/uros/micro-ROS-Agent/snap/local) by extension 'ignore'
[0.277s] Level 1:colcon.colcon_core.package_identification:_identify(src/uros/micro-ROS-Agent/snap/local) by extension 'ignore_ament_install'
[0.277s] Level 1:colcon.colcon_core.package_identification:_identify(src/uros/micro-ROS-Agent/snap/local) by extensions ['colcon_pkg']
[0.277s] Level 1:colcon.colcon_core.package_identification:_identify(src/uros/micro-ROS-Agent/snap/local) by extension 'colcon_pkg'
[0.277s] Level 1:colcon.colcon_core.package_identification:_identify(src/uros/micro-ROS-Agent/snap/local) by extensions ['colcon_meta']
[0.277s] Level 1:colcon.colcon_core.package_identification:_identify(src/uros/micro-ROS-Agent/snap/local) by extension 'colcon_meta'
[0.277s] Level 1:colcon.colcon_core.package_identification:_identify(src/uros/micro-ROS-Agent/snap/local) by extensions ['ros']
[0.277s] Level 1:colcon.colcon_core.package_identification:_identify(src/uros/micro-ROS-Agent/snap/local) by extension 'ros'
[0.277s] Level 1:colcon.colcon_core.package_identification:_identify(src/uros/micro-ROS-Agent/snap/local) by extensions ['cmake', 'python']
[0.277s] Level 1:colcon.colcon_core.package_identification:_identify(src/uros/micro-ROS-Agent/snap/local) by extension 'cmake'
[0.277s] Level 1:colcon.colcon_core.package_identification:_identify(src/uros/micro-ROS-Agent/snap/local) by extension 'python'
[0.277s] Level 1:colcon.colcon_core.package_identification:_identify(src/uros/micro-ROS-Agent/snap/local) by extensions ['python_setup_py']
[0.277s] Level 1:colcon.colcon_core.package_identification:_identify(src/uros/micro-ROS-Agent/snap/local) by extension 'python_setup_py'
[0.277s] Level 1:colcon.colcon_core.package_identification:_identify(src/uros/micro_ros_msgs) by extensions ['ignore', 'ignore_ament_install']
[0.277s] Level 1:colcon.colcon_core.package_identification:_identify(src/uros/micro_ros_msgs) by extension 'ignore'
[0.278s] Level 1:colcon.colcon_core.package_identification:_identify(src/uros/micro_ros_msgs) by extension 'ignore_ament_install'
[0.278s] Level 1:colcon.colcon_core.package_identification:_identify(src/uros/micro_ros_msgs) by extensions ['colcon_pkg']
[0.278s] Level 1:colcon.colcon_core.package_identification:_identify(src/uros/micro_ros_msgs) by extension 'colcon_pkg'
[0.278s] Level 1:colcon.colcon_core.package_identification:_identify(src/uros/micro_ros_msgs) by extensions ['colcon_meta']
[0.278s] Level 1:colcon.colcon_core.package_identification:_identify(src/uros/micro_ros_msgs) by extension 'colcon_meta'
[0.278s] Level 1:colcon.colcon_core.package_identification:_identify(src/uros/micro_ros_msgs) by extensions ['ros']
[0.278s] Level 1:colcon.colcon_core.package_identification:_identify(src/uros/micro_ros_msgs) by extension 'ros'
[0.279s] DEBUG:colcon.colcon_core.package_identification:Package 'src/uros/micro_ros_msgs' with type 'ros.ament_cmake' and name 'micro_ros_msgs'
[0.279s] Level 1:colcon.colcon_core.package_discovery:discover_packages(recursive) using defaults
[0.279s] Level 1:colcon.colcon_core.package_discovery:discover_packages(ignore) discover
[0.279s] Level 1:colcon.colcon_core.package_discovery:discover_packages(ignore) using defaults
[0.279s] Level 1:colcon.colcon_core.package_discovery:discover_packages(path) discover
[0.279s] Level 1:colcon.colcon_core.package_discovery:discover_packages(path) using defaults
[0.306s] Level 1:colcon.colcon_core.package_discovery:discover_packages(prefix_path) check parameters
[0.306s] Level 1:colcon.colcon_core.package_discovery:discover_packages(prefix_path) discover
[0.310s] DEBUG:colcon.colcon_installed_package_information.package_discovery:Found 14 installed packages in /home/epiibots/ros2_ws/install
[0.312s] DEBUG:colcon.colcon_installed_package_information.package_discovery:Found 310 installed packages in /opt/ros/jazzy
[0.314s] Level 1:colcon.colcon_core.package_discovery:discover_packages(prefix_path) using defaults
[0.374s] Level 5:colcon.colcon_core.verb:set package 'bno055' build argument 'cmake_args' from command line to 'None'
[0.374s] Level 5:colcon.colcon_core.verb:set package 'bno055' build argument 'cmake_target' from command line to 'None'
[0.374s] Level 5:colcon.colcon_core.verb:set package 'bno055' build argument 'cmake_target_skip_unavailable' from command line to 'False'
[0.374s] Level 5:colcon.colcon_core.verb:set package 'bno055' build argument 'cmake_clean_cache' from command line to 'False'
[0.374s] Level 5:colcon.colcon_core.verb:set package 'bno055' build argument 'cmake_clean_first' from command line to 'False'
[0.374s] Level 5:colcon.colcon_core.verb:set package 'bno055' build argument 'cmake_force_configure' from command line to 'False'
[0.374s] Level 5:colcon.colcon_core.verb:set package 'bno055' build argument 'ament_cmake_args' from command line to 'None'
[0.374s] Level 5:colcon.colcon_core.verb:set package 'bno055' build argument 'catkin_cmake_args' from command line to 'None'
[0.374s] Level 5:colcon.colcon_core.verb:set package 'bno055' build argument 'catkin_skip_building_tests' from command line to 'False'
[0.374s] DEBUG:colcon.colcon_core.verb:Building package 'bno055' with the following arguments: {'ament_cmake_args': None, 'build_base': '/home/epiibots/ros2_ws/build/bno055', 'catkin_cmake_args': None, 'catkin_skip_building_tests': False, 'cmake_args': None, 'cmake_clean_cache': False, 'cmake_clean_first': False, 'cmake_force_configure': False, 'cmake_target': None, 'cmake_target_skip_unavailable': False, 'install_base': '/home/epiibots/ros2_ws/install/bno055', 'merge_install': False, 'path': '/home/epiibots/ros2_ws/src/bno055', 'symlink_install': False, 'test_result_base': None}
[0.375s] Level 5:colcon.colcon_core.verb:set package 'calibration' build argument 'cmake_args' from command line to 'None'
[0.375s] Level 5:colcon.colcon_core.verb:set package 'calibration' build argument 'cmake_target' from command line to 'None'
[0.375s] Level 5:colcon.colcon_core.verb:set package 'calibration' build argument 'cmake_target_skip_unavailable' from command line to 'False'
[0.375s] Level 5:colcon.colcon_core.verb:set package 'calibration' build argument 'cmake_clean_cache' from command line to 'False'
[0.375s] Level 5:colcon.colcon_core.verb:set package 'calibration' build argument 'cmake_clean_first' from command line to 'False'
[0.375s] Level 5:colcon.colcon_core.verb:set package 'calibration' build argument 'cmake_force_configure' from command line to 'False'
[0.375s] Level 5:colcon.colcon_core.verb:set package 'calibration' build argument 'ament_cmake_args' from command line to 'None'
[0.375s] Level 5:colcon.colcon_core.verb:set package 'calibration' build argument 'catkin_cmake_args' from command line to 'None'
[0.375s] Level 5:colcon.colcon_core.verb:set package 'calibration' build argument 'catkin_skip_building_tests' from command line to 'False'
[0.375s] DEBUG:colcon.colcon_core.verb:Building package 'calibration' with the following arguments: {'ament_cmake_args': None, 'build_base': '/home/epiibots/ros2_ws/build/calibration', 'catkin_cmake_args': None, 'catkin_skip_building_tests': False, 'cmake_args': None, 'cmake_clean_cache': False, 'cmake_clean_first': False, 'cmake_force_configure': False, 'cmake_target': None, 'cmake_target_skip_unavailable': False, 'install_base': '/home/epiibots/ros2_ws/install/calibration', 'merge_install': False, 'path': '/home/epiibots/ros2_ws/src/calibration', 'symlink_install': False, 'test_result_base': None}
[0.375s] Level 5:colcon.colcon_core.verb:set package 'carrinho_base' build argument 'cmake_args' from command line to 'None'
[0.375s] Level 5:colcon.colcon_core.verb:set package 'carrinho_base' build argument 'cmake_target' from command line to 'None'
[0.375s] Level 5:colcon.colcon_core.verb:set package 'carrinho_base' build argument 'cmake_target_skip_unavailable' from command line to 'False'
[0.375s] Level 5:colcon.colcon_core.verb:set package 'carrinho_base' build argument 'cmake_clean_cache' from command line to 'False'
[0.375s] Level 5:colcon.colcon_core.verb:set package 'carrinho_base' build argument 'cmake_clean_first' from command line to 'False'
[0.375s] Level 5:colcon.colcon_core.verb:set package 'carrinho_base' build argument 'cmake_force_configure' from command line to 'False'
[0.375s] Level 5:colcon.colcon_core.verb:set package 'carrinho_base' build argument 'ament_cmake_args' from command line to 'None'
[0.375s] Level 5:colcon.colcon_core.verb:set package 'carrinho_base' build argument 'catkin_cmake_args' from command line to 'None'
[0.375s] Level 5:colcon.colcon_core.verb:set package 'carrinho_base' build argument 'catkin_skip_building_tests' from command line to 'False'
[0.375s] DEBUG:colcon.colcon_core.verb:Building package 'carrinho_base' with the following arguments: {'ament_cmake_args': None, 'build_base': '/home/epiibots/ros2_ws/build/carrinho_base', 'catkin_cmake_args': None, 'catkin_skip_building_tests': False, 'cmake_args': None, 'cmake_clean_cache': False, 'cmake_clean_first': False, 'cmake_force_configure': False, 'cmake_target': None, 'cmake_target_skip_unavailable': False, 'install_base': '/home/epiibots/ros2_ws/install/carrinho_base', 'merge_install': False, 'path': '/home/epiibots/ros2_ws/src/carrinho_base', 'symlink_install': False, 'test_result_base': None}
[0.376s] Level 5:colcon.colcon_core.verb:set package 'detector' build argument 'cmake_args' from command line to 'None'
[0.376s] Level 5:colcon.colcon_core.verb:set package 'detector' build argument 'cmake_target' from command line to 'None'
[0.376s] Level 5:colcon.colcon_core.verb:set package 'detector' build argument 'cmake_target_skip_unavailable' from command line to 'False'
[0.376s] Level 5:colcon.colcon_core.verb:set package 'detector' build argument 'cmake_clean_cache' from command line to 'False'
[0.376s] Level 5:colcon.colcon_core.verb:set package 'detector' build argument 'cmake_clean_first' from command line to 'False'
[0.376s] Level 5:colcon.colcon_core.verb:set package 'detector' build argument 'cmake_force_configure' from command line to 'False'
[0.376s] Level 5:colcon.colcon_core.verb:set package 'detector' build argument 'ament_cmake_args' from command line to 'None'
[0.376s] Level 5:colcon.colcon_core.verb:set package 'detector' build argument 'catkin_cmake_args' from command line to 'None'
[0.376s] Level 5:colcon.colcon_core.verb:set package 'detector' build argument 'catkin_skip_building_tests' from command line to 'False'
[0.376s] DEBUG:colcon.colcon_core.verb:Building package 'detector' with the following arguments: {'ament_cmake_args': None, 'build_base': '/home/epiibots/ros2_ws/build/detector', 'catkin_cmake_args': None, 'catkin_skip_building_tests': False, 'cmake_args': None, 'cmake_clean_cache': False, 'cmake_clean_first': False, 'cmake_force_configure': False, 'cmake_target': None, 'cmake_target_skip_unavailable': False, 'install_base': '/home/epiibots/ros2_ws/install/detector', 'merge_install': False, 'path': '/home/epiibots/ros2_ws/src/detector', 'symlink_install': False, 'test_result_base': None}
[0.376s] Level 5:colcon.colcon_core.verb:set package 'drive_base_msgs' build argument 'cmake_args' from command line to 'None'
[0.376s] Level 5:colcon.colcon_core.verb:set package 'drive_base_msgs' build argument 'cmake_target' from command line to 'None'
[0.376s] Level 5:colcon.colcon_core.verb:set package 'drive_base_msgs' build argument 'cmake_target_skip_unavailable' from command line to 'False'
[0.376s] Level 5:colcon.colcon_core.verb:set package 'drive_base_msgs' build argument 'cmake_clean_cache' from command line to 'False'
[0.376s] Level 5:colcon.colcon_core.verb:set package 'drive_base_msgs' build argument 'cmake_clean_first' from command line to 'False'
[0.376s] Level 5:colcon.colcon_core.verb:set package 'drive_base_msgs' build argument 'cmake_force_configure' from command line to 'False'
[0.376s] Level 5:colcon.colcon_core.verb:set package 'drive_base_msgs' build argument 'ament_cmake_args' from command line to 'None'
[0.376s] Level 5:colcon.colcon_core.verb:set package 'drive_base_msgs' build argument 'catkin_cmake_args' from command line to 'None'
[0.376s] Level 5:colcon.colcon_core.verb:set package 'drive_base_msgs' build argument 'catkin_skip_building_tests' from command line to 'False'
[0.377s] DEBUG:colcon.colcon_core.verb:Building package 'drive_base_msgs' with the following arguments: {'ament_cmake_args': None, 'build_base': '/home/epiibots/ros2_ws/build/drive_base_msgs', 'catkin_cmake_args': None, 'catkin_skip_building_tests': False, 'cmake_args': None, 'cmake_clean_cache': False, 'cmake_clean_first': False, 'cmake_force_configure': False, 'cmake_target': None, 'cmake_target_skip_unavailable': False, 'install_base': '/home/epiibots/ros2_ws/install/drive_base_msgs', 'merge_install': False, 'path': '/home/epiibots/ros2_ws/src/uros/drive_base/drive_base_msgs', 'symlink_install': False, 'test_result_base': None}
[0.377s] Level 5:colcon.colcon_core.verb:set package 'lidar_teste' build argument 'cmake_args' from command line to 'None'
[0.377s] Level 5:colcon.colcon_core.verb:set package 'lidar_teste' build argument 'cmake_target' from command line to 'None'
[0.377s] Level 5:colcon.colcon_core.verb:set package 'lidar_teste' build argument 'cmake_target_skip_unavailable' from command line to 'False'
[0.377s] Level 5:colcon.colcon_core.verb:set package 'lidar_teste' build argument 'cmake_clean_cache' from command line to 'False'
[0.377s] Level 5:colcon.colcon_core.verb:set package 'lidar_teste' build argument 'cmake_clean_first' from command line to 'False'
[0.377s] Level 5:colcon.colcon_core.verb:set package 'lidar_teste' build argument 'cmake_force_configure' from command line to 'False'
[0.377s] Level 5:colcon.colcon_core.verb:set package 'lidar_teste' build argument 'ament_cmake_args' from command line to 'None'
[0.377s] Level 5:colcon.colcon_core.verb:set package 'lidar_teste' build argument 'catkin_cmake_args' from command line to 'None'
[0.377s] Level 5:colcon.colcon_core.verb:set package 'lidar_teste' build argument 'catkin_skip_building_tests' from command line to 'False'
[0.377s] DEBUG:colcon.colcon_core.verb:Building package 'lidar_teste' with the following arguments: {'ament_cmake_args': None, 'build_base': '/home/epiibots/ros2_ws/build/lidar_teste', 'catkin_cmake_args': None, 'catkin_skip_building_tests': False, 'cmake_args': None, 'cmake_clean_cache': False, 'cmake_clean_first': False, 'cmake_force_configure': False, 'cmake_target': None, 'cmake_target_skip_unavailable': False, 'install_base': '/home/epiibots/ros2_ws/install/lidar_teste', 'merge_install': False, 'path': '/home/epiibots/ros2_ws/src/lidar_teste', 'symlink_install': False, 'test_result_base': None}
[0.377s] Level 5:colcon.colcon_core.verb:set package 'micro_ros_msgs' build argument 'cmake_args' from command line to 'None'
[0.378s] Level 5:colcon.colcon_core.verb:set package 'micro_ros_msgs' build argument 'cmake_target' from command line to 'None'
[0.378s] Level 5:colcon.colcon_core.verb:set package 'micro_ros_msgs' build argument 'cmake_target_skip_unavailable' from command line to 'False'
[0.378s] Level 5:colcon.colcon_core.verb:set package 'micro_ros_msgs' build argument 'cmake_clean_cache' from command line to 'False'
[0.378s] Level 5:colcon.colcon_core.verb:set package 'micro_ros_msgs' build argument 'cmake_clean_first' from command line to 'False'
[0.378s] Level 5:colcon.colcon_core.verb:set package 'micro_ros_msgs' build argument 'cmake_force_configure' from command line to 'False'
[0.378s] Level 5:colcon.colcon_core.verb:set package 'micro_ros_msgs' build argument 'ament_cmake_args' from command line to 'None'
[0.378s] Level 5:colcon.colcon_core.verb:set package 'micro_ros_msgs' build argument 'catkin_cmake_args' from command line to 'None'
[0.378s] Level 5:colcon.colcon_core.verb:set package 'micro_ros_msgs' build argument 'catkin_skip_building_tests' from command line to 'False'
[0.378s] DEBUG:colcon.colcon_core.verb:Building package 'micro_ros_msgs' with the following arguments: {'ament_cmake_args': None, 'build_base': '/home/epiibots/ros2_ws/build/micro_ros_msgs', 'catkin_cmake_args': None, 'catkin_skip_building_tests': False, 'cmake_args': None, 'cmake_clean_cache': False, 'cmake_clean_first': False, 'cmake_force_configure': False, 'cmake_target': None, 'cmake_target_skip_unavailable': False, 'install_base': '/home/epiibots/ros2_ws/install/micro_ros_msgs', 'merge_install': False, 'path': '/home/epiibots/ros2_ws/src/uros/micro_ros_msgs', 'symlink_install': False, 'test_result_base': None}
[0.378s] Level 5:colcon.colcon_core.verb:set package 'micro_ros_setup' build argument 'cmake_args' from command line to 'None'
[0.378s] Level 5:colcon.colcon_core.verb:set package 'micro_ros_setup' build argument 'cmake_target' from command line to 'None'
[0.378s] Level 5:colcon.colcon_core.verb:set package 'micro_ros_setup' build argument 'cmake_target_skip_unavailable' from command line to 'False'
[0.378s] Level 5:colcon.colcon_core.verb:set package 'micro_ros_setup' build argument 'cmake_clean_cache' from command line to 'False'
[0.378s] Level 5:colcon.colcon_core.verb:set package 'micro_ros_setup' build argument 'cmake_clean_first' from command line to 'False'
[0.378s] Level 5:colcon.colcon_core.verb:set package 'micro_ros_setup' build argument 'cmake_force_configure' from command line to 'False'
[0.378s] Level 5:colcon.colcon_core.verb:set package 'micro_ros_setup' build argument 'ament_cmake_args' from command line to 'None'
[0.378s] Level 5:colcon.colcon_core.verb:set package 'micro_ros_setup' build argument 'catkin_cmake_args' from command line to 'None'
[0.378s] Level 5:colcon.colcon_core.verb:set package 'micro_ros_setup' build argument 'catkin_skip_building_tests' from command line to 'False'
[0.378s] DEBUG:colcon.colcon_core.verb:Building package 'micro_ros_setup' with the following arguments: {'ament_cmake_args': None, 'build_base': '/home/epiibots/ros2_ws/build/micro_ros_setup', 'catkin_cmake_args': None, 'catkin_skip_building_tests': False, 'cmake_args': None, 'cmake_clean_cache': False, 'cmake_clean_first': False, 'cmake_force_configure': False, 'cmake_target': None, 'cmake_target_skip_unavailable': False, 'install_base': '/home/epiibots/ros2_ws/install/micro_ros_setup', 'merge_install': False, 'path': '/home/epiibots/ros2_ws/src/micro_ros_setup', 'symlink_install': False, 'test_result_base': None}
[0.379s] Level 5:colcon.colcon_core.verb:set package 'pwm_rec' build argument 'cmake_args' from command line to 'None'
[0.379s] Level 5:colcon.colcon_core.verb:set package 'pwm_rec' build argument 'cmake_target' from command line to 'None'
[0.379s] Level 5:colcon.colcon_core.verb:set package 'pwm_rec' build argument 'cmake_target_skip_unavailable' from command line to 'False'
[0.379s] Level 5:colcon.colcon_core.verb:set package 'pwm_rec' build argument 'cmake_clean_cache' from command line to 'False'
[0.379s] Level 5:colcon.colcon_core.verb:set package 'pwm_rec' build argument 'cmake_clean_first' from command line to 'False'
[0.379s] Level 5:colcon.colcon_core.verb:set package 'pwm_rec' build argument 'cmake_force_configure' from command line to 'False'
[0.379s] Level 5:colcon.colcon_core.verb:set package 'pwm_rec' build argument 'ament_cmake_args' from command line to 'None'
[0.379s] Level 5:colcon.colcon_core.verb:set package 'pwm_rec' build argument 'catkin_cmake_args' from command line to 'None'
[0.379s] Level 5:colcon.colcon_core.verb:set package 'pwm_rec' build argument 'catkin_skip_building_tests' from command line to 'False'
[0.379s] DEBUG:colcon.colcon_core.verb:Building package 'pwm_rec' with the following arguments: {'ament_cmake_args': None, 'build_base': '/home/epiibots/ros2_ws/build/pwm_rec', 'catkin_cmake_args': None, 'catkin_skip_building_tests': False, 'cmake_args': None, 'cmake_clean_cache': False, 'cmake_clean_first': False, 'cmake_force_configure': False, 'cmake_target': None, 'cmake_target_skip_unavailable': False, 'install_base': '/home/epiibots/ros2_ws/install/pwm_rec', 'merge_install': False, 'path': '/home/epiibots/ros2_ws/src/pwm_rec', 'symlink_install': False, 'test_result_base': None}
[0.379s] Level 5:colcon.colcon_core.verb:set package 'servo_steering' build argument 'cmake_args' from command line to 'None'
[0.379s] Level 5:colcon.colcon_core.verb:set package 'servo_steering' build argument 'cmake_target' from command line to 'None'
[0.379s] Level 5:colcon.colcon_core.verb:set package 'servo_steering' build argument 'cmake_target_skip_unavailable' from command line to 'False'
[0.379s] Level 5:colcon.colcon_core.verb:set package 'servo_steering' build argument 'cmake_clean_cache' from command line to 'False'
[0.379s] Level 5:colcon.colcon_core.verb:set package 'servo_steering' build argument 'cmake_clean_first' from command line to 'False'
[0.379s] Level 5:colcon.colcon_core.verb:set package 'servo_steering' build argument 'cmake_force_configure' from command line to 'False'
[0.379s] Level 5:colcon.colcon_core.verb:set package 'servo_steering' build argument 'ament_cmake_args' from command line to 'None'
[0.379s] Level 5:colcon.colcon_core.verb:set package 'servo_steering' build argument 'catkin_cmake_args' from command line to 'None'
[0.379s] Level 5:colcon.colcon_core.verb:set package 'servo_steering' build argument 'catkin_skip_building_tests' from command line to 'False'
[0.379s] DEBUG:colcon.colcon_core.verb:Building package 'servo_steering' with the following arguments: {'ament_cmake_args': None, 'build_base': '/home/epiibots/ros2_ws/build/servo_steering', 'catkin_cmake_args': None, 'catkin_skip_building_tests': False, 'cmake_args': None, 'cmake_clean_cache': False, 'cmake_clean_first': False, 'cmake_force_configure': False, 'cmake_target': None, 'cmake_target_skip_unavailable': False, 'install_base': '/home/epiibots/ros2_ws/install/servo_steering', 'merge_install': False, 'path': '/home/epiibots/ros2_ws/src/servo_steering', 'symlink_install': False, 'test_result_base': None}
[0.380s] Level 5:colcon.colcon_core.verb:set package 'sllidar_ros2' build argument 'cmake_args' from command line to 'None'
[0.380s] Level 5:colcon.colcon_core.verb:set package 'sllidar_ros2' build argument 'cmake_target' from command line to 'None'
[0.380s] Level 5:colcon.colcon_core.verb:set package 'sllidar_ros2' build argument 'cmake_target_skip_unavailable' from command line to 'False'
[0.380s] Level 5:colcon.colcon_core.verb:set package 'sllidar_ros2' build argument 'cmake_clean_cache' from command line to 'False'
[0.380s] Level 5:colcon.colcon_core.verb:set package 'sllidar_ros2' build argument 'cmake_clean_first' from command line to 'False'
[0.380s] Level 5:colcon.colcon_core.verb:set package 'sllidar_ros2' build argument 'cmake_force_configure' from command line to 'False'
[0.380s] Level 5:colcon.colcon_core.verb:set package 'sllidar_ros2' build argument 'ament_cmake_args' from command line to 'None'
[0.380s] Level 5:colcon.colcon_core.verb:set package 'sllidar_ros2' build argument 'catkin_cmake_args' from command line to 'None'
[0.380s] Level 5:colcon.colcon_core.verb:set package 'sllidar_ros2' build argument 'catkin_skip_building_tests' from command line to 'False'
[0.380s] DEBUG:colcon.colcon_core.verb:Building package 'sllidar_ros2' with the following arguments: {'ament_cmake_args': None, 'build_base': '/home/epiibots/ros2_ws/build/sllidar_ros2', 'catkin_cmake_args': None, 'catkin_skip_building_tests': False, 'cmake_args': None, 'cmake_clean_cache': False, 'cmake_clean_first': False, 'cmake_force_configure': False, 'cmake_target': None, 'cmake_target_skip_unavailable': False, 'install_base': '/home/epiibots/ros2_ws/install/sllidar_ros2', 'merge_install': False, 'path': '/home/epiibots/ros2_ws/src/sllidar_ros2', 'symlink_install': False, 'test_result_base': None}
[0.380s] Level 5:colcon.colcon_core.verb:set package 'controlegeral_carrinho' build argument 'cmake_args' from command line to 'None'
[0.380s] Level 5:colcon.colcon_core.verb:set package 'controlegeral_carrinho' build argument 'cmake_target' from command line to 'None'
[0.380s] Level 5:colcon.colcon_core.verb:set package 'controlegeral_carrinho' build argument 'cmake_target_skip_unavailable' from command line to 'False'
[0.380s] Level 5:colcon.colcon_core.verb:set package 'controlegeral_carrinho' build argument 'cmake_clean_cache' from command line to 'False'
[0.380s] Level 5:colcon.colcon_core.verb:set package 'controlegeral_carrinho' build argument 'cmake_clean_first' from command line to 'False'
[0.380s] Level 5:colcon.colcon_core.verb:set package 'controlegeral_carrinho' build argument 'cmake_force_configure' from command line to 'False'
[0.380s] Level 5:colcon.colcon_core.verb:set package 'controlegeral_carrinho' build argument 'ament_cmake_args' from command line to 'None'
[0.380s] Level 5:colcon.colcon_core.verb:set package 'controlegeral_carrinho' build argument 'catkin_cmake_args' from command line to 'None'
[0.380s] Level 5:colcon.colcon_core.verb:set package 'controlegeral_carrinho' build argument 'catkin_skip_building_tests' from command line to 'False'
[0.380s] DEBUG:colcon.colcon_core.verb:Building package 'controlegeral_carrinho' with the following arguments: {'ament_cmake_args': None, 'build_base': '/home/epiibots/ros2_ws/build/controlegeral_carrinho', 'catkin_cmake_args': None, 'catkin_skip_building_tests': False, 'cmake_args': None, 'cmake_clean_cache': False, 'cmake_clean_first': False, 'cmake_force_configure': False, 'cmake_target': None, 'cmake_target_skip_unavailable': False, 'install_base': '/home/epiibots/ros2_ws/install/controlegeral_carrinho', 'merge_install': False, 'path': '/home/epiibots/ros2_ws/src/controlegeral_carrinho', 'symlink_install': False, 'test_result_base': None}
[0.381s] Level 5:colcon.colcon_core.verb:set package 'micro_ros_agent' build argument 'cmake_args' from command line to 'None'
[0.381s] Level 5:colcon.colcon_core.verb:set package 'micro_ros_agent' build argument 'cmake_target' from command line to 'None'
[0.381s] Level 5:colcon.colcon_core.verb:set package 'micro_ros_agent' build argument 'cmake_target_skip_unavailable' from command line to 'False'
[0.381s] Level 5:colcon.colcon_core.verb:set package 'micro_ros_agent' build argument 'cmake_clean_cache' from command line to 'False'
[0.381s] Level 5:colcon.colcon_core.verb:set package 'micro_ros_agent' build argument 'cmake_clean_first' from command line to 'False'
[0.381s] Level 5:colcon.colcon_core.verb:set package 'micro_ros_agent' build argument 'cmake_force_configure' from command line to 'False'
[0.381s] Level 5:colcon.colcon_core.verb:set package 'micro_ros_agent' build argument 'ament_cmake_args' from command line to 'None'
[0.381s] Level 5:colcon.colcon_core.verb:set package 'micro_ros_agent' build argument 'catkin_cmake_args' from command line to 'None'
[0.381s] Level 5:colcon.colcon_core.verb:set package 'micro_ros_agent' build argument 'catkin_skip_building_tests' from command line to 'False'
[0.381s] DEBUG:colcon.colcon_core.verb:Building package 'micro_ros_agent' with the following arguments: {'ament_cmake_args': None, 'build_base': '/home/epiibots/ros2_ws/build/micro_ros_agent', 'catkin_cmake_args': None, 'catkin_skip_building_tests': False, 'cmake_args': None, 'cmake_clean_cache': False, 'cmake_clean_first': False, 'cmake_force_configure': False, 'cmake_target': None, 'cmake_target_skip_unavailable': False, 'install_base': '/home/epiibots/ros2_ws/install/micro_ros_agent', 'merge_install': False, 'path': '/home/epiibots/ros2_ws/src/uros/micro-ROS-Agent/micro_ros_agent', 'symlink_install': False, 'test_result_base': None}
[0.381s] INFO:colcon.colcon_core.executor:Executing jobs using 'parallel' executor
[0.382s] DEBUG:colcon.colcon_parallel_executor.executor.parallel:run_until_complete
[0.383s] INFO:colcon.colcon_ros.task.ament_python.build:Building ROS package in '/home/epiibots/ros2_ws/src/bno055' with build type 'ament_python'
[0.383s] Level 1:colcon.colcon_core.shell:create_environment_hook('bno055', 'ament_prefix_path')
[0.386s] INFO:colcon.colcon_core.plugin_system:Skipping extension 'colcon_core.shell.bat': Not used on non-Windows systems
[0.386s] INFO:colcon.colcon_core.shell:Creating environment hook '/home/epiibots/ros2_ws/install/bno055/share/bno055/hook/ament_prefix_path.ps1'
[0.387s] INFO:colcon.colcon_core.shell:Creating environment descriptor '/home/epiibots/ros2_ws/install/bno055/share/bno055/hook/ament_prefix_path.dsv'
[0.390s] INFO:colcon.colcon_core.shell:Creating environment hook '/home/epiibots/ros2_ws/install/bno055/share/bno055/hook/ament_prefix_path.sh'
[0.391s] INFO:colcon.colcon_core.shell:Skip shell extension 'powershell' for command environment: Not usable outside of PowerShell
[0.391s] DEBUG:colcon.colcon_core.shell:Skip shell extension 'dsv' for command environment
[0.398s] INFO:colcon.colcon_ros.task.ament_cmake.build:Building ROS package in '/home/epiibots/ros2_ws/src/uros/micro_ros_msgs' with build type 'ament_cmake'
[0.398s] INFO:colcon.colcon_cmake.task.cmake.build:Building CMake package in '/home/epiibots/ros2_ws/src/uros/micro_ros_msgs'
[0.398s] INFO:colcon.colcon_core.shell:Skip shell extension 'powershell' for command environment: Not usable outside of PowerShell
[0.398s] DEBUG:colcon.colcon_core.shell:Skip shell extension 'dsv' for command environment
[0.405s] INFO:colcon.colcon_ros.task.ament_cmake.build:Building ROS package in '/home/epiibots/ros2_ws/src/sllidar_ros2' with build type 'ament_cmake'
[0.405s] INFO:colcon.colcon_cmake.task.cmake.build:Building CMake package in '/home/epiibots/ros2_ws/src/sllidar_ros2'
[0.405s] INFO:colcon.colcon_core.shell:Skip shell extension 'powershell' for command environment: Not usable outside of PowerShell
[0.405s] DEBUG:colcon.colcon_core.shell:Skip shell extension 'dsv' for command environment
[0.411s] INFO:colcon.colcon_ros.task.ament_python.build:Building ROS package in '/home/epiibots/ros2_ws/src/calibration' with build type 'ament_python'
[0.411s] Level 1:colcon.colcon_core.shell:create_environment_hook('calibration', 'ament_prefix_path')
[0.412s] INFO:colcon.colcon_core.shell:Creating environment hook '/home/epiibots/ros2_ws/install/calibration/share/calibration/hook/ament_prefix_path.ps1'
[0.413s] INFO:colcon.colcon_core.shell:Creating environment descriptor '/home/epiibots/ros2_ws/install/calibration/share/calibration/hook/ament_prefix_path.dsv'
[0.414s] INFO:colcon.colcon_core.shell:Creating environment hook '/home/epiibots/ros2_ws/install/calibration/share/calibration/hook/ament_prefix_path.sh'
[0.415s] INFO:colcon.colcon_core.shell:Skip shell extension 'powershell' for command environment: Not usable outside of PowerShell
[0.415s] DEBUG:colcon.colcon_core.shell:Skip shell extension 'dsv' for command environment
[0.824s] INFO:colcon.colcon_core.task.python.build:Building Python package in '/home/epiibots/ros2_ws/src/bno055'
[0.824s] INFO:colcon.colcon_core.shell:Skip shell extension 'powershell' for command environment: Not usable outside of PowerShell
[0.824s] DEBUG:colcon.colcon_core.shell:Skip shell extension 'dsv' for command environment
[0.836s] DEBUG:colcon.colcon_core.event_handler.log_command:Invoking command in '/home/epiibots/ros2_ws/build/micro_ros_msgs': CMAKE_PREFIX_PATH=${CMAKE_PREFIX_PATH}:/home/epiibots/ros2_ws/install/controlegeral_carrinho:/home/epiibots/ros2_ws/install/servo_steering:/home/epiibots/ros2_ws/install/pwm_rec:/home/epiibots/ros2_ws/install/lidar_teste:/home/epiibots/ros2_ws/install/detector:/home/epiibots/ros2_ws/install/carrinho_base:/home/epiibots/ros2_ws/install/calibration:/home/epiibots/ros2_ws/install/bno055:/opt/ros/jazzy DEBUGINFOD_URLS=https://debuginfod.ubuntu.com /usr/bin/cmake --build /home/epiibots/ros2_ws/build/micro_ros_msgs -- -j4 -l4
[0.840s] DEBUG:colcon.colcon_core.event_handler.log_command:Invoking command in '/home/epiibots/ros2_ws/build/sllidar_ros2': CMAKE_PREFIX_PATH=${CMAKE_PREFIX_PATH}:/home/epiibots/ros2_ws/install/controlegeral_carrinho:/home/epiibots/ros2_ws/install/servo_steering:/home/epiibots/ros2_ws/install/pwm_rec:/home/epiibots/ros2_ws/install/lidar_teste:/home/epiibots/ros2_ws/install/detector:/home/epiibots/ros2_ws/install/carrinho_base:/home/epiibots/ros2_ws/install/calibration:/home/epiibots/ros2_ws/install/bno055:/opt/ros/jazzy DEBUGINFOD_URLS=https://debuginfod.ubuntu.com /usr/bin/cmake --build /home/epiibots/ros2_ws/build/sllidar_ros2 -- -j4 -l4
[1.516s] INFO:colcon.colcon_core.task.python.build:Building Python package in '/home/epiibots/ros2_ws/src/calibration'
[1.517s] INFO:colcon.colcon_core.shell:Skip shell extension 'powershell' for command environment: Not usable outside of PowerShell
[1.517s] DEBUG:colcon.colcon_core.shell:Skip shell extension 'dsv' for command environment
[1.547s] DEBUG:colcon.colcon_core.event_handler.log_command:Invoked command in '/home/epiibots/ros2_ws/build/sllidar_ros2' returned '0': CMAKE_PREFIX_PATH=${CMAKE_PREFIX_PATH}:/home/epiibots/ros2_ws/install/controlegeral_carrinho:/home/epiibots/ros2_ws/install/servo_steering:/home/epiibots/ros2_ws/install/pwm_rec:/home/epiibots/ros2_ws/install/lidar_teste:/home/epiibots/ros2_ws/install/detector:/home/epiibots/ros2_ws/install/carrinho_base:/home/epiibots/ros2_ws/install/calibration:/home/epiibots/ros2_ws/install/bno055:/opt/ros/jazzy DEBUGINFOD_URLS=https://debuginfod.ubuntu.com /usr/bin/cmake --build /home/epiibots/ros2_ws/build/sllidar_ros2 -- -j4 -l4
[1.617s] DEBUG:colcon.colcon_core.event_handler.log_command:Invoking command in '/home/epiibots/ros2_ws/build/sllidar_ros2': CMAKE_PREFIX_PATH=${CMAKE_PREFIX_PATH}:/home/epiibots/ros2_ws/install/controlegeral_carrinho:/home/epiibots/ros2_ws/install/servo_steering:/home/epiibots/ros2_ws/install/pwm_rec:/home/epiibots/ros2_ws/install/lidar_teste:/home/epiibots/ros2_ws/install/detector:/home/epiibots/ros2_ws/install/carrinho_base:/home/epiibots/ros2_ws/install/calibration:/home/epiibots/ros2_ws/install/bno055:/opt/ros/jazzy DEBUGINFOD_URLS=https://debuginfod.ubuntu.com /usr/bin/cmake --install /home/epiibots/ros2_ws/build/sllidar_ros2
[1.808s] Level 1:colcon.colcon_core.environment:create_environment_scripts_only(sllidar_ros2)
[1.813s] DEBUG:colcon.colcon_core.event_handler.log_command:Invoked command in '/home/epiibots/ros2_ws/build/sllidar_ros2' returned '0': CMAKE_PREFIX_PATH=${CMAKE_PREFIX_PATH}:/home/epiibots/ros2_ws/install/controlegeral_carrinho:/home/epiibots/ros2_ws/install/servo_steering:/home/epiibots/ros2_ws/install/pwm_rec:/home/epiibots/ros2_ws/install/lidar_teste:/home/epiibots/ros2_ws/install/detector:/home/epiibots/ros2_ws/install/carrinho_base:/home/epiibots/ros2_ws/install/calibration:/home/epiibots/ros2_ws/install/bno055:/opt/ros/jazzy DEBUGINFOD_URLS=https://debuginfod.ubuntu.com /usr/bin/cmake --install /home/epiibots/ros2_ws/build/sllidar_ros2
[1.815s] Level 1:colcon.colcon_core.environment:checking '/home/epiibots/ros2_ws/install/sllidar_ros2' for CMake module files
[1.816s] Level 1:colcon.colcon_core.environment:checking '/home/epiibots/ros2_ws/install/sllidar_ros2' for CMake config files
[1.817s] Level 1:colcon.colcon_core.shell:create_environment_hook('sllidar_ros2', 'cmake_prefix_path')
[1.817s] INFO:colcon.colcon_core.shell:Creating environment hook '/home/epiibots/ros2_ws/install/sllidar_ros2/share/sllidar_ros2/hook/cmake_prefix_path.ps1'
[1.819s] INFO:colcon.colcon_core.shell:Creating environment descriptor '/home/epiibots/ros2_ws/install/sllidar_ros2/share/sllidar_ros2/hook/cmake_prefix_path.dsv'
[1.825s] INFO:colcon.colcon_core.shell:Creating environment hook '/home/epiibots/ros2_ws/install/sllidar_ros2/share/sllidar_ros2/hook/cmake_prefix_path.sh'
[1.829s] Level 1:colcon.colcon_core.environment:checking '/home/epiibots/ros2_ws/install/sllidar_ros2/lib'
[1.830s] Level 1:colcon.colcon_core.environment:checking '/home/epiibots/ros2_ws/install/sllidar_ros2/bin'
[1.831s] Level 1:colcon.colcon_core.environment:checking '/home/epiibots/ros2_ws/install/sllidar_ros2/lib/pkgconfig/sllidar_ros2.pc'
[1.832s] Level 1:colcon.colcon_core.environment:checking '/home/epiibots/ros2_ws/install/sllidar_ros2/lib/python3.12/site-packages'
[1.834s] Level 1:colcon.colcon_core.environment:checking '/home/epiibots/ros2_ws/install/sllidar_ros2/bin'
[1.835s] INFO:colcon.colcon_core.shell:Creating package script '/home/epiibots/ros2_ws/install/sllidar_ros2/share/sllidar_ros2/package.ps1'
[1.839s] INFO:colcon.colcon_core.shell:Creating package descriptor '/home/epiibots/ros2_ws/install/sllidar_ros2/share/sllidar_ros2/package.dsv'
[1.843s] INFO:colcon.colcon_core.shell:Creating package script '/home/epiibots/ros2_ws/install/sllidar_ros2/share/sllidar_ros2/package.sh'
[1.855s] INFO:colcon.colcon_core.shell:Creating package script '/home/epiibots/ros2_ws/install/sllidar_ros2/share/sllidar_ros2/package.bash'
[1.862s] INFO:colcon.colcon_core.shell:Creating package script '/home/epiibots/ros2_ws/install/sllidar_ros2/share/sllidar_ros2/package.zsh'
[1.867s] Level 1:colcon.colcon_core.environment:create_file_with_runtime_dependencies(/home/epiibots/ros2_ws/install/sllidar_ros2/share/colcon-core/packages/sllidar_ros2)
[1.872s] Level 1:colcon.colcon_core.environment:create_environment_scripts_only(sllidar_ros2)
[1.876s] Level 1:colcon.colcon_core.environment:checking '/home/epiibots/ros2_ws/install/sllidar_ros2' for CMake module files
[1.884s] Level 1:colcon.colcon_core.environment:checking '/home/epiibots/ros2_ws/install/sllidar_ros2' for CMake config files
[1.885s] Level 1:colcon.colcon_core.shell:create_environment_hook('sllidar_ros2', 'cmake_prefix_path')
[1.889s] INFO:colcon.colcon_core.shell:Creating environment hook '/home/epiibots/ros2_ws/install/sllidar_ros2/share/sllidar_ros2/hook/cmake_prefix_path.ps1'
[1.894s] INFO:colcon.colcon_core.shell:Creating environment descriptor '/home/epiibots/ros2_ws/install/sllidar_ros2/share/sllidar_ros2/hook/cmake_prefix_path.dsv'
[1.900s] INFO:colcon.colcon_core.shell:Creating environment hook '/home/epiibots/ros2_ws/install/sllidar_ros2/share/sllidar_ros2/hook/cmake_prefix_path.sh'
[1.903s] Level 1:colcon.colcon_core.environment:checking '/home/epiibots/ros2_ws/install/sllidar_ros2/lib'
[1.903s] Level 1:colcon.colcon_core.environment:checking '/home/epiibots/ros2_ws/install/sllidar_ros2/bin'
[1.904s] Level 1:colcon.colcon_core.environment:checking '/home/epiibots/ros2_ws/install/sllidar_ros2/lib/pkgconfig/sllidar_ros2.pc'
[1.905s] Level 1:colcon.colcon_core.environment:checking '/home/epiibots/ros2_ws/install/sllidar_ros2/lib/python3.12/site-packages'
[1.906s] Level 1:colcon.colcon_core.environment:checking '/home/epiibots/ros2_ws/install/sllidar_ros2/bin'
[1.907s] INFO:colcon.colcon_core.shell:Creating package script '/home/epiibots/ros2_ws/install/sllidar_ros2/share/sllidar_ros2/package.ps1'
[1.910s] INFO:colcon.colcon_core.shell:Creating package descriptor '/home/epiibots/ros2_ws/install/sllidar_ros2/share/sllidar_ros2/package.dsv'
[1.917s] INFO:colcon.colcon_core.shell:Creating package script '/home/epiibots/ros2_ws/install/sllidar_ros2/share/sllidar_ros2/package.sh'
[1.919s] INFO:colcon.colcon_core.shell:Creating package script '/home/epiibots/ros2_ws/install/sllidar_ros2/share/sllidar_ros2/package.bash'
[1.922s] INFO:colcon.colcon_core.shell:Creating package script '/home/epiibots/ros2_ws/install/sllidar_ros2/share/sllidar_ros2/package.zsh'
[1.923s] Level 1:colcon.colcon_core.environment:create_file_with_runtime_dependencies(/home/epiibots/ros2_ws/install/sllidar_ros2/share/colcon-core/packages/sllidar_ros2)
[1.926s] INFO:colcon.colcon_ros.task.ament_python.build:Building ROS package in '/home/epiibots/ros2_ws/src/carrinho_base' with build type 'ament_python'
[1.928s] Level 1:colcon.colcon_core.shell:create_environment_hook('carrinho_base', 'ament_prefix_path')
[1.929s] INFO:colcon.colcon_core.shell:Creating environment hook '/home/epiibots/ros2_ws/install/carrinho_base/share/carrinho_base/hook/ament_prefix_path.ps1'
[1.930s] INFO:colcon.colcon_core.shell:Creating environment descriptor '/home/epiibots/ros2_ws/install/carrinho_base/share/carrinho_base/hook/ament_prefix_path.dsv'
[1.931s] INFO:colcon.colcon_core.shell:Creating environment hook '/home/epiibots/ros2_ws/install/carrinho_base/share/carrinho_base/hook/ament_prefix_path.sh'
[1.932s] INFO:colcon.colcon_core.shell:Skip shell extension 'powershell' for command environment: Not usable outside of PowerShell
[1.932s] DEBUG:colcon.colcon_core.shell:Skip shell extension 'dsv' for command environment
[2.673s] INFO:colcon.colcon_core.task.python.build:Building Python package in '/home/epiibots/ros2_ws/src/carrinho_base'
[2.673s] INFO:colcon.colcon_core.shell:Skip shell extension 'powershell' for command environment: Not usable outside of PowerShell
[2.674s] DEBUG:colcon.colcon_core.shell:Skip shell extension 'dsv' for command environment
[2.693s] DEBUG:colcon.colcon_core.event_handler.log_command:Invoked command in '/home/epiibots/ros2_ws/build/micro_ros_msgs' returned '0': CMAKE_PREFIX_PATH=${CMAKE_PREFIX_PATH}:/home/epiibots/ros2_ws/install/controlegeral_carrinho:/home/epiibots/ros2_ws/install/servo_steering:/home/epiibots/ros2_ws/install/pwm_rec:/home/epiibots/ros2_ws/install/lidar_teste:/home/epiibots/ros2_ws/install/detector:/home/epiibots/ros2_ws/install/carrinho_base:/home/epiibots/ros2_ws/install/calibration:/home/epiibots/ros2_ws/install/bno055:/opt/ros/jazzy DEBUGINFOD_URLS=https://debuginfod.ubuntu.com /usr/bin/cmake --build /home/epiibots/ros2_ws/build/micro_ros_msgs -- -j4 -l4
[2.695s] DEBUG:colcon.colcon_core.event_handler.log_command:Invoking command in '/home/epiibots/ros2_ws/build/micro_ros_msgs': CMAKE_PREFIX_PATH=${CMAKE_PREFIX_PATH}:/home/epiibots/ros2_ws/install/controlegeral_carrinho:/home/epiibots/ros2_ws/install/servo_steering:/home/epiibots/ros2_ws/install/pwm_rec:/home/epiibots/ros2_ws/install/lidar_teste:/home/epiibots/ros2_ws/install/detector:/home/epiibots/ros2_ws/install/carrinho_base:/home/epiibots/ros2_ws/install/calibration:/home/epiibots/ros2_ws/install/bno055:/opt/ros/jazzy DEBUGINFOD_URLS=https://debuginfod.ubuntu.com /usr/bin/cmake --install /home/epiibots/ros2_ws/build/micro_ros_msgs
[3.011s] Level 1:colcon.colcon_core.environment:create_environment_scripts_only(micro_ros_msgs)
[3.011s] Level 1:colcon.colcon_core.environment:checking '/home/epiibots/ros2_ws/install/micro_ros_msgs' for CMake module files
[3.012s] Level 1:colcon.colcon_core.environment:checking '/home/epiibots/ros2_ws/install/micro_ros_msgs' for CMake config files
[3.015s] Level 1:colcon.colcon_core.shell:create_environment_hook('micro_ros_msgs', 'cmake_prefix_path')
[3.017s] INFO:colcon.colcon_core.shell:Creating environment hook '/home/epiibots/ros2_ws/install/micro_ros_msgs/share/micro_ros_msgs/hook/cmake_prefix_path.ps1'
[3.020s] INFO:colcon.colcon_core.shell:Creating environment descriptor '/home/epiibots/ros2_ws/install/micro_ros_msgs/share/micro_ros_msgs/hook/cmake_prefix_path.dsv'
[3.023s] INFO:colcon.colcon_core.shell:Creating environment hook '/home/epiibots/ros2_ws/install/micro_ros_msgs/share/micro_ros_msgs/hook/cmake_prefix_path.sh'
[3.028s] Level 1:colcon.colcon_core.environment:checking '/home/epiibots/ros2_ws/install/micro_ros_msgs/lib'
[3.029s] Level 1:colcon.colcon_core.shell:create_environment_hook('micro_ros_msgs', 'ld_library_path_lib')
[3.030s] INFO:colcon.colcon_core.shell:Creating environment hook '/home/epiibots/ros2_ws/install/micro_ros_msgs/share/micro_ros_msgs/hook/ld_library_path_lib.ps1'
[3.035s] INFO:colcon.colcon_core.shell:Creating environment descriptor '/home/epiibots/ros2_ws/install/micro_ros_msgs/share/micro_ros_msgs/hook/ld_library_path_lib.dsv'
[3.039s] INFO:colcon.colcon_core.shell:Creating environment hook '/home/epiibots/ros2_ws/install/micro_ros_msgs/share/micro_ros_msgs/hook/ld_library_path_lib.sh'
[3.042s] Level 1:colcon.colcon_core.environment:checking '/home/epiibots/ros2_ws/install/micro_ros_msgs/bin'
[3.043s] Level 1:colcon.colcon_core.environment:checking '/home/epiibots/ros2_ws/install/micro_ros_msgs/lib/pkgconfig/micro_ros_msgs.pc'
[3.045s] Level 1:colcon.colcon_core.environment:checking '/home/epiibots/ros2_ws/install/micro_ros_msgs/lib/python3.12/site-packages'
[3.045s] Level 1:colcon.colcon_core.shell:create_environment_hook('micro_ros_msgs', 'pythonpath')
[3.046s] INFO:colcon.colcon_core.shell:Creating environment hook '/home/epiibots/ros2_ws/install/micro_ros_msgs/share/micro_ros_msgs/hook/pythonpath.ps1'
[3.052s] DEBUG:colcon.colcon_core.event_handler.log_command:Invoked command in '/home/epiibots/ros2_ws/build/micro_ros_msgs' returned '0': CMAKE_PREFIX_PATH=${CMAKE_PREFIX_PATH}:/home/epiibots/ros2_ws/install/controlegeral_carrinho:/home/epiibots/ros2_ws/install/servo_steering:/home/epiibots/ros2_ws/install/pwm_rec:/home/epiibots/ros2_ws/install/lidar_teste:/home/epiibots/ros2_ws/install/detector:/home/epiibots/ros2_ws/install/carrinho_base:/home/epiibots/ros2_ws/install/calibration:/home/epiibots/ros2_ws/install/bno055:/opt/ros/jazzy DEBUGINFOD_URLS=https://debuginfod.ubuntu.com /usr/bin/cmake --install /home/epiibots/ros2_ws/build/micro_ros_msgs
[3.053s] INFO:colcon.colcon_core.shell:Creating environment descriptor '/home/epiibots/ros2_ws/install/micro_ros_msgs/share/micro_ros_msgs/hook/pythonpath.dsv'
[3.056s] INFO:colcon.colcon_core.shell:Creating environment hook '/home/epiibots/ros2_ws/install/micro_ros_msgs/share/micro_ros_msgs/hook/pythonpath.sh'
[3.058s] Level 1:colcon.colcon_core.environment:checking '/home/epiibots/ros2_ws/install/micro_ros_msgs/bin'
[3.059s] INFO:colcon.colcon_core.shell:Creating package script '/home/epiibots/ros2_ws/install/micro_ros_msgs/share/micro_ros_msgs/package.ps1'
[3.060s] INFO:colcon.colcon_core.shell:Creating package descriptor '/home/epiibots/ros2_ws/install/micro_ros_msgs/share/micro_ros_msgs/package.dsv'
[3.061s] INFO:colcon.colcon_core.shell:Creating package script '/home/epiibots/ros2_ws/install/micro_ros_msgs/share/micro_ros_msgs/package.sh'
[3.062s] INFO:colcon.colcon_core.shell:Creating package script '/home/epiibots/ros2_ws/install/micro_ros_msgs/share/micro_ros_msgs/package.bash'
[3.063s] INFO:colcon.colcon_core.shell:Creating package script '/home/epiibots/ros2_ws/install/micro_ros_msgs/share/micro_ros_msgs/package.zsh'
[3.064s] Level 1:colcon.colcon_core.environment:create_file_with_runtime_dependencies(/home/epiibots/ros2_ws/install/micro_ros_msgs/share/colcon-core/packages/micro_ros_msgs)
[3.066s] Level 1:colcon.colcon_core.environment:create_environment_scripts_only(micro_ros_msgs)
[3.066s] Level 1:colcon.colcon_core.environment:checking '/home/epiibots/ros2_ws/install/micro_ros_msgs' for CMake module files
[3.067s] Level 1:colcon.colcon_core.environment:checking '/home/epiibots/ros2_ws/install/micro_ros_msgs' for CMake config files
[3.068s] Level 1:colcon.colcon_core.shell:create_environment_hook('micro_ros_msgs', 'cmake_prefix_path')
[3.069s] INFO:colcon.colcon_core.shell:Creating environment hook '/home/epiibots/ros2_ws/install/micro_ros_msgs/share/micro_ros_msgs/hook/cmake_prefix_path.ps1'
[3.070s] INFO:colcon.colcon_core.shell:Creating environment descriptor '/home/epiibots/ros2_ws/install/micro_ros_msgs/share/micro_ros_msgs/hook/cmake_prefix_path.dsv'
[3.070s] INFO:colcon.colcon_core.shell:Creating environment hook '/home/epiibots/ros2_ws/install/micro_ros_msgs/share/micro_ros_msgs/hook/cmake_prefix_path.sh'
[3.071s] Level 1:colcon.colcon_core.environment:checking '/home/epiibots/ros2_ws/install/micro_ros_msgs/lib'
[3.072s] Level 1:colcon.colcon_core.shell:create_environment_hook('micro_ros_msgs', 'ld_library_path_lib')
[3.072s] INFO:colcon.colcon_core.shell:Creating environment hook '/home/epiibots/ros2_ws/install/micro_ros_msgs/share/micro_ros_msgs/hook/ld_library_path_lib.ps1'
[3.073s] INFO:colcon.colcon_core.shell:Creating environment descriptor '/home/epiibots/ros2_ws/install/micro_ros_msgs/share/micro_ros_msgs/hook/ld_library_path_lib.dsv'
[3.074s] INFO:colcon.colcon_core.shell:Creating environment hook '/home/epiibots/ros2_ws/install/micro_ros_msgs/share/micro_ros_msgs/hook/ld_library_path_lib.sh'
[3.075s] Level 1:colcon.colcon_core.environment:checking '/home/epiibots/ros2_ws/install/micro_ros_msgs/bin'
[3.075s] Level 1:colcon.colcon_core.environment:checking '/home/epiibots/ros2_ws/install/micro_ros_msgs/lib/pkgconfig/micro_ros_msgs.pc'
[3.076s] Level 1:colcon.colcon_core.environment:checking '/home/epiibots/ros2_ws/install/micro_ros_msgs/lib/python3.12/site-packages'
[3.076s] Level 1:colcon.colcon_core.shell:create_environment_hook('micro_ros_msgs', 'pythonpath')
[3.076s] INFO:colcon.colcon_core.shell:Creating environment hook '/home/epiibots/ros2_ws/install/micro_ros_msgs/share/micro_ros_msgs/hook/pythonpath.ps1'
[3.077s] INFO:colcon.colcon_core.shell:Creating environment descriptor '/home/epiibots/ros2_ws/install/micro_ros_msgs/share/micro_ros_msgs/hook/pythonpath.dsv'
[3.078s] INFO:colcon.colcon_core.shell:Creating environment hook '/home/epiibots/ros2_ws/install/micro_ros_msgs/share/micro_ros_msgs/hook/pythonpath.sh'
[3.079s] Level 1:colcon.colcon_core.environment:checking '/home/epiibots/ros2_ws/install/micro_ros_msgs/bin'
[3.080s] INFO:colcon.colcon_core.shell:Creating package script '/home/epiibots/ros2_ws/install/micro_ros_msgs/share/micro_ros_msgs/package.ps1'
[3.082s] INFO:colcon.colcon_core.shell:Creating package descriptor '/home/epiibots/ros2_ws/install/micro_ros_msgs/share/micro_ros_msgs/package.dsv'
[3.083s] INFO:colcon.colcon_core.shell:Creating package script '/home/epiibots/ros2_ws/install/micro_ros_msgs/share/micro_ros_msgs/package.sh'
[3.084s] INFO:colcon.colcon_core.shell:Creating package script '/home/epiibots/ros2_ws/install/micro_ros_msgs/share/micro_ros_msgs/package.bash'
[3.085s] INFO:colcon.colcon_core.shell:Creating package script '/home/epiibots/ros2_ws/install/micro_ros_msgs/share/micro_ros_msgs/package.zsh'
[3.086s] Level 1:colcon.colcon_core.environment:create_file_with_runtime_dependencies(/home/epiibots/ros2_ws/install/micro_ros_msgs/share/colcon-core/packages/micro_ros_msgs)
[3.087s] INFO:colcon.colcon_ros.task.ament_python.build:Building ROS package in '/home/epiibots/ros2_ws/src/detector' with build type 'ament_python'
[3.087s] Level 1:colcon.colcon_core.shell:create_environment_hook('detector', 'ament_prefix_path')
[3.088s] INFO:colcon.colcon_core.shell:Creating environment hook '/home/epiibots/ros2_ws/install/detector/share/detector/hook/ament_prefix_path.ps1'
[3.089s] INFO:colcon.colcon_core.shell:Creating environment descriptor '/home/epiibots/ros2_ws/install/detector/share/detector/hook/ament_prefix_path.dsv'
[3.092s] INFO:colcon.colcon_core.shell:Creating environment hook '/home/epiibots/ros2_ws/install/detector/share/detector/hook/ament_prefix_path.sh'
[3.094s] INFO:colcon.colcon_core.shell:Skip shell extension 'powershell' for command environment: Not usable outside of PowerShell
[3.094s] DEBUG:colcon.colcon_core.shell:Skip shell extension 'dsv' for command environment
[3.892s] INFO:colcon.colcon_core.task.python.build:Building Python package in '/home/epiibots/ros2_ws/src/detector'
[3.895s] INFO:colcon.colcon_core.shell:Skip shell extension 'powershell' for command environment: Not usable outside of PowerShell
[3.895s] DEBUG:colcon.colcon_core.shell:Skip shell extension 'dsv' for command environment
[3.911s] DEBUG:colcon.colcon_core.event_handler.log_command:Invoking command in '/home/epiibots/ros2_ws/src/bno055': DEBUGINFOD_URLS=https://debuginfod.ubuntu.com PYTHONPATH=/home/epiibots/ros2_ws/build/bno055/prefix_override:/usr/lib/python3/dist-packages/colcon_core/task/python/colcon_distutils_commands:/home/epiibots/ros2_ws/install/bno055/lib/python3.12/site-packages:${PYTHONPATH} /usr/bin/python3 -W ignore:setup.py install is deprecated -W ignore:easy_install command is deprecated setup.py egg_info --egg-base ../../build/bno055 build --build-base /home/epiibots/ros2_ws/build/bno055/build install --record /home/epiibots/ros2_ws/build/bno055/install.log --single-version-externally-managed install_data
[3.927s] DEBUG:colcon.colcon_core.event_handler.log_command:Invoking command in '/home/epiibots/ros2_ws/src/calibration': DEBUGINFOD_URLS=https://debuginfod.ubuntu.com PYTHONPATH=/home/epiibots/ros2_ws/build/calibration/prefix_override:/usr/lib/python3/dist-packages/colcon_core/task/python/colcon_distutils_commands:/home/epiibots/ros2_ws/install/calibration/lib/python3.12/site-packages:${PYTHONPATH} /usr/bin/python3 -W ignore:setup.py install is deprecated -W ignore:easy_install command is deprecated setup.py egg_info --egg-base ../../build/calibration build --build-base /home/epiibots/ros2_ws/build/calibration/build install --record /home/epiibots/ros2_ws/build/calibration/install.log --single-version-externally-managed install_data
[4.915s] DEBUG:colcon.colcon_core.event_handler.log_command:Invoking command in '/home/epiibots/ros2_ws/src/carrinho_base': DEBUGINFOD_URLS=https://debuginfod.ubuntu.com PYTHONPATH=/home/epiibots/ros2_ws/build/carrinho_base/prefix_override:/usr/lib/python3/dist-packages/colcon_core/task/python/colcon_distutils_commands:/home/epiibots/ros2_ws/install/carrinho_base/lib/python3.12/site-packages:${PYTHONPATH} /usr/bin/python3 -W ignore:setup.py install is deprecated -W ignore:easy_install command is deprecated setup.py egg_info --egg-base ../../build/carrinho_base build --build-base /home/epiibots/ros2_ws/build/carrinho_base/build install --record /home/epiibots/ros2_ws/build/carrinho_base/install.log --single-version-externally-managed install_data
[6.791s] Level 1:colcon.colcon_core.environment:checking '/home/epiibots/ros2_ws/install/calibration' for CMake module files
[6.799s] Level 1:colcon.colcon_core.environment:checking '/home/epiibots/ros2_ws/install/calibration' for CMake config files
[6.800s] Level 1:colcon.colcon_core.environment:checking '/home/epiibots/ros2_ws/install/calibration/lib'
[6.806s] Level 1:colcon.colcon_core.environment:checking '/home/epiibots/ros2_ws/install/calibration/bin'
[6.807s] Level 1:colcon.colcon_core.environment:checking '/home/epiibots/ros2_ws/install/calibration/lib/pkgconfig/calibration.pc'
[6.808s] Level 1:colcon.colcon_core.environment:checking '/home/epiibots/ros2_ws/install/calibration/lib/python3.12/site-packages'
[6.808s] Level 1:colcon.colcon_core.shell:create_environment_hook('calibration', 'pythonpath')
[6.815s] DEBUG:colcon.colcon_core.event_handler.log_command:Invoked command in '/home/epiibots/ros2_ws/src/calibration' returned '0': DEBUGINFOD_URLS=https://debuginfod.ubuntu.com PYTHONPATH=/home/epiibots/ros2_ws/build/calibration/prefix_override:/usr/lib/python3/dist-packages/colcon_core/task/python/colcon_distutils_commands:/home/epiibots/ros2_ws/install/calibration/lib/python3.12/site-packages:${PYTHONPATH} /usr/bin/python3 -W ignore:setup.py install is deprecated -W ignore:easy_install command is deprecated setup.py egg_info --egg-base ../../build/calibration build --build-base /home/epiibots/ros2_ws/build/calibration/build install --record /home/epiibots/ros2_ws/build/calibration/install.log --single-version-externally-managed install_data
[6.809s] INFO:colcon.colcon_core.shell:Creating environment hook '/home/epiibots/ros2_ws/install/calibration/share/calibration/hook/pythonpath.ps1'
[6.817s] INFO:colcon.colcon_core.shell:Creating environment descriptor '/home/epiibots/ros2_ws/install/calibration/share/calibration/hook/pythonpath.dsv'
[6.821s] INFO:colcon.colcon_core.shell:Creating environment hook '/home/epiibots/ros2_ws/install/calibration/share/calibration/hook/pythonpath.sh'
[6.833s] Level 1:colcon.colcon_core.environment:checking '/home/epiibots/ros2_ws/install/calibration/bin'
[6.834s] Level 1:colcon.colcon_core.environment:create_environment_scripts_only(calibration)
[6.835s] INFO:colcon.colcon_core.shell:Creating package script '/home/epiibots/ros2_ws/install/calibration/share/calibration/package.ps1'
[6.844s] INFO:colcon.colcon_core.shell:Creating package descriptor '/home/epiibots/ros2_ws/install/calibration/share/calibration/package.dsv'
[6.851s] INFO:colcon.colcon_core.shell:Creating package script '/home/epiibots/ros2_ws/install/calibration/share/calibration/package.sh'
[6.856s] INFO:colcon.colcon_core.shell:Creating package script '/home/epiibots/ros2_ws/install/calibration/share/calibration/package.bash'
[6.857s] INFO:colcon.colcon_core.shell:Creating package script '/home/epiibots/ros2_ws/install/calibration/share/calibration/package.zsh'
[6.863s] Level 1:colcon.colcon_core.environment:create_file_with_runtime_dependencies(/home/epiibots/ros2_ws/install/calibration/share/colcon-core/packages/calibration)
[6.868s] INFO:colcon.colcon_ros.task.ament_cmake.build:Building ROS package in '/home/epiibots/ros2_ws/src/uros/drive_base/drive_base_msgs' with build type 'ament_cmake'
[6.871s] INFO:colcon.colcon_cmake.task.cmake.build:Building CMake package in '/home/epiibots/ros2_ws/src/uros/drive_base/drive_base_msgs'
[6.873s] INFO:colcon.colcon_core.shell:Skip shell extension 'powershell' for command environment: Not usable outside of PowerShell
[6.874s] DEBUG:colcon.colcon_core.shell:Skip shell extension 'dsv' for command environment
[6.930s] DEBUG:colcon.colcon_core.event_handler.log_command:Invoking command in '/home/epiibots/ros2_ws/build/drive_base_msgs': CMAKE_PREFIX_PATH=${CMAKE_PREFIX_PATH}:/home/epiibots/ros2_ws/install/controlegeral_carrinho:/home/epiibots/ros2_ws/install/servo_steering:/home/epiibots/ros2_ws/install/pwm_rec:/home/epiibots/ros2_ws/install/lidar_teste:/home/epiibots/ros2_ws/install/detector:/home/epiibots/ros2_ws/install/carrinho_base:/home/epiibots/ros2_ws/install/calibration:/home/epiibots/ros2_ws/install/bno055:/opt/ros/jazzy DEBUGINFOD_URLS=https://debuginfod.ubuntu.com /usr/bin/cmake --build /home/epiibots/ros2_ws/build/drive_base_msgs -- -j4 -l4
[7.432s] Level 1:colcon.colcon_core.environment:checking '/home/epiibots/ros2_ws/install/carrinho_base' for CMake module files
[7.436s] Level 1:colcon.colcon_core.environment:checking '/home/epiibots/ros2_ws/install/carrinho_base' for CMake config files
[7.433s] DEBUG:colcon.colcon_core.event_handler.log_command:Invoked command in '/home/epiibots/ros2_ws/src/carrinho_base' returned '0': DEBUGINFOD_URLS=https://debuginfod.ubuntu.com PYTHONPATH=/home/epiibots/ros2_ws/build/carrinho_base/prefix_override:/usr/lib/python3/dist-packages/colcon_core/task/python/colcon_distutils_commands:/home/epiibots/ros2_ws/install/carrinho_base/lib/python3.12/site-packages:${PYTHONPATH} /usr/bin/python3 -W ignore:setup.py install is deprecated -W ignore:easy_install command is deprecated setup.py egg_info --egg-base ../../build/carrinho_base build --build-base /home/epiibots/ros2_ws/build/carrinho_base/build install --record /home/epiibots/ros2_ws/build/carrinho_base/install.log --single-version-externally-managed install_data
[7.445s] Level 1:colcon.colcon_core.environment:checking '/home/epiibots/ros2_ws/install/carrinho_base/lib'
[7.446s] Level 1:colcon.colcon_core.environment:checking '/home/epiibots/ros2_ws/install/carrinho_base/bin'
[7.447s] Level 1:colcon.colcon_core.environment:checking '/home/epiibots/ros2_ws/install/carrinho_base/lib/pkgconfig/carrinho_base.pc'
[7.449s] Level 1:colcon.colcon_core.environment:checking '/home/epiibots/ros2_ws/install/carrinho_base/lib/python3.12/site-packages'
[7.451s] Level 1:colcon.colcon_core.shell:create_environment_hook('carrinho_base', 'pythonpath')
[7.452s] INFO:colcon.colcon_core.shell:Creating environment hook '/home/epiibots/ros2_ws/install/carrinho_base/share/carrinho_base/hook/pythonpath.ps1'
[7.460s] INFO:colcon.colcon_core.shell:Creating environment descriptor '/home/epiibots/ros2_ws/install/carrinho_base/share/carrinho_base/hook/pythonpath.dsv'
[7.548s] INFO:colcon.colcon_core.shell:Creating environment hook '/home/epiibots/ros2_ws/install/carrinho_base/share/carrinho_base/hook/pythonpath.sh'
[7.552s] Level 1:colcon.colcon_core.environment:checking '/home/epiibots/ros2_ws/install/carrinho_base/bin'
[7.554s] Level 1:colcon.colcon_core.environment:create_environment_scripts_only(carrinho_base)
[7.555s] INFO:colcon.colcon_core.shell:Creating package script '/home/epiibots/ros2_ws/install/carrinho_base/share/carrinho_base/package.ps1'
[7.558s] INFO:colcon.colcon_core.shell:Creating package descriptor '/home/epiibots/ros2_ws/install/carrinho_base/share/carrinho_base/package.dsv'
[7.566s] INFO:colcon.colcon_core.shell:Creating package script '/home/epiibots/ros2_ws/install/carrinho_base/share/carrinho_base/package.sh'
[7.576s] INFO:colcon.colcon_core.shell:Creating package script '/home/epiibots/ros2_ws/install/carrinho_base/share/carrinho_base/package.bash'
[7.587s] INFO:colcon.colcon_core.shell:Creating package script '/home/epiibots/ros2_ws/install/carrinho_base/share/carrinho_base/package.zsh'
[7.589s] Level 1:colcon.colcon_core.environment:create_file_with_runtime_dependencies(/home/epiibots/ros2_ws/install/carrinho_base/share/colcon-core/packages/carrinho_base)
[7.602s] INFO:colcon.colcon_ros.task.ament_python.build:Building ROS package in '/home/epiibots/ros2_ws/src/lidar_teste' with build type 'ament_python'
[7.602s] Level 1:colcon.colcon_core.shell:create_environment_hook('lidar_teste', 'ament_prefix_path')
[7.604s] INFO:colcon.colcon_core.shell:Creating environment hook '/home/epiibots/ros2_ws/install/lidar_teste/share/lidar_teste/hook/ament_prefix_path.ps1'
[7.609s] INFO:colcon.colcon_core.shell:Creating environment descriptor '/home/epiibots/ros2_ws/install/lidar_teste/share/lidar_teste/hook/ament_prefix_path.dsv'
[7.617s] INFO:colcon.colcon_core.shell:Creating environment hook '/home/epiibots/ros2_ws/install/lidar_teste/share/lidar_teste/hook/ament_prefix_path.sh'
[7.620s] INFO:colcon.colcon_core.shell:Skip shell extension 'powershell' for command environment: Not usable outside of PowerShell
[7.621s] DEBUG:colcon.colcon_core.shell:Skip shell extension 'dsv' for command environment
[7.681s] DEBUG:colcon.colcon_core.event_handler.log_command:Invoking command in '/home/epiibots/ros2_ws/src/detector': DEBUGINFOD_URLS=https://debuginfod.ubuntu.com PYTHONPATH=/home/epiibots/ros2_ws/build/detector/prefix_override:/usr/lib/python3/dist-packages/colcon_core/task/python/colcon_distutils_commands:/home/epiibots/ros2_ws/install/detector/lib/python3.12/site-packages:${PYTHONPATH} /usr/bin/python3 -W ignore:setup.py install is deprecated -W ignore:easy_install command is deprecated setup.py egg_info --egg-base ../../build/detector build --build-base /home/epiibots/ros2_ws/build/detector/build install --record /home/epiibots/ros2_ws/build/detector/install.log --single-version-externally-managed install_data
[9.358s] INFO:colcon.colcon_core.task.python.build:Building Python package in '/home/epiibots/ros2_ws/src/lidar_teste'
[9.359s] INFO:colcon.colcon_core.shell:Skip shell extension 'powershell' for command environment: Not usable outside of PowerShell
[9.359s] DEBUG:colcon.colcon_core.shell:Skip shell extension 'dsv' for command environment
[9.380s] Level 1:colcon.colcon_core.environment:checking '/home/epiibots/ros2_ws/install/bno055' for CMake module files
[9.381s] Level 1:colcon.colcon_core.environment:checking '/home/epiibots/ros2_ws/install/bno055' for CMake config files
[9.383s] DEBUG:colcon.colcon_core.event_handler.log_command:Invoked command in '/home/epiibots/ros2_ws/src/bno055' returned '0': DEBUGINFOD_URLS=https://debuginfod.ubuntu.com PYTHONPATH=/home/epiibots/ros2_ws/build/bno055/prefix_override:/usr/lib/python3/dist-packages/colcon_core/task/python/colcon_distutils_commands:/home/epiibots/ros2_ws/install/bno055/lib/python3.12/site-packages:${PYTHONPATH} /usr/bin/python3 -W ignore:setup.py install is deprecated -W ignore:easy_install command is deprecated setup.py egg_info --egg-base ../../build/bno055 build --build-base /home/epiibots/ros2_ws/build/bno055/build install --record /home/epiibots/ros2_ws/build/bno055/install.log --single-version-externally-managed install_data
[9.386s] Level 1:colcon.colcon_core.environment:checking '/home/epiibots/ros2_ws/install/bno055/lib'
[9.388s] Level 1:colcon.colcon_core.environment:checking '/home/epiibots/ros2_ws/install/bno055/bin'
[9.391s] Level 1:colcon.colcon_core.environment:checking '/home/epiibots/ros2_ws/install/bno055/lib/pkgconfig/bno055.pc'
[9.392s] Level 1:colcon.colcon_core.environment:checking '/home/epiibots/ros2_ws/install/bno055/lib/python3.12/site-packages'
[9.393s] Level 1:colcon.colcon_core.shell:create_environment_hook('bno055', 'pythonpath')
[9.393s] INFO:colcon.colcon_core.shell:Creating environment hook '/home/epiibots/ros2_ws/install/bno055/share/bno055/hook/pythonpath.ps1'
[9.398s] INFO:colcon.colcon_core.shell:Creating environment descriptor '/home/epiibots/ros2_ws/install/bno055/share/bno055/hook/pythonpath.dsv'
[9.402s] INFO:colcon.colcon_core.shell:Creating environment hook '/home/epiibots/ros2_ws/install/bno055/share/bno055/hook/pythonpath.sh'
[9.407s] Level 1:colcon.colcon_core.environment:checking '/home/epiibots/ros2_ws/install/bno055/bin'
[9.409s] Level 1:colcon.colcon_core.environment:create_environment_scripts_only(bno055)
[9.410s] INFO:colcon.colcon_core.shell:Creating package script '/home/epiibots/ros2_ws/install/bno055/share/bno055/package.ps1'
[9.417s] INFO:colcon.colcon_core.shell:Creating package descriptor '/home/epiibots/ros2_ws/install/bno055/share/bno055/package.dsv'
[9.421s] INFO:colcon.colcon_core.shell:Creating package script '/home/epiibots/ros2_ws/install/bno055/share/bno055/package.sh'
[9.426s] INFO:colcon.colcon_core.shell:Creating package script '/home/epiibots/ros2_ws/install/bno055/share/bno055/package.bash'
[9.432s] INFO:colcon.colcon_core.shell:Creating package script '/home/epiibots/ros2_ws/install/bno055/share/bno055/package.zsh'
[9.436s] Level 1:colcon.colcon_core.environment:create_file_with_runtime_dependencies(/home/epiibots/ros2_ws/install/bno055/share/colcon-core/packages/bno055)
[9.441s] INFO:colcon.colcon_ros.task.ament_cmake.build:Building ROS package in '/home/epiibots/ros2_ws/src/micro_ros_setup' with build type 'ament_cmake'
[9.443s] INFO:colcon.colcon_cmake.task.cmake.build:Building CMake package in '/home/epiibots/ros2_ws/src/micro_ros_setup'
[9.444s] INFO:colcon.colcon_core.shell:Skip shell extension 'powershell' for command environment: Not usable outside of PowerShell
[9.445s] DEBUG:colcon.colcon_core.shell:Skip shell extension 'dsv' for command environment
[9.485s] DEBUG:colcon.colcon_core.event_handler.log_command:Invoking command in '/home/epiibots/ros2_ws/build/micro_ros_setup': CMAKE_PREFIX_PATH=${CMAKE_PREFIX_PATH}:/home/epiibots/ros2_ws/install/controlegeral_carrinho:/home/epiibots/ros2_ws/install/servo_steering:/home/epiibots/ros2_ws/install/pwm_rec:/home/epiibots/ros2_ws/install/lidar_teste:/home/epiibots/ros2_ws/install/detector:/home/epiibots/ros2_ws/install/carrinho_base:/home/epiibots/ros2_ws/install/calibration:/home/epiibots/ros2_ws/install/bno055:/opt/ros/jazzy DEBUGINFOD_URLS=https://debuginfod.ubuntu.com /usr/bin/cmake --build /home/epiibots/ros2_ws/build/micro_ros_setup -- -j4 -l4
[9.529s] DEBUG:colcon.colcon_core.event_handler.log_command:Invoked command in '/home/epiibots/ros2_ws/build/drive_base_msgs' returned '0': CMAKE_PREFIX_PATH=${CMAKE_PREFIX_PATH}:/home/epiibots/ros2_ws/install/controlegeral_carrinho:/home/epiibots/ros2_ws/install/servo_steering:/home/epiibots/ros2_ws/install/pwm_rec:/home/epiibots/ros2_ws/install/lidar_teste:/home/epiibots/ros2_ws/install/detector:/home/epiibots/ros2_ws/install/carrinho_base:/home/epiibots/ros2_ws/install/calibration:/home/epiibots/ros2_ws/install/bno055:/opt/ros/jazzy DEBUGINFOD_URLS=https://debuginfod.ubuntu.com /usr/bin/cmake --build /home/epiibots/ros2_ws/build/drive_base_msgs -- -j4 -l4
[9.530s] DEBUG:colcon.colcon_core.event_handler.log_command:Invoking command in '/home/epiibots/ros2_ws/build/drive_base_msgs': CMAKE_PREFIX_PATH=${CMAKE_PREFIX_PATH}:/home/epiibots/ros2_ws/install/controlegeral_carrinho:/home/epiibots/ros2_ws/install/servo_steering:/home/epiibots/ros2_ws/install/pwm_rec:/home/epiibots/ros2_ws/install/lidar_teste:/home/epiibots/ros2_ws/install/detector:/home/epiibots/ros2_ws/install/carrinho_base:/home/epiibots/ros2_ws/install/calibration:/home/epiibots/ros2_ws/install/bno055:/opt/ros/jazzy DEBUGINFOD_URLS=https://debuginfod.ubuntu.com /usr/bin/cmake --install /home/epiibots/ros2_ws/build/drive_base_msgs
[9.768s] DEBUG:colcon.colcon_core.event_handler.log_command:Invoked command in '/home/epiibots/ros2_ws/build/micro_ros_setup' returned '0': CMAKE_PREFIX_PATH=${CMAKE_PREFIX_PATH}:/home/epiibots/ros2_ws/install/controlegeral_carrinho:/home/epiibots/ros2_ws/install/servo_steering:/home/epiibots/ros2_ws/install/pwm_rec:/home/epiibots/ros2_ws/install/lidar_teste:/home/epiibots/ros2_ws/install/detector:/home/epiibots/ros2_ws/install/carrinho_base:/home/epiibots/ros2_ws/install/calibration:/home/epiibots/ros2_ws/install/bno055:/opt/ros/jazzy DEBUGINFOD_URLS=https://debuginfod.ubuntu.com /usr/bin/cmake --build /home/epiibots/ros2_ws/build/micro_ros_setup -- -j4 -l4
[9.769s] DEBUG:colcon.colcon_core.event_handler.log_command:Invoking command in '/home/epiibots/ros2_ws/build/micro_ros_setup': CMAKE_PREFIX_PATH=${CMAKE_PREFIX_PATH}:/home/epiibots/ros2_ws/install/controlegeral_carrinho:/home/epiibots/ros2_ws/install/servo_steering:/home/epiibots/ros2_ws/install/pwm_rec:/home/epiibots/ros2_ws/install/lidar_teste:/home/epiibots/ros2_ws/install/detector:/home/epiibots/ros2_ws/install/carrinho_base:/home/epiibots/ros2_ws/install/calibration:/home/epiibots/ros2_ws/install/bno055:/opt/ros/jazzy DEBUGINFOD_URLS=https://debuginfod.ubuntu.com /usr/bin/cmake --install /home/epiibots/ros2_ws/build/micro_ros_setup
[9.850s] Level 1:colcon.colcon_core.environment:create_environment_scripts_only(micro_ros_setup)
[9.851s] Level 1:colcon.colcon_core.environment:checking '/home/epiibots/ros2_ws/install/micro_ros_setup' for CMake module files
[9.874s] Level 1:colcon.colcon_core.environment:checking '/home/epiibots/ros2_ws/install/micro_ros_setup' for CMake config files
[9.874s] Level 1:colcon.colcon_core.shell:create_environment_hook('micro_ros_setup', 'cmake_prefix_path')
[9.877s] INFO:colcon.colcon_core.shell:Creating environment hook '/home/epiibots/ros2_ws/install/micro_ros_setup/share/micro_ros_setup/hook/cmake_prefix_path.ps1'
[9.884s] INFO:colcon.colcon_core.shell:Creating environment descriptor '/home/epiibots/ros2_ws/install/micro_ros_setup/share/micro_ros_setup/hook/cmake_prefix_path.dsv'
[9.895s] INFO:colcon.colcon_core.shell:Creating environment hook '/home/epiibots/ros2_ws/install/micro_ros_setup/share/micro_ros_setup/hook/cmake_prefix_path.sh'
[9.899s] Level 1:colcon.colcon_core.environment:checking '/home/epiibots/ros2_ws/install/micro_ros_setup/lib'
[9.902s] Level 1:colcon.colcon_core.environment:checking '/home/epiibots/ros2_ws/install/micro_ros_setup/bin'
[9.903s] Level 1:colcon.colcon_core.environment:checking '/home/epiibots/ros2_ws/install/micro_ros_setup/lib/pkgconfig/micro_ros_setup.pc'
[9.904s] Level 1:colcon.colcon_core.environment:checking '/home/epiibots/ros2_ws/install/micro_ros_setup/lib/python3.12/site-packages'
[9.906s] Level 1:colcon.colcon_core.environment:checking '/home/epiibots/ros2_ws/install/micro_ros_setup/bin'
[9.912s] INFO:colcon.colcon_core.shell:Creating package script '/home/epiibots/ros2_ws/install/micro_ros_setup/share/micro_ros_setup/package.ps1'
[9.917s] INFO:colcon.colcon_core.shell:Creating package descriptor '/home/epiibots/ros2_ws/install/micro_ros_setup/share/micro_ros_setup/package.dsv'
[9.924s] INFO:colcon.colcon_core.shell:Creating package script '/home/epiibots/ros2_ws/install/micro_ros_setup/share/micro_ros_setup/package.sh'
[9.932s] INFO:colcon.colcon_core.shell:Creating package script '/home/epiibots/ros2_ws/install/micro_ros_setup/share/micro_ros_setup/package.bash'
[9.935s] INFO:colcon.colcon_core.shell:Creating package script '/home/epiibots/ros2_ws/install/micro_ros_setup/share/micro_ros_setup/package.zsh'
[9.939s] Level 1:colcon.colcon_core.environment:create_file_with_runtime_dependencies(/home/epiibots/ros2_ws/install/micro_ros_setup/share/colcon-core/packages/micro_ros_setup)
[9.944s] Level 1:colcon.colcon_core.environment:create_environment_scripts_only(micro_ros_setup)
[9.946s] Level 1:colcon.colcon_core.environment:checking '/home/epiibots/ros2_ws/install/micro_ros_setup' for CMake module files
[9.952s] Level 1:colcon.colcon_core.environment:checking '/home/epiibots/ros2_ws/install/micro_ros_setup' for CMake config files
[9.953s] Level 1:colcon.colcon_core.shell:create_environment_hook('micro_ros_setup', 'cmake_prefix_path')
[9.957s] INFO:colcon.colcon_core.shell:Creating environment hook '/home/epiibots/ros2_ws/install/micro_ros_setup/share/micro_ros_setup/hook/cmake_prefix_path.ps1'
[9.966s] INFO:colcon.colcon_core.shell:Creating environment descriptor '/home/epiibots/ros2_ws/install/micro_ros_setup/share/micro_ros_setup/hook/cmake_prefix_path.dsv'
[9.973s] INFO:colcon.colcon_core.shell:Creating environment hook '/home/epiibots/ros2_ws/install/micro_ros_setup/share/micro_ros_setup/hook/cmake_prefix_path.sh'
[9.983s] Level 1:colcon.colcon_core.environment:checking '/home/epiibots/ros2_ws/install/micro_ros_setup/lib'
[9.984s] Level 1:colcon.colcon_core.environment:checking '/home/epiibots/ros2_ws/install/micro_ros_setup/bin'
[9.984s] Level 1:colcon.colcon_core.environment:checking '/home/epiibots/ros2_ws/install/micro_ros_setup/lib/pkgconfig/micro_ros_setup.pc'
[9.985s] Level 1:colcon.colcon_core.environment:checking '/home/epiibots/ros2_ws/install/micro_ros_setup/lib/python3.12/site-packages'
[9.987s] Level 1:colcon.colcon_core.environment:checking '/home/epiibots/ros2_ws/install/micro_ros_setup/bin'
[9.990s] INFO:colcon.colcon_core.shell:Creating package script '/home/epiibots/ros2_ws/install/micro_ros_setup/share/micro_ros_setup/package.ps1'
[9.993s] INFO:colcon.colcon_core.shell:Creating package descriptor '/home/epiibots/ros2_ws/install/micro_ros_setup/share/micro_ros_setup/package.dsv'
[10.000s] INFO:colcon.colcon_core.shell:Creating package script '/home/epiibots/ros2_ws/install/micro_ros_setup/share/micro_ros_setup/package.sh'
[10.003s] INFO:colcon.colcon_core.shell:Creating package script '/home/epiibots/ros2_ws/install/micro_ros_setup/share/micro_ros_setup/package.bash'
[10.005s] INFO:colcon.colcon_core.shell:Creating package script '/home/epiibots/ros2_ws/install/micro_ros_setup/share/micro_ros_setup/package.zsh'
[10.006s] Level 1:colcon.colcon_core.environment:create_file_with_runtime_dependencies(/home/epiibots/ros2_ws/install/micro_ros_setup/share/colcon-core/packages/micro_ros_setup)
[10.010s] INFO:colcon.colcon_ros.task.ament_python.build:Building ROS package in '/home/epiibots/ros2_ws/src/pwm_rec' with build type 'ament_python'
[10.011s] Level 1:colcon.colcon_core.shell:create_environment_hook('pwm_rec', 'ament_prefix_path')
[10.011s] INFO:colcon.colcon_core.shell:Creating environment hook '/home/epiibots/ros2_ws/install/pwm_rec/share/pwm_rec/hook/ament_prefix_path.ps1'
[10.011s] DEBUG:colcon.colcon_core.event_handler.log_command:Invoked command in '/home/epiibots/ros2_ws/build/micro_ros_setup' returned '0': CMAKE_PREFIX_PATH=${CMAKE_PREFIX_PATH}:/home/epiibots/ros2_ws/install/controlegeral_carrinho:/home/epiibots/ros2_ws/install/servo_steering:/home/epiibots/ros2_ws/install/pwm_rec:/home/epiibots/ros2_ws/install/lidar_teste:/home/epiibots/ros2_ws/install/detector:/home/epiibots/ros2_ws/install/carrinho_base:/home/epiibots/ros2_ws/install/calibration:/home/epiibots/ros2_ws/install/bno055:/opt/ros/jazzy DEBUGINFOD_URLS=https://debuginfod.ubuntu.com /usr/bin/cmake --install /home/epiibots/ros2_ws/build/micro_ros_setup
[10.012s] INFO:colcon.colcon_core.shell:Creating environment descriptor '/home/epiibots/ros2_ws/install/pwm_rec/share/pwm_rec/hook/ament_prefix_path.dsv'
[10.013s] INFO:colcon.colcon_core.shell:Creating environment hook '/home/epiibots/ros2_ws/install/pwm_rec/share/pwm_rec/hook/ament_prefix_path.sh'
[10.017s] INFO:colcon.colcon_core.shell:Skip shell extension 'powershell' for command environment: Not usable outside of PowerShell
[10.018s] DEBUG:colcon.colcon_core.shell:Skip shell extension 'dsv' for command environment
[10.038s] Level 1:colcon.colcon_core.environment:checking '/home/epiibots/ros2_ws/install/detector' for CMake module files
[10.039s] Level 1:colcon.colcon_core.environment:checking '/home/epiibots/ros2_ws/install/detector' for CMake config files
[10.041s] DEBUG:colcon.colcon_core.event_handler.log_command:Invoked command in '/home/epiibots/ros2_ws/src/detector' returned '0': DEBUGINFOD_URLS=https://debuginfod.ubuntu.com PYTHONPATH=/home/epiibots/ros2_ws/build/detector/prefix_override:/usr/lib/python3/dist-packages/colcon_core/task/python/colcon_distutils_commands:/home/epiibots/ros2_ws/install/detector/lib/python3.12/site-packages:${PYTHONPATH} /usr/bin/python3 -W ignore:setup.py install is deprecated -W ignore:easy_install command is deprecated setup.py egg_info --egg-base ../../build/detector build --build-base /home/epiibots/ros2_ws/build/detector/build install --record /home/epiibots/ros2_ws/build/detector/install.log --single-version-externally-managed install_data
[10.041s] Level 1:colcon.colcon_core.environment:checking '/home/epiibots/ros2_ws/install/detector/lib'
[10.042s] Level 1:colcon.colcon_core.environment:checking '/home/epiibots/ros2_ws/install/detector/bin'
[10.042s] Level 1:colcon.colcon_core.environment:checking '/home/epiibots/ros2_ws/install/detector/lib/pkgconfig/detector.pc'
[10.042s] Level 1:colcon.colcon_core.environment:checking '/home/epiibots/ros2_ws/install/detector/lib/python3.12/site-packages'
[10.042s] Level 1:colcon.colcon_core.shell:create_environment_hook('detector', 'pythonpath')
[10.043s] INFO:colcon.colcon_core.shell:Creating environment hook '/home/epiibots/ros2_ws/install/detector/share/detector/hook/pythonpath.ps1'
[10.044s] INFO:colcon.colcon_core.shell:Creating environment descriptor '/home/epiibots/ros2_ws/install/detector/share/detector/hook/pythonpath.dsv'
[10.047s] INFO:colcon.colcon_core.shell:Creating environment hook '/home/epiibots/ros2_ws/install/detector/share/detector/hook/pythonpath.sh'
[10.050s] Level 1:colcon.colcon_core.environment:checking '/home/epiibots/ros2_ws/install/detector/bin'
[10.050s] Level 1:colcon.colcon_core.environment:create_environment_scripts_only(detector)
[10.051s] INFO:colcon.colcon_core.shell:Creating package script '/home/epiibots/ros2_ws/install/detector/share/detector/package.ps1'
[10.052s] INFO:colcon.colcon_core.shell:Creating package descriptor '/home/epiibots/ros2_ws/install/detector/share/detector/package.dsv'
[10.053s] INFO:colcon.colcon_core.shell:Creating package script '/home/epiibots/ros2_ws/install/detector/share/detector/package.sh'
[10.055s] INFO:colcon.colcon_core.shell:Creating package script '/home/epiibots/ros2_ws/install/detector/share/detector/package.bash'
[10.056s] INFO:colcon.colcon_core.shell:Creating package script '/home/epiibots/ros2_ws/install/detector/share/detector/package.zsh'
[10.057s] Level 1:colcon.colcon_core.environment:create_file_with_runtime_dependencies(/home/epiibots/ros2_ws/install/detector/share/colcon-core/packages/detector)
[10.057s] Level 1:colcon.colcon_core.environment:create_environment_scripts_only(drive_base_msgs)
[10.059s] Level 1:colcon.colcon_core.environment:checking '/home/epiibots/ros2_ws/install/drive_base_msgs' for CMake module files
[10.061s] Level 1:colcon.colcon_core.environment:checking '/home/epiibots/ros2_ws/install/drive_base_msgs' for CMake config files
[10.061s] Level 1:colcon.colcon_core.shell:create_environment_hook('drive_base_msgs', 'cmake_prefix_path')
[10.062s] INFO:colcon.colcon_core.shell:Creating environment hook '/home/epiibots/ros2_ws/install/drive_base_msgs/share/drive_base_msgs/hook/cmake_prefix_path.ps1'
[10.062s] DEBUG:colcon.colcon_core.event_handler.log_command:Invoked command in '/home/epiibots/ros2_ws/build/drive_base_msgs' returned '0': CMAKE_PREFIX_PATH=${CMAKE_PREFIX_PATH}:/home/epiibots/ros2_ws/install/controlegeral_carrinho:/home/epiibots/ros2_ws/install/servo_steering:/home/epiibots/ros2_ws/install/pwm_rec:/home/epiibots/ros2_ws/install/lidar_teste:/home/epiibots/ros2_ws/install/detector:/home/epiibots/ros2_ws/install/carrinho_base:/home/epiibots/ros2_ws/install/calibration:/home/epiibots/ros2_ws/install/bno055:/opt/ros/jazzy DEBUGINFOD_URLS=https://debuginfod.ubuntu.com /usr/bin/cmake --install /home/epiibots/ros2_ws/build/drive_base_msgs
[10.063s] INFO:colcon.colcon_core.shell:Creating environment descriptor '/home/epiibots/ros2_ws/install/drive_base_msgs/share/drive_base_msgs/hook/cmake_prefix_path.dsv'
[10.064s] INFO:colcon.colcon_core.shell:Creating environment hook '/home/epiibots/ros2_ws/install/drive_base_msgs/share/drive_base_msgs/hook/cmake_prefix_path.sh'
[10.066s] Level 1:colcon.colcon_core.environment:checking '/home/epiibots/ros2_ws/install/drive_base_msgs/lib'
[10.066s] Level 1:colcon.colcon_core.shell:create_environment_hook('drive_base_msgs', 'ld_library_path_lib')
[10.066s] INFO:colcon.colcon_core.shell:Creating environment hook '/home/epiibots/ros2_ws/install/drive_base_msgs/share/drive_base_msgs/hook/ld_library_path_lib.ps1'
[10.067s] INFO:colcon.colcon_core.shell:Creating environment descriptor '/home/epiibots/ros2_ws/install/drive_base_msgs/share/drive_base_msgs/hook/ld_library_path_lib.dsv'
[10.068s] INFO:colcon.colcon_core.shell:Creating environment hook '/home/epiibots/ros2_ws/install/drive_base_msgs/share/drive_base_msgs/hook/ld_library_path_lib.sh'
[10.069s] Level 1:colcon.colcon_core.environment:checking '/home/epiibots/ros2_ws/install/drive_base_msgs/bin'
[10.069s] Level 1:colcon.colcon_core.environment:checking '/home/epiibots/ros2_ws/install/drive_base_msgs/lib/pkgconfig/drive_base_msgs.pc'
[10.070s] Level 1:colcon.colcon_core.environment:checking '/home/epiibots/ros2_ws/install/drive_base_msgs/lib/python3.12/site-packages'
[10.070s] Level 1:colcon.colcon_core.shell:create_environment_hook('drive_base_msgs', 'pythonpath')
[10.071s] INFO:colcon.colcon_core.shell:Creating environment hook '/home/epiibots/ros2_ws/install/drive_base_msgs/share/drive_base_msgs/hook/pythonpath.ps1'
[10.072s] INFO:colcon.colcon_core.shell:Creating environment descriptor '/home/epiibots/ros2_ws/install/drive_base_msgs/share/drive_base_msgs/hook/pythonpath.dsv'
[10.073s] INFO:colcon.colcon_core.shell:Creating environment hook '/home/epiibots/ros2_ws/install/drive_base_msgs/share/drive_base_msgs/hook/pythonpath.sh'
[10.075s] Level 1:colcon.colcon_core.environment:checking '/home/epiibots/ros2_ws/install/drive_base_msgs/bin'
[10.075s] INFO:colcon.colcon_core.shell:Creating package script '/home/epiibots/ros2_ws/install/drive_base_msgs/share/drive_base_msgs/package.ps1'
[10.077s] INFO:colcon.colcon_core.shell:Creating package descriptor '/home/epiibots/ros2_ws/install/drive_base_msgs/share/drive_base_msgs/package.dsv'
[10.078s] INFO:colcon.colcon_core.shell:Creating package script '/home/epiibots/ros2_ws/install/drive_base_msgs/share/drive_base_msgs/package.sh'
[10.080s] INFO:colcon.colcon_core.shell:Creating package script '/home/epiibots/ros2_ws/install/drive_base_msgs/share/drive_base_msgs/package.bash'
[10.082s] INFO:colcon.colcon_core.shell:Creating package script '/home/epiibots/ros2_ws/install/drive_base_msgs/share/drive_base_msgs/package.zsh'
[10.083s] Level 1:colcon.colcon_core.environment:create_file_with_runtime_dependencies(/home/epiibots/ros2_ws/install/drive_base_msgs/share/colcon-core/packages/drive_base_msgs)
[10.085s] Level 1:colcon.colcon_core.environment:create_environment_scripts_only(drive_base_msgs)
[10.085s] Level 1:colcon.colcon_core.environment:checking '/home/epiibots/ros2_ws/install/drive_base_msgs' for CMake module files
[10.087s] Level 1:colcon.colcon_core.environment:checking '/home/epiibots/ros2_ws/install/drive_base_msgs' for CMake config files
[10.088s] Level 1:colcon.colcon_core.shell:create_environment_hook('drive_base_msgs', 'cmake_prefix_path')
[10.088s] INFO:colcon.colcon_core.shell:Creating environment hook '/home/epiibots/ros2_ws/install/drive_base_msgs/share/drive_base_msgs/hook/cmake_prefix_path.ps1'
[10.090s] INFO:colcon.colcon_core.shell:Creating environment descriptor '/home/epiibots/ros2_ws/install/drive_base_msgs/share/drive_base_msgs/hook/cmake_prefix_path.dsv'
[10.091s] INFO:colcon.colcon_core.shell:Creating environment hook '/home/epiibots/ros2_ws/install/drive_base_msgs/share/drive_base_msgs/hook/cmake_prefix_path.sh'
[10.092s] Level 1:colcon.colcon_core.environment:checking '/home/epiibots/ros2_ws/install/drive_base_msgs/lib'
[10.092s] Level 1:colcon.colcon_core.shell:create_environment_hook('drive_base_msgs', 'ld_library_path_lib')
[10.093s] INFO:colcon.colcon_core.shell:Creating environment hook '/home/epiibots/ros2_ws/install/drive_base_msgs/share/drive_base_msgs/hook/ld_library_path_lib.ps1'
[10.094s] INFO:colcon.colcon_core.shell:Creating environment descriptor '/home/epiibots/ros2_ws/install/drive_base_msgs/share/drive_base_msgs/hook/ld_library_path_lib.dsv'
[10.095s] INFO:colcon.colcon_core.shell:Creating environment hook '/home/epiibots/ros2_ws/install/drive_base_msgs/share/drive_base_msgs/hook/ld_library_path_lib.sh'
[10.096s] Level 1:colcon.colcon_core.environment:checking '/home/epiibots/ros2_ws/install/drive_base_msgs/bin'
[10.096s] Level 1:colcon.colcon_core.environment:checking '/home/epiibots/ros2_ws/install/drive_base_msgs/lib/pkgconfig/drive_base_msgs.pc'
[10.096s] Level 1:colcon.colcon_core.environment:checking '/home/epiibots/ros2_ws/install/drive_base_msgs/lib/python3.12/site-packages'
[10.097s] Level 1:colcon.colcon_core.shell:create_environment_hook('drive_base_msgs', 'pythonpath')
[10.097s] INFO:colcon.colcon_core.shell:Creating environment hook '/home/epiibots/ros2_ws/install/drive_base_msgs/share/drive_base_msgs/hook/pythonpath.ps1'
[10.098s] INFO:colcon.colcon_core.shell:Creating environment descriptor '/home/epiibots/ros2_ws/install/drive_base_msgs/share/drive_base_msgs/hook/pythonpath.dsv'
[10.099s] INFO:colcon.colcon_core.shell:Creating environment hook '/home/epiibots/ros2_ws/install/drive_base_msgs/share/drive_base_msgs/hook/pythonpath.sh'
[10.100s] Level 1:colcon.colcon_core.environment:checking '/home/epiibots/ros2_ws/install/drive_base_msgs/bin'
[10.101s] INFO:colcon.colcon_core.shell:Creating package script '/home/epiibots/ros2_ws/install/drive_base_msgs/share/drive_base_msgs/package.ps1'
[10.102s] INFO:colcon.colcon_core.shell:Creating package descriptor '/home/epiibots/ros2_ws/install/drive_base_msgs/share/drive_base_msgs/package.dsv'
[10.104s] INFO:colcon.colcon_core.shell:Creating package script '/home/epiibots/ros2_ws/install/drive_base_msgs/share/drive_base_msgs/package.sh'
[10.105s] INFO:colcon.colcon_core.shell:Creating package script '/home/epiibots/ros2_ws/install/drive_base_msgs/share/drive_base_msgs/package.bash'
[10.106s] INFO:colcon.colcon_core.shell:Creating package script '/home/epiibots/ros2_ws/install/drive_base_msgs/share/drive_base_msgs/package.zsh'
[10.107s] Level 1:colcon.colcon_core.environment:create_file_with_runtime_dependencies(/home/epiibots/ros2_ws/install/drive_base_msgs/share/colcon-core/packages/drive_base_msgs)
[10.110s] INFO:colcon.colcon_ros.task.ament_python.build:Building ROS package in '/home/epiibots/ros2_ws/src/servo_steering' with build type 'ament_python'
[10.110s] Level 1:colcon.colcon_core.shell:create_environment_hook('servo_steering', 'ament_prefix_path')
[10.111s] INFO:colcon.colcon_core.shell:Creating environment hook '/home/epiibots/ros2_ws/install/servo_steering/share/servo_steering/hook/ament_prefix_path.ps1'
[10.112s] INFO:colcon.colcon_core.shell:Creating environment descriptor '/home/epiibots/ros2_ws/install/servo_steering/share/servo_steering/hook/ament_prefix_path.dsv'
[10.113s] INFO:colcon.colcon_core.shell:Creating environment hook '/home/epiibots/ros2_ws/install/servo_steering/share/servo_steering/hook/ament_prefix_path.sh'
[10.114s] INFO:colcon.colcon_core.shell:Skip shell extension 'powershell' for command environment: Not usable outside of PowerShell
[10.114s] DEBUG:colcon.colcon_core.shell:Skip shell extension 'dsv' for command environment
[10.123s] INFO:colcon.colcon_ros.task.ament_python.build:Building ROS package in '/home/epiibots/ros2_ws/src/controlegeral_carrinho' with build type 'ament_python'
[10.124s] Level 1:colcon.colcon_core.shell:create_environment_hook('controlegeral_carrinho', 'ament_prefix_path')
[10.124s] INFO:colcon.colcon_core.shell:Creating environment hook '/home/epiibots/ros2_ws/install/controlegeral_carrinho/share/controlegeral_carrinho/hook/ament_prefix_path.ps1'
[10.125s] INFO:colcon.colcon_core.shell:Creating environment descriptor '/home/epiibots/ros2_ws/install/controlegeral_carrinho/share/controlegeral_carrinho/hook/ament_prefix_path.dsv'
[10.128s] INFO:colcon.colcon_core.shell:Creating environment hook '/home/epiibots/ros2_ws/install/controlegeral_carrinho/share/controlegeral_carrinho/hook/ament_prefix_path.sh'
[10.130s] INFO:colcon.colcon_core.shell:Skip shell extension 'powershell' for command environment: Not usable outside of PowerShell
[10.130s] DEBUG:colcon.colcon_core.shell:Skip shell extension 'dsv' for command environment
[10.920s] INFO:colcon.colcon_core.task.python.build:Building Python package in '/home/epiibots/ros2_ws/src/pwm_rec'
[10.920s] INFO:colcon.colcon_core.shell:Skip shell extension 'powershell' for command environment: Not usable outside of PowerShell
[10.921s] DEBUG:colcon.colcon_core.shell:Skip shell extension 'dsv' for command environment
[11.975s] INFO:colcon.colcon_core.task.python.build:Building Python package in '/home/epiibots/ros2_ws/src/servo_steering'
[11.976s] INFO:colcon.colcon_core.shell:Skip shell extension 'powershell' for command environment: Not usable outside of PowerShell
[11.976s] DEBUG:colcon.colcon_core.shell:Skip shell extension 'dsv' for command environment
[12.537s] INFO:colcon.colcon_core.task.python.build:Building Python package in '/home/epiibots/ros2_ws/src/controlegeral_carrinho'
[12.538s] INFO:colcon.colcon_core.shell:Skip shell extension 'powershell' for command environment: Not usable outside of PowerShell
[12.538s] DEBUG:colcon.colcon_core.shell:Skip shell extension 'dsv' for command environment
[12.567s] DEBUG:colcon.colcon_core.event_handler.log_command:Invoking command in '/home/epiibots/ros2_ws/src/lidar_teste': DEBUGINFOD_URLS=https://debuginfod.ubuntu.com PYTHONPATH=/home/epiibots/ros2_ws/build/lidar_teste/prefix_override:/usr/lib/python3/dist-packages/colcon_core/task/python/colcon_distutils_commands:/home/epiibots/ros2_ws/install/lidar_teste/lib/python3.12/site-packages:${PYTHONPATH} /usr/bin/python3 -W ignore:setup.py install is deprecated -W ignore:easy_install command is deprecated setup.py egg_info --egg-base ../../build/lidar_teste build --build-base /home/epiibots/ros2_ws/build/lidar_teste/build install --record /home/epiibots/ros2_ws/build/lidar_teste/install.log --single-version-externally-managed install_data
[14.454s] DEBUG:colcon.colcon_core.event_handler.log_command:Invoking command in '/home/epiibots/ros2_ws/src/servo_steering': DEBUGINFOD_URLS=https://debuginfod.ubuntu.com PYTHONPATH=/home/epiibots/ros2_ws/build/servo_steering/prefix_override:/usr/lib/python3/dist-packages/colcon_core/task/python/colcon_distutils_commands:/home/epiibots/ros2_ws/install/servo_steering/lib/python3.12/site-packages:${PYTHONPATH} /usr/bin/python3 -W ignore:setup.py install is deprecated -W ignore:easy_install command is deprecated setup.py egg_info --egg-base ../../build/servo_steering build --build-base /home/epiibots/ros2_ws/build/servo_steering/build install --record /home/epiibots/ros2_ws/build/servo_steering/install.log --single-version-externally-managed install_data
[15.216s] DEBUG:colcon.colcon_core.event_handler.log_command:Invoking command in '/home/epiibots/ros2_ws/src/pwm_rec': DEBUGINFOD_URLS=https://debuginfod.ubuntu.com PYTHONPATH=/home/epiibots/ros2_ws/build/pwm_rec/prefix_override:/usr/lib/python3/dist-packages/colcon_core/task/python/colcon_distutils_commands:/home/epiibots/ros2_ws/install/pwm_rec/lib/python3.12/site-packages:${PYTHONPATH} /usr/bin/python3 -W ignore:setup.py install is deprecated -W ignore:easy_install command is deprecated setup.py egg_info --egg-base ../../build/pwm_rec build --build-base /home/epiibots/ros2_ws/build/pwm_rec/build install --record /home/epiibots/ros2_ws/build/pwm_rec/install.log --single-version-externally-managed install_data
[15.289s] Level 1:colcon.colcon_core.environment:checking '/home/epiibots/ros2_ws/install/lidar_teste' for CMake module files
[15.290s] Level 1:colcon.colcon_core.environment:checking '/home/epiibots/ros2_ws/install/lidar_teste' for CMake config files
[15.291s] DEBUG:colcon.colcon_core.event_handler.log_command:Invoked command in '/home/epiibots/ros2_ws/src/lidar_teste' returned '0': DEBUGINFOD_URLS=https://debuginfod.ubuntu.com PYTHONPATH=/home/epiibots/ros2_ws/build/lidar_teste/prefix_override:/usr/lib/python3/dist-packages/colcon_core/task/python/colcon_distutils_commands:/home/epiibots/ros2_ws/install/lidar_teste/lib/python3.12/site-packages:${PYTHONPATH} /usr/bin/python3 -W ignore:setup.py install is deprecated -W ignore:easy_install command is deprecated setup.py egg_info --egg-base ../../build/lidar_teste build --build-base /home/epiibots/ros2_ws/build/lidar_teste/build install --record /home/epiibots/ros2_ws/build/lidar_teste/install.log --single-version-externally-managed install_data
[15.292s] Level 1:colcon.colcon_core.environment:checking '/home/epiibots/ros2_ws/install/lidar_teste/lib'
[15.293s] Level 1:colcon.colcon_core.environment:checking '/home/epiibots/ros2_ws/install/lidar_teste/bin'
[15.293s] Level 1:colcon.colcon_core.environment:checking '/home/epiibots/ros2_ws/install/lidar_teste/lib/pkgconfig/lidar_teste.pc'
[15.293s] Level 1:colcon.colcon_core.environment:checking '/home/epiibots/ros2_ws/install/lidar_teste/lib/python3.12/site-packages'
[15.294s] Level 1:colcon.colcon_core.shell:create_environment_hook('lidar_teste', 'pythonpath')
[15.294s] INFO:colcon.colcon_core.shell:Creating environment hook '/home/epiibots/ros2_ws/install/lidar_teste/share/lidar_teste/hook/pythonpath.ps1'
[15.295s] INFO:colcon.colcon_core.shell:Creating environment descriptor '/home/epiibots/ros2_ws/install/lidar_teste/share/lidar_teste/hook/pythonpath.dsv'
[15.298s] INFO:colcon.colcon_core.shell:Creating environment hook '/home/epiibots/ros2_ws/install/lidar_teste/share/lidar_teste/hook/pythonpath.sh'
[15.302s] Level 1:colcon.colcon_core.environment:checking '/home/epiibots/ros2_ws/install/lidar_teste/bin'
[15.302s] Level 1:colcon.colcon_core.environment:create_environment_scripts_only(lidar_teste)
[15.303s] INFO:colcon.colcon_core.shell:Creating package script '/home/epiibots/ros2_ws/install/lidar_teste/share/lidar_teste/package.ps1'
[15.305s] INFO:colcon.colcon_core.shell:Creating package descriptor '/home/epiibots/ros2_ws/install/lidar_teste/share/lidar_teste/package.dsv'
[15.306s] INFO:colcon.colcon_core.shell:Creating package script '/home/epiibots/ros2_ws/install/lidar_teste/share/lidar_teste/package.sh'
[15.307s] INFO:colcon.colcon_core.shell:Creating package script '/home/epiibots/ros2_ws/install/lidar_teste/share/lidar_teste/package.bash'
[15.308s] INFO:colcon.colcon_core.shell:Creating package script '/home/epiibots/ros2_ws/install/lidar_teste/share/lidar_teste/package.zsh'
[15.309s] Level 1:colcon.colcon_core.environment:create_file_with_runtime_dependencies(/home/epiibots/ros2_ws/install/lidar_teste/share/colcon-core/packages/lidar_teste)
[15.311s] INFO:colcon.colcon_ros.task.ament_cmake.build:Building ROS package in '/home/epiibots/ros2_ws/src/uros/micro-ROS-Agent/micro_ros_agent' with build type 'ament_cmake'
[15.312s] INFO:colcon.colcon_cmake.task.cmake.build:Building CMake package in '/home/epiibots/ros2_ws/src/uros/micro-ROS-Agent/micro_ros_agent'
[15.313s] INFO:colcon.colcon_core.shell:Skip shell extension 'powershell' for command environment: Not usable outside of PowerShell
[15.313s] DEBUG:colcon.colcon_core.shell:Skip shell extension 'dsv' for command environment
[15.339s] DEBUG:colcon.colcon_core.event_handler.log_command:Invoking command in '/home/epiibots/ros2_ws/build/micro_ros_agent': CMAKE_PREFIX_PATH=/home/epiibots/ros2_ws/install/micro_ros_msgs:/home/epiibots/ros2_ws/install/sllidar_ros2:/home/epiibots/ros2_ws/install/micro_ros_setup:/home/epiibots/ros2_ws/install/micro_ros_agent:/home/epiibots/ros2_ws/install/drive_base_msgs:/opt/ros/jazzy/opt/gz_sim_vendor:/opt/ros/jazzy/opt/gz_sensors_vendor:/opt/ros/jazzy/opt/gz_physics_vendor:/opt/ros/jazzy/opt/sdformat_vendor:/opt/ros/jazzy/opt/gz_gui_vendor:/opt/ros/jazzy/opt/gz_transport_vendor:/opt/ros/jazzy/opt/gz_rendering_vendor:/opt/ros/jazzy/opt/gz_plugin_vendor:/opt/ros/jazzy/opt/gz_fuel_tools_vendor:/opt/ros/jazzy/opt/gz_msgs_vendor:/opt/ros/jazzy/opt/gz_common_vendor:/opt/ros/jazzy/opt/gz_math_vendor:/opt/ros/jazzy/opt/gz_utils_vendor:/opt/ros/jazzy/opt/gz_tools_vendor:/opt/ros/jazzy/opt/gz_ogre_next_vendor:/opt/ros/jazzy/opt/gz_dartsim_vendor:/opt/ros/jazzy/opt/gz_cmake_vendor:/home/epiibots/ros2_ws/install/controlegeral_carrinho:/home/epiibots/ros2_ws/install/servo_steering:/home/epiibots/ros2_ws/install/pwm_rec:/home/epiibots/ros2_ws/install/lidar_teste:/home/epiibots/ros2_ws/install/detector:/home/epiibots/ros2_ws/install/carrinho_base:/home/epiibots/ros2_ws/install/calibration:/home/epiibots/ros2_ws/install/bno055:/opt/ros/jazzy DEBUGINFOD_URLS=https://debuginfod.ubuntu.com LD_LIBRARY_PATH=/home/epiibots/ros2_ws/install/micro_ros_msgs/lib:/home/epiibots/ros2_ws/install/micro_ros_agent/lib:/home/epiibots/ros2_ws/install/drive_base_msgs/lib:/opt/ros/jazzy/opt/gz_sim_vendor/lib:/opt/ros/jazzy/opt/gz_sensors_vendor/lib:/opt/ros/jazzy/opt/gz_physics_vendor/lib:/opt/ros/jazzy/opt/sdformat_vendor/lib:/opt/ros/jazzy/opt/rviz_ogre_vendor/lib:/opt/ros/jazzy/lib/aarch64-linux-gnu:/opt/ros/jazzy/opt/gz_gui_vendor/lib:/opt/ros/jazzy/opt/gz_transport_vendor/lib:/opt/ros/jazzy/opt/gz_rendering_vendor/lib:/opt/ros/jazzy/opt/gz_plugin_vendor/lib:/opt/ros/jazzy/opt/gz_fuel_tools_vendor/lib:/opt/ros/jazzy/opt/gz_msgs_vendor/lib:/opt/ros/jazzy/opt/gz_common_vendor/lib:/opt/ros/jazzy/opt/gz_math_vendor/lib:/opt/ros/jazzy/opt/gz_utils_vendor/lib:/opt/ros/jazzy/opt/gz_tools_vendor/lib:/opt/ros/jazzy/opt/gz_ogre_next_vendor/lib:/opt/ros/jazzy/opt/gz_dartsim_vendor/lib:/opt/ros/jazzy/opt/gz_cmake_vendor/lib:/opt/ros/jazzy/lib PYTHONPATH=/home/epiibots/ros2_ws/install/micro_ros_msgs/lib/python3.12/site-packages:/home/epiibots/ros2_ws/install/controlegeral_carrinho/lib/python3.12/site-packages:/home/epiibots/ros2_ws/install/servo_steering/lib/python3.12/site-packages:/home/epiibots/ros2_ws/install/pwm_rec/lib/python3.12/site-packages:/home/epiibots/ros2_ws/install/lidar_teste/lib/python3.12/site-packages:/home/epiibots/ros2_ws/install/drive_base_msgs/lib/python3.12/site-packages:/home/epiibots/ros2_ws/install/detector/lib/python3.12/site-packages:/home/epiibots/ros2_ws/install/carrinho_base/lib/python3.12/site-packages:/home/epiibots/ros2_ws/install/calibration/lib/python3.12/site-packages:/home/epiibots/ros2_ws/install/bno055/lib/python3.12/site-packages:/opt/ros/jazzy/lib/python3.12/site-packages /usr/bin/cmake --build /home/epiibots/ros2_ws/build/micro_ros_agent -- -j4 -l4
[15.592s] DEBUG:colcon.colcon_core.event_handler.log_command:Invoked command in '/home/epiibots/ros2_ws/build/micro_ros_agent' returned '0': CMAKE_PREFIX_PATH=/home/epiibots/ros2_ws/install/micro_ros_msgs:/home/epiibots/ros2_ws/install/sllidar_ros2:/home/epiibots/ros2_ws/install/micro_ros_setup:/home/epiibots/ros2_ws/install/micro_ros_agent:/home/epiibots/ros2_ws/install/drive_base_msgs:/opt/ros/jazzy/opt/gz_sim_vendor:/opt/ros/jazzy/opt/gz_sensors_vendor:/opt/ros/jazzy/opt/gz_physics_vendor:/opt/ros/jazzy/opt/sdformat_vendor:/opt/ros/jazzy/opt/gz_gui_vendor:/opt/ros/jazzy/opt/gz_transport_vendor:/opt/ros/jazzy/opt/gz_rendering_vendor:/opt/ros/jazzy/opt/gz_plugin_vendor:/opt/ros/jazzy/opt/gz_fuel_tools_vendor:/opt/ros/jazzy/opt/gz_msgs_vendor:/opt/ros/jazzy/opt/gz_common_vendor:/opt/ros/jazzy/opt/gz_math_vendor:/opt/ros/jazzy/opt/gz_utils_vendor:/opt/ros/jazzy/opt/gz_tools_vendor:/opt/ros/jazzy/opt/gz_ogre_next_vendor:/opt/ros/jazzy/opt/gz_dartsim_vendor:/opt/ros/jazzy/opt/gz_cmake_vendor:/home/epiibots/ros2_ws/install/controlegeral_carrinho:/home/epiibots/ros2_ws/install/servo_steering:/home/epiibots/ros2_ws/install/pwm_rec:/home/epiibots/ros2_ws/install/lidar_teste:/home/epiibots/ros2_ws/install/detector:/home/epiibots/ros2_ws/install/carrinho_base:/home/epiibots/ros2_ws/install/calibration:/home/epiibots/ros2_ws/install/bno055:/opt/ros/jazzy DEBUGINFOD_URLS=https://debuginfod.ubuntu.com LD_LIBRARY_PATH=/home/epiibots/ros2_ws/install/micro_ros_msgs/lib:/home/epiibots/ros2_ws/install/micro_ros_agent/lib:/home/epiibots/ros2_ws/install/drive_base_msgs/lib:/opt/ros/jazzy/opt/gz_sim_vendor/lib:/opt/ros/jazzy/opt/gz_sensors_vendor/lib:/opt/ros/jazzy/opt/gz_physics_vendor/lib:/opt/ros/jazzy/opt/sdformat_vendor/lib:/opt/ros/jazzy/opt/rviz_ogre_vendor/lib:/opt/ros/jazzy/lib/aarch64-linux-gnu:/opt/ros/jazzy/opt/gz_gui_vendor/lib:/opt/ros/jazzy/opt/gz_transport_vendor/lib:/opt/ros/jazzy/opt/gz_rendering_vendor/lib:/opt/ros/jazzy/opt/gz_plugin_vendor/lib:/opt/ros/jazzy/opt/gz_fuel_tools_vendor/lib:/opt/ros/jazzy/opt/gz_msgs_vendor/lib:/opt/ros/jazzy/opt/gz_common_vendor/lib:/opt/ros/jazzy/opt/gz_math_vendor/lib:/opt/ros/jazzy/opt/gz_utils_vendor/lib:/opt/ros/jazzy/opt/gz_tools_vendor/lib:/opt/ros/jazzy/opt/gz_ogre_next_vendor/lib:/opt/ros/jazzy/opt/gz_dartsim_vendor/lib:/opt/ros/jazzy/opt/gz_cmake_vendor/lib:/opt/ros/jazzy/lib PYTHONPATH=/home/epiibots/ros2_ws/install/micro_ros_msgs/lib/python3.12/site-packages:/home/epiibots/ros2_ws/install/controlegeral_carrinho/lib/python3.12/site-packages:/home/epiibots/ros2_ws/install/servo_steering/lib/python3.12/site-packages:/home/epiibots/ros2_ws/install/pwm_rec/lib/python3.12/site-packages:/home/epiibots/ros2_ws/install/lidar_teste/lib/python3.12/site-packages:/home/epiibots/ros2_ws/install/drive_base_msgs/lib/python3.12/site-packages:/home/epiibots/ros2_ws/install/detector/lib/python3.12/site-packages:/home/epiibots/ros2_ws/install/carrinho_base/lib/python3.12/site-packages:/home/epiibots/ros2_ws/install/calibration/lib/python3.12/site-packages:/home/epiibots/ros2_ws/install/bno055/lib/python3.12/site-packages:/opt/ros/jazzy/lib/python3.12/site-packages /usr/bin/cmake --build /home/epiibots/ros2_ws/build/micro_ros_agent -- -j4 -l4
[15.594s] DEBUG:colcon.colcon_core.event_handler.log_command:Invoking command in '/home/epiibots/ros2_ws/build/micro_ros_agent': CMAKE_PREFIX_PATH=/home/epiibots/ros2_ws/install/micro_ros_msgs:/home/epiibots/ros2_ws/install/sllidar_ros2:/home/epiibots/ros2_ws/install/micro_ros_setup:/home/epiibots/ros2_ws/install/micro_ros_agent:/home/epiibots/ros2_ws/install/drive_base_msgs:/opt/ros/jazzy/opt/gz_sim_vendor:/opt/ros/jazzy/opt/gz_sensors_vendor:/opt/ros/jazzy/opt/gz_physics_vendor:/opt/ros/jazzy/opt/sdformat_vendor:/opt/ros/jazzy/opt/gz_gui_vendor:/opt/ros/jazzy/opt/gz_transport_vendor:/opt/ros/jazzy/opt/gz_rendering_vendor:/opt/ros/jazzy/opt/gz_plugin_vendor:/opt/ros/jazzy/opt/gz_fuel_tools_vendor:/opt/ros/jazzy/opt/gz_msgs_vendor:/opt/ros/jazzy/opt/gz_common_vendor:/opt/ros/jazzy/opt/gz_math_vendor:/opt/ros/jazzy/opt/gz_utils_vendor:/opt/ros/jazzy/opt/gz_tools_vendor:/opt/ros/jazzy/opt/gz_ogre_next_vendor:/opt/ros/jazzy/opt/gz_dartsim_vendor:/opt/ros/jazzy/opt/gz_cmake_vendor:/home/epiibots/ros2_ws/install/controlegeral_carrinho:/home/epiibots/ros2_ws/install/servo_steering:/home/epiibots/ros2_ws/install/pwm_rec:/home/epiibots/ros2_ws/install/lidar_teste:/home/epiibots/ros2_ws/install/detector:/home/epiibots/ros2_ws/install/carrinho_base:/home/epiibots/ros2_ws/install/calibration:/home/epiibots/ros2_ws/install/bno055:/opt/ros/jazzy DEBUGINFOD_URLS=https://debuginfod.ubuntu.com LD_LIBRARY_PATH=/home/epiibots/ros2_ws/install/micro_ros_msgs/lib:/home/epiibots/ros2_ws/install/micro_ros_agent/lib:/home/epiibots/ros2_ws/install/drive_base_msgs/lib:/opt/ros/jazzy/opt/gz_sim_vendor/lib:/opt/ros/jazzy/opt/gz_sensors_vendor/lib:/opt/ros/jazzy/opt/gz_physics_vendor/lib:/opt/ros/jazzy/opt/sdformat_vendor/lib:/opt/ros/jazzy/opt/rviz_ogre_vendor/lib:/opt/ros/jazzy/lib/aarch64-linux-gnu:/opt/ros/jazzy/opt/gz_gui_vendor/lib:/opt/ros/jazzy/opt/gz_transport_vendor/lib:/opt/ros/jazzy/opt/gz_rendering_vendor/lib:/opt/ros/jazzy/opt/gz_plugin_vendor/lib:/opt/ros/jazzy/opt/gz_fuel_tools_vendor/lib:/opt/ros/jazzy/opt/gz_msgs_vendor/lib:/opt/ros/jazzy/opt/gz_common_vendor/lib:/opt/ros/jazzy/opt/gz_math_vendor/lib:/opt/ros/jazzy/opt/gz_utils_vendor/lib:/opt/ros/jazzy/opt/gz_tools_vendor/lib:/opt/ros/jazzy/opt/gz_ogre_next_vendor/lib:/opt/ros/jazzy/opt/gz_dartsim_vendor/lib:/opt/ros/jazzy/opt/gz_cmake_vendor/lib:/opt/ros/jazzy/lib PYTHONPATH=/home/epiibots/ros2_ws/install/micro_ros_msgs/lib/python3.12/site-packages:/home/epiibots/ros2_ws/install/controlegeral_carrinho/lib/python3.12/site-packages:/home/epiibots/ros2_ws/install/servo_steering/lib/python3.12/site-packages:/home/epiibots/ros2_ws/install/pwm_rec/lib/python3.12/site-packages:/home/epiibots/ros2_ws/install/lidar_teste/lib/python3.12/site-packages:/home/epiibots/ros2_ws/install/drive_base_msgs/lib/python3.12/site-packages:/home/epiibots/ros2_ws/install/detector/lib/python3.12/site-packages:/home/epiibots/ros2_ws/install/carrinho_base/lib/python3.12/site-packages:/home/epiibots/ros2_ws/install/calibration/lib/python3.12/site-packages:/home/epiibots/ros2_ws/install/bno055/lib/python3.12/site-packages:/opt/ros/jazzy/lib/python3.12/site-packages /usr/bin/cmake --install /home/epiibots/ros2_ws/build/micro_ros_agent
[15.606s] DEBUG:colcon.colcon_core.event_handler.log_command:Invoking command in '/home/epiibots/ros2_ws/src/controlegeral_carrinho': AMENT_PREFIX_PATH=/home/epiibots/ros2_ws/install/bno055:/home/epiibots/ros2_ws/install/controlegeral_carrinho:/home/epiibots/ros2_ws/install/sllidar_ros2:/home/epiibots/ros2_ws/install/servo_steering:/home/epiibots/ros2_ws/install/pwm_rec:/home/epiibots/ros2_ws/install/micro_ros_setup:/home/epiibots/ros2_ws/install/micro_ros_agent:/home/epiibots/ros2_ws/install/micro_ros_msgs:/home/epiibots/ros2_ws/install/lidar_teste:/home/epiibots/ros2_ws/install/drive_base_msgs:/home/epiibots/ros2_ws/install/detector:/home/epiibots/ros2_ws/install/carrinho_base:/home/epiibots/ros2_ws/install/calibration:/opt/ros/jazzy DEBUGINFOD_URLS=https://debuginfod.ubuntu.com PYTHONPATH=/home/epiibots/ros2_ws/build/controlegeral_carrinho/prefix_override:/usr/lib/python3/dist-packages/colcon_core/task/python/colcon_distutils_commands:/home/epiibots/ros2_ws/install/controlegeral_carrinho/lib/python3.12/site-packages:/home/epiibots/ros2_ws/install/bno055/lib/python3.12/site-packages:/home/epiibots/ros2_ws/install/controlegeral_carrinho/lib/python3.12/site-packages:/home/epiibots/ros2_ws/install/servo_steering/lib/python3.12/site-packages:/home/epiibots/ros2_ws/install/pwm_rec/lib/python3.12/site-packages:/home/epiibots/ros2_ws/install/micro_ros_msgs/lib/python3.12/site-packages:/home/epiibots/ros2_ws/install/lidar_teste/lib/python3.12/site-packages:/home/epiibots/ros2_ws/install/drive_base_msgs/lib/python3.12/site-packages:/home/epiibots/ros2_ws/install/detector/lib/python3.12/site-packages:/home/epiibots/ros2_ws/install/carrinho_base/lib/python3.12/site-packages:/home/epiibots/ros2_ws/install/calibration/lib/python3.12/site-packages:/opt/ros/jazzy/lib/python3.12/site-packages /usr/bin/python3 -W ignore:setup.py install is deprecated -W ignore:easy_install command is deprecated setup.py egg_info --egg-base ../../build/controlegeral_carrinho build --build-base /home/epiibots/ros2_ws/build/controlegeral_carrinho/build install --record /home/epiibots/ros2_ws/build/controlegeral_carrinho/install.log --single-version-externally-managed install_data
[15.625s] Level 1:colcon.colcon_core.environment:create_environment_scripts_only(micro_ros_agent)
[15.626s] Level 1:colcon.colcon_core.environment:checking '/home/epiibots/ros2_ws/install/micro_ros_agent' for CMake module files
[15.627s] DEBUG:colcon.colcon_core.event_handler.log_command:Invoked command in '/home/epiibots/ros2_ws/build/micro_ros_agent' returned '0': CMAKE_PREFIX_PATH=/home/epiibots/ros2_ws/install/micro_ros_msgs:/home/epiibots/ros2_ws/install/sllidar_ros2:/home/epiibots/ros2_ws/install/micro_ros_setup:/home/epiibots/ros2_ws/install/micro_ros_agent:/home/epiibots/ros2_ws/install/drive_base_msgs:/opt/ros/jazzy/opt/gz_sim_vendor:/opt/ros/jazzy/opt/gz_sensors_vendor:/opt/ros/jazzy/opt/gz_physics_vendor:/opt/ros/jazzy/opt/sdformat_vendor:/opt/ros/jazzy/opt/gz_gui_vendor:/opt/ros/jazzy/opt/gz_transport_vendor:/opt/ros/jazzy/opt/gz_rendering_vendor:/opt/ros/jazzy/opt/gz_plugin_vendor:/opt/ros/jazzy/opt/gz_fuel_tools_vendor:/opt/ros/jazzy/opt/gz_msgs_vendor:/opt/ros/jazzy/opt/gz_common_vendor:/opt/ros/jazzy/opt/gz_math_vendor:/opt/ros/jazzy/opt/gz_utils_vendor:/opt/ros/jazzy/opt/gz_tools_vendor:/opt/ros/jazzy/opt/gz_ogre_next_vendor:/opt/ros/jazzy/opt/gz_dartsim_vendor:/opt/ros/jazzy/opt/gz_cmake_vendor:/home/epiibots/ros2_ws/install/controlegeral_carrinho:/home/epiibots/ros2_ws/install/servo_steering:/home/epiibots/ros2_ws/install/pwm_rec:/home/epiibots/ros2_ws/install/lidar_teste:/home/epiibots/ros2_ws/install/detector:/home/epiibots/ros2_ws/install/carrinho_base:/home/epiibots/ros2_ws/install/calibration:/home/epiibots/ros2_ws/install/bno055:/opt/ros/jazzy DEBUGINFOD_URLS=https://debuginfod.ubuntu.com LD_LIBRARY_PATH=/home/epiibots/ros2_ws/install/micro_ros_msgs/lib:/home/epiibots/ros2_ws/install/micro_ros_agent/lib:/home/epiibots/ros2_ws/install/drive_base_msgs/lib:/opt/ros/jazzy/opt/gz_sim_vendor/lib:/opt/ros/jazzy/opt/gz_sensors_vendor/lib:/opt/ros/jazzy/opt/gz_physics_vendor/lib:/opt/ros/jazzy/opt/sdformat_vendor/lib:/opt/ros/jazzy/opt/rviz_ogre_vendor/lib:/opt/ros/jazzy/lib/aarch64-linux-gnu:/opt/ros/jazzy/opt/gz_gui_vendor/lib:/opt/ros/jazzy/opt/gz_transport_vendor/lib:/opt/ros/jazzy/opt/gz_rendering_vendor/lib:/opt/ros/jazzy/opt/gz_plugin_vendor/lib:/opt/ros/jazzy/opt/gz_fuel_tools_vendor/lib:/opt/ros/jazzy/opt/gz_msgs_vendor/lib:/opt/ros/jazzy/opt/gz_common_vendor/lib:/opt/ros/jazzy/opt/gz_math_vendor/lib:/opt/ros/jazzy/opt/gz_utils_vendor/lib:/opt/ros/jazzy/opt/gz_tools_vendor/lib:/opt/ros/jazzy/opt/gz_ogre_next_vendor/lib:/opt/ros/jazzy/opt/gz_dartsim_vendor/lib:/opt/ros/jazzy/opt/gz_cmake_vendor/lib:/opt/ros/jazzy/lib PYTHONPATH=/home/epiibots/ros2_ws/install/micro_ros_msgs/lib/python3.12/site-packages:/home/epiibots/ros2_ws/install/controlegeral_carrinho/lib/python3.12/site-packages:/home/epiibots/ros2_ws/install/servo_steering/lib/python3.12/site-packages:/home/epiibots/ros2_ws/install/pwm_rec/lib/python3.12/site-packages:/home/epiibots/ros2_ws/install/lidar_teste/lib/python3.12/site-packages:/home/epiibots/ros2_ws/install/drive_base_msgs/lib/python3.12/site-packages:/home/epiibots/ros2_ws/install/detector/lib/python3.12/site-packages:/home/epiibots/ros2_ws/install/carrinho_base/lib/python3.12/site-packages:/home/epiibots/ros2_ws/install/calibration/lib/python3.12/site-packages:/home/epiibots/ros2_ws/install/bno055/lib/python3.12/site-packages:/opt/ros/jazzy/lib/python3.12/site-packages /usr/bin/cmake --install /home/epiibots/ros2_ws/build/micro_ros_agent
[15.628s] Level 1:colcon.colcon_core.environment:checking '/home/epiibots/ros2_ws/install/micro_ros_agent' for CMake config files
[15.629s] Level 1:colcon.colcon_core.shell:create_environment_hook('micro_ros_agent', 'cmake_prefix_path')
[15.629s] INFO:colcon.colcon_core.shell:Creating environment hook '/home/epiibots/ros2_ws/install/micro_ros_agent/share/micro_ros_agent/hook/cmake_prefix_path.ps1'
[15.630s] INFO:colcon.colcon_core.shell:Creating environment descriptor '/home/epiibots/ros2_ws/install/micro_ros_agent/share/micro_ros_agent/hook/cmake_prefix_path.dsv'
[15.631s] INFO:colcon.colcon_core.shell:Creating environment hook '/home/epiibots/ros2_ws/install/micro_ros_agent/share/micro_ros_agent/hook/cmake_prefix_path.sh'
[15.632s] Level 1:colcon.colcon_core.environment:checking '/home/epiibots/ros2_ws/install/micro_ros_agent/lib'
[15.632s] Level 1:colcon.colcon_core.shell:create_environment_hook('micro_ros_agent', 'ld_library_path_lib')
[15.633s] INFO:colcon.colcon_core.shell:Creating environment hook '/home/epiibots/ros2_ws/install/micro_ros_agent/share/micro_ros_agent/hook/ld_library_path_lib.ps1'
[15.634s] INFO:colcon.colcon_core.shell:Creating environment descriptor '/home/epiibots/ros2_ws/install/micro_ros_agent/share/micro_ros_agent/hook/ld_library_path_lib.dsv'
[15.634s] INFO:colcon.colcon_core.shell:Creating environment hook '/home/epiibots/ros2_ws/install/micro_ros_agent/share/micro_ros_agent/hook/ld_library_path_lib.sh'
[15.635s] Level 1:colcon.colcon_core.environment:checking '/home/epiibots/ros2_ws/install/micro_ros_agent/bin'
[15.635s] Level 1:colcon.colcon_core.environment:checking '/home/epiibots/ros2_ws/install/micro_ros_agent/lib/pkgconfig/micro_ros_agent.pc'
[15.636s] Level 1:colcon.colcon_core.environment:checking '/home/epiibots/ros2_ws/install/micro_ros_agent/lib/python3.12/site-packages'
[15.636s] Level 1:colcon.colcon_core.environment:checking '/home/epiibots/ros2_ws/install/micro_ros_agent/bin'
[15.637s] INFO:colcon.colcon_core.shell:Creating package script '/home/epiibots/ros2_ws/install/micro_ros_agent/share/micro_ros_agent/package.ps1'
[15.638s] INFO:colcon.colcon_core.shell:Creating package descriptor '/home/epiibots/ros2_ws/install/micro_ros_agent/share/micro_ros_agent/package.dsv'
[15.639s] INFO:colcon.colcon_core.shell:Creating package script '/home/epiibots/ros2_ws/install/micro_ros_agent/share/micro_ros_agent/package.sh'
[15.640s] INFO:colcon.colcon_core.shell:Creating package script '/home/epiibots/ros2_ws/install/micro_ros_agent/share/micro_ros_agent/package.bash'
[15.641s] INFO:colcon.colcon_core.shell:Creating package script '/home/epiibots/ros2_ws/install/micro_ros_agent/share/micro_ros_agent/package.zsh'
[15.641s] Level 1:colcon.colcon_core.environment:create_file_with_runtime_dependencies(/home/epiibots/ros2_ws/install/micro_ros_agent/share/colcon-core/packages/micro_ros_agent)
[15.643s] Level 1:colcon.colcon_core.environment:create_environment_scripts_only(micro_ros_agent)
[15.644s] Level 1:colcon.colcon_core.environment:checking '/home/epiibots/ros2_ws/install/micro_ros_agent' for CMake module files
[15.645s] Level 1:colcon.colcon_core.environment:checking '/home/epiibots/ros2_ws/install/micro_ros_agent' for CMake config files
[15.646s] Level 1:colcon.colcon_core.shell:create_environment_hook('micro_ros_agent', 'cmake_prefix_path')
[15.646s] INFO:colcon.colcon_core.shell:Creating environment hook '/home/epiibots/ros2_ws/install/micro_ros_agent/share/micro_ros_agent/hook/cmake_prefix_path.ps1'
[15.647s] INFO:colcon.colcon_core.shell:Creating environment descriptor '/home/epiibots/ros2_ws/install/micro_ros_agent/share/micro_ros_agent/hook/cmake_prefix_path.dsv'
[15.649s] INFO:colcon.colcon_core.shell:Creating environment hook '/home/epiibots/ros2_ws/install/micro_ros_agent/share/micro_ros_agent/hook/cmake_prefix_path.sh'
[15.650s] Level 1:colcon.colcon_core.environment:checking '/home/epiibots/ros2_ws/install/micro_ros_agent/lib'
[15.651s] Level 1:colcon.colcon_core.shell:create_environment_hook('micro_ros_agent', 'ld_library_path_lib')
[15.651s] INFO:colcon.colcon_core.shell:Creating environment hook '/home/epiibots/ros2_ws/install/micro_ros_agent/share/micro_ros_agent/hook/ld_library_path_lib.ps1'
[15.653s] INFO:colcon.colcon_core.shell:Creating environment descriptor '/home/epiibots/ros2_ws/install/micro_ros_agent/share/micro_ros_agent/hook/ld_library_path_lib.dsv'
[15.654s] INFO:colcon.colcon_core.shell:Creating environment hook '/home/epiibots/ros2_ws/install/micro_ros_agent/share/micro_ros_agent/hook/ld_library_path_lib.sh'
[15.655s] Level 1:colcon.colcon_core.environment:checking '/home/epiibots/ros2_ws/install/micro_ros_agent/bin'
[15.655s] Level 1:colcon.colcon_core.environment:checking '/home/epiibots/ros2_ws/install/micro_ros_agent/lib/pkgconfig/micro_ros_agent.pc'
[15.656s] Level 1:colcon.colcon_core.environment:checking '/home/epiibots/ros2_ws/install/micro_ros_agent/lib/python3.12/site-packages'
[15.657s] Level 1:colcon.colcon_core.environment:checking '/home/epiibots/ros2_ws/install/micro_ros_agent/bin'
[15.658s] INFO:colcon.colcon_core.shell:Creating package script '/home/epiibots/ros2_ws/install/micro_ros_agent/share/micro_ros_agent/package.ps1'
[15.660s] INFO:colcon.colcon_core.shell:Creating package descriptor '/home/epiibots/ros2_ws/install/micro_ros_agent/share/micro_ros_agent/package.dsv'
[15.662s] INFO:colcon.colcon_core.shell:Creating package script '/home/epiibots/ros2_ws/install/micro_ros_agent/share/micro_ros_agent/package.sh'
[15.664s] INFO:colcon.colcon_core.shell:Creating package script '/home/epiibots/ros2_ws/install/micro_ros_agent/share/micro_ros_agent/package.bash'
[15.665s] INFO:colcon.colcon_core.shell:Creating package script '/home/epiibots/ros2_ws/install/micro_ros_agent/share/micro_ros_agent/package.zsh'
[15.666s] Level 1:colcon.colcon_core.environment:create_file_with_runtime_dependencies(/home/epiibots/ros2_ws/install/micro_ros_agent/share/colcon-core/packages/micro_ros_agent)
[16.381s] Level 1:colcon.colcon_core.environment:checking '/home/epiibots/ros2_ws/install/servo_steering' for CMake module files
[16.382s] DEBUG:colcon.colcon_core.event_handler.log_command:Invoked command in '/home/epiibots/ros2_ws/src/servo_steering' returned '0': DEBUGINFOD_URLS=https://debuginfod.ubuntu.com PYTHONPATH=/home/epiibots/ros2_ws/build/servo_steering/prefix_override:/usr/lib/python3/dist-packages/colcon_core/task/python/colcon_distutils_commands:/home/epiibots/ros2_ws/install/servo_steering/lib/python3.12/site-packages:${PYTHONPATH} /usr/bin/python3 -W ignore:setup.py install is deprecated -W ignore:easy_install command is deprecated setup.py egg_info --egg-base ../../build/servo_steering build --build-base /home/epiibots/ros2_ws/build/servo_steering/build install --record /home/epiibots/ros2_ws/build/servo_steering/install.log --single-version-externally-managed install_data
[16.383s] Level 1:colcon.colcon_core.environment:checking '/home/epiibots/ros2_ws/install/servo_steering' for CMake config files
[16.384s] Level 1:colcon.colcon_core.environment:checking '/home/epiibots/ros2_ws/install/servo_steering/lib'
[16.384s] Level 1:colcon.colcon_core.environment:checking '/home/epiibots/ros2_ws/install/servo_steering/bin'
[16.384s] Level 1:colcon.colcon_core.environment:checking '/home/epiibots/ros2_ws/install/servo_steering/lib/pkgconfig/servo_steering.pc'
[16.385s] Level 1:colcon.colcon_core.environment:checking '/home/epiibots/ros2_ws/install/servo_steering/lib/python3.12/site-packages'
[16.385s] Level 1:colcon.colcon_core.shell:create_environment_hook('servo_steering', 'pythonpath')
[16.386s] INFO:colcon.colcon_core.shell:Creating environment hook '/home/epiibots/ros2_ws/install/servo_steering/share/servo_steering/hook/pythonpath.ps1'
[16.387s] INFO:colcon.colcon_core.shell:Creating environment descriptor '/home/epiibots/ros2_ws/install/servo_steering/share/servo_steering/hook/pythonpath.dsv'
[16.390s] INFO:colcon.colcon_core.shell:Creating environment hook '/home/epiibots/ros2_ws/install/servo_steering/share/servo_steering/hook/pythonpath.sh'
[16.392s] Level 1:colcon.colcon_core.environment:checking '/home/epiibots/ros2_ws/install/servo_steering/bin'
[16.392s] Level 1:colcon.colcon_core.environment:create_environment_scripts_only(servo_steering)
[16.393s] INFO:colcon.colcon_core.shell:Creating package script '/home/epiibots/ros2_ws/install/servo_steering/share/servo_steering/package.ps1'
[16.394s] INFO:colcon.colcon_core.shell:Creating package descriptor '/home/epiibots/ros2_ws/install/servo_steering/share/servo_steering/package.dsv'
[16.395s] INFO:colcon.colcon_core.shell:Creating package script '/home/epiibots/ros2_ws/install/servo_steering/share/servo_steering/package.sh'
[16.396s] INFO:colcon.colcon_core.shell:Creating package script '/home/epiibots/ros2_ws/install/servo_steering/share/servo_steering/package.bash'
[16.432s] INFO:colcon.colcon_core.shell:Creating package script '/home/epiibots/ros2_ws/install/servo_steering/share/servo_steering/package.zsh'
[16.440s] Level 1:colcon.colcon_core.environment:create_file_with_runtime_dependencies(/home/epiibots/ros2_ws/install/servo_steering/share/colcon-core/packages/servo_steering)
[16.757s] Level 1:colcon.colcon_core.environment:checking '/home/epiibots/ros2_ws/install/pwm_rec' for CMake module files
[16.759s] Level 1:colcon.colcon_core.environment:checking '/home/epiibots/ros2_ws/install/pwm_rec' for CMake config files
[16.758s] DEBUG:colcon.colcon_core.event_handler.log_command:Invoked command in '/home/epiibots/ros2_ws/src/pwm_rec' returned '0': DEBUGINFOD_URLS=https://debuginfod.ubuntu.com PYTHONPATH=/home/epiibots/ros2_ws/build/pwm_rec/prefix_override:/usr/lib/python3/dist-packages/colcon_core/task/python/colcon_distutils_commands:/home/epiibots/ros2_ws/install/pwm_rec/lib/python3.12/site-packages:${PYTHONPATH} /usr/bin/python3 -W ignore:setup.py install is deprecated -W ignore:easy_install command is deprecated setup.py egg_info --egg-base ../../build/pwm_rec build --build-base /home/epiibots/ros2_ws/build/pwm_rec/build install --record /home/epiibots/ros2_ws/build/pwm_rec/install.log --single-version-externally-managed install_data
[16.762s] Level 1:colcon.colcon_core.environment:checking '/home/epiibots/ros2_ws/install/pwm_rec/lib'
[16.762s] Level 1:colcon.colcon_core.environment:checking '/home/epiibots/ros2_ws/install/pwm_rec/bin'
[16.762s] Level 1:colcon.colcon_core.environment:checking '/home/epiibots/ros2_ws/install/pwm_rec/lib/pkgconfig/pwm_rec.pc'
[16.763s] Level 1:colcon.colcon_core.environment:checking '/home/epiibots/ros2_ws/install/pwm_rec/lib/python3.12/site-packages'
[16.763s] Level 1:colcon.colcon_core.shell:create_environment_hook('pwm_rec', 'pythonpath')
[16.764s] INFO:colcon.colcon_core.shell:Creating environment hook '/home/epiibots/ros2_ws/install/pwm_rec/share/pwm_rec/hook/pythonpath.ps1'
[16.765s] INFO:colcon.colcon_core.shell:Creating environment descriptor '/home/epiibots/ros2_ws/install/pwm_rec/share/pwm_rec/hook/pythonpath.dsv'
[16.771s] INFO:colcon.colcon_core.shell:Creating environment hook '/home/epiibots/ros2_ws/install/pwm_rec/share/pwm_rec/hook/pythonpath.sh'
[16.774s] Level 1:colcon.colcon_core.environment:checking '/home/epiibots/ros2_ws/install/pwm_rec/bin'
[16.774s] Level 1:colcon.colcon_core.environment:create_environment_scripts_only(pwm_rec)
[16.775s] INFO:colcon.colcon_core.shell:Creating package script '/home/epiibots/ros2_ws/install/pwm_rec/share/pwm_rec/package.ps1'
[16.777s] INFO:colcon.colcon_core.shell:Creating package descriptor '/home/epiibots/ros2_ws/install/pwm_rec/share/pwm_rec/package.dsv'
[16.780s] INFO:colcon.colcon_core.shell:Creating package script '/home/epiibots/ros2_ws/install/pwm_rec/share/pwm_rec/package.sh'
[16.783s] INFO:colcon.colcon_core.shell:Creating package script '/home/epiibots/ros2_ws/install/pwm_rec/share/pwm_rec/package.bash'
[16.787s] INFO:colcon.colcon_core.shell:Creating package script '/home/epiibots/ros2_ws/install/pwm_rec/share/pwm_rec/package.zsh'
[16.790s] Level 1:colcon.colcon_core.environment:create_file_with_runtime_dependencies(/home/epiibots/ros2_ws/install/pwm_rec/share/colcon-core/packages/pwm_rec)
[17.126s] Level 1:colcon.colcon_core.environment:checking '/home/epiibots/ros2_ws/install/controlegeral_carrinho' for CMake module files
[17.127s] DEBUG:colcon.colcon_core.event_handler.log_command:Invoked command in '/home/epiibots/ros2_ws/src/controlegeral_carrinho' returned '0': AMENT_PREFIX_PATH=/home/epiibots/ros2_ws/install/bno055:/home/epiibots/ros2_ws/install/controlegeral_carrinho:/home/epiibots/ros2_ws/install/sllidar_ros2:/home/epiibots/ros2_ws/install/servo_steering:/home/epiibots/ros2_ws/install/pwm_rec:/home/epiibots/ros2_ws/install/micro_ros_setup:/home/epiibots/ros2_ws/install/micro_ros_agent:/home/epiibots/ros2_ws/install/micro_ros_msgs:/home/epiibots/ros2_ws/install/lidar_teste:/home/epiibots/ros2_ws/install/drive_base_msgs:/home/epiibots/ros2_ws/install/detector:/home/epiibots/ros2_ws/install/carrinho_base:/home/epiibots/ros2_ws/install/calibration:/opt/ros/jazzy DEBUGINFOD_URLS=https://debuginfod.ubuntu.com PYTHONPATH=/home/epiibots/ros2_ws/build/controlegeral_carrinho/prefix_override:/usr/lib/python3/dist-packages/colcon_core/task/python/colcon_distutils_commands:/home/epiibots/ros2_ws/install/controlegeral_carrinho/lib/python3.12/site-packages:/home/epiibots/ros2_ws/install/bno055/lib/python3.12/site-packages:/home/epiibots/ros2_ws/install/controlegeral_carrinho/lib/python3.12/site-packages:/home/epiibots/ros2_ws/install/servo_steering/lib/python3.12/site-packages:/home/epiibots/ros2_ws/install/pwm_rec/lib/python3.12/site-packages:/home/epiibots/ros2_ws/install/micro_ros_msgs/lib/python3.12/site-packages:/home/epiibots/ros2_ws/install/lidar_teste/lib/python3.12/site-packages:/home/epiibots/ros2_ws/install/drive_base_msgs/lib/python3.12/site-packages:/home/epiibots/ros2_ws/install/detector/lib/python3.12/site-packages:/home/epiibots/ros2_ws/install/carrinho_base/lib/python3.12/site-packages:/home/epiibots/ros2_ws/install/calibration/lib/python3.12/site-packages:/opt/ros/jazzy/lib/python3.12/site-packages /usr/bin/python3 -W ignore:setup.py install is deprecated -W ignore:easy_install command is deprecated setup.py egg_info --egg-base ../../build/controlegeral_carrinho build --build-base /home/epiibots/ros2_ws/build/controlegeral_carrinho/build install --record /home/epiibots/ros2_ws/build/controlegeral_carrinho/install.log --single-version-externally-managed install_data
[17.128s] Level 1:colcon.colcon_core.environment:checking '/home/epiibots/ros2_ws/install/controlegeral_carrinho' for CMake config files
[17.128s] Level 1:colcon.colcon_core.environment:checking '/home/epiibots/ros2_ws/install/controlegeral_carrinho/lib'
[17.128s] Level 1:colcon.colcon_core.environment:checking '/home/epiibots/ros2_ws/install/controlegeral_carrinho/bin'
[17.128s] Level 1:colcon.colcon_core.environment:checking '/home/epiibots/ros2_ws/install/controlegeral_carrinho/lib/pkgconfig/controlegeral_carrinho.pc'
[17.129s] Level 1:colcon.colcon_core.environment:checking '/home/epiibots/ros2_ws/install/controlegeral_carrinho/lib/python3.12/site-packages'
[17.129s] Level 1:colcon.colcon_core.shell:create_environment_hook('controlegeral_carrinho', 'pythonpath')
[17.129s] INFO:colcon.colcon_core.shell:Creating environment hook '/home/epiibots/ros2_ws/install/controlegeral_carrinho/share/controlegeral_carrinho/hook/pythonpath.ps1'
[17.130s] INFO:colcon.colcon_core.shell:Creating environment descriptor '/home/epiibots/ros2_ws/install/controlegeral_carrinho/share/controlegeral_carrinho/hook/pythonpath.dsv'
[17.130s] INFO:colcon.colcon_core.shell:Creating environment hook '/home/epiibots/ros2_ws/install/controlegeral_carrinho/share/controlegeral_carrinho/hook/pythonpath.sh'
[17.132s] Level 1:colcon.colcon_core.environment:checking '/home/epiibots/ros2_ws/install/controlegeral_carrinho/bin'
[17.132s] Level 1:colcon.colcon_core.environment:create_environment_scripts_only(controlegeral_carrinho)
[17.132s] INFO:colcon.colcon_core.shell:Creating package script '/home/epiibots/ros2_ws/install/controlegeral_carrinho/share/controlegeral_carrinho/package.ps1'
[17.133s] INFO:colcon.colcon_core.shell:Creating package descriptor '/home/epiibots/ros2_ws/install/controlegeral_carrinho/share/controlegeral_carrinho/package.dsv'
[17.134s] INFO:colcon.colcon_core.shell:Creating package script '/home/epiibots/ros2_ws/install/controlegeral_carrinho/share/controlegeral_carrinho/package.sh'
[17.134s] INFO:colcon.colcon_core.shell:Creating package script '/home/epiibots/ros2_ws/install/controlegeral_carrinho/share/controlegeral_carrinho/package.bash'
[17.135s] INFO:colcon.colcon_core.shell:Creating package script '/home/epiibots/ros2_ws/install/controlegeral_carrinho/share/controlegeral_carrinho/package.zsh'
[17.135s] Level 1:colcon.colcon_core.environment:create_file_with_runtime_dependencies(/home/epiibots/ros2_ws/install/controlegeral_carrinho/share/colcon-core/packages/controlegeral_carrinho)
[17.136s] DEBUG:colcon.colcon_parallel_executor.executor.parallel:closing loop
[17.136s] DEBUG:colcon.colcon_parallel_executor.executor.parallel:loop closed
[17.137s] DEBUG:colcon.colcon_parallel_executor.executor.parallel:run_until_complete finished with '0'
[17.137s] DEBUG:colcon.colcon_core.event_reactor:joining thread
[17.138s] DEBUG:colcon.colcon_core.event_reactor:joined thread
[17.139s] INFO:colcon.colcon_core.shell:Creating prefix script '/home/epiibots/ros2_ws/install/local_setup.ps1'
[17.140s] INFO:colcon.colcon_core.shell:Creating prefix util module '/home/epiibots/ros2_ws/install/_local_setup_util_ps1.py'
[17.141s] INFO:colcon.colcon_core.shell:Creating prefix chain script '/home/epiibots/ros2_ws/install/setup.ps1'
[17.144s] INFO:colcon.colcon_core.shell:Creating prefix script '/home/epiibots/ros2_ws/install/local_setup.sh'
[17.145s] INFO:colcon.colcon_core.shell:Creating prefix util module '/home/epiibots/ros2_ws/install/_local_setup_util_sh.py'
[17.146s] INFO:colcon.colcon_core.shell:Creating prefix chain script '/home/epiibots/ros2_ws/install/setup.sh'
[17.148s] INFO:colcon.colcon_core.shell:Creating prefix script '/home/epiibots/ros2_ws/install/local_setup.bash'
[17.149s] INFO:colcon.colcon_core.shell:Creating prefix chain script '/home/epiibots/ros2_ws/install/setup.bash'
[17.172s] INFO:colcon.colcon_core.shell:Creating prefix script '/home/epiibots/ros2_ws/install/local_setup.zsh'
[17.173s] INFO:colcon.colcon_core.shell:Creating prefix chain script '/home/epiibots/ros2_ws/install/setup.zsh'
