[0.000000] (-) TimerEvent: {}
[0.000367] (bno055) JobQueued: {'identifier': 'bno055', 'dependencies': OrderedDict()}
[0.000425] (calibration) JobQueued: {'identifier': 'calibration', 'dependencies': OrderedDict()}
[0.000778] (carrinho_base) JobQueued: {'identifier': 'carrinho_base', 'dependencies': OrderedDict()}
[0.000799] (detector) JobQueued: {'identifier': 'detector', 'dependencies': OrderedDict()}
[0.000817] (drive_base_msgs) JobQueued: {'identifier': 'drive_base_msgs', 'dependencies': OrderedDict()}
[0.000834] (lidar_teste) JobQueued: {'identifier': 'lidar_teste', 'dependencies': OrderedDict()}
[0.000850] (micro_ros_msgs) JobQueued: {'identifier': 'micro_ros_msgs', 'dependencies': OrderedDict()}
[0.000866] (micro_ros_setup) JobQueued: {'identifier': 'micro_ros_setup', 'dependencies': OrderedDict()}
[0.000882] (pwm_rec) JobQueued: {'identifier': 'pwm_rec', 'dependencies': OrderedDict()}
[0.000897] (servo_steering) JobQueued: {'identifier': 'servo_steering', 'dependencies': OrderedDict()}
[0.000913] (sllidar_ros2) JobQueued: {'identifier': 'sllidar_ros2', 'dependencies': OrderedDict()}
[0.000929] (controlegeral_carrinho) JobQueued: {'identifier': 'controlegeral_carrinho', 'dependencies': OrderedDict({'bno055': '/home/epiibots/ros2_ws/install/bno055', 'sllidar_ros2': '/home/epiibots/ros2_ws/install/sllidar_ros2'})}
[0.000953] (micro_ros_agent) JobQueued: {'identifier': 'micro_ros_agent', 'dependencies': OrderedDict({'micro_ros_msgs': '/home/epiibots/ros2_ws/install/micro_ros_msgs'})}
[0.000972] (bno055) JobStarted: {'identifier': 'bno055'}
[0.023053] (micro_ros_msgs) JobStarted: {'identifier': 'micro_ros_msgs'}
[0.028857] (sllidar_ros2) JobStarted: {'identifier': 'sllidar_ros2'}
[0.033645] (calibration) JobStarted: {'identifier': 'calibration'}
[0.099667] (-) TimerEvent: {}
[0.200007] (-) TimerEvent: {}
[0.300318] (-) TimerEvent: {}
[0.368707] (micro_ros_msgs) JobProgress: {'identifier': 'micro_ros_msgs', 'progress': 'cmake'}
[0.374449] (micro_ros_msgs) JobProgress: {'identifier': 'micro_ros_msgs', 'progress': 'build'}
[0.375232] (micro_ros_msgs) Command: {'cmd': ['/usr/bin/cmake', '--build', '/home/epiibots/ros2_ws/build/micro_ros_msgs', '--', '-j4', '-l4'], 'cwd': '/home/epiibots/ros2_ws/build/micro_ros_msgs', 'env': OrderedDict({'LESSOPEN': '| /usr/bin/lesspipe %s', 'USER': 'epiibots', 'SSH_CLIENT': '192.168.0.101 63419 22', 'GZ_CONFIG_PATH': '/opt/ros/jazzy/opt/gz_sim_vendor/share/gz:/opt/ros/jazzy/opt/sdformat_vendor/share/gz:/opt/ros/jazzy/opt/gz_gui_vendor/share/gz:/opt/ros/jazzy/opt/gz_transport_vendor/share/gz:/opt/ros/jazzy/opt/gz_rendering_vendor/share/gz:/opt/ros/jazzy/opt/gz_plugin_vendor/share/gz:/opt/ros/jazzy/opt/gz_fuel_tools_vendor/share/gz:/opt/ros/jazzy/opt/gz_msgs_vendor/share/gz:/opt/ros/jazzy/opt/gz_common_vendor/share/gz', 'XDG_SESSION_TYPE': 'tty', 'SHLVL': '1', 'LD_LIBRARY_PATH': '/opt/ros/jazzy/opt/gz_sim_vendor/lib:/opt/ros/jazzy/opt/gz_sensors_vendor/lib:/opt/ros/jazzy/opt/gz_physics_vendor/lib:/opt/ros/jazzy/opt/sdformat_vendor/lib:/opt/ros/jazzy/opt/rviz_ogre_vendor/lib:/opt/ros/jazzy/lib/aarch64-linux-gnu:/opt/ros/jazzy/opt/gz_gui_vendor/lib:/opt/ros/jazzy/opt/gz_transport_vendor/lib:/opt/ros/jazzy/opt/gz_rendering_vendor/lib:/opt/ros/jazzy/opt/gz_plugin_vendor/lib:/opt/ros/jazzy/opt/gz_fuel_tools_vendor/lib:/opt/ros/jazzy/opt/gz_msgs_vendor/lib:/opt/ros/jazzy/opt/gz_common_vendor/lib:/opt/ros/jazzy/opt/gz_math_vendor/lib:/opt/ros/jazzy/opt/gz_utils_vendor/lib:/opt/ros/jazzy/opt/gz_tools_vendor/lib:/opt/ros/jazzy/opt/gz_ogre_next_vendor/lib:/opt/ros/jazzy/opt/gz_dartsim_vendor/lib:/opt/ros/jazzy/opt/gz_cmake_vendor/lib:/opt/ros/jazzy/lib', 'HOME': '/home/epiibots', 'OLDPWD': '/home/epiibots/ros2_ws/install', 'SSH_TTY': '/dev/pts/4', 'ROS_PYTHON_VERSION': '3', 'DBUS_SESSION_BUS_ADDRESS': 'unix:path=/run/user/1000/bus', 'DEBUGINFOD_URLS': 'https://debuginfod.ubuntu.com', 'ROS_DISTRO': 'jazzy', 'LOGNAME': 'epiibots', '_': '/usr/bin/colcon', 'ROS_VERSION': '2', 'XDG_SESSION_CLASS': 'user', 'TERM': 'xterm-256color', 'XDG_SESSION_ID': '11', 'PATH': '/opt/ros/jazzy/opt/gz_msgs_vendor/bin:/opt/ros/jazzy/opt/gz_tools_vendor/bin:/opt/ros/jazzy/opt/gz_ogre_next_vendor/bin:/opt/ros/jazzy/bin:/usr/local/sbin:/usr/local/bin:/usr/sbin:/usr/bin:/sbin:/bin:/usr/games:/usr/local/games:/snap/bin', 'XDG_RUNTIME_DIR': '/run/user/1000', 'LANG': 'en_US.UTF-8', 'LS_COLORS': 'rs=0:di=01;34:ln=01;36:mh=00:pi=40;33:so=01;35:do=01;35:bd=40;33;01:cd=40;33;01:or=40;31;01:mi=00:su=37;41:sg=30;43:ca=00:tw=30;42:ow=34;42:st=37;44:ex=01;32:*.tar=01;31:*.tgz=01;31:*.arc=01;31:*.arj=01;31:*.taz=01;31:*.lha=01;31:*.lz4=01;31:*.lzh=01;31:*.lzma=01;31:*.tlz=01;31:*.txz=01;31:*.tzo=01;31:*.t7z=01;31:*.zip=01;31:*.z=01;31:*.dz=01;31:*.gz=01;31:*.lrz=01;31:*.lz=01;31:*.lzo=01;31:*.xz=01;31:*.zst=01;31:*.tzst=01;31:*.bz2=01;31:*.bz=01;31:*.tbz=01;31:*.tbz2=01;31:*.tz=01;31:*.deb=01;31:*.rpm=01;31:*.jar=01;31:*.war=01;31:*.ear=01;31:*.sar=01;31:*.rar=01;31:*.alz=01;31:*.ace=01;31:*.zoo=01;31:*.cpio=01;31:*.7z=01;31:*.rz=01;31:*.cab=01;31:*.wim=01;31:*.swm=01;31:*.dwm=01;31:*.esd=01;31:*.avif=01;35:*.jpg=01;35:*.jpeg=01;35:*.mjpg=01;35:*.mjpeg=01;35:*.gif=01;35:*.bmp=01;35:*.pbm=01;35:*.pgm=01;35:*.ppm=01;35:*.tga=01;35:*.xbm=01;35:*.xpm=01;35:*.tif=01;35:*.tiff=01;35:*.png=01;35:*.svg=01;35:*.svgz=01;35:*.mng=01;35:*.pcx=01;35:*.mov=01;35:*.mpg=01;35:*.mpeg=01;35:*.m2v=01;35:*.mkv=01;35:*.webm=01;35:*.webp=01;35:*.ogm=01;35:*.mp4=01;35:*.m4v=01;35:*.mp4v=01;35:*.vob=01;35:*.qt=01;35:*.nuv=01;35:*.wmv=01;35:*.asf=01;35:*.rm=01;35:*.rmvb=01;35:*.flc=01;35:*.avi=01;35:*.fli=01;35:*.flv=01;35:*.gl=01;35:*.dl=01;35:*.xcf=01;35:*.xwd=01;35:*.yuv=01;35:*.cgm=01;35:*.emf=01;35:*.ogv=01;35:*.ogx=01;35:*.aac=00;36:*.au=00;36:*.flac=00;36:*.m4a=00;36:*.mid=00;36:*.midi=00;36:*.mka=00;36:*.mp3=00;36:*.mpc=00;36:*.ogg=00;36:*.ra=00;36:*.wav=00;36:*.oga=00;36:*.opus=00;36:*.spx=00;36:*.xspf=00;36:*~=00;90:*#=00;90:*.bak=00;90:*.crdownload=00;90:*.dpkg-dist=00;90:*.dpkg-new=00;90:*.dpkg-old=00;90:*.dpkg-tmp=00;90:*.old=00;90:*.orig=00;90:*.part=00;90:*.rej=00;90:*.rpmnew=00;90:*.rpmorig=00;90:*.rpmsave=00;90:*.swp=00;90:*.tmp=00;90:*.ucf-dist=00;90:*.ucf-new=00;90:*.ucf-old=00;90:', 'AMENT_PREFIX_PATH': '/opt/ros/jazzy', 'SHELL': '/bin/bash', 'LESSCLOSE': '/usr/bin/lesspipe %s %s', 'ROS_AUTOMATIC_DISCOVERY_RANGE': 'SUBNET', 'PWD': '/home/epiibots/ros2_ws/build/micro_ros_msgs', 'LC_ALL': 'en_US.UTF-8', 'SSH_CONNECTION': '192.168.0.101 63419 192.168.0.67 22', 'XDG_DATA_DIRS': '/usr/share/gnome:/usr/local/share:/usr/share:/var/lib/snapd/desktop', 'PYTHONPATH': '/opt/ros/jazzy/lib/python3.12/site-packages', 'COLCON': '1', 'CMAKE_PREFIX_PATH': '/opt/ros/jazzy/opt/gz_sim_vendor:/opt/ros/jazzy/opt/gz_sensors_vendor:/opt/ros/jazzy/opt/gz_physics_vendor:/opt/ros/jazzy/opt/sdformat_vendor:/opt/ros/jazzy/opt/gz_gui_vendor:/opt/ros/jazzy/opt/gz_transport_vendor:/opt/ros/jazzy/opt/gz_rendering_vendor:/opt/ros/jazzy/opt/gz_plugin_vendor:/opt/ros/jazzy/opt/gz_fuel_tools_vendor:/opt/ros/jazzy/opt/gz_msgs_vendor:/opt/ros/jazzy/opt/gz_common_vendor:/opt/ros/jazzy/opt/gz_math_vendor:/opt/ros/jazzy/opt/gz_utils_vendor:/opt/ros/jazzy/opt/gz_tools_vendor:/opt/ros/jazzy/opt/gz_ogre_next_vendor:/opt/ros/jazzy/opt/gz_dartsim_vendor:/opt/ros/jazzy/opt/gz_cmake_vendor:/opt/ros/jazzy'}), 'shell': False}
[0.382016] (sllidar_ros2) JobProgress: {'identifier': 'sllidar_ros2', 'progress': 'cmake'}
[0.387989] (sllidar_ros2) JobProgress: {'identifier': 'sllidar_ros2', 'progress': 'build'}
[0.389335] (sllidar_ros2) Command: {'cmd': ['/usr/bin/cmake', '--build', '/home/epiibots/ros2_ws/build/sllidar_ros2', '--', '-j4', '-l4'], 'cwd': '/home/epiibots/ros2_ws/build/sllidar_ros2', 'env': OrderedDict({'LESSOPEN': '| /usr/bin/lesspipe %s', 'USER': 'epiibots', 'SSH_CLIENT': '192.168.0.101 63419 22', 'GZ_CONFIG_PATH': '/opt/ros/jazzy/opt/gz_sim_vendor/share/gz:/opt/ros/jazzy/opt/sdformat_vendor/share/gz:/opt/ros/jazzy/opt/gz_gui_vendor/share/gz:/opt/ros/jazzy/opt/gz_transport_vendor/share/gz:/opt/ros/jazzy/opt/gz_rendering_vendor/share/gz:/opt/ros/jazzy/opt/gz_plugin_vendor/share/gz:/opt/ros/jazzy/opt/gz_fuel_tools_vendor/share/gz:/opt/ros/jazzy/opt/gz_msgs_vendor/share/gz:/opt/ros/jazzy/opt/gz_common_vendor/share/gz', 'XDG_SESSION_TYPE': 'tty', 'SHLVL': '1', 'LD_LIBRARY_PATH': '/opt/ros/jazzy/opt/gz_sim_vendor/lib:/opt/ros/jazzy/opt/gz_sensors_vendor/lib:/opt/ros/jazzy/opt/gz_physics_vendor/lib:/opt/ros/jazzy/opt/sdformat_vendor/lib:/opt/ros/jazzy/opt/rviz_ogre_vendor/lib:/opt/ros/jazzy/lib/aarch64-linux-gnu:/opt/ros/jazzy/opt/gz_gui_vendor/lib:/opt/ros/jazzy/opt/gz_transport_vendor/lib:/opt/ros/jazzy/opt/gz_rendering_vendor/lib:/opt/ros/jazzy/opt/gz_plugin_vendor/lib:/opt/ros/jazzy/opt/gz_fuel_tools_vendor/lib:/opt/ros/jazzy/opt/gz_msgs_vendor/lib:/opt/ros/jazzy/opt/gz_common_vendor/lib:/opt/ros/jazzy/opt/gz_math_vendor/lib:/opt/ros/jazzy/opt/gz_utils_vendor/lib:/opt/ros/jazzy/opt/gz_tools_vendor/lib:/opt/ros/jazzy/opt/gz_ogre_next_vendor/lib:/opt/ros/jazzy/opt/gz_dartsim_vendor/lib:/opt/ros/jazzy/opt/gz_cmake_vendor/lib:/opt/ros/jazzy/lib', 'HOME': '/home/epiibots', 'OLDPWD': '/home/epiibots/ros2_ws/install', 'SSH_TTY': '/dev/pts/4', 'ROS_PYTHON_VERSION': '3', 'DBUS_SESSION_BUS_ADDRESS': 'unix:path=/run/user/1000/bus', 'DEBUGINFOD_URLS': 'https://debuginfod.ubuntu.com', 'ROS_DISTRO': 'jazzy', 'LOGNAME': 'epiibots', '_': '/usr/bin/colcon', 'ROS_VERSION': '2', 'XDG_SESSION_CLASS': 'user', 'TERM': 'xterm-256color', 'XDG_SESSION_ID': '11', 'PATH': '/opt/ros/jazzy/opt/gz_msgs_vendor/bin:/opt/ros/jazzy/opt/gz_tools_vendor/bin:/opt/ros/jazzy/opt/gz_ogre_next_vendor/bin:/opt/ros/jazzy/bin:/usr/local/sbin:/usr/local/bin:/usr/sbin:/usr/bin:/sbin:/bin:/usr/games:/usr/local/games:/snap/bin', 'XDG_RUNTIME_DIR': '/run/user/1000', 'LANG': 'en_US.UTF-8', 'LS_COLORS': 'rs=0:di=01;34:ln=01;36:mh=00:pi=40;33:so=01;35:do=01;35:bd=40;33;01:cd=40;33;01:or=40;31;01:mi=00:su=37;41:sg=30;43:ca=00:tw=30;42:ow=34;42:st=37;44:ex=01;32:*.tar=01;31:*.tgz=01;31:*.arc=01;31:*.arj=01;31:*.taz=01;31:*.lha=01;31:*.lz4=01;31:*.lzh=01;31:*.lzma=01;31:*.tlz=01;31:*.txz=01;31:*.tzo=01;31:*.t7z=01;31:*.zip=01;31:*.z=01;31:*.dz=01;31:*.gz=01;31:*.lrz=01;31:*.lz=01;31:*.lzo=01;31:*.xz=01;31:*.zst=01;31:*.tzst=01;31:*.bz2=01;31:*.bz=01;31:*.tbz=01;31:*.tbz2=01;31:*.tz=01;31:*.deb=01;31:*.rpm=01;31:*.jar=01;31:*.war=01;31:*.ear=01;31:*.sar=01;31:*.rar=01;31:*.alz=01;31:*.ace=01;31:*.zoo=01;31:*.cpio=01;31:*.7z=01;31:*.rz=01;31:*.cab=01;31:*.wim=01;31:*.swm=01;31:*.dwm=01;31:*.esd=01;31:*.avif=01;35:*.jpg=01;35:*.jpeg=01;35:*.mjpg=01;35:*.mjpeg=01;35:*.gif=01;35:*.bmp=01;35:*.pbm=01;35:*.pgm=01;35:*.ppm=01;35:*.tga=01;35:*.xbm=01;35:*.xpm=01;35:*.tif=01;35:*.tiff=01;35:*.png=01;35:*.svg=01;35:*.svgz=01;35:*.mng=01;35:*.pcx=01;35:*.mov=01;35:*.mpg=01;35:*.mpeg=01;35:*.m2v=01;35:*.mkv=01;35:*.webm=01;35:*.webp=01;35:*.ogm=01;35:*.mp4=01;35:*.m4v=01;35:*.mp4v=01;35:*.vob=01;35:*.qt=01;35:*.nuv=01;35:*.wmv=01;35:*.asf=01;35:*.rm=01;35:*.rmvb=01;35:*.flc=01;35:*.avi=01;35:*.fli=01;35:*.flv=01;35:*.gl=01;35:*.dl=01;35:*.xcf=01;35:*.xwd=01;35:*.yuv=01;35:*.cgm=01;35:*.emf=01;35:*.ogv=01;35:*.ogx=01;35:*.aac=00;36:*.au=00;36:*.flac=00;36:*.m4a=00;36:*.mid=00;36:*.midi=00;36:*.mka=00;36:*.mp3=00;36:*.mpc=00;36:*.ogg=00;36:*.ra=00;36:*.wav=00;36:*.oga=00;36:*.opus=00;36:*.spx=00;36:*.xspf=00;36:*~=00;90:*#=00;90:*.bak=00;90:*.crdownload=00;90:*.dpkg-dist=00;90:*.dpkg-new=00;90:*.dpkg-old=00;90:*.dpkg-tmp=00;90:*.old=00;90:*.orig=00;90:*.part=00;90:*.rej=00;90:*.rpmnew=00;90:*.rpmorig=00;90:*.rpmsave=00;90:*.swp=00;90:*.tmp=00;90:*.ucf-dist=00;90:*.ucf-new=00;90:*.ucf-old=00;90:', 'AMENT_PREFIX_PATH': '/opt/ros/jazzy', 'SHELL': '/bin/bash', 'LESSCLOSE': '/usr/bin/lesspipe %s %s', 'ROS_AUTOMATIC_DISCOVERY_RANGE': 'SUBNET', 'PWD': '/home/epiibots/ros2_ws/build/sllidar_ros2', 'LC_ALL': 'en_US.UTF-8', 'SSH_CONNECTION': '192.168.0.101 63419 192.168.0.67 22', 'XDG_DATA_DIRS': '/usr/share/gnome:/usr/local/share:/usr/share:/var/lib/snapd/desktop', 'PYTHONPATH': '/opt/ros/jazzy/lib/python3.12/site-packages', 'COLCON': '1', 'CMAKE_PREFIX_PATH': '/opt/ros/jazzy/opt/gz_sim_vendor:/opt/ros/jazzy/opt/gz_sensors_vendor:/opt/ros/jazzy/opt/gz_physics_vendor:/opt/ros/jazzy/opt/sdformat_vendor:/opt/ros/jazzy/opt/gz_gui_vendor:/opt/ros/jazzy/opt/gz_transport_vendor:/opt/ros/jazzy/opt/gz_rendering_vendor:/opt/ros/jazzy/opt/gz_plugin_vendor:/opt/ros/jazzy/opt/gz_fuel_tools_vendor:/opt/ros/jazzy/opt/gz_msgs_vendor:/opt/ros/jazzy/opt/gz_common_vendor:/opt/ros/jazzy/opt/gz_math_vendor:/opt/ros/jazzy/opt/gz_utils_vendor:/opt/ros/jazzy/opt/gz_tools_vendor:/opt/ros/jazzy/opt/gz_ogre_next_vendor:/opt/ros/jazzy/opt/gz_dartsim_vendor:/opt/ros/jazzy/opt/gz_cmake_vendor:/opt/ros/jazzy'}), 'shell': False}
[0.400460] (-) TimerEvent: {}
[0.500881] (-) TimerEvent: {}
[0.601225] (-) TimerEvent: {}
[0.701682] (-) TimerEvent: {}
[0.803307] (-) TimerEvent: {}
[0.843873] (micro_ros_msgs) StdoutLine: {'line': b'[  1%] Built target micro_ros_msgs__rosidl_generator_type_description\n'}
[0.866448] (micro_ros_msgs) StdoutLine: {'line': b'[  3%] Built target micro_ros_msgs__rs\n'}
[0.905007] (-) TimerEvent: {}
[0.925979] (micro_ros_msgs) StdoutLine: {'line': b'[  5%] Built target micro_ros_msgs__cpp\n'}
[0.939081] (micro_ros_msgs) StdoutLine: {'line': b'[  5%] Built target ament_cmake_python_copy_micro_ros_msgs\n'}
[0.969633] (micro_ros_msgs) StdoutLine: {'line': b'[ 25%] Built target micro_ros_msgs__rosidl_generator_c\n'}
[1.005506] (-) TimerEvent: {}
[1.033761] (sllidar_ros2) StdoutLine: {'line': b'[ 10%] Built target sllidar_client\n'}
[1.034241] (sllidar_ros2) StdoutLine: {'line': b'[100%] Built target sllidar_node\n'}
[1.109552] (-) TimerEvent: {}
[1.114767] (sllidar_ros2) CommandEnded: {'returncode': 0}
[1.121839] (micro_ros_msgs) StdoutLine: {'line': b'[ 34%] Built target micro_ros_msgs__rosidl_typesupport_fastrtps_c\n'}
[1.124686] (sllidar_ros2) JobProgress: {'identifier': 'sllidar_ros2', 'progress': 'install'}
[1.125961] (micro_ros_msgs) StdoutLine: {'line': b'[ 43%] Built target micro_ros_msgs__rosidl_typesupport_introspection_cpp\n'}
[1.138708] (micro_ros_msgs) StdoutLine: {'line': b'[ 52%] Built target micro_ros_msgs__rosidl_typesupport_fastrtps_cpp\n'}
[1.188296] (sllidar_ros2) Command: {'cmd': ['/usr/bin/cmake', '--install', '/home/epiibots/ros2_ws/build/sllidar_ros2'], 'cwd': '/home/epiibots/ros2_ws/build/sllidar_ros2', 'env': OrderedDict({'LESSOPEN': '| /usr/bin/lesspipe %s', 'USER': 'epiibots', 'SSH_CLIENT': '192.168.0.101 63419 22', 'GZ_CONFIG_PATH': '/opt/ros/jazzy/opt/gz_sim_vendor/share/gz:/opt/ros/jazzy/opt/sdformat_vendor/share/gz:/opt/ros/jazzy/opt/gz_gui_vendor/share/gz:/opt/ros/jazzy/opt/gz_transport_vendor/share/gz:/opt/ros/jazzy/opt/gz_rendering_vendor/share/gz:/opt/ros/jazzy/opt/gz_plugin_vendor/share/gz:/opt/ros/jazzy/opt/gz_fuel_tools_vendor/share/gz:/opt/ros/jazzy/opt/gz_msgs_vendor/share/gz:/opt/ros/jazzy/opt/gz_common_vendor/share/gz', 'XDG_SESSION_TYPE': 'tty', 'SHLVL': '1', 'LD_LIBRARY_PATH': '/opt/ros/jazzy/opt/gz_sim_vendor/lib:/opt/ros/jazzy/opt/gz_sensors_vendor/lib:/opt/ros/jazzy/opt/gz_physics_vendor/lib:/opt/ros/jazzy/opt/sdformat_vendor/lib:/opt/ros/jazzy/opt/rviz_ogre_vendor/lib:/opt/ros/jazzy/lib/aarch64-linux-gnu:/opt/ros/jazzy/opt/gz_gui_vendor/lib:/opt/ros/jazzy/opt/gz_transport_vendor/lib:/opt/ros/jazzy/opt/gz_rendering_vendor/lib:/opt/ros/jazzy/opt/gz_plugin_vendor/lib:/opt/ros/jazzy/opt/gz_fuel_tools_vendor/lib:/opt/ros/jazzy/opt/gz_msgs_vendor/lib:/opt/ros/jazzy/opt/gz_common_vendor/lib:/opt/ros/jazzy/opt/gz_math_vendor/lib:/opt/ros/jazzy/opt/gz_utils_vendor/lib:/opt/ros/jazzy/opt/gz_tools_vendor/lib:/opt/ros/jazzy/opt/gz_ogre_next_vendor/lib:/opt/ros/jazzy/opt/gz_dartsim_vendor/lib:/opt/ros/jazzy/opt/gz_cmake_vendor/lib:/opt/ros/jazzy/lib', 'HOME': '/home/epiibots', 'OLDPWD': '/home/epiibots/ros2_ws/install', 'SSH_TTY': '/dev/pts/4', 'ROS_PYTHON_VERSION': '3', 'DBUS_SESSION_BUS_ADDRESS': 'unix:path=/run/user/1000/bus', 'DEBUGINFOD_URLS': 'https://debuginfod.ubuntu.com', 'ROS_DISTRO': 'jazzy', 'LOGNAME': 'epiibots', '_': '/usr/bin/colcon', 'ROS_VERSION': '2', 'XDG_SESSION_CLASS': 'user', 'TERM': 'xterm-256color', 'XDG_SESSION_ID': '11', 'PATH': '/opt/ros/jazzy/opt/gz_msgs_vendor/bin:/opt/ros/jazzy/opt/gz_tools_vendor/bin:/opt/ros/jazzy/opt/gz_ogre_next_vendor/bin:/opt/ros/jazzy/bin:/usr/local/sbin:/usr/local/bin:/usr/sbin:/usr/bin:/sbin:/bin:/usr/games:/usr/local/games:/snap/bin', 'XDG_RUNTIME_DIR': '/run/user/1000', 'LANG': 'en_US.UTF-8', 'LS_COLORS': 'rs=0:di=01;34:ln=01;36:mh=00:pi=40;33:so=01;35:do=01;35:bd=40;33;01:cd=40;33;01:or=40;31;01:mi=00:su=37;41:sg=30;43:ca=00:tw=30;42:ow=34;42:st=37;44:ex=01;32:*.tar=01;31:*.tgz=01;31:*.arc=01;31:*.arj=01;31:*.taz=01;31:*.lha=01;31:*.lz4=01;31:*.lzh=01;31:*.lzma=01;31:*.tlz=01;31:*.txz=01;31:*.tzo=01;31:*.t7z=01;31:*.zip=01;31:*.z=01;31:*.dz=01;31:*.gz=01;31:*.lrz=01;31:*.lz=01;31:*.lzo=01;31:*.xz=01;31:*.zst=01;31:*.tzst=01;31:*.bz2=01;31:*.bz=01;31:*.tbz=01;31:*.tbz2=01;31:*.tz=01;31:*.deb=01;31:*.rpm=01;31:*.jar=01;31:*.war=01;31:*.ear=01;31:*.sar=01;31:*.rar=01;31:*.alz=01;31:*.ace=01;31:*.zoo=01;31:*.cpio=01;31:*.7z=01;31:*.rz=01;31:*.cab=01;31:*.wim=01;31:*.swm=01;31:*.dwm=01;31:*.esd=01;31:*.avif=01;35:*.jpg=01;35:*.jpeg=01;35:*.mjpg=01;35:*.mjpeg=01;35:*.gif=01;35:*.bmp=01;35:*.pbm=01;35:*.pgm=01;35:*.ppm=01;35:*.tga=01;35:*.xbm=01;35:*.xpm=01;35:*.tif=01;35:*.tiff=01;35:*.png=01;35:*.svg=01;35:*.svgz=01;35:*.mng=01;35:*.pcx=01;35:*.mov=01;35:*.mpg=01;35:*.mpeg=01;35:*.m2v=01;35:*.mkv=01;35:*.webm=01;35:*.webp=01;35:*.ogm=01;35:*.mp4=01;35:*.m4v=01;35:*.mp4v=01;35:*.vob=01;35:*.qt=01;35:*.nuv=01;35:*.wmv=01;35:*.asf=01;35:*.rm=01;35:*.rmvb=01;35:*.flc=01;35:*.avi=01;35:*.fli=01;35:*.flv=01;35:*.gl=01;35:*.dl=01;35:*.xcf=01;35:*.xwd=01;35:*.yuv=01;35:*.cgm=01;35:*.emf=01;35:*.ogv=01;35:*.ogx=01;35:*.aac=00;36:*.au=00;36:*.flac=00;36:*.m4a=00;36:*.mid=00;36:*.midi=00;36:*.mka=00;36:*.mp3=00;36:*.mpc=00;36:*.ogg=00;36:*.ra=00;36:*.wav=00;36:*.oga=00;36:*.opus=00;36:*.spx=00;36:*.xspf=00;36:*~=00;90:*#=00;90:*.bak=00;90:*.crdownload=00;90:*.dpkg-dist=00;90:*.dpkg-new=00;90:*.dpkg-old=00;90:*.dpkg-tmp=00;90:*.old=00;90:*.orig=00;90:*.part=00;90:*.rej=00;90:*.rpmnew=00;90:*.rpmorig=00;90:*.rpmsave=00;90:*.swp=00;90:*.tmp=00;90:*.ucf-dist=00;90:*.ucf-new=00;90:*.ucf-old=00;90:', 'AMENT_PREFIX_PATH': '/opt/ros/jazzy', 'SHELL': '/bin/bash', 'LESSCLOSE': '/usr/bin/lesspipe %s %s', 'ROS_AUTOMATIC_DISCOVERY_RANGE': 'SUBNET', 'PWD': '/home/epiibots/ros2_ws/build/sllidar_ros2', 'LC_ALL': 'en_US.UTF-8', 'SSH_CONNECTION': '192.168.0.101 63419 192.168.0.67 22', 'XDG_DATA_DIRS': '/usr/share/gnome:/usr/local/share:/usr/share:/var/lib/snapd/desktop', 'PYTHONPATH': '/opt/ros/jazzy/lib/python3.12/site-packages', 'COLCON': '1', 'CMAKE_PREFIX_PATH': '/opt/ros/jazzy/opt/gz_sim_vendor:/opt/ros/jazzy/opt/gz_sensors_vendor:/opt/ros/jazzy/opt/gz_physics_vendor:/opt/ros/jazzy/opt/sdformat_vendor:/opt/ros/jazzy/opt/gz_gui_vendor:/opt/ros/jazzy/opt/gz_transport_vendor:/opt/ros/jazzy/opt/gz_rendering_vendor:/opt/ros/jazzy/opt/gz_plugin_vendor:/opt/ros/jazzy/opt/gz_fuel_tools_vendor:/opt/ros/jazzy/opt/gz_msgs_vendor:/opt/ros/jazzy/opt/gz_common_vendor:/opt/ros/jazzy/opt/gz_math_vendor:/opt/ros/jazzy/opt/gz_utils_vendor:/opt/ros/jazzy/opt/gz_tools_vendor:/opt/ros/jazzy/opt/gz_ogre_next_vendor:/opt/ros/jazzy/opt/gz_dartsim_vendor:/opt/ros/jazzy/opt/gz_cmake_vendor:/opt/ros/jazzy'}), 'shell': False}
[1.209664] (-) TimerEvent: {}
[1.215987] (sllidar_ros2) StdoutLine: {'line': b'-- Install configuration: ""\n'}
[1.223134] (sllidar_ros2) StdoutLine: {'line': b'-- Execute custom install script\n'}
[1.230133] (micro_ros_msgs) StdoutLine: {'line': b'[ 61%] Built target micro_ros_msgs__rosidl_typesupport_cpp\n'}
[1.234741] (sllidar_ros2) StdoutLine: {'line': b'-- Up-to-date symlink: /home/epiibots/ros2_ws/install/sllidar_ros2/share/sllidar_ros2/launch/__pycache__/sllidar_c1_launch.cpython-312.pyc\n'}
[1.235317] (sllidar_ros2) StdoutLine: {'line': b'-- Up-to-date symlink: /home/epiibots/ros2_ws/install/sllidar_ros2/share/sllidar_ros2/launch/sllidar_a1_launch.py\n'}
[1.236534] (sllidar_ros2) StdoutLine: {'line': b'-- Up-to-date symlink: /home/epiibots/ros2_ws/install/sllidar_ros2/share/sllidar_ros2/launch/sllidar_a2m12_launch .py\n'}
[1.237672] (sllidar_ros2) StdoutLine: {'line': b'-- Up-to-date symlink: /home/epiibots/ros2_ws/install/sllidar_ros2/share/sllidar_ros2/launch/sllidar_a2m7_launch.py\n'}
[1.239957] (sllidar_ros2) StdoutLine: {'line': b'-- Up-to-date symlink: /home/epiibots/ros2_ws/install/sllidar_ros2/share/sllidar_ros2/launch/sllidar_a2m8_launch.py\n'}
[1.245093] (sllidar_ros2) StdoutLine: {'line': b'-- Up-to-date symlink: /home/epiibots/ros2_ws/install/sllidar_ros2/share/sllidar_ros2/launch/sllidar_a3_launch.py\n'}
[1.245976] (sllidar_ros2) StdoutLine: {'line': b'-- Up-to-date symlink: /home/epiibots/ros2_ws/install/sllidar_ros2/share/sllidar_ros2/launch/sllidar_c1_launch.py\n'}
[1.246886] (sllidar_ros2) StdoutLine: {'line': b'-- Up-to-date symlink: /home/epiibots/ros2_ws/install/sllidar_ros2/share/sllidar_ros2/launch/sllidar_s1_launch.py\n'}
[1.247390] (sllidar_ros2) StdoutLine: {'line': b'-- Up-to-date symlink: /home/epiibots/ros2_ws/install/sllidar_ros2/share/sllidar_ros2/launch/sllidar_s1_tcp_launch.py\n'}
[1.251613] (sllidar_ros2) StdoutLine: {'line': b'-- Up-to-date symlink: /home/epiibots/ros2_ws/install/sllidar_ros2/share/sllidar_ros2/launch/sllidar_s2_launch.py\n'}
[1.252236] (sllidar_ros2) StdoutLine: {'line': b'-- Up-to-date symlink: /home/epiibots/ros2_ws/install/sllidar_ros2/share/sllidar_ros2/launch/sllidar_s2e_launch.py\n'}
[1.253390] (sllidar_ros2) StdoutLine: {'line': b'-- Up-to-date symlink: /home/epiibots/ros2_ws/install/sllidar_ros2/share/sllidar_ros2/launch/sllidar_s3_launch.py\n'}
[1.254411] (sllidar_ros2) StdoutLine: {'line': b'-- Up-to-date symlink: /home/epiibots/ros2_ws/install/sllidar_ros2/share/sllidar_ros2/launch/sllidar_t1_launch.py\n'}
[1.255432] (sllidar_ros2) StdoutLine: {'line': b'-- Up-to-date symlink: /home/epiibots/ros2_ws/install/sllidar_ros2/share/sllidar_ros2/launch/view_sllidar_a1_launch.py\n'}
[1.256976] (sllidar_ros2) StdoutLine: {'line': b'-- Up-to-date symlink: /home/epiibots/ros2_ws/install/sllidar_ros2/share/sllidar_ros2/launch/view_sllidar_a2m12_launch.py\n'}
[1.258855] (sllidar_ros2) StdoutLine: {'line': b'-- Up-to-date symlink: /home/epiibots/ros2_ws/install/sllidar_ros2/share/sllidar_ros2/launch/view_sllidar_a2m7_launch.py\n'}
[1.259631] (sllidar_ros2) StdoutLine: {'line': b'-- Up-to-date symlink: /home/epiibots/ros2_ws/install/sllidar_ros2/share/sllidar_ros2/launch/view_sllidar_a2m8_launch.py\n'}
[1.260053] (sllidar_ros2) StdoutLine: {'line': b'-- Up-to-date symlink: /home/epiibots/ros2_ws/install/sllidar_ros2/share/sllidar_ros2/launch/view_sllidar_a3_launch.py\n'}
[1.263690] (sllidar_ros2) StdoutLine: {'line': b'-- Up-to-date symlink: /home/epiibots/ros2_ws/install/sllidar_ros2/share/sllidar_ros2/launch/view_sllidar_c1_launch.py\n'}
[1.265059] (sllidar_ros2) StdoutLine: {'line': b'-- Up-to-date symlink: /home/epiibots/ros2_ws/install/sllidar_ros2/share/sllidar_ros2/launch/view_sllidar_s1_launch.py\n'}
[1.266957] (sllidar_ros2) StdoutLine: {'line': b'-- Up-to-date symlink: /home/epiibots/ros2_ws/install/sllidar_ros2/share/sllidar_ros2/launch/view_sllidar_s1_tcp_launch.py\n'}
[1.267827] (sllidar_ros2) StdoutLine: {'line': b'-- Up-to-date symlink: /home/epiibots/ros2_ws/install/sllidar_ros2/share/sllidar_ros2/launch/view_sllidar_s2_launch.py\n'}
[1.269482] (sllidar_ros2) StdoutLine: {'line': b'-- Up-to-date symlink: /home/epiibots/ros2_ws/install/sllidar_ros2/share/sllidar_ros2/launch/view_sllidar_s2e_launch.py\n'}
[1.270728] (sllidar_ros2) StdoutLine: {'line': b'-- Up-to-date symlink: /home/epiibots/ros2_ws/install/sllidar_ros2/share/sllidar_ros2/launch/view_sllidar_s3_launch.py\n'}
[1.271654] (sllidar_ros2) StdoutLine: {'line': b'-- Up-to-date symlink: /home/epiibots/ros2_ws/install/sllidar_ros2/share/sllidar_ros2/launch/view_sllidar_t1_launch.py\n'}
[1.274794] (sllidar_ros2) StdoutLine: {'line': b'-- Up-to-date symlink: /home/epiibots/ros2_ws/install/sllidar_ros2/share/sllidar_ros2/rviz/sllidar_ros2.rviz\n'}
[1.277090] (sllidar_ros2) StdoutLine: {'line': b'-- Up-to-date symlink: /home/epiibots/ros2_ws/install/sllidar_ros2/lib/sllidar_ros2/sllidar_node\n'}
[1.280045] (sllidar_ros2) StdoutLine: {'line': b'-- Up-to-date symlink: /home/epiibots/ros2_ws/install/sllidar_ros2/lib/sllidar_ros2/sllidar_client\n'}
[1.280956] (micro_ros_msgs) StdoutLine: {'line': b'[ 70%] Built target micro_ros_msgs__rosidl_typesupport_introspection_c\n'}
[1.281481] (sllidar_ros2) StdoutLine: {'line': b'-- Up-to-date symlink: /home/epiibots/ros2_ws/install/sllidar_ros2/share/ament_index/resource_index/package_run_dependencies/sllidar_ros2\n'}
[1.283288] (sllidar_ros2) StdoutLine: {'line': b'-- Up-to-date symlink: /home/epiibots/ros2_ws/install/sllidar_ros2/share/ament_index/resource_index/parent_prefix_path/sllidar_ros2\n'}
[1.285903] (sllidar_ros2) StdoutLine: {'line': b'-- Up-to-date symlink: /home/epiibots/ros2_ws/install/sllidar_ros2/share/sllidar_ros2/environment/ament_prefix_path.sh\n'}
[1.287586] (micro_ros_msgs) StdoutLine: {'line': b'[ 80%] Built target micro_ros_msgs__rosidl_typesupport_c\n'}
[1.287880] (sllidar_ros2) StdoutLine: {'line': b'-- Up-to-date symlink: /home/epiibots/ros2_ws/install/sllidar_ros2/share/sllidar_ros2/environment/ament_prefix_path.dsv\n'}
[1.288011] (sllidar_ros2) StdoutLine: {'line': b'-- Up-to-date symlink: /home/epiibots/ros2_ws/install/sllidar_ros2/share/sllidar_ros2/environment/path.sh\n'}
[1.288164] (sllidar_ros2) StdoutLine: {'line': b'-- Up-to-date symlink: /home/epiibots/ros2_ws/install/sllidar_ros2/share/sllidar_ros2/environment/path.dsv\n'}
[1.288535] (sllidar_ros2) StdoutLine: {'line': b'-- Up-to-date symlink: /home/epiibots/ros2_ws/install/sllidar_ros2/share/sllidar_ros2/local_setup.bash\n'}
[1.289262] (sllidar_ros2) StdoutLine: {'line': b'-- Up-to-date symlink: /home/epiibots/ros2_ws/install/sllidar_ros2/share/sllidar_ros2/local_setup.sh\n'}
[1.290464] (sllidar_ros2) StdoutLine: {'line': b'-- Up-to-date symlink: /home/epiibots/ros2_ws/install/sllidar_ros2/share/sllidar_ros2/local_setup.zsh\n'}
[1.290749] (sllidar_ros2) StdoutLine: {'line': b'-- Up-to-date symlink: /home/epiibots/ros2_ws/install/sllidar_ros2/share/sllidar_ros2/local_setup.dsv\n'}
[1.290913] (sllidar_ros2) StdoutLine: {'line': b'-- Symlinking: /home/epiibots/ros2_ws/install/sllidar_ros2/share/sllidar_ros2/package.dsv\n'}
[1.309782] (-) TimerEvent: {}
[1.318718] (sllidar_ros2) StdoutLine: {'line': b'-- Up-to-date symlink: /home/epiibots/ros2_ws/install/sllidar_ros2/share/ament_index/resource_index/packages/sllidar_ros2\n'}
[1.320390] (sllidar_ros2) StdoutLine: {'line': b'-- Up-to-date symlink: /home/epiibots/ros2_ws/install/sllidar_ros2/share/sllidar_ros2/cmake/ament_cmake_export_dependencies-extras.cmake\n'}
[1.322747] (sllidar_ros2) StdoutLine: {'line': b'-- Up-to-date symlink: /home/epiibots/ros2_ws/install/sllidar_ros2/share/sllidar_ros2/cmake/ament_cmake_export_include_directories-extras.cmake\n'}
[1.323607] (sllidar_ros2) StdoutLine: {'line': b'-- Up-to-date symlink: /home/epiibots/ros2_ws/install/sllidar_ros2/share/sllidar_ros2/cmake/sllidar_ros2Config.cmake\n'}
[1.324368] (sllidar_ros2) StdoutLine: {'line': b'-- Up-to-date symlink: /home/epiibots/ros2_ws/install/sllidar_ros2/share/sllidar_ros2/cmake/sllidar_ros2Config-version.cmake\n'}
[1.324748] (sllidar_ros2) StdoutLine: {'line': b'-- Up-to-date symlink: /home/epiibots/ros2_ws/install/sllidar_ros2/share/sllidar_ros2/package.xml\n'}
[1.331475] (sllidar_ros2) CommandEnded: {'returncode': 0}
[1.366187] (micro_ros_msgs) StdoutLine: {'line': b'[ 80%] Built target micro_ros_msgs\n'}
[1.408921] (sllidar_ros2) JobEnded: {'identifier': 'sllidar_ros2', 'rc': 0}
[1.412300] (-) TimerEvent: {}
[1.412470] (carrinho_base) JobStarted: {'identifier': 'carrinho_base'}
[1.437663] (micro_ros_msgs) StdoutLine: {'line': b'[ 81%] Built target micro_ros_msgs__py\n'}
[1.462672] (micro_ros_msgs) StdoutLine: {'line': b'running egg_info\n'}
[1.495649] (micro_ros_msgs) StdoutLine: {'line': b'writing micro_ros_msgs.egg-info/PKG-INFO\n'}
[1.496257] (micro_ros_msgs) StdoutLine: {'line': b'writing dependency_links to micro_ros_msgs.egg-info/dependency_links.txt\n'}
[1.496712] (micro_ros_msgs) StdoutLine: {'line': b'writing top-level names to micro_ros_msgs.egg-info/top_level.txt\n'}
[1.512455] (-) TimerEvent: {}
[1.519588] (micro_ros_msgs) StdoutLine: {'line': b'[ 89%] Built target micro_ros_msgs__rosidl_generator_py\n'}
[1.606381] (micro_ros_msgs) StdoutLine: {'line': b'[ 92%] Built target micro_ros_msgs_s__rosidl_typesupport_introspection_c\n'}
[1.612582] (-) TimerEvent: {}
[1.615667] (micro_ros_msgs) StdoutLine: {'line': b'[ 96%] Built target micro_ros_msgs_s__rosidl_typesupport_c\n'}
[1.617463] (micro_ros_msgs) StdoutLine: {'line': b"reading manifest file 'micro_ros_msgs.egg-info/SOURCES.txt'\n"}
[1.619792] (micro_ros_msgs) StdoutLine: {'line': b"writing manifest file 'micro_ros_msgs.egg-info/SOURCES.txt'\n"}
[1.621776] (micro_ros_msgs) StdoutLine: {'line': b'[100%] Built target micro_ros_msgs_s__rosidl_typesupport_fastrtps_c\n'}
[1.711777] (micro_ros_msgs) StdoutLine: {'line': b'[100%] Built target ament_cmake_python_build_micro_ros_msgs_egg\n'}
[1.712712] (-) TimerEvent: {}
[1.813539] (-) TimerEvent: {}
[1.874681] (micro_ros_msgs) CommandEnded: {'returncode': 0}
[1.882622] (micro_ros_msgs) JobProgress: {'identifier': 'micro_ros_msgs', 'progress': 'install'}
[1.882984] (micro_ros_msgs) Command: {'cmd': ['/usr/bin/cmake', '--install', '/home/epiibots/ros2_ws/build/micro_ros_msgs'], 'cwd': '/home/epiibots/ros2_ws/build/micro_ros_msgs', 'env': OrderedDict({'LESSOPEN': '| /usr/bin/lesspipe %s', 'USER': 'epiibots', 'SSH_CLIENT': '192.168.0.101 63419 22', 'GZ_CONFIG_PATH': '/opt/ros/jazzy/opt/gz_sim_vendor/share/gz:/opt/ros/jazzy/opt/sdformat_vendor/share/gz:/opt/ros/jazzy/opt/gz_gui_vendor/share/gz:/opt/ros/jazzy/opt/gz_transport_vendor/share/gz:/opt/ros/jazzy/opt/gz_rendering_vendor/share/gz:/opt/ros/jazzy/opt/gz_plugin_vendor/share/gz:/opt/ros/jazzy/opt/gz_fuel_tools_vendor/share/gz:/opt/ros/jazzy/opt/gz_msgs_vendor/share/gz:/opt/ros/jazzy/opt/gz_common_vendor/share/gz', 'XDG_SESSION_TYPE': 'tty', 'SHLVL': '1', 'LD_LIBRARY_PATH': '/opt/ros/jazzy/opt/gz_sim_vendor/lib:/opt/ros/jazzy/opt/gz_sensors_vendor/lib:/opt/ros/jazzy/opt/gz_physics_vendor/lib:/opt/ros/jazzy/opt/sdformat_vendor/lib:/opt/ros/jazzy/opt/rviz_ogre_vendor/lib:/opt/ros/jazzy/lib/aarch64-linux-gnu:/opt/ros/jazzy/opt/gz_gui_vendor/lib:/opt/ros/jazzy/opt/gz_transport_vendor/lib:/opt/ros/jazzy/opt/gz_rendering_vendor/lib:/opt/ros/jazzy/opt/gz_plugin_vendor/lib:/opt/ros/jazzy/opt/gz_fuel_tools_vendor/lib:/opt/ros/jazzy/opt/gz_msgs_vendor/lib:/opt/ros/jazzy/opt/gz_common_vendor/lib:/opt/ros/jazzy/opt/gz_math_vendor/lib:/opt/ros/jazzy/opt/gz_utils_vendor/lib:/opt/ros/jazzy/opt/gz_tools_vendor/lib:/opt/ros/jazzy/opt/gz_ogre_next_vendor/lib:/opt/ros/jazzy/opt/gz_dartsim_vendor/lib:/opt/ros/jazzy/opt/gz_cmake_vendor/lib:/opt/ros/jazzy/lib', 'HOME': '/home/epiibots', 'OLDPWD': '/home/epiibots/ros2_ws/install', 'SSH_TTY': '/dev/pts/4', 'ROS_PYTHON_VERSION': '3', 'DBUS_SESSION_BUS_ADDRESS': 'unix:path=/run/user/1000/bus', 'DEBUGINFOD_URLS': 'https://debuginfod.ubuntu.com', 'ROS_DISTRO': 'jazzy', 'LOGNAME': 'epiibots', '_': '/usr/bin/colcon', 'ROS_VERSION': '2', 'XDG_SESSION_CLASS': 'user', 'TERM': 'xterm-256color', 'XDG_SESSION_ID': '11', 'PATH': '/opt/ros/jazzy/opt/gz_msgs_vendor/bin:/opt/ros/jazzy/opt/gz_tools_vendor/bin:/opt/ros/jazzy/opt/gz_ogre_next_vendor/bin:/opt/ros/jazzy/bin:/usr/local/sbin:/usr/local/bin:/usr/sbin:/usr/bin:/sbin:/bin:/usr/games:/usr/local/games:/snap/bin', 'XDG_RUNTIME_DIR': '/run/user/1000', 'LANG': 'en_US.UTF-8', 'LS_COLORS': 'rs=0:di=01;34:ln=01;36:mh=00:pi=40;33:so=01;35:do=01;35:bd=40;33;01:cd=40;33;01:or=40;31;01:mi=00:su=37;41:sg=30;43:ca=00:tw=30;42:ow=34;42:st=37;44:ex=01;32:*.tar=01;31:*.tgz=01;31:*.arc=01;31:*.arj=01;31:*.taz=01;31:*.lha=01;31:*.lz4=01;31:*.lzh=01;31:*.lzma=01;31:*.tlz=01;31:*.txz=01;31:*.tzo=01;31:*.t7z=01;31:*.zip=01;31:*.z=01;31:*.dz=01;31:*.gz=01;31:*.lrz=01;31:*.lz=01;31:*.lzo=01;31:*.xz=01;31:*.zst=01;31:*.tzst=01;31:*.bz2=01;31:*.bz=01;31:*.tbz=01;31:*.tbz2=01;31:*.tz=01;31:*.deb=01;31:*.rpm=01;31:*.jar=01;31:*.war=01;31:*.ear=01;31:*.sar=01;31:*.rar=01;31:*.alz=01;31:*.ace=01;31:*.zoo=01;31:*.cpio=01;31:*.7z=01;31:*.rz=01;31:*.cab=01;31:*.wim=01;31:*.swm=01;31:*.dwm=01;31:*.esd=01;31:*.avif=01;35:*.jpg=01;35:*.jpeg=01;35:*.mjpg=01;35:*.mjpeg=01;35:*.gif=01;35:*.bmp=01;35:*.pbm=01;35:*.pgm=01;35:*.ppm=01;35:*.tga=01;35:*.xbm=01;35:*.xpm=01;35:*.tif=01;35:*.tiff=01;35:*.png=01;35:*.svg=01;35:*.svgz=01;35:*.mng=01;35:*.pcx=01;35:*.mov=01;35:*.mpg=01;35:*.mpeg=01;35:*.m2v=01;35:*.mkv=01;35:*.webm=01;35:*.webp=01;35:*.ogm=01;35:*.mp4=01;35:*.m4v=01;35:*.mp4v=01;35:*.vob=01;35:*.qt=01;35:*.nuv=01;35:*.wmv=01;35:*.asf=01;35:*.rm=01;35:*.rmvb=01;35:*.flc=01;35:*.avi=01;35:*.fli=01;35:*.flv=01;35:*.gl=01;35:*.dl=01;35:*.xcf=01;35:*.xwd=01;35:*.yuv=01;35:*.cgm=01;35:*.emf=01;35:*.ogv=01;35:*.ogx=01;35:*.aac=00;36:*.au=00;36:*.flac=00;36:*.m4a=00;36:*.mid=00;36:*.midi=00;36:*.mka=00;36:*.mp3=00;36:*.mpc=00;36:*.ogg=00;36:*.ra=00;36:*.wav=00;36:*.oga=00;36:*.opus=00;36:*.spx=00;36:*.xspf=00;36:*~=00;90:*#=00;90:*.bak=00;90:*.crdownload=00;90:*.dpkg-dist=00;90:*.dpkg-new=00;90:*.dpkg-old=00;90:*.dpkg-tmp=00;90:*.old=00;90:*.orig=00;90:*.part=00;90:*.rej=00;90:*.rpmnew=00;90:*.rpmorig=00;90:*.rpmsave=00;90:*.swp=00;90:*.tmp=00;90:*.ucf-dist=00;90:*.ucf-new=00;90:*.ucf-old=00;90:', 'AMENT_PREFIX_PATH': '/opt/ros/jazzy', 'SHELL': '/bin/bash', 'LESSCLOSE': '/usr/bin/lesspipe %s %s', 'ROS_AUTOMATIC_DISCOVERY_RANGE': 'SUBNET', 'PWD': '/home/epiibots/ros2_ws/build/micro_ros_msgs', 'LC_ALL': 'en_US.UTF-8', 'SSH_CONNECTION': '192.168.0.101 63419 192.168.0.67 22', 'XDG_DATA_DIRS': '/usr/share/gnome:/usr/local/share:/usr/share:/var/lib/snapd/desktop', 'PYTHONPATH': '/opt/ros/jazzy/lib/python3.12/site-packages', 'COLCON': '1', 'CMAKE_PREFIX_PATH': '/opt/ros/jazzy/opt/gz_sim_vendor:/opt/ros/jazzy/opt/gz_sensors_vendor:/opt/ros/jazzy/opt/gz_physics_vendor:/opt/ros/jazzy/opt/sdformat_vendor:/opt/ros/jazzy/opt/gz_gui_vendor:/opt/ros/jazzy/opt/gz_transport_vendor:/opt/ros/jazzy/opt/gz_rendering_vendor:/opt/ros/jazzy/opt/gz_plugin_vendor:/opt/ros/jazzy/opt/gz_fuel_tools_vendor:/opt/ros/jazzy/opt/gz_msgs_vendor:/opt/ros/jazzy/opt/gz_common_vendor:/opt/ros/jazzy/opt/gz_math_vendor:/opt/ros/jazzy/opt/gz_utils_vendor:/opt/ros/jazzy/opt/gz_tools_vendor:/opt/ros/jazzy/opt/gz_ogre_next_vendor:/opt/ros/jazzy/opt/gz_dartsim_vendor:/opt/ros/jazzy/opt/gz_cmake_vendor:/opt/ros/jazzy'}), 'shell': False}
[1.906187] (micro_ros_msgs) StdoutLine: {'line': b'-- Install configuration: ""\n'}
[1.906867] (micro_ros_msgs) StdoutLine: {'line': b'-- Up-to-date: /home/epiibots/ros2_ws/install/micro_ros_msgs/share/ament_index/resource_index/rosidl_interfaces/micro_ros_msgs\n'}
[1.907657] (micro_ros_msgs) StdoutLine: {'line': b'-- Up-to-date: /home/epiibots/ros2_ws/install/micro_ros_msgs/share/micro_ros_msgs/msg/Graph.json\n'}
[1.907887] (micro_ros_msgs) StdoutLine: {'line': b'-- Up-to-date: /home/epiibots/ros2_ws/install/micro_ros_msgs/share/micro_ros_msgs/msg/Node.json\n'}
[1.907986] (micro_ros_msgs) StdoutLine: {'line': b'-- Up-to-date: /home/epiibots/ros2_ws/install/micro_ros_msgs/share/micro_ros_msgs/msg/Entity.json\n'}
[1.909875] (micro_ros_msgs) StdoutLine: {'line': b'-- Up-to-date: /home/epiibots/ros2_ws/install/micro_ros_msgs/include/micro_ros_msgs/micro_ros_msgs\n'}
[1.910936] (micro_ros_msgs) StdoutLine: {'line': b'-- Up-to-date: /home/epiibots/ros2_ws/install/micro_ros_msgs/include/micro_ros_msgs/micro_ros_msgs/msg\n'}
[1.912025] (micro_ros_msgs) StdoutLine: {'line': b'-- Up-to-date: /home/epiibots/ros2_ws/install/micro_ros_msgs/include/micro_ros_msgs/micro_ros_msgs/msg/entity.h\n'}
[1.912255] (micro_ros_msgs) StdoutLine: {'line': b'-- Up-to-date: /home/epiibots/ros2_ws/install/micro_ros_msgs/include/micro_ros_msgs/micro_ros_msgs/msg/graph.h\n'}
[1.912355] (micro_ros_msgs) StdoutLine: {'line': b'-- Up-to-date: /home/epiibots/ros2_ws/install/micro_ros_msgs/include/micro_ros_msgs/micro_ros_msgs/msg/node.h\n'}
[1.912469] (micro_ros_msgs) StdoutLine: {'line': b'-- Up-to-date: /home/epiibots/ros2_ws/install/micro_ros_msgs/include/micro_ros_msgs/micro_ros_msgs/msg/rosidl_generator_c__visibility_control.h\n'}
[1.912575] (micro_ros_msgs) StdoutLine: {'line': b'-- Up-to-date: /home/epiibots/ros2_ws/install/micro_ros_msgs/include/micro_ros_msgs/micro_ros_msgs/msg/detail\n'}
[1.913123] (micro_ros_msgs) StdoutLine: {'line': b'-- Up-to-date: /home/epiibots/ros2_ws/install/micro_ros_msgs/include/micro_ros_msgs/micro_ros_msgs/msg/detail/node__description.c\n'}
[1.913520] (micro_ros_msgs) StdoutLine: {'line': b'-- Up-to-date: /home/epiibots/ros2_ws/install/micro_ros_msgs/include/micro_ros_msgs/micro_ros_msgs/msg/detail/graph__struct.h\n'}
[1.913704] (-) TimerEvent: {}
[1.914300] (micro_ros_msgs) StdoutLine: {'line': b'-- Up-to-date: /home/epiibots/ros2_ws/install/micro_ros_msgs/include/micro_ros_msgs/micro_ros_msgs/msg/detail/node__functions.h\n'}
[1.914493] (micro_ros_msgs) StdoutLine: {'line': b'-- Up-to-date: /home/epiibots/ros2_ws/install/micro_ros_msgs/include/micro_ros_msgs/micro_ros_msgs/msg/detail/entity__type_support.h\n'}
[1.914675] (micro_ros_msgs) StdoutLine: {'line': b'-- Up-to-date: /home/epiibots/ros2_ws/install/micro_ros_msgs/include/micro_ros_msgs/micro_ros_msgs/msg/detail/node__struct.h\n'}
[1.914770] (micro_ros_msgs) StdoutLine: {'line': b'-- Up-to-date: /home/epiibots/ros2_ws/install/micro_ros_msgs/include/micro_ros_msgs/micro_ros_msgs/msg/detail/graph__description.c\n'}
[1.914862] (micro_ros_msgs) StdoutLine: {'line': b'-- Up-to-date: /home/epiibots/ros2_ws/install/micro_ros_msgs/include/micro_ros_msgs/micro_ros_msgs/msg/detail/graph__type_support.h\n'}
[1.914948] (micro_ros_msgs) StdoutLine: {'line': b'-- Up-to-date: /home/epiibots/ros2_ws/install/micro_ros_msgs/include/micro_ros_msgs/micro_ros_msgs/msg/detail/graph__functions.h\n'}
[1.915030] (micro_ros_msgs) StdoutLine: {'line': b'-- Up-to-date: /home/epiibots/ros2_ws/install/micro_ros_msgs/include/micro_ros_msgs/micro_ros_msgs/msg/detail/entity__functions.c\n'}
[1.915110] (micro_ros_msgs) StdoutLine: {'line': b'-- Up-to-date: /home/epiibots/ros2_ws/install/micro_ros_msgs/include/micro_ros_msgs/micro_ros_msgs/msg/detail/graph__functions.c\n'}
[1.915187] (micro_ros_msgs) StdoutLine: {'line': b'-- Up-to-date: /home/epiibots/ros2_ws/install/micro_ros_msgs/include/micro_ros_msgs/micro_ros_msgs/msg/detail/node__functions.c\n'}
[1.915266] (micro_ros_msgs) StdoutLine: {'line': b'-- Up-to-date: /home/epiibots/ros2_ws/install/micro_ros_msgs/include/micro_ros_msgs/micro_ros_msgs/msg/detail/entity__struct.h\n'}
[1.915371] (micro_ros_msgs) StdoutLine: {'line': b'-- Installing: /home/epiibots/ros2_ws/install/micro_ros_msgs/include/micro_ros_msgs/micro_ros_msgs/msg/detail/node__type_support.c\n'}
[1.915481] (micro_ros_msgs) StdoutLine: {'line': b'-- Up-to-date: /home/epiibots/ros2_ws/install/micro_ros_msgs/include/micro_ros_msgs/micro_ros_msgs/msg/detail/node__type_support.h\n'}
[1.915579] (micro_ros_msgs) StdoutLine: {'line': b'-- Installing: /home/epiibots/ros2_ws/install/micro_ros_msgs/include/micro_ros_msgs/micro_ros_msgs/msg/detail/entity__type_support.c\n'}
[1.915720] (micro_ros_msgs) StdoutLine: {'line': b'-- Up-to-date: /home/epiibots/ros2_ws/install/micro_ros_msgs/include/micro_ros_msgs/micro_ros_msgs/msg/detail/entity__description.c\n'}
[1.915843] (micro_ros_msgs) StdoutLine: {'line': b'-- Installing: /home/epiibots/ros2_ws/install/micro_ros_msgs/include/micro_ros_msgs/micro_ros_msgs/msg/detail/graph__type_support.c\n'}
[1.916633] (micro_ros_msgs) StdoutLine: {'line': b'-- Up-to-date: /home/epiibots/ros2_ws/install/micro_ros_msgs/include/micro_ros_msgs/micro_ros_msgs/msg/detail/entity__functions.h\n'}
[1.916823] (micro_ros_msgs) StdoutLine: {'line': b'-- Up-to-date: /home/epiibots/ros2_ws/install/micro_ros_msgs/share/micro_ros_msgs/environment/library_path.sh\n'}
[1.916958] (micro_ros_msgs) StdoutLine: {'line': b'-- Up-to-date: /home/epiibots/ros2_ws/install/micro_ros_msgs/share/micro_ros_msgs/environment/library_path.dsv\n'}
[1.920333] (micro_ros_msgs) StdoutLine: {'line': b'-- Up-to-date: /home/epiibots/ros2_ws/install/micro_ros_msgs/lib/libmicro_ros_msgs__rosidl_generator_c.so\n'}
[1.920610] (micro_ros_msgs) StdoutLine: {'line': b'-- Up-to-date: /home/epiibots/ros2_ws/install/micro_ros_msgs/include/micro_ros_msgs/micro_ros_msgs\n'}
[1.920953] (micro_ros_msgs) StdoutLine: {'line': b'-- Up-to-date: /home/epiibots/ros2_ws/install/micro_ros_msgs/include/micro_ros_msgs/micro_ros_msgs/msg\n'}
[1.921064] (micro_ros_msgs) StdoutLine: {'line': b'-- Up-to-date: /home/epiibots/ros2_ws/install/micro_ros_msgs/include/micro_ros_msgs/micro_ros_msgs/msg/rosidl_typesupport_fastrtps_c__visibility_control.h\n'}
[1.921164] (micro_ros_msgs) StdoutLine: {'line': b'-- Up-to-date: /home/epiibots/ros2_ws/install/micro_ros_msgs/include/micro_ros_msgs/micro_ros_msgs/msg/detail\n'}
[1.921239] (micro_ros_msgs) StdoutLine: {'line': b'-- Up-to-date: /home/epiibots/ros2_ws/install/micro_ros_msgs/include/micro_ros_msgs/micro_ros_msgs/msg/detail/node__rosidl_typesupport_fastrtps_c.h\n'}
[1.921313] (micro_ros_msgs) StdoutLine: {'line': b'-- Up-to-date: /home/epiibots/ros2_ws/install/micro_ros_msgs/include/micro_ros_msgs/micro_ros_msgs/msg/detail/graph__rosidl_typesupport_fastrtps_c.h\n'}
[1.921390] (micro_ros_msgs) StdoutLine: {'line': b'-- Up-to-date: /home/epiibots/ros2_ws/install/micro_ros_msgs/include/micro_ros_msgs/micro_ros_msgs/msg/detail/entity__rosidl_typesupport_fastrtps_c.h\n'}
[1.925380] (micro_ros_msgs) StdoutLine: {'line': b'-- Up-to-date: /home/epiibots/ros2_ws/install/micro_ros_msgs/lib/libmicro_ros_msgs__rosidl_typesupport_fastrtps_c.so\n'}
[1.926391] (micro_ros_msgs) StdoutLine: {'line': b'-- Up-to-date: /home/epiibots/ros2_ws/install/micro_ros_msgs/include/micro_ros_msgs/micro_ros_msgs\n'}
[1.926610] (micro_ros_msgs) StdoutLine: {'line': b'-- Up-to-date: /home/epiibots/ros2_ws/install/micro_ros_msgs/include/micro_ros_msgs/micro_ros_msgs/msg\n'}
[1.926702] (micro_ros_msgs) StdoutLine: {'line': b'-- Up-to-date: /home/epiibots/ros2_ws/install/micro_ros_msgs/include/micro_ros_msgs/micro_ros_msgs/msg/rosidl_typesupport_introspection_c__visibility_control.h\n'}
[1.926783] (micro_ros_msgs) StdoutLine: {'line': b'-- Up-to-date: /home/epiibots/ros2_ws/install/micro_ros_msgs/include/micro_ros_msgs/micro_ros_msgs/msg/detail\n'}
[1.926861] (micro_ros_msgs) StdoutLine: {'line': b'-- Up-to-date: /home/epiibots/ros2_ws/install/micro_ros_msgs/include/micro_ros_msgs/micro_ros_msgs/msg/detail/graph__rosidl_typesupport_introspection_c.h\n'}
[1.926951] (micro_ros_msgs) StdoutLine: {'line': b'-- Up-to-date: /home/epiibots/ros2_ws/install/micro_ros_msgs/include/micro_ros_msgs/micro_ros_msgs/msg/detail/entity__rosidl_typesupport_introspection_c.h\n'}
[1.927034] (micro_ros_msgs) StdoutLine: {'line': b'-- Installing: /home/epiibots/ros2_ws/install/micro_ros_msgs/include/micro_ros_msgs/micro_ros_msgs/msg/detail/node__type_support.c\n'}
[1.928959] (micro_ros_msgs) StdoutLine: {'line': b'-- Up-to-date: /home/epiibots/ros2_ws/install/micro_ros_msgs/include/micro_ros_msgs/micro_ros_msgs/msg/detail/node__rosidl_typesupport_introspection_c.h\n'}
[1.929198] (micro_ros_msgs) StdoutLine: {'line': b'-- Installing: /home/epiibots/ros2_ws/install/micro_ros_msgs/include/micro_ros_msgs/micro_ros_msgs/msg/detail/entity__type_support.c\n'}
[1.931732] (micro_ros_msgs) StdoutLine: {'line': b'-- Installing: /home/epiibots/ros2_ws/install/micro_ros_msgs/include/micro_ros_msgs/micro_ros_msgs/msg/detail/graph__type_support.c\n'}
[1.935205] (micro_ros_msgs) StdoutLine: {'line': b'-- Up-to-date: /home/epiibots/ros2_ws/install/micro_ros_msgs/lib/libmicro_ros_msgs__rosidl_typesupport_introspection_c.so\n'}
[1.938552] (micro_ros_msgs) StdoutLine: {'line': b'-- Up-to-date: /home/epiibots/ros2_ws/install/micro_ros_msgs/lib/libmicro_ros_msgs__rosidl_typesupport_c.so\n'}
[1.938889] (micro_ros_msgs) StdoutLine: {'line': b'-- Up-to-date: /home/epiibots/ros2_ws/install/micro_ros_msgs/include/micro_ros_msgs/micro_ros_msgs\n'}
[1.939603] (micro_ros_msgs) StdoutLine: {'line': b'-- Up-to-date: /home/epiibots/ros2_ws/install/micro_ros_msgs/include/micro_ros_msgs/micro_ros_msgs/msg\n'}
[1.940053] (micro_ros_msgs) StdoutLine: {'line': b'-- Up-to-date: /home/epiibots/ros2_ws/install/micro_ros_msgs/include/micro_ros_msgs/micro_ros_msgs/msg/entity.hpp\n'}
[1.940176] (micro_ros_msgs) StdoutLine: {'line': b'-- Up-to-date: /home/epiibots/ros2_ws/install/micro_ros_msgs/include/micro_ros_msgs/micro_ros_msgs/msg/rosidl_generator_cpp__visibility_control.hpp\n'}
[1.940308] (micro_ros_msgs) StdoutLine: {'line': b'-- Up-to-date: /home/epiibots/ros2_ws/install/micro_ros_msgs/include/micro_ros_msgs/micro_ros_msgs/msg/graph.hpp\n'}
[1.940498] (micro_ros_msgs) StdoutLine: {'line': b'-- Up-to-date: /home/epiibots/ros2_ws/install/micro_ros_msgs/include/micro_ros_msgs/micro_ros_msgs/msg/detail\n'}
[1.940651] (micro_ros_msgs) StdoutLine: {'line': b'-- Up-to-date: /home/epiibots/ros2_ws/install/micro_ros_msgs/include/micro_ros_msgs/micro_ros_msgs/msg/detail/graph__type_support.hpp\n'}
[1.940749] (micro_ros_msgs) StdoutLine: {'line': b'-- Up-to-date: /home/epiibots/ros2_ws/install/micro_ros_msgs/include/micro_ros_msgs/micro_ros_msgs/msg/detail/node__builder.hpp\n'}
[1.940838] (micro_ros_msgs) StdoutLine: {'line': b'-- Up-to-date: /home/epiibots/ros2_ws/install/micro_ros_msgs/include/micro_ros_msgs/micro_ros_msgs/msg/detail/graph__traits.hpp\n'}
[1.940926] (micro_ros_msgs) StdoutLine: {'line': b'-- Up-to-date: /home/epiibots/ros2_ws/install/micro_ros_msgs/include/micro_ros_msgs/micro_ros_msgs/msg/detail/graph__builder.hpp\n'}
[1.941009] (micro_ros_msgs) StdoutLine: {'line': b'-- Up-to-date: /home/epiibots/ros2_ws/install/micro_ros_msgs/include/micro_ros_msgs/micro_ros_msgs/msg/detail/entity__type_support.hpp\n'}
[1.941092] (micro_ros_msgs) StdoutLine: {'line': b'-- Up-to-date: /home/epiibots/ros2_ws/install/micro_ros_msgs/include/micro_ros_msgs/micro_ros_msgs/msg/detail/node__type_support.hpp\n'}
[1.941179] (micro_ros_msgs) StdoutLine: {'line': b'-- Up-to-date: /home/epiibots/ros2_ws/install/micro_ros_msgs/include/micro_ros_msgs/micro_ros_msgs/msg/detail/entity__traits.hpp\n'}
[1.941264] (micro_ros_msgs) StdoutLine: {'line': b'-- Up-to-date: /home/epiibots/ros2_ws/install/micro_ros_msgs/include/micro_ros_msgs/micro_ros_msgs/msg/detail/node__struct.hpp\n'}
[1.941349] (micro_ros_msgs) StdoutLine: {'line': b'-- Up-to-date: /home/epiibots/ros2_ws/install/micro_ros_msgs/include/micro_ros_msgs/micro_ros_msgs/msg/detail/entity__struct.hpp\n'}
[1.941450] (micro_ros_msgs) StdoutLine: {'line': b'-- Up-to-date: /home/epiibots/ros2_ws/install/micro_ros_msgs/include/micro_ros_msgs/micro_ros_msgs/msg/detail/node__traits.hpp\n'}
[1.941543] (micro_ros_msgs) StdoutLine: {'line': b'-- Up-to-date: /home/epiibots/ros2_ws/install/micro_ros_msgs/include/micro_ros_msgs/micro_ros_msgs/msg/detail/entity__builder.hpp\n'}
[1.941626] (micro_ros_msgs) StdoutLine: {'line': b'-- Up-to-date: /home/epiibots/ros2_ws/install/micro_ros_msgs/include/micro_ros_msgs/micro_ros_msgs/msg/detail/graph__struct.hpp\n'}
[1.941705] (micro_ros_msgs) StdoutLine: {'line': b'-- Up-to-date: /home/epiibots/ros2_ws/install/micro_ros_msgs/include/micro_ros_msgs/micro_ros_msgs/msg/node.hpp\n'}
[1.941785] (micro_ros_msgs) StdoutLine: {'line': b'-- Up-to-date: /home/epiibots/ros2_ws/install/micro_ros_msgs/include/micro_ros_msgs/micro_ros_msgs\n'}
[1.941944] (micro_ros_msgs) StdoutLine: {'line': b'-- Up-to-date: /home/epiibots/ros2_ws/install/micro_ros_msgs/include/micro_ros_msgs/micro_ros_msgs/msg\n'}
[1.942160] (micro_ros_msgs) StdoutLine: {'line': b'-- Up-to-date: /home/epiibots/ros2_ws/install/micro_ros_msgs/include/micro_ros_msgs/micro_ros_msgs/msg/rosidl_typesupport_fastrtps_cpp__visibility_control.h\n'}
[1.942287] (micro_ros_msgs) StdoutLine: {'line': b'-- Up-to-date: /home/epiibots/ros2_ws/install/micro_ros_msgs/include/micro_ros_msgs/micro_ros_msgs/msg/detail\n'}
[1.942394] (micro_ros_msgs) StdoutLine: {'line': b'-- Up-to-date: /home/epiibots/ros2_ws/install/micro_ros_msgs/include/micro_ros_msgs/micro_ros_msgs/msg/detail/entity__rosidl_typesupport_fastrtps_cpp.hpp\n'}
[1.942510] (micro_ros_msgs) StdoutLine: {'line': b'-- Up-to-date: /home/epiibots/ros2_ws/install/micro_ros_msgs/include/micro_ros_msgs/micro_ros_msgs/msg/detail/graph__rosidl_typesupport_fastrtps_cpp.hpp\n'}
[1.942593] (micro_ros_msgs) StdoutLine: {'line': b'-- Up-to-date: /home/epiibots/ros2_ws/install/micro_ros_msgs/include/micro_ros_msgs/micro_ros_msgs/msg/detail/node__rosidl_typesupport_fastrtps_cpp.hpp\n'}
[1.942670] (micro_ros_msgs) StdoutLine: {'line': b'-- Up-to-date: /home/epiibots/ros2_ws/install/micro_ros_msgs/include/micro_ros_msgs/micro_ros_msgs/msg/detail/dds_fastrtps\n'}
[1.943763] (micro_ros_msgs) StdoutLine: {'line': b'-- Up-to-date: /home/epiibots/ros2_ws/install/micro_ros_msgs/lib/libmicro_ros_msgs__rosidl_typesupport_fastrtps_cpp.so\n'}
[1.944862] (micro_ros_msgs) StdoutLine: {'line': b'-- Up-to-date: /home/epiibots/ros2_ws/install/micro_ros_msgs/include/micro_ros_msgs/micro_ros_msgs\n'}
[1.945044] (micro_ros_msgs) StdoutLine: {'line': b'-- Up-to-date: /home/epiibots/ros2_ws/install/micro_ros_msgs/include/micro_ros_msgs/micro_ros_msgs/msg\n'}
[1.945136] (micro_ros_msgs) StdoutLine: {'line': b'-- Up-to-date: /home/epiibots/ros2_ws/install/micro_ros_msgs/include/micro_ros_msgs/micro_ros_msgs/msg/detail\n'}
[1.945215] (micro_ros_msgs) StdoutLine: {'line': b'-- Up-to-date: /home/epiibots/ros2_ws/install/micro_ros_msgs/include/micro_ros_msgs/micro_ros_msgs/msg/detail/graph__type_support.cpp\n'}
[1.945299] (micro_ros_msgs) StdoutLine: {'line': b'-- Up-to-date: /home/epiibots/ros2_ws/install/micro_ros_msgs/include/micro_ros_msgs/micro_ros_msgs/msg/detail/graph__rosidl_typesupport_introspection_cpp.hpp\n'}
[1.945385] (micro_ros_msgs) StdoutLine: {'line': b'-- Up-to-date: /home/epiibots/ros2_ws/install/micro_ros_msgs/include/micro_ros_msgs/micro_ros_msgs/msg/detail/node__type_support.cpp\n'}
[1.945484] (micro_ros_msgs) StdoutLine: {'line': b'-- Up-to-date: /home/epiibots/ros2_ws/install/micro_ros_msgs/include/micro_ros_msgs/micro_ros_msgs/msg/detail/node__rosidl_typesupport_introspection_cpp.hpp\n'}
[1.945563] (micro_ros_msgs) StdoutLine: {'line': b'-- Up-to-date: /home/epiibots/ros2_ws/install/micro_ros_msgs/include/micro_ros_msgs/micro_ros_msgs/msg/detail/entity__rosidl_typesupport_introspection_cpp.hpp\n'}
[1.945662] (micro_ros_msgs) StdoutLine: {'line': b'-- Up-to-date: /home/epiibots/ros2_ws/install/micro_ros_msgs/include/micro_ros_msgs/micro_ros_msgs/msg/detail/entity__type_support.cpp\n'}
[1.947988] (micro_ros_msgs) StdoutLine: {'line': b'-- Up-to-date: /home/epiibots/ros2_ws/install/micro_ros_msgs/lib/libmicro_ros_msgs__rosidl_typesupport_introspection_cpp.so\n'}
[1.951648] (micro_ros_msgs) StdoutLine: {'line': b'-- Up-to-date: /home/epiibots/ros2_ws/install/micro_ros_msgs/lib/libmicro_ros_msgs__rosidl_typesupport_cpp.so\n'}
[1.952055] (micro_ros_msgs) StdoutLine: {'line': b'-- Up-to-date: /home/epiibots/ros2_ws/install/micro_ros_msgs/share/micro_ros_msgs/environment/pythonpath.sh\n'}
[1.952660] (micro_ros_msgs) StdoutLine: {'line': b'-- Up-to-date: /home/epiibots/ros2_ws/install/micro_ros_msgs/share/micro_ros_msgs/environment/pythonpath.dsv\n'}
[1.952827] (micro_ros_msgs) StdoutLine: {'line': b'-- Up-to-date: /home/epiibots/ros2_ws/install/micro_ros_msgs/lib/python3.12/site-packages/micro_ros_msgs-5.0.2-py3.12.egg-info\n'}
[1.952939] (micro_ros_msgs) StdoutLine: {'line': b'-- Installing: /home/epiibots/ros2_ws/install/micro_ros_msgs/lib/python3.12/site-packages/micro_ros_msgs-5.0.2-py3.12.egg-info/top_level.txt\n'}
[1.953054] (micro_ros_msgs) StdoutLine: {'line': b'-- Installing: /home/epiibots/ros2_ws/install/micro_ros_msgs/lib/python3.12/site-packages/micro_ros_msgs-5.0.2-py3.12.egg-info/PKG-INFO\n'}
[1.953689] (micro_ros_msgs) StdoutLine: {'line': b'-- Installing: /home/epiibots/ros2_ws/install/micro_ros_msgs/lib/python3.12/site-packages/micro_ros_msgs-5.0.2-py3.12.egg-info/SOURCES.txt\n'}
[1.953861] (micro_ros_msgs) StdoutLine: {'line': b'-- Installing: /home/epiibots/ros2_ws/install/micro_ros_msgs/lib/python3.12/site-packages/micro_ros_msgs-5.0.2-py3.12.egg-info/dependency_links.txt\n'}
[1.953970] (micro_ros_msgs) StdoutLine: {'line': b'-- Up-to-date: /home/epiibots/ros2_ws/install/micro_ros_msgs/lib/python3.12/site-packages/micro_ros_msgs\n'}
[1.954131] (micro_ros_msgs) StdoutLine: {'line': b'-- Up-to-date: /home/epiibots/ros2_ws/install/micro_ros_msgs/lib/python3.12/site-packages/micro_ros_msgs/micro_ros_msgs_s__rosidl_typesupport_introspection_c.so\n'}
[1.954267] (micro_ros_msgs) StdoutLine: {'line': b'-- Up-to-date: /home/epiibots/ros2_ws/install/micro_ros_msgs/lib/python3.12/site-packages/micro_ros_msgs/msg\n'}
[1.955132] (micro_ros_msgs) StdoutLine: {'line': b'-- Up-to-date: /home/epiibots/ros2_ws/install/micro_ros_msgs/lib/python3.12/site-packages/micro_ros_msgs/msg/_entity_s.c\n'}
[1.955415] (micro_ros_msgs) StdoutLine: {'line': b'-- Up-to-date: /home/epiibots/ros2_ws/install/micro_ros_msgs/lib/python3.12/site-packages/micro_ros_msgs/msg/__init__.py\n'}
[1.955525] (micro_ros_msgs) StdoutLine: {'line': b'-- Up-to-date: /home/epiibots/ros2_ws/install/micro_ros_msgs/lib/python3.12/site-packages/micro_ros_msgs/msg/_entity.py\n'}
[1.955615] (micro_ros_msgs) StdoutLine: {'line': b'-- Up-to-date: /home/epiibots/ros2_ws/install/micro_ros_msgs/lib/python3.12/site-packages/micro_ros_msgs/msg/_graph.py\n'}
[1.955727] (micro_ros_msgs) StdoutLine: {'line': b'-- Up-to-date: /home/epiibots/ros2_ws/install/micro_ros_msgs/lib/python3.12/site-packages/micro_ros_msgs/msg/_node_s.c\n'}
[1.955828] (micro_ros_msgs) StdoutLine: {'line': b'-- Up-to-date: /home/epiibots/ros2_ws/install/micro_ros_msgs/lib/python3.12/site-packages/micro_ros_msgs/msg/_graph_s.c\n'}
[1.955925] (micro_ros_msgs) StdoutLine: {'line': b'-- Up-to-date: /home/epiibots/ros2_ws/install/micro_ros_msgs/lib/python3.12/site-packages/micro_ros_msgs/msg/_node.py\n'}
[1.956009] (micro_ros_msgs) StdoutLine: {'line': b'-- Up-to-date: /home/epiibots/ros2_ws/install/micro_ros_msgs/lib/python3.12/site-packages/micro_ros_msgs/__init__.py\n'}
[1.956190] (micro_ros_msgs) StdoutLine: {'line': b'-- Up-to-date: /home/epiibots/ros2_ws/install/micro_ros_msgs/lib/python3.12/site-packages/micro_ros_msgs/_micro_ros_msgs_s.ep.rosidl_typesupport_c.c\n'}
[1.956339] (micro_ros_msgs) StdoutLine: {'line': b'-- Up-to-date: /home/epiibots/ros2_ws/install/micro_ros_msgs/lib/python3.12/site-packages/micro_ros_msgs/_micro_ros_msgs_s.ep.rosidl_typesupport_introspection_c.c\n'}
[1.956467] (micro_ros_msgs) StdoutLine: {'line': b'-- Up-to-date: /home/epiibots/ros2_ws/install/micro_ros_msgs/lib/python3.12/site-packages/micro_ros_msgs/micro_ros_msgs_s__rosidl_typesupport_c.so\n'}
[1.956568] (micro_ros_msgs) StdoutLine: {'line': b'-- Up-to-date: /home/epiibots/ros2_ws/install/micro_ros_msgs/lib/python3.12/site-packages/micro_ros_msgs/micro_ros_msgs_s__rosidl_typesupport_fastrtps_c.so\n'}
[1.956662] (micro_ros_msgs) StdoutLine: {'line': b'-- Up-to-date: /home/epiibots/ros2_ws/install/micro_ros_msgs/lib/python3.12/site-packages/micro_ros_msgs/_micro_ros_msgs_s.ep.rosidl_typesupport_fastrtps_c.c\n'}
[2.013823] (-) TimerEvent: {}
[2.030618] (micro_ros_msgs) StdoutLine: {'line': b"Listing '/home/epiibots/ros2_ws/install/micro_ros_msgs/lib/python3.12/site-packages/micro_ros_msgs'...\n"}
[2.030974] (micro_ros_msgs) StdoutLine: {'line': b"Listing '/home/epiibots/ros2_ws/install/micro_ros_msgs/lib/python3.12/site-packages/micro_ros_msgs/msg'...\n"}
[2.056836] (micro_ros_msgs) StdoutLine: {'line': b'-- Up-to-date: /home/epiibots/ros2_ws/install/micro_ros_msgs/lib/python3.12/site-packages/micro_ros_msgs/micro_ros_msgs_s__rosidl_typesupport_fastrtps_c.so\n'}
[2.060553] (micro_ros_msgs) StdoutLine: {'line': b'-- Up-to-date: /home/epiibots/ros2_ws/install/micro_ros_msgs/lib/python3.12/site-packages/micro_ros_msgs/micro_ros_msgs_s__rosidl_typesupport_introspection_c.so\n'}
[2.060848] (micro_ros_msgs) StdoutLine: {'line': b'-- Up-to-date: /home/epiibots/ros2_ws/install/micro_ros_msgs/lib/python3.12/site-packages/micro_ros_msgs/micro_ros_msgs_s__rosidl_typesupport_c.so\n'}
[2.062583] (micro_ros_msgs) StdoutLine: {'line': b'-- Up-to-date: /home/epiibots/ros2_ws/install/micro_ros_msgs/lib/libmicro_ros_msgs__rosidl_generator_py.so\n'}
[2.063055] (micro_ros_msgs) StdoutLine: {'line': b'-- Up-to-date: /home/epiibots/ros2_ws/install/micro_ros_msgs/share/ament_index/resource_index/rust_packages/micro_ros_msgs\n'}
[2.063292] (micro_ros_msgs) StdoutLine: {'line': b'-- Up-to-date: /home/epiibots/ros2_ws/install/micro_ros_msgs/share/micro_ros_msgs/rust\n'}
[2.063616] (micro_ros_msgs) StdoutLine: {'line': b'-- Up-to-date: /home/epiibots/ros2_ws/install/micro_ros_msgs/share/micro_ros_msgs/rust/build.rs\n'}
[2.063811] (micro_ros_msgs) StdoutLine: {'line': b'-- Up-to-date: /home/epiibots/ros2_ws/install/micro_ros_msgs/share/micro_ros_msgs/rust/src\n'}
[2.064087] (micro_ros_msgs) StdoutLine: {'line': b'-- Up-to-date: /home/epiibots/ros2_ws/install/micro_ros_msgs/share/micro_ros_msgs/rust/src/msg\n'}
[2.064492] (micro_ros_msgs) StdoutLine: {'line': b'-- Up-to-date: /home/epiibots/ros2_ws/install/micro_ros_msgs/share/micro_ros_msgs/rust/src/msg/rmw.rs\n'}
[2.064668] (micro_ros_msgs) StdoutLine: {'line': b'-- Up-to-date: /home/epiibots/ros2_ws/install/micro_ros_msgs/share/micro_ros_msgs/rust/src/lib.rs\n'}
[2.064775] (micro_ros_msgs) StdoutLine: {'line': b'-- Up-to-date: /home/epiibots/ros2_ws/install/micro_ros_msgs/share/micro_ros_msgs/rust/src/msg.rs\n'}
[2.064861] (micro_ros_msgs) StdoutLine: {'line': b'-- Up-to-date: /home/epiibots/ros2_ws/install/micro_ros_msgs/share/micro_ros_msgs/rust/Cargo.toml\n'}
[2.064986] (micro_ros_msgs) StdoutLine: {'line': b'-- Up-to-date: /home/epiibots/ros2_ws/install/micro_ros_msgs/share/micro_ros_msgs/msg/Graph.idl\n'}
[2.065116] (micro_ros_msgs) StdoutLine: {'line': b'-- Up-to-date: /home/epiibots/ros2_ws/install/micro_ros_msgs/share/micro_ros_msgs/msg/Node.idl\n'}
[2.065241] (micro_ros_msgs) StdoutLine: {'line': b'-- Up-to-date: /home/epiibots/ros2_ws/install/micro_ros_msgs/share/micro_ros_msgs/msg/Entity.idl\n'}
[2.065322] (micro_ros_msgs) StdoutLine: {'line': b'-- Up-to-date: /home/epiibots/ros2_ws/install/micro_ros_msgs/share/micro_ros_msgs/msg/Graph.msg\n'}
[2.065397] (micro_ros_msgs) StdoutLine: {'line': b'-- Up-to-date: /home/epiibots/ros2_ws/install/micro_ros_msgs/share/micro_ros_msgs/msg/Node.msg\n'}
[2.065501] (micro_ros_msgs) StdoutLine: {'line': b'-- Up-to-date: /home/epiibots/ros2_ws/install/micro_ros_msgs/share/micro_ros_msgs/msg/Entity.msg\n'}
[2.068744] (micro_ros_msgs) StdoutLine: {'line': b'-- Up-to-date: /home/epiibots/ros2_ws/install/micro_ros_msgs/share/ament_index/resource_index/package_run_dependencies/micro_ros_msgs\n'}
[2.068978] (micro_ros_msgs) StdoutLine: {'line': b'-- Up-to-date: /home/epiibots/ros2_ws/install/micro_ros_msgs/share/ament_index/resource_index/parent_prefix_path/micro_ros_msgs\n'}
[2.069087] (micro_ros_msgs) StdoutLine: {'line': b'-- Up-to-date: /home/epiibots/ros2_ws/install/micro_ros_msgs/share/micro_ros_msgs/environment/ament_prefix_path.sh\n'}
[2.069172] (micro_ros_msgs) StdoutLine: {'line': b'-- Up-to-date: /home/epiibots/ros2_ws/install/micro_ros_msgs/share/micro_ros_msgs/environment/ament_prefix_path.dsv\n'}
[2.069253] (micro_ros_msgs) StdoutLine: {'line': b'-- Up-to-date: /home/epiibots/ros2_ws/install/micro_ros_msgs/share/micro_ros_msgs/environment/path.sh\n'}
[2.069334] (micro_ros_msgs) StdoutLine: {'line': b'-- Up-to-date: /home/epiibots/ros2_ws/install/micro_ros_msgs/share/micro_ros_msgs/environment/path.dsv\n'}
[2.069423] (micro_ros_msgs) StdoutLine: {'line': b'-- Up-to-date: /home/epiibots/ros2_ws/install/micro_ros_msgs/share/micro_ros_msgs/local_setup.bash\n'}
[2.069528] (micro_ros_msgs) StdoutLine: {'line': b'-- Up-to-date: /home/epiibots/ros2_ws/install/micro_ros_msgs/share/micro_ros_msgs/local_setup.sh\n'}
[2.069614] (micro_ros_msgs) StdoutLine: {'line': b'-- Up-to-date: /home/epiibots/ros2_ws/install/micro_ros_msgs/share/micro_ros_msgs/local_setup.zsh\n'}
[2.069694] (micro_ros_msgs) StdoutLine: {'line': b'-- Up-to-date: /home/epiibots/ros2_ws/install/micro_ros_msgs/share/micro_ros_msgs/local_setup.dsv\n'}
[2.069771] (micro_ros_msgs) StdoutLine: {'line': b'-- Installing: /home/epiibots/ros2_ws/install/micro_ros_msgs/share/micro_ros_msgs/package.dsv\n'}
[2.069849] (micro_ros_msgs) StdoutLine: {'line': b'-- Up-to-date: /home/epiibots/ros2_ws/install/micro_ros_msgs/share/ament_index/resource_index/packages/micro_ros_msgs\n'}
[2.072286] (micro_ros_msgs) StdoutLine: {'line': b'-- Up-to-date: /home/epiibots/ros2_ws/install/micro_ros_msgs/share/micro_ros_msgs/cmake/export_micro_ros_msgs__rosidl_generator_cExport.cmake\n'}
[2.072639] (micro_ros_msgs) StdoutLine: {'line': b'-- Up-to-date: /home/epiibots/ros2_ws/install/micro_ros_msgs/share/micro_ros_msgs/cmake/export_micro_ros_msgs__rosidl_generator_cExport-noconfig.cmake\n'}
[2.073788] (micro_ros_msgs) StdoutLine: {'line': b'-- Up-to-date: /home/epiibots/ros2_ws/install/micro_ros_msgs/share/micro_ros_msgs/cmake/export_micro_ros_msgs__rosidl_typesupport_fastrtps_cExport.cmake\n'}
[2.074079] (micro_ros_msgs) StdoutLine: {'line': b'-- Up-to-date: /home/epiibots/ros2_ws/install/micro_ros_msgs/share/micro_ros_msgs/cmake/export_micro_ros_msgs__rosidl_typesupport_fastrtps_cExport-noconfig.cmake\n'}
[2.075592] (micro_ros_msgs) StdoutLine: {'line': b'-- Up-to-date: /home/epiibots/ros2_ws/install/micro_ros_msgs/share/micro_ros_msgs/cmake/micro_ros_msgs__rosidl_typesupport_introspection_cExport.cmake\n'}
[2.075985] (micro_ros_msgs) StdoutLine: {'line': b'-- Up-to-date: /home/epiibots/ros2_ws/install/micro_ros_msgs/share/micro_ros_msgs/cmake/micro_ros_msgs__rosidl_typesupport_introspection_cExport-noconfig.cmake\n'}
[2.077200] (micro_ros_msgs) StdoutLine: {'line': b'-- Up-to-date: /home/epiibots/ros2_ws/install/micro_ros_msgs/share/micro_ros_msgs/cmake/micro_ros_msgs__rosidl_typesupport_cExport.cmake\n'}
[2.077616] (micro_ros_msgs) StdoutLine: {'line': b'-- Up-to-date: /home/epiibots/ros2_ws/install/micro_ros_msgs/share/micro_ros_msgs/cmake/micro_ros_msgs__rosidl_typesupport_cExport-noconfig.cmake\n'}
[2.078742] (micro_ros_msgs) StdoutLine: {'line': b'-- Up-to-date: /home/epiibots/ros2_ws/install/micro_ros_msgs/share/micro_ros_msgs/cmake/export_micro_ros_msgs__rosidl_generator_cppExport.cmake\n'}
[2.080022] (micro_ros_msgs) StdoutLine: {'line': b'-- Up-to-date: /home/epiibots/ros2_ws/install/micro_ros_msgs/share/micro_ros_msgs/cmake/export_micro_ros_msgs__rosidl_typesupport_fastrtps_cppExport.cmake\n'}
[2.080297] (micro_ros_msgs) StdoutLine: {'line': b'-- Up-to-date: /home/epiibots/ros2_ws/install/micro_ros_msgs/share/micro_ros_msgs/cmake/export_micro_ros_msgs__rosidl_typesupport_fastrtps_cppExport-noconfig.cmake\n'}
[2.081786] (micro_ros_msgs) StdoutLine: {'line': b'-- Up-to-date: /home/epiibots/ros2_ws/install/micro_ros_msgs/share/micro_ros_msgs/cmake/micro_ros_msgs__rosidl_typesupport_introspection_cppExport.cmake\n'}
[2.081986] (micro_ros_msgs) StdoutLine: {'line': b'-- Up-to-date: /home/epiibots/ros2_ws/install/micro_ros_msgs/share/micro_ros_msgs/cmake/micro_ros_msgs__rosidl_typesupport_introspection_cppExport-noconfig.cmake\n'}
[2.085492] (micro_ros_msgs) StdoutLine: {'line': b'-- Up-to-date: /home/epiibots/ros2_ws/install/micro_ros_msgs/share/micro_ros_msgs/cmake/micro_ros_msgs__rosidl_typesupport_cppExport.cmake\n'}
[2.085761] (micro_ros_msgs) StdoutLine: {'line': b'-- Up-to-date: /home/epiibots/ros2_ws/install/micro_ros_msgs/share/micro_ros_msgs/cmake/micro_ros_msgs__rosidl_typesupport_cppExport-noconfig.cmake\n'}
[2.085993] (micro_ros_msgs) StdoutLine: {'line': b'-- Up-to-date: /home/epiibots/ros2_ws/install/micro_ros_msgs/share/micro_ros_msgs/cmake/export_micro_ros_msgs__rosidl_generator_pyExport.cmake\n'}
[2.086124] (micro_ros_msgs) StdoutLine: {'line': b'-- Up-to-date: /home/epiibots/ros2_ws/install/micro_ros_msgs/share/micro_ros_msgs/cmake/export_micro_ros_msgs__rosidl_generator_pyExport-noconfig.cmake\n'}
[2.086234] (micro_ros_msgs) StdoutLine: {'line': b'-- Up-to-date: /home/epiibots/ros2_ws/install/micro_ros_msgs/share/micro_ros_msgs/cmake/rosidl_cmake-extras.cmake\n'}
[2.086343] (micro_ros_msgs) StdoutLine: {'line': b'-- Up-to-date: /home/epiibots/ros2_ws/install/micro_ros_msgs/share/micro_ros_msgs/cmake/ament_cmake_export_include_directories-extras.cmake\n'}
[2.086515] (micro_ros_msgs) StdoutLine: {'line': b'-- Up-to-date: /home/epiibots/ros2_ws/install/micro_ros_msgs/share/micro_ros_msgs/cmake/ament_cmake_export_libraries-extras.cmake\n'}
[2.086633] (micro_ros_msgs) StdoutLine: {'line': b'-- Up-to-date: /home/epiibots/ros2_ws/install/micro_ros_msgs/share/micro_ros_msgs/cmake/ament_cmake_export_targets-extras.cmake\n'}
[2.086722] (micro_ros_msgs) StdoutLine: {'line': b'-- Up-to-date: /home/epiibots/ros2_ws/install/micro_ros_msgs/share/micro_ros_msgs/cmake/rosidl_cmake_export_typesupport_targets-extras.cmake\n'}
[2.086819] (micro_ros_msgs) StdoutLine: {'line': b'-- Up-to-date: /home/epiibots/ros2_ws/install/micro_ros_msgs/share/micro_ros_msgs/cmake/ament_cmake_export_dependencies-extras.cmake\n'}
[2.086910] (micro_ros_msgs) StdoutLine: {'line': b'-- Up-to-date: /home/epiibots/ros2_ws/install/micro_ros_msgs/share/micro_ros_msgs/cmake/rosidl_cmake_export_typesupport_libraries-extras.cmake\n'}
[2.087010] (micro_ros_msgs) StdoutLine: {'line': b'-- Up-to-date: /home/epiibots/ros2_ws/install/micro_ros_msgs/share/micro_ros_msgs/cmake/micro_ros_msgsConfig.cmake\n'}
[2.087095] (micro_ros_msgs) StdoutLine: {'line': b'-- Up-to-date: /home/epiibots/ros2_ws/install/micro_ros_msgs/share/micro_ros_msgs/cmake/micro_ros_msgsConfig-version.cmake\n'}
[2.087190] (micro_ros_msgs) StdoutLine: {'line': b'-- Up-to-date: /home/epiibots/ros2_ws/install/micro_ros_msgs/share/micro_ros_msgs/package.xml\n'}
[2.092886] (micro_ros_msgs) CommandEnded: {'returncode': 0}
[2.113991] (-) TimerEvent: {}
[2.143808] (micro_ros_msgs) JobEnded: {'identifier': 'micro_ros_msgs', 'rc': 0}
[2.153142] (detector) JobStarted: {'identifier': 'detector'}
[2.214121] (-) TimerEvent: {}
[2.315157] (-) TimerEvent: {}
[2.415725] (-) TimerEvent: {}
[2.518664] (-) TimerEvent: {}
[2.621496] (-) TimerEvent: {}
[2.721995] (-) TimerEvent: {}
[2.812080] (calibration) Command: {'cmd': ['/usr/bin/python3', '-W', 'ignore:setup.py install is deprecated', '-W', 'ignore:easy_install command is deprecated', 'setup.py', 'egg_info', '--egg-base', '../../build/calibration', 'build', '--build-base', '/home/epiibots/ros2_ws/build/calibration/build', 'install', '--record', '/home/epiibots/ros2_ws/build/calibration/install.log', '--single-version-externally-managed', 'install_data'], 'cwd': '/home/epiibots/ros2_ws/src/calibration', 'env': {'LESSOPEN': '| /usr/bin/lesspipe %s', 'USER': 'epiibots', 'SSH_CLIENT': '192.168.0.101 63419 22', 'GZ_CONFIG_PATH': '/opt/ros/jazzy/opt/gz_sim_vendor/share/gz:/opt/ros/jazzy/opt/sdformat_vendor/share/gz:/opt/ros/jazzy/opt/gz_gui_vendor/share/gz:/opt/ros/jazzy/opt/gz_transport_vendor/share/gz:/opt/ros/jazzy/opt/gz_rendering_vendor/share/gz:/opt/ros/jazzy/opt/gz_plugin_vendor/share/gz:/opt/ros/jazzy/opt/gz_fuel_tools_vendor/share/gz:/opt/ros/jazzy/opt/gz_msgs_vendor/share/gz:/opt/ros/jazzy/opt/gz_common_vendor/share/gz', 'XDG_SESSION_TYPE': 'tty', 'SHLVL': '1', 'LD_LIBRARY_PATH': '/opt/ros/jazzy/opt/gz_sim_vendor/lib:/opt/ros/jazzy/opt/gz_sensors_vendor/lib:/opt/ros/jazzy/opt/gz_physics_vendor/lib:/opt/ros/jazzy/opt/sdformat_vendor/lib:/opt/ros/jazzy/opt/rviz_ogre_vendor/lib:/opt/ros/jazzy/lib/aarch64-linux-gnu:/opt/ros/jazzy/opt/gz_gui_vendor/lib:/opt/ros/jazzy/opt/gz_transport_vendor/lib:/opt/ros/jazzy/opt/gz_rendering_vendor/lib:/opt/ros/jazzy/opt/gz_plugin_vendor/lib:/opt/ros/jazzy/opt/gz_fuel_tools_vendor/lib:/opt/ros/jazzy/opt/gz_msgs_vendor/lib:/opt/ros/jazzy/opt/gz_common_vendor/lib:/opt/ros/jazzy/opt/gz_math_vendor/lib:/opt/ros/jazzy/opt/gz_utils_vendor/lib:/opt/ros/jazzy/opt/gz_tools_vendor/lib:/opt/ros/jazzy/opt/gz_ogre_next_vendor/lib:/opt/ros/jazzy/opt/gz_dartsim_vendor/lib:/opt/ros/jazzy/opt/gz_cmake_vendor/lib:/opt/ros/jazzy/lib', 'HOME': '/home/epiibots', 'OLDPWD': '/home/epiibots/ros2_ws/install', 'SSH_TTY': '/dev/pts/4', 'ROS_PYTHON_VERSION': '3', 'DBUS_SESSION_BUS_ADDRESS': 'unix:path=/run/user/1000/bus', 'DEBUGINFOD_URLS': 'https://debuginfod.ubuntu.com', 'ROS_DISTRO': 'jazzy', 'LOGNAME': 'epiibots', '_': '/usr/bin/colcon', 'ROS_VERSION': '2', 'XDG_SESSION_CLASS': 'user', 'TERM': 'xterm-256color', 'XDG_SESSION_ID': '11', 'PATH': '/opt/ros/jazzy/opt/gz_msgs_vendor/bin:/opt/ros/jazzy/opt/gz_tools_vendor/bin:/opt/ros/jazzy/opt/gz_ogre_next_vendor/bin:/opt/ros/jazzy/bin:/usr/local/sbin:/usr/local/bin:/usr/sbin:/usr/bin:/sbin:/bin:/usr/games:/usr/local/games:/snap/bin', 'XDG_RUNTIME_DIR': '/run/user/1000', 'LANG': 'en_US.UTF-8', 'LS_COLORS': 'rs=0:di=01;34:ln=01;36:mh=00:pi=40;33:so=01;35:do=01;35:bd=40;33;01:cd=40;33;01:or=40;31;01:mi=00:su=37;41:sg=30;43:ca=00:tw=30;42:ow=34;42:st=37;44:ex=01;32:*.tar=01;31:*.tgz=01;31:*.arc=01;31:*.arj=01;31:*.taz=01;31:*.lha=01;31:*.lz4=01;31:*.lzh=01;31:*.lzma=01;31:*.tlz=01;31:*.txz=01;31:*.tzo=01;31:*.t7z=01;31:*.zip=01;31:*.z=01;31:*.dz=01;31:*.gz=01;31:*.lrz=01;31:*.lz=01;31:*.lzo=01;31:*.xz=01;31:*.zst=01;31:*.tzst=01;31:*.bz2=01;31:*.bz=01;31:*.tbz=01;31:*.tbz2=01;31:*.tz=01;31:*.deb=01;31:*.rpm=01;31:*.jar=01;31:*.war=01;31:*.ear=01;31:*.sar=01;31:*.rar=01;31:*.alz=01;31:*.ace=01;31:*.zoo=01;31:*.cpio=01;31:*.7z=01;31:*.rz=01;31:*.cab=01;31:*.wim=01;31:*.swm=01;31:*.dwm=01;31:*.esd=01;31:*.avif=01;35:*.jpg=01;35:*.jpeg=01;35:*.mjpg=01;35:*.mjpeg=01;35:*.gif=01;35:*.bmp=01;35:*.pbm=01;35:*.pgm=01;35:*.ppm=01;35:*.tga=01;35:*.xbm=01;35:*.xpm=01;35:*.tif=01;35:*.tiff=01;35:*.png=01;35:*.svg=01;35:*.svgz=01;35:*.mng=01;35:*.pcx=01;35:*.mov=01;35:*.mpg=01;35:*.mpeg=01;35:*.m2v=01;35:*.mkv=01;35:*.webm=01;35:*.webp=01;35:*.ogm=01;35:*.mp4=01;35:*.m4v=01;35:*.mp4v=01;35:*.vob=01;35:*.qt=01;35:*.nuv=01;35:*.wmv=01;35:*.asf=01;35:*.rm=01;35:*.rmvb=01;35:*.flc=01;35:*.avi=01;35:*.fli=01;35:*.flv=01;35:*.gl=01;35:*.dl=01;35:*.xcf=01;35:*.xwd=01;35:*.yuv=01;35:*.cgm=01;35:*.emf=01;35:*.ogv=01;35:*.ogx=01;35:*.aac=00;36:*.au=00;36:*.flac=00;36:*.m4a=00;36:*.mid=00;36:*.midi=00;36:*.mka=00;36:*.mp3=00;36:*.mpc=00;36:*.ogg=00;36:*.ra=00;36:*.wav=00;36:*.oga=00;36:*.opus=00;36:*.spx=00;36:*.xspf=00;36:*~=00;90:*#=00;90:*.bak=00;90:*.crdownload=00;90:*.dpkg-dist=00;90:*.dpkg-new=00;90:*.dpkg-old=00;90:*.dpkg-tmp=00;90:*.old=00;90:*.orig=00;90:*.part=00;90:*.rej=00;90:*.rpmnew=00;90:*.rpmorig=00;90:*.rpmsave=00;90:*.swp=00;90:*.tmp=00;90:*.ucf-dist=00;90:*.ucf-new=00;90:*.ucf-old=00;90:', 'AMENT_PREFIX_PATH': '/opt/ros/jazzy', 'SHELL': '/bin/bash', 'LESSCLOSE': '/usr/bin/lesspipe %s %s', 'ROS_AUTOMATIC_DISCOVERY_RANGE': 'SUBNET', 'PWD': '/home/epiibots/ros2_ws/build/calibration', 'LC_ALL': 'en_US.UTF-8', 'SSH_CONNECTION': '192.168.0.101 63419 192.168.0.67 22', 'XDG_DATA_DIRS': '/usr/share/gnome:/usr/local/share:/usr/share:/var/lib/snapd/desktop', 'PYTHONPATH': '/home/epiibots/ros2_ws/build/calibration/prefix_override:/usr/lib/python3/dist-packages/colcon_core/task/python/colcon_distutils_commands:/home/epiibots/ros2_ws/install/calibration/lib/python3.12/site-packages:/opt/ros/jazzy/lib/python3.12/site-packages', 'COLCON': '1', 'CMAKE_PREFIX_PATH': '/opt/ros/jazzy/opt/gz_sim_vendor:/opt/ros/jazzy/opt/gz_sensors_vendor:/opt/ros/jazzy/opt/gz_physics_vendor:/opt/ros/jazzy/opt/sdformat_vendor:/opt/ros/jazzy/opt/gz_gui_vendor:/opt/ros/jazzy/opt/gz_transport_vendor:/opt/ros/jazzy/opt/gz_rendering_vendor:/opt/ros/jazzy/opt/gz_plugin_vendor:/opt/ros/jazzy/opt/gz_fuel_tools_vendor:/opt/ros/jazzy/opt/gz_msgs_vendor:/opt/ros/jazzy/opt/gz_common_vendor:/opt/ros/jazzy/opt/gz_math_vendor:/opt/ros/jazzy/opt/gz_utils_vendor:/opt/ros/jazzy/opt/gz_tools_vendor:/opt/ros/jazzy/opt/gz_ogre_next_vendor:/opt/ros/jazzy/opt/gz_dartsim_vendor:/opt/ros/jazzy/opt/gz_cmake_vendor'}, 'shell': False}
[2.822134] (-) TimerEvent: {}
[2.827486] (bno055) Command: {'cmd': ['/usr/bin/python3', '-W', 'ignore:setup.py install is deprecated', '-W', 'ignore:easy_install command is deprecated', 'setup.py', 'egg_info', '--egg-base', '../../build/bno055', 'build', '--build-base', '/home/epiibots/ros2_ws/build/bno055/build', 'install', '--record', '/home/epiibots/ros2_ws/build/bno055/install.log', '--single-version-externally-managed', 'install_data'], 'cwd': '/home/epiibots/ros2_ws/src/bno055', 'env': {'LESSOPEN': '| /usr/bin/lesspipe %s', 'USER': 'epiibots', 'SSH_CLIENT': '192.168.0.101 63419 22', 'GZ_CONFIG_PATH': '/opt/ros/jazzy/opt/gz_sim_vendor/share/gz:/opt/ros/jazzy/opt/sdformat_vendor/share/gz:/opt/ros/jazzy/opt/gz_gui_vendor/share/gz:/opt/ros/jazzy/opt/gz_transport_vendor/share/gz:/opt/ros/jazzy/opt/gz_rendering_vendor/share/gz:/opt/ros/jazzy/opt/gz_plugin_vendor/share/gz:/opt/ros/jazzy/opt/gz_fuel_tools_vendor/share/gz:/opt/ros/jazzy/opt/gz_msgs_vendor/share/gz:/opt/ros/jazzy/opt/gz_common_vendor/share/gz', 'XDG_SESSION_TYPE': 'tty', 'SHLVL': '1', 'LD_LIBRARY_PATH': '/opt/ros/jazzy/opt/gz_sim_vendor/lib:/opt/ros/jazzy/opt/gz_sensors_vendor/lib:/opt/ros/jazzy/opt/gz_physics_vendor/lib:/opt/ros/jazzy/opt/sdformat_vendor/lib:/opt/ros/jazzy/opt/rviz_ogre_vendor/lib:/opt/ros/jazzy/lib/aarch64-linux-gnu:/opt/ros/jazzy/opt/gz_gui_vendor/lib:/opt/ros/jazzy/opt/gz_transport_vendor/lib:/opt/ros/jazzy/opt/gz_rendering_vendor/lib:/opt/ros/jazzy/opt/gz_plugin_vendor/lib:/opt/ros/jazzy/opt/gz_fuel_tools_vendor/lib:/opt/ros/jazzy/opt/gz_msgs_vendor/lib:/opt/ros/jazzy/opt/gz_common_vendor/lib:/opt/ros/jazzy/opt/gz_math_vendor/lib:/opt/ros/jazzy/opt/gz_utils_vendor/lib:/opt/ros/jazzy/opt/gz_tools_vendor/lib:/opt/ros/jazzy/opt/gz_ogre_next_vendor/lib:/opt/ros/jazzy/opt/gz_dartsim_vendor/lib:/opt/ros/jazzy/opt/gz_cmake_vendor/lib:/opt/ros/jazzy/lib', 'HOME': '/home/epiibots', 'OLDPWD': '/home/epiibots/ros2_ws/install', 'SSH_TTY': '/dev/pts/4', 'ROS_PYTHON_VERSION': '3', 'DBUS_SESSION_BUS_ADDRESS': 'unix:path=/run/user/1000/bus', 'DEBUGINFOD_URLS': 'https://debuginfod.ubuntu.com', 'ROS_DISTRO': 'jazzy', 'LOGNAME': 'epiibots', '_': '/usr/bin/colcon', 'ROS_VERSION': '2', 'XDG_SESSION_CLASS': 'user', 'TERM': 'xterm-256color', 'XDG_SESSION_ID': '11', 'PATH': '/opt/ros/jazzy/opt/gz_msgs_vendor/bin:/opt/ros/jazzy/opt/gz_tools_vendor/bin:/opt/ros/jazzy/opt/gz_ogre_next_vendor/bin:/opt/ros/jazzy/bin:/usr/local/sbin:/usr/local/bin:/usr/sbin:/usr/bin:/sbin:/bin:/usr/games:/usr/local/games:/snap/bin', 'XDG_RUNTIME_DIR': '/run/user/1000', 'LANG': 'en_US.UTF-8', 'LS_COLORS': 'rs=0:di=01;34:ln=01;36:mh=00:pi=40;33:so=01;35:do=01;35:bd=40;33;01:cd=40;33;01:or=40;31;01:mi=00:su=37;41:sg=30;43:ca=00:tw=30;42:ow=34;42:st=37;44:ex=01;32:*.tar=01;31:*.tgz=01;31:*.arc=01;31:*.arj=01;31:*.taz=01;31:*.lha=01;31:*.lz4=01;31:*.lzh=01;31:*.lzma=01;31:*.tlz=01;31:*.txz=01;31:*.tzo=01;31:*.t7z=01;31:*.zip=01;31:*.z=01;31:*.dz=01;31:*.gz=01;31:*.lrz=01;31:*.lz=01;31:*.lzo=01;31:*.xz=01;31:*.zst=01;31:*.tzst=01;31:*.bz2=01;31:*.bz=01;31:*.tbz=01;31:*.tbz2=01;31:*.tz=01;31:*.deb=01;31:*.rpm=01;31:*.jar=01;31:*.war=01;31:*.ear=01;31:*.sar=01;31:*.rar=01;31:*.alz=01;31:*.ace=01;31:*.zoo=01;31:*.cpio=01;31:*.7z=01;31:*.rz=01;31:*.cab=01;31:*.wim=01;31:*.swm=01;31:*.dwm=01;31:*.esd=01;31:*.avif=01;35:*.jpg=01;35:*.jpeg=01;35:*.mjpg=01;35:*.mjpeg=01;35:*.gif=01;35:*.bmp=01;35:*.pbm=01;35:*.pgm=01;35:*.ppm=01;35:*.tga=01;35:*.xbm=01;35:*.xpm=01;35:*.tif=01;35:*.tiff=01;35:*.png=01;35:*.svg=01;35:*.svgz=01;35:*.mng=01;35:*.pcx=01;35:*.mov=01;35:*.mpg=01;35:*.mpeg=01;35:*.m2v=01;35:*.mkv=01;35:*.webm=01;35:*.webp=01;35:*.ogm=01;35:*.mp4=01;35:*.m4v=01;35:*.mp4v=01;35:*.vob=01;35:*.qt=01;35:*.nuv=01;35:*.wmv=01;35:*.asf=01;35:*.rm=01;35:*.rmvb=01;35:*.flc=01;35:*.avi=01;35:*.fli=01;35:*.flv=01;35:*.gl=01;35:*.dl=01;35:*.xcf=01;35:*.xwd=01;35:*.yuv=01;35:*.cgm=01;35:*.emf=01;35:*.ogv=01;35:*.ogx=01;35:*.aac=00;36:*.au=00;36:*.flac=00;36:*.m4a=00;36:*.mid=00;36:*.midi=00;36:*.mka=00;36:*.mp3=00;36:*.mpc=00;36:*.ogg=00;36:*.ra=00;36:*.wav=00;36:*.oga=00;36:*.opus=00;36:*.spx=00;36:*.xspf=00;36:*~=00;90:*#=00;90:*.bak=00;90:*.crdownload=00;90:*.dpkg-dist=00;90:*.dpkg-new=00;90:*.dpkg-old=00;90:*.dpkg-tmp=00;90:*.old=00;90:*.orig=00;90:*.part=00;90:*.rej=00;90:*.rpmnew=00;90:*.rpmorig=00;90:*.rpmsave=00;90:*.swp=00;90:*.tmp=00;90:*.ucf-dist=00;90:*.ucf-new=00;90:*.ucf-old=00;90:', 'AMENT_PREFIX_PATH': '/opt/ros/jazzy', 'SHELL': '/bin/bash', 'LESSCLOSE': '/usr/bin/lesspipe %s %s', 'ROS_AUTOMATIC_DISCOVERY_RANGE': 'SUBNET', 'PWD': '/home/epiibots/ros2_ws/build/bno055', 'LC_ALL': 'en_US.UTF-8', 'SSH_CONNECTION': '192.168.0.101 63419 192.168.0.67 22', 'XDG_DATA_DIRS': '/usr/share/gnome:/usr/local/share:/usr/share:/var/lib/snapd/desktop', 'PYTHONPATH': '/home/epiibots/ros2_ws/build/bno055/prefix_override:/usr/lib/python3/dist-packages/colcon_core/task/python/colcon_distutils_commands:/home/epiibots/ros2_ws/install/bno055/lib/python3.12/site-packages:/opt/ros/jazzy/lib/python3.12/site-packages', 'COLCON': '1', 'CMAKE_PREFIX_PATH': '/opt/ros/jazzy/opt/gz_sim_vendor:/opt/ros/jazzy/opt/gz_sensors_vendor:/opt/ros/jazzy/opt/gz_physics_vendor:/opt/ros/jazzy/opt/sdformat_vendor:/opt/ros/jazzy/opt/gz_gui_vendor:/opt/ros/jazzy/opt/gz_transport_vendor:/opt/ros/jazzy/opt/gz_rendering_vendor:/opt/ros/jazzy/opt/gz_plugin_vendor:/opt/ros/jazzy/opt/gz_fuel_tools_vendor:/opt/ros/jazzy/opt/gz_msgs_vendor:/opt/ros/jazzy/opt/gz_common_vendor:/opt/ros/jazzy/opt/gz_math_vendor:/opt/ros/jazzy/opt/gz_utils_vendor:/opt/ros/jazzy/opt/gz_tools_vendor:/opt/ros/jazzy/opt/gz_ogre_next_vendor:/opt/ros/jazzy/opt/gz_dartsim_vendor:/opt/ros/jazzy/opt/gz_cmake_vendor'}, 'shell': False}
[2.922284] (-) TimerEvent: {}
[3.023148] (-) TimerEvent: {}
[3.127502] (-) TimerEvent: {}
[3.172542] (carrinho_base) Command: {'cmd': ['/usr/bin/python3', '-W', 'ignore:setup.py install is deprecated', '-W', 'ignore:easy_install command is deprecated', 'setup.py', 'egg_info', '--egg-base', '../../build/carrinho_base', 'build', '--build-base', '/home/epiibots/ros2_ws/build/carrinho_base/build', 'install', '--record', '/home/epiibots/ros2_ws/build/carrinho_base/install.log', '--single-version-externally-managed', 'install_data'], 'cwd': '/home/epiibots/ros2_ws/src/carrinho_base', 'env': {'LESSOPEN': '| /usr/bin/lesspipe %s', 'USER': 'epiibots', 'SSH_CLIENT': '192.168.0.101 63419 22', 'GZ_CONFIG_PATH': '/opt/ros/jazzy/opt/gz_sim_vendor/share/gz:/opt/ros/jazzy/opt/sdformat_vendor/share/gz:/opt/ros/jazzy/opt/gz_gui_vendor/share/gz:/opt/ros/jazzy/opt/gz_transport_vendor/share/gz:/opt/ros/jazzy/opt/gz_rendering_vendor/share/gz:/opt/ros/jazzy/opt/gz_plugin_vendor/share/gz:/opt/ros/jazzy/opt/gz_fuel_tools_vendor/share/gz:/opt/ros/jazzy/opt/gz_msgs_vendor/share/gz:/opt/ros/jazzy/opt/gz_common_vendor/share/gz', 'XDG_SESSION_TYPE': 'tty', 'SHLVL': '1', 'LD_LIBRARY_PATH': '/opt/ros/jazzy/opt/gz_sim_vendor/lib:/opt/ros/jazzy/opt/gz_sensors_vendor/lib:/opt/ros/jazzy/opt/gz_physics_vendor/lib:/opt/ros/jazzy/opt/sdformat_vendor/lib:/opt/ros/jazzy/opt/rviz_ogre_vendor/lib:/opt/ros/jazzy/lib/aarch64-linux-gnu:/opt/ros/jazzy/opt/gz_gui_vendor/lib:/opt/ros/jazzy/opt/gz_transport_vendor/lib:/opt/ros/jazzy/opt/gz_rendering_vendor/lib:/opt/ros/jazzy/opt/gz_plugin_vendor/lib:/opt/ros/jazzy/opt/gz_fuel_tools_vendor/lib:/opt/ros/jazzy/opt/gz_msgs_vendor/lib:/opt/ros/jazzy/opt/gz_common_vendor/lib:/opt/ros/jazzy/opt/gz_math_vendor/lib:/opt/ros/jazzy/opt/gz_utils_vendor/lib:/opt/ros/jazzy/opt/gz_tools_vendor/lib:/opt/ros/jazzy/opt/gz_ogre_next_vendor/lib:/opt/ros/jazzy/opt/gz_dartsim_vendor/lib:/opt/ros/jazzy/opt/gz_cmake_vendor/lib:/opt/ros/jazzy/lib', 'HOME': '/home/epiibots', 'OLDPWD': '/home/epiibots/ros2_ws/install', 'SSH_TTY': '/dev/pts/4', 'ROS_PYTHON_VERSION': '3', 'DBUS_SESSION_BUS_ADDRESS': 'unix:path=/run/user/1000/bus', 'DEBUGINFOD_URLS': 'https://debuginfod.ubuntu.com', 'ROS_DISTRO': 'jazzy', 'LOGNAME': 'epiibots', '_': '/usr/bin/colcon', 'ROS_VERSION': '2', 'XDG_SESSION_CLASS': 'user', 'TERM': 'xterm-256color', 'XDG_SESSION_ID': '11', 'PATH': '/opt/ros/jazzy/opt/gz_msgs_vendor/bin:/opt/ros/jazzy/opt/gz_tools_vendor/bin:/opt/ros/jazzy/opt/gz_ogre_next_vendor/bin:/opt/ros/jazzy/bin:/usr/local/sbin:/usr/local/bin:/usr/sbin:/usr/bin:/sbin:/bin:/usr/games:/usr/local/games:/snap/bin', 'XDG_RUNTIME_DIR': '/run/user/1000', 'LANG': 'en_US.UTF-8', 'LS_COLORS': 'rs=0:di=01;34:ln=01;36:mh=00:pi=40;33:so=01;35:do=01;35:bd=40;33;01:cd=40;33;01:or=40;31;01:mi=00:su=37;41:sg=30;43:ca=00:tw=30;42:ow=34;42:st=37;44:ex=01;32:*.tar=01;31:*.tgz=01;31:*.arc=01;31:*.arj=01;31:*.taz=01;31:*.lha=01;31:*.lz4=01;31:*.lzh=01;31:*.lzma=01;31:*.tlz=01;31:*.txz=01;31:*.tzo=01;31:*.t7z=01;31:*.zip=01;31:*.z=01;31:*.dz=01;31:*.gz=01;31:*.lrz=01;31:*.lz=01;31:*.lzo=01;31:*.xz=01;31:*.zst=01;31:*.tzst=01;31:*.bz2=01;31:*.bz=01;31:*.tbz=01;31:*.tbz2=01;31:*.tz=01;31:*.deb=01;31:*.rpm=01;31:*.jar=01;31:*.war=01;31:*.ear=01;31:*.sar=01;31:*.rar=01;31:*.alz=01;31:*.ace=01;31:*.zoo=01;31:*.cpio=01;31:*.7z=01;31:*.rz=01;31:*.cab=01;31:*.wim=01;31:*.swm=01;31:*.dwm=01;31:*.esd=01;31:*.avif=01;35:*.jpg=01;35:*.jpeg=01;35:*.mjpg=01;35:*.mjpeg=01;35:*.gif=01;35:*.bmp=01;35:*.pbm=01;35:*.pgm=01;35:*.ppm=01;35:*.tga=01;35:*.xbm=01;35:*.xpm=01;35:*.tif=01;35:*.tiff=01;35:*.png=01;35:*.svg=01;35:*.svgz=01;35:*.mng=01;35:*.pcx=01;35:*.mov=01;35:*.mpg=01;35:*.mpeg=01;35:*.m2v=01;35:*.mkv=01;35:*.webm=01;35:*.webp=01;35:*.ogm=01;35:*.mp4=01;35:*.m4v=01;35:*.mp4v=01;35:*.vob=01;35:*.qt=01;35:*.nuv=01;35:*.wmv=01;35:*.asf=01;35:*.rm=01;35:*.rmvb=01;35:*.flc=01;35:*.avi=01;35:*.fli=01;35:*.flv=01;35:*.gl=01;35:*.dl=01;35:*.xcf=01;35:*.xwd=01;35:*.yuv=01;35:*.cgm=01;35:*.emf=01;35:*.ogv=01;35:*.ogx=01;35:*.aac=00;36:*.au=00;36:*.flac=00;36:*.m4a=00;36:*.mid=00;36:*.midi=00;36:*.mka=00;36:*.mp3=00;36:*.mpc=00;36:*.ogg=00;36:*.ra=00;36:*.wav=00;36:*.oga=00;36:*.opus=00;36:*.spx=00;36:*.xspf=00;36:*~=00;90:*#=00;90:*.bak=00;90:*.crdownload=00;90:*.dpkg-dist=00;90:*.dpkg-new=00;90:*.dpkg-old=00;90:*.dpkg-tmp=00;90:*.old=00;90:*.orig=00;90:*.part=00;90:*.rej=00;90:*.rpmnew=00;90:*.rpmorig=00;90:*.rpmsave=00;90:*.swp=00;90:*.tmp=00;90:*.ucf-dist=00;90:*.ucf-new=00;90:*.ucf-old=00;90:', 'AMENT_PREFIX_PATH': '/opt/ros/jazzy', 'SHELL': '/bin/bash', 'LESSCLOSE': '/usr/bin/lesspipe %s %s', 'ROS_AUTOMATIC_DISCOVERY_RANGE': 'SUBNET', 'PWD': '/home/epiibots/ros2_ws/build/carrinho_base', 'LC_ALL': 'en_US.UTF-8', 'SSH_CONNECTION': '192.168.0.101 63419 192.168.0.67 22', 'XDG_DATA_DIRS': '/usr/share/gnome:/usr/local/share:/usr/share:/var/lib/snapd/desktop', 'PYTHONPATH': '/home/epiibots/ros2_ws/build/carrinho_base/prefix_override:/usr/lib/python3/dist-packages/colcon_core/task/python/colcon_distutils_commands:/home/epiibots/ros2_ws/install/carrinho_base/lib/python3.12/site-packages:/opt/ros/jazzy/lib/python3.12/site-packages', 'COLCON': '1', 'CMAKE_PREFIX_PATH': '/opt/ros/jazzy/opt/gz_sim_vendor:/opt/ros/jazzy/opt/gz_sensors_vendor:/opt/ros/jazzy/opt/gz_physics_vendor:/opt/ros/jazzy/opt/sdformat_vendor:/opt/ros/jazzy/opt/gz_gui_vendor:/opt/ros/jazzy/opt/gz_transport_vendor:/opt/ros/jazzy/opt/gz_rendering_vendor:/opt/ros/jazzy/opt/gz_plugin_vendor:/opt/ros/jazzy/opt/gz_fuel_tools_vendor:/opt/ros/jazzy/opt/gz_msgs_vendor:/opt/ros/jazzy/opt/gz_common_vendor:/opt/ros/jazzy/opt/gz_math_vendor:/opt/ros/jazzy/opt/gz_utils_vendor:/opt/ros/jazzy/opt/gz_tools_vendor:/opt/ros/jazzy/opt/gz_ogre_next_vendor:/opt/ros/jazzy/opt/gz_dartsim_vendor:/opt/ros/jazzy/opt/gz_cmake_vendor'}, 'shell': False}
[3.233619] (-) TimerEvent: {}
[3.334072] (-) TimerEvent: {}
[3.369129] (bno055) StdoutLine: {'line': b'running egg_info\n'}
[3.377511] (calibration) StdoutLine: {'line': b'running egg_info\n'}
[3.401038] (bno055) StdoutLine: {'line': b'writing ../../build/bno055/bno055.egg-info/PKG-INFO\n'}
[3.406218] (bno055) StdoutLine: {'line': b'writing dependency_links to ../../build/bno055/bno055.egg-info/dependency_links.txt\n'}
[3.408517] (bno055) StdoutLine: {'line': b'writing entry points to ../../build/bno055/bno055.egg-info/entry_points.txt\n'}
[3.409359] (calibration) StdoutLine: {'line': b'writing ../../build/calibration/calibration.egg-info/PKG-INFO\n'}
[3.409867] (bno055) StdoutLine: {'line': b'writing requirements to ../../build/bno055/bno055.egg-info/requires.txt\n'}
[3.412174] (bno055) StdoutLine: {'line': b'writing top-level names to ../../build/bno055/bno055.egg-info/top_level.txt\n'}
[3.413232] (calibration) StdoutLine: {'line': b'writing dependency_links to ../../build/calibration/calibration.egg-info/dependency_links.txt\n'}
[3.415234] (calibration) StdoutLine: {'line': b'writing entry points to ../../build/calibration/calibration.egg-info/entry_points.txt\n'}
[3.416203] (calibration) StdoutLine: {'line': b'writing requirements to ../../build/calibration/calibration.egg-info/requires.txt\n'}
[3.417576] (calibration) StdoutLine: {'line': b'writing top-level names to ../../build/calibration/calibration.egg-info/top_level.txt\n'}
[3.436478] (-) TimerEvent: {}
[3.467638] (bno055) StdoutLine: {'line': b"reading manifest file '../../build/bno055/bno055.egg-info/SOURCES.txt'\n"}
[3.472093] (calibration) StdoutLine: {'line': b"reading manifest file '../../build/calibration/calibration.egg-info/SOURCES.txt'\n"}
[3.472314] (bno055) StdoutLine: {'line': b"adding license file 'LICENSE'\n"}
[3.472434] (bno055) StdoutLine: {'line': b"adding license file 'AUTHORS'\n"}
[3.472523] (bno055) StdoutLine: {'line': b"writing manifest file '../../build/bno055/bno055.egg-info/SOURCES.txt'\n"}
[3.472601] (bno055) StdoutLine: {'line': b'running build\n'}
[3.472676] (bno055) StdoutLine: {'line': b'running build_py\n'}
[3.478189] (calibration) StdoutLine: {'line': b"adding license file 'LICENSE'\n"}
[3.478419] (calibration) StdoutLine: {'line': b"writing manifest file '../../build/calibration/calibration.egg-info/SOURCES.txt'\n"}
[3.478518] (calibration) StdoutLine: {'line': b'running build\n'}
[3.478594] (calibration) StdoutLine: {'line': b'running build_py\n'}
[3.484346] (bno055) StdoutLine: {'line': b'running install\n'}
[3.484629] (calibration) StdoutLine: {'line': b'running install\n'}
[3.493866] (bno055) StdoutLine: {'line': b'running install_lib\n'}
[3.494821] (calibration) StdoutLine: {'line': b'running install_lib\n'}
[3.523919] (calibration) StdoutLine: {'line': b'running install_data\n'}
[3.527464] (calibration) StdoutLine: {'line': b'running install_egg_info\n'}
[3.528873] (bno055) StdoutLine: {'line': b'running install_data\n'}
[3.533498] (bno055) StdoutLine: {'line': b'running install_egg_info\n'}
[3.536565] (-) TimerEvent: {}
[3.557109] (calibration) StdoutLine: {'line': b"removing '/home/epiibots/ros2_ws/install/calibration/lib/python3.12/site-packages/calibration-0.0.0-py3.12.egg-info' (and everything under it)\n"}
[3.558489] (bno055) StdoutLine: {'line': b"removing '/home/epiibots/ros2_ws/install/bno055/lib/python3.12/site-packages/bno055-0.5.0-py3.12.egg-info' (and everything under it)\n"}
[3.558985] (bno055) StdoutLine: {'line': b'Copying ../../build/bno055/bno055.egg-info to /home/epiibots/ros2_ws/install/bno055/lib/python3.12/site-packages/bno055-0.5.0-py3.12.egg-info\n'}
[3.560899] (calibration) StdoutLine: {'line': b'Copying ../../build/calibration/calibration.egg-info to /home/epiibots/ros2_ws/install/calibration/lib/python3.12/site-packages/calibration-0.0.0-py3.12.egg-info\n'}
[3.562479] (bno055) StdoutLine: {'line': b'running install_scripts\n'}
[3.565575] (calibration) StdoutLine: {'line': b'running install_scripts\n'}
[3.624706] (carrinho_base) StdoutLine: {'line': b'running egg_info\n'}
[3.636683] (-) TimerEvent: {}
[3.652484] (carrinho_base) StdoutLine: {'line': b'writing ../../build/carrinho_base/carrinho_base.egg-info/PKG-INFO\n'}
[3.656264] (carrinho_base) StdoutLine: {'line': b'writing dependency_links to ../../build/carrinho_base/carrinho_base.egg-info/dependency_links.txt\n'}
[3.658338] (carrinho_base) StdoutLine: {'line': b'writing entry points to ../../build/carrinho_base/carrinho_base.egg-info/entry_points.txt\n'}
[3.659350] (carrinho_base) StdoutLine: {'line': b'writing requirements to ../../build/carrinho_base/carrinho_base.egg-info/requires.txt\n'}
[3.660132] (carrinho_base) StdoutLine: {'line': b'writing top-level names to ../../build/carrinho_base/carrinho_base.egg-info/top_level.txt\n'}
[3.732833] (carrinho_base) StdoutLine: {'line': b"reading manifest file '../../build/carrinho_base/carrinho_base.egg-info/SOURCES.txt'\n"}
[3.736814] (-) TimerEvent: {}
[3.739183] (carrinho_base) StdoutLine: {'line': b"writing manifest file '../../build/carrinho_base/carrinho_base.egg-info/SOURCES.txt'\n"}
[3.740776] (carrinho_base) StdoutLine: {'line': b'running build\n'}
[3.741373] (carrinho_base) StdoutLine: {'line': b'running build_py\n'}
[3.745668] (carrinho_base) StdoutLine: {'line': b'running install\n'}
[3.758137] (carrinho_base) StdoutLine: {'line': b'running install_lib\n'}
[3.775105] (bno055) StdoutLine: {'line': b'Installing bno055 script to /home/epiibots/ros2_ws/install/bno055/lib/bno055\n'}
[3.779556] (bno055) StdoutLine: {'line': b"writing list of installed files to '/home/epiibots/ros2_ws/build/bno055/install.log'\n"}
[3.786353] (calibration) StdoutLine: {'line': b'Installing imu_save script to /home/epiibots/ros2_ws/install/calibration/lib/calibration\n'}
[3.791090] (calibration) StdoutLine: {'line': b"writing list of installed files to '/home/epiibots/ros2_ws/build/calibration/install.log'\n"}
[3.802103] (carrinho_base) StdoutLine: {'line': b'running install_data\n'}
[3.805775] (carrinho_base) StdoutLine: {'line': b'running install_egg_info\n'}
[3.836995] (-) TimerEvent: {}
[3.881669] (carrinho_base) StdoutLine: {'line': b"removing '/home/epiibots/ros2_ws/install/carrinho_base/lib/python3.12/site-packages/carrinho_base-0.0.0-py3.12.egg-info' (and everything under it)\n"}
[3.883804] (carrinho_base) StdoutLine: {'line': b'Copying ../../build/carrinho_base/carrinho_base.egg-info to /home/epiibots/ros2_ws/install/carrinho_base/lib/python3.12/site-packages/carrinho_base-0.0.0-py3.12.egg-info\n'}
[3.890445] (carrinho_base) StdoutLine: {'line': b'running install_scripts\n'}
[3.923162] (detector) Command: {'cmd': ['/usr/bin/python3', '-W', 'ignore:setup.py install is deprecated', '-W', 'ignore:easy_install command is deprecated', 'setup.py', 'egg_info', '--egg-base', '../../build/detector', 'build', '--build-base', '/home/epiibots/ros2_ws/build/detector/build', 'install', '--record', '/home/epiibots/ros2_ws/build/detector/install.log', '--single-version-externally-managed', 'install_data'], 'cwd': '/home/epiibots/ros2_ws/src/detector', 'env': {'LESSOPEN': '| /usr/bin/lesspipe %s', 'USER': 'epiibots', 'SSH_CLIENT': '192.168.0.101 63419 22', 'GZ_CONFIG_PATH': '/opt/ros/jazzy/opt/gz_sim_vendor/share/gz:/opt/ros/jazzy/opt/sdformat_vendor/share/gz:/opt/ros/jazzy/opt/gz_gui_vendor/share/gz:/opt/ros/jazzy/opt/gz_transport_vendor/share/gz:/opt/ros/jazzy/opt/gz_rendering_vendor/share/gz:/opt/ros/jazzy/opt/gz_plugin_vendor/share/gz:/opt/ros/jazzy/opt/gz_fuel_tools_vendor/share/gz:/opt/ros/jazzy/opt/gz_msgs_vendor/share/gz:/opt/ros/jazzy/opt/gz_common_vendor/share/gz', 'XDG_SESSION_TYPE': 'tty', 'SHLVL': '1', 'LD_LIBRARY_PATH': '/opt/ros/jazzy/opt/gz_sim_vendor/lib:/opt/ros/jazzy/opt/gz_sensors_vendor/lib:/opt/ros/jazzy/opt/gz_physics_vendor/lib:/opt/ros/jazzy/opt/sdformat_vendor/lib:/opt/ros/jazzy/opt/rviz_ogre_vendor/lib:/opt/ros/jazzy/lib/aarch64-linux-gnu:/opt/ros/jazzy/opt/gz_gui_vendor/lib:/opt/ros/jazzy/opt/gz_transport_vendor/lib:/opt/ros/jazzy/opt/gz_rendering_vendor/lib:/opt/ros/jazzy/opt/gz_plugin_vendor/lib:/opt/ros/jazzy/opt/gz_fuel_tools_vendor/lib:/opt/ros/jazzy/opt/gz_msgs_vendor/lib:/opt/ros/jazzy/opt/gz_common_vendor/lib:/opt/ros/jazzy/opt/gz_math_vendor/lib:/opt/ros/jazzy/opt/gz_utils_vendor/lib:/opt/ros/jazzy/opt/gz_tools_vendor/lib:/opt/ros/jazzy/opt/gz_ogre_next_vendor/lib:/opt/ros/jazzy/opt/gz_dartsim_vendor/lib:/opt/ros/jazzy/opt/gz_cmake_vendor/lib:/opt/ros/jazzy/lib', 'HOME': '/home/epiibots', 'OLDPWD': '/home/epiibots/ros2_ws/install', 'SSH_TTY': '/dev/pts/4', 'ROS_PYTHON_VERSION': '3', 'DBUS_SESSION_BUS_ADDRESS': 'unix:path=/run/user/1000/bus', 'DEBUGINFOD_URLS': 'https://debuginfod.ubuntu.com', 'ROS_DISTRO': 'jazzy', 'LOGNAME': 'epiibots', '_': '/usr/bin/colcon', 'ROS_VERSION': '2', 'XDG_SESSION_CLASS': 'user', 'TERM': 'xterm-256color', 'XDG_SESSION_ID': '11', 'PATH': '/opt/ros/jazzy/opt/gz_msgs_vendor/bin:/opt/ros/jazzy/opt/gz_tools_vendor/bin:/opt/ros/jazzy/opt/gz_ogre_next_vendor/bin:/opt/ros/jazzy/bin:/usr/local/sbin:/usr/local/bin:/usr/sbin:/usr/bin:/sbin:/bin:/usr/games:/usr/local/games:/snap/bin', 'XDG_RUNTIME_DIR': '/run/user/1000', 'LANG': 'en_US.UTF-8', 'LS_COLORS': 'rs=0:di=01;34:ln=01;36:mh=00:pi=40;33:so=01;35:do=01;35:bd=40;33;01:cd=40;33;01:or=40;31;01:mi=00:su=37;41:sg=30;43:ca=00:tw=30;42:ow=34;42:st=37;44:ex=01;32:*.tar=01;31:*.tgz=01;31:*.arc=01;31:*.arj=01;31:*.taz=01;31:*.lha=01;31:*.lz4=01;31:*.lzh=01;31:*.lzma=01;31:*.tlz=01;31:*.txz=01;31:*.tzo=01;31:*.t7z=01;31:*.zip=01;31:*.z=01;31:*.dz=01;31:*.gz=01;31:*.lrz=01;31:*.lz=01;31:*.lzo=01;31:*.xz=01;31:*.zst=01;31:*.tzst=01;31:*.bz2=01;31:*.bz=01;31:*.tbz=01;31:*.tbz2=01;31:*.tz=01;31:*.deb=01;31:*.rpm=01;31:*.jar=01;31:*.war=01;31:*.ear=01;31:*.sar=01;31:*.rar=01;31:*.alz=01;31:*.ace=01;31:*.zoo=01;31:*.cpio=01;31:*.7z=01;31:*.rz=01;31:*.cab=01;31:*.wim=01;31:*.swm=01;31:*.dwm=01;31:*.esd=01;31:*.avif=01;35:*.jpg=01;35:*.jpeg=01;35:*.mjpg=01;35:*.mjpeg=01;35:*.gif=01;35:*.bmp=01;35:*.pbm=01;35:*.pgm=01;35:*.ppm=01;35:*.tga=01;35:*.xbm=01;35:*.xpm=01;35:*.tif=01;35:*.tiff=01;35:*.png=01;35:*.svg=01;35:*.svgz=01;35:*.mng=01;35:*.pcx=01;35:*.mov=01;35:*.mpg=01;35:*.mpeg=01;35:*.m2v=01;35:*.mkv=01;35:*.webm=01;35:*.webp=01;35:*.ogm=01;35:*.mp4=01;35:*.m4v=01;35:*.mp4v=01;35:*.vob=01;35:*.qt=01;35:*.nuv=01;35:*.wmv=01;35:*.asf=01;35:*.rm=01;35:*.rmvb=01;35:*.flc=01;35:*.avi=01;35:*.fli=01;35:*.flv=01;35:*.gl=01;35:*.dl=01;35:*.xcf=01;35:*.xwd=01;35:*.yuv=01;35:*.cgm=01;35:*.emf=01;35:*.ogv=01;35:*.ogx=01;35:*.aac=00;36:*.au=00;36:*.flac=00;36:*.m4a=00;36:*.mid=00;36:*.midi=00;36:*.mka=00;36:*.mp3=00;36:*.mpc=00;36:*.ogg=00;36:*.ra=00;36:*.wav=00;36:*.oga=00;36:*.opus=00;36:*.spx=00;36:*.xspf=00;36:*~=00;90:*#=00;90:*.bak=00;90:*.crdownload=00;90:*.dpkg-dist=00;90:*.dpkg-new=00;90:*.dpkg-old=00;90:*.dpkg-tmp=00;90:*.old=00;90:*.orig=00;90:*.part=00;90:*.rej=00;90:*.rpmnew=00;90:*.rpmorig=00;90:*.rpmsave=00;90:*.swp=00;90:*.tmp=00;90:*.ucf-dist=00;90:*.ucf-new=00;90:*.ucf-old=00;90:', 'AMENT_PREFIX_PATH': '/opt/ros/jazzy', 'SHELL': '/bin/bash', 'LESSCLOSE': '/usr/bin/lesspipe %s %s', 'ROS_AUTOMATIC_DISCOVERY_RANGE': 'SUBNET', 'PWD': '/home/epiibots/ros2_ws/build/detector', 'LC_ALL': 'en_US.UTF-8', 'SSH_CONNECTION': '192.168.0.101 63419 192.168.0.67 22', 'XDG_DATA_DIRS': '/usr/share/gnome:/usr/local/share:/usr/share:/var/lib/snapd/desktop', 'PYTHONPATH': '/home/epiibots/ros2_ws/build/detector/prefix_override:/usr/lib/python3/dist-packages/colcon_core/task/python/colcon_distutils_commands:/home/epiibots/ros2_ws/install/detector/lib/python3.12/site-packages:/opt/ros/jazzy/lib/python3.12/site-packages', 'COLCON': '1', 'CMAKE_PREFIX_PATH': '/opt/ros/jazzy/opt/gz_sim_vendor:/opt/ros/jazzy/opt/gz_sensors_vendor:/opt/ros/jazzy/opt/gz_physics_vendor:/opt/ros/jazzy/opt/sdformat_vendor:/opt/ros/jazzy/opt/gz_gui_vendor:/opt/ros/jazzy/opt/gz_transport_vendor:/opt/ros/jazzy/opt/gz_rendering_vendor:/opt/ros/jazzy/opt/gz_plugin_vendor:/opt/ros/jazzy/opt/gz_fuel_tools_vendor:/opt/ros/jazzy/opt/gz_msgs_vendor:/opt/ros/jazzy/opt/gz_common_vendor:/opt/ros/jazzy/opt/gz_math_vendor:/opt/ros/jazzy/opt/gz_utils_vendor:/opt/ros/jazzy/opt/gz_tools_vendor:/opt/ros/jazzy/opt/gz_ogre_next_vendor:/opt/ros/jazzy/opt/gz_dartsim_vendor:/opt/ros/jazzy/opt/gz_cmake_vendor'}, 'shell': False}
[3.939525] (-) TimerEvent: {}
[3.983591] (bno055) CommandEnded: {'returncode': 0}
[4.001095] (bno055) JobEnded: {'identifier': 'bno055', 'rc': 0}
[4.002559] (drive_base_msgs) JobStarted: {'identifier': 'drive_base_msgs'}
[4.010268] (calibration) CommandEnded: {'returncode': 0}
[4.022350] (calibration) JobEnded: {'identifier': 'calibration', 'rc': 0}
[4.024218] (lidar_teste) JobStarted: {'identifier': 'lidar_teste'}
[4.035467] (drive_base_msgs) JobProgress: {'identifier': 'drive_base_msgs', 'progress': 'cmake'}
[4.038484] (drive_base_msgs) JobProgress: {'identifier': 'drive_base_msgs', 'progress': 'build'}
[4.038889] (drive_base_msgs) Command: {'cmd': ['/usr/bin/cmake', '--build', '/home/epiibots/ros2_ws/build/drive_base_msgs', '--', '-j4', '-l4'], 'cwd': '/home/epiibots/ros2_ws/build/drive_base_msgs', 'env': OrderedDict({'LESSOPEN': '| /usr/bin/lesspipe %s', 'USER': 'epiibots', 'SSH_CLIENT': '192.168.0.101 63419 22', 'GZ_CONFIG_PATH': '/opt/ros/jazzy/opt/gz_sim_vendor/share/gz:/opt/ros/jazzy/opt/sdformat_vendor/share/gz:/opt/ros/jazzy/opt/gz_gui_vendor/share/gz:/opt/ros/jazzy/opt/gz_transport_vendor/share/gz:/opt/ros/jazzy/opt/gz_rendering_vendor/share/gz:/opt/ros/jazzy/opt/gz_plugin_vendor/share/gz:/opt/ros/jazzy/opt/gz_fuel_tools_vendor/share/gz:/opt/ros/jazzy/opt/gz_msgs_vendor/share/gz:/opt/ros/jazzy/opt/gz_common_vendor/share/gz', 'XDG_SESSION_TYPE': 'tty', 'SHLVL': '1', 'LD_LIBRARY_PATH': '/opt/ros/jazzy/opt/gz_sim_vendor/lib:/opt/ros/jazzy/opt/gz_sensors_vendor/lib:/opt/ros/jazzy/opt/gz_physics_vendor/lib:/opt/ros/jazzy/opt/sdformat_vendor/lib:/opt/ros/jazzy/opt/rviz_ogre_vendor/lib:/opt/ros/jazzy/lib/aarch64-linux-gnu:/opt/ros/jazzy/opt/gz_gui_vendor/lib:/opt/ros/jazzy/opt/gz_transport_vendor/lib:/opt/ros/jazzy/opt/gz_rendering_vendor/lib:/opt/ros/jazzy/opt/gz_plugin_vendor/lib:/opt/ros/jazzy/opt/gz_fuel_tools_vendor/lib:/opt/ros/jazzy/opt/gz_msgs_vendor/lib:/opt/ros/jazzy/opt/gz_common_vendor/lib:/opt/ros/jazzy/opt/gz_math_vendor/lib:/opt/ros/jazzy/opt/gz_utils_vendor/lib:/opt/ros/jazzy/opt/gz_tools_vendor/lib:/opt/ros/jazzy/opt/gz_ogre_next_vendor/lib:/opt/ros/jazzy/opt/gz_dartsim_vendor/lib:/opt/ros/jazzy/opt/gz_cmake_vendor/lib:/opt/ros/jazzy/lib', 'HOME': '/home/epiibots', 'OLDPWD': '/home/epiibots/ros2_ws/install', 'SSH_TTY': '/dev/pts/4', 'ROS_PYTHON_VERSION': '3', 'DBUS_SESSION_BUS_ADDRESS': 'unix:path=/run/user/1000/bus', 'DEBUGINFOD_URLS': 'https://debuginfod.ubuntu.com', 'ROS_DISTRO': 'jazzy', 'LOGNAME': 'epiibots', '_': '/usr/bin/colcon', 'ROS_VERSION': '2', 'XDG_SESSION_CLASS': 'user', 'TERM': 'xterm-256color', 'XDG_SESSION_ID': '11', 'PATH': '/opt/ros/jazzy/opt/gz_msgs_vendor/bin:/opt/ros/jazzy/opt/gz_tools_vendor/bin:/opt/ros/jazzy/opt/gz_ogre_next_vendor/bin:/opt/ros/jazzy/bin:/usr/local/sbin:/usr/local/bin:/usr/sbin:/usr/bin:/sbin:/bin:/usr/games:/usr/local/games:/snap/bin', 'XDG_RUNTIME_DIR': '/run/user/1000', 'LANG': 'en_US.UTF-8', 'LS_COLORS': 'rs=0:di=01;34:ln=01;36:mh=00:pi=40;33:so=01;35:do=01;35:bd=40;33;01:cd=40;33;01:or=40;31;01:mi=00:su=37;41:sg=30;43:ca=00:tw=30;42:ow=34;42:st=37;44:ex=01;32:*.tar=01;31:*.tgz=01;31:*.arc=01;31:*.arj=01;31:*.taz=01;31:*.lha=01;31:*.lz4=01;31:*.lzh=01;31:*.lzma=01;31:*.tlz=01;31:*.txz=01;31:*.tzo=01;31:*.t7z=01;31:*.zip=01;31:*.z=01;31:*.dz=01;31:*.gz=01;31:*.lrz=01;31:*.lz=01;31:*.lzo=01;31:*.xz=01;31:*.zst=01;31:*.tzst=01;31:*.bz2=01;31:*.bz=01;31:*.tbz=01;31:*.tbz2=01;31:*.tz=01;31:*.deb=01;31:*.rpm=01;31:*.jar=01;31:*.war=01;31:*.ear=01;31:*.sar=01;31:*.rar=01;31:*.alz=01;31:*.ace=01;31:*.zoo=01;31:*.cpio=01;31:*.7z=01;31:*.rz=01;31:*.cab=01;31:*.wim=01;31:*.swm=01;31:*.dwm=01;31:*.esd=01;31:*.avif=01;35:*.jpg=01;35:*.jpeg=01;35:*.mjpg=01;35:*.mjpeg=01;35:*.gif=01;35:*.bmp=01;35:*.pbm=01;35:*.pgm=01;35:*.ppm=01;35:*.tga=01;35:*.xbm=01;35:*.xpm=01;35:*.tif=01;35:*.tiff=01;35:*.png=01;35:*.svg=01;35:*.svgz=01;35:*.mng=01;35:*.pcx=01;35:*.mov=01;35:*.mpg=01;35:*.mpeg=01;35:*.m2v=01;35:*.mkv=01;35:*.webm=01;35:*.webp=01;35:*.ogm=01;35:*.mp4=01;35:*.m4v=01;35:*.mp4v=01;35:*.vob=01;35:*.qt=01;35:*.nuv=01;35:*.wmv=01;35:*.asf=01;35:*.rm=01;35:*.rmvb=01;35:*.flc=01;35:*.avi=01;35:*.fli=01;35:*.flv=01;35:*.gl=01;35:*.dl=01;35:*.xcf=01;35:*.xwd=01;35:*.yuv=01;35:*.cgm=01;35:*.emf=01;35:*.ogv=01;35:*.ogx=01;35:*.aac=00;36:*.au=00;36:*.flac=00;36:*.m4a=00;36:*.mid=00;36:*.midi=00;36:*.mka=00;36:*.mp3=00;36:*.mpc=00;36:*.ogg=00;36:*.ra=00;36:*.wav=00;36:*.oga=00;36:*.opus=00;36:*.spx=00;36:*.xspf=00;36:*~=00;90:*#=00;90:*.bak=00;90:*.crdownload=00;90:*.dpkg-dist=00;90:*.dpkg-new=00;90:*.dpkg-old=00;90:*.dpkg-tmp=00;90:*.old=00;90:*.orig=00;90:*.part=00;90:*.rej=00;90:*.rpmnew=00;90:*.rpmorig=00;90:*.rpmsave=00;90:*.swp=00;90:*.tmp=00;90:*.ucf-dist=00;90:*.ucf-new=00;90:*.ucf-old=00;90:', 'AMENT_PREFIX_PATH': '/opt/ros/jazzy', 'SHELL': '/bin/bash', 'LESSCLOSE': '/usr/bin/lesspipe %s %s', 'ROS_AUTOMATIC_DISCOVERY_RANGE': 'SUBNET', 'PWD': '/home/epiibots/ros2_ws/build/drive_base_msgs', 'LC_ALL': 'en_US.UTF-8', 'SSH_CONNECTION': '192.168.0.101 63419 192.168.0.67 22', 'XDG_DATA_DIRS': '/usr/share/gnome:/usr/local/share:/usr/share:/var/lib/snapd/desktop', 'PYTHONPATH': '/opt/ros/jazzy/lib/python3.12/site-packages', 'COLCON': '1', 'CMAKE_PREFIX_PATH': '/opt/ros/jazzy/opt/gz_sim_vendor:/opt/ros/jazzy/opt/gz_sensors_vendor:/opt/ros/jazzy/opt/gz_physics_vendor:/opt/ros/jazzy/opt/sdformat_vendor:/opt/ros/jazzy/opt/gz_gui_vendor:/opt/ros/jazzy/opt/gz_transport_vendor:/opt/ros/jazzy/opt/gz_rendering_vendor:/opt/ros/jazzy/opt/gz_plugin_vendor:/opt/ros/jazzy/opt/gz_fuel_tools_vendor:/opt/ros/jazzy/opt/gz_msgs_vendor:/opt/ros/jazzy/opt/gz_common_vendor:/opt/ros/jazzy/opt/gz_math_vendor:/opt/ros/jazzy/opt/gz_utils_vendor:/opt/ros/jazzy/opt/gz_tools_vendor:/opt/ros/jazzy/opt/gz_ogre_next_vendor:/opt/ros/jazzy/opt/gz_dartsim_vendor:/opt/ros/jazzy/opt/gz_cmake_vendor:/opt/ros/jazzy'}), 'shell': False}
[4.039903] (-) TimerEvent: {}
[4.142506] (-) TimerEvent: {}
[4.166484] (carrinho_base) StdoutLine: {'line': b'Installing checkpoint_player script to /home/epiibots/ros2_ws/install/carrinho_base/lib/carrinho_base\n'}
[4.169572] (carrinho_base) StdoutLine: {'line': b'Installing checkpoint_recorder script to /home/epiibots/ros2_ws/install/carrinho_base/lib/carrinho_base\n'}
[4.173787] (carrinho_base) StdoutLine: {'line': b'Installing motor_control script to /home/epiibots/ros2_ws/install/carrinho_base/lib/carrinho_base\n'}
[4.174704] (carrinho_base) StdoutLine: {'line': b"writing list of installed files to '/home/epiibots/ros2_ws/build/carrinho_base/install.log'\n"}
[4.236851] (drive_base_msgs) StdoutLine: {'line': b'[  1%] Built target drive_base_msgs__rosidl_generator_type_description\n'}
[4.246171] (-) TimerEvent: {}
[4.282717] (drive_base_msgs) StdoutLine: {'line': b'[  3%] Built target drive_base_msgs__rs\n'}
[4.347498] (-) TimerEvent: {}
[4.355590] (drive_base_msgs) StdoutLine: {'line': b'[  3%] Built target ament_cmake_python_copy_drive_base_msgs\n'}
[4.356888] (drive_base_msgs) StdoutLine: {'line': b'[  4%] Built target drive_base_msgs__cpp\n'}
[4.363959] (drive_base_msgs) StdoutLine: {'line': b'[ 26%] Built target drive_base_msgs__rosidl_generator_c\n'}
[4.450573] (-) TimerEvent: {}
[4.468436] (drive_base_msgs) StdoutLine: {'line': b'[ 35%] Built target drive_base_msgs__rosidl_typesupport_fastrtps_c\n'}
[4.481541] (drive_base_msgs) StdoutLine: {'line': b'[ 44%] Built target drive_base_msgs__rosidl_typesupport_cpp\n'}
[4.492503] (drive_base_msgs) StdoutLine: {'line': b'[ 53%] Built target drive_base_msgs__rosidl_typesupport_fastrtps_cpp\n'}
[4.550735] (-) TimerEvent: {}
[4.564259] (detector) StdoutLine: {'line': b'running egg_info\n'}
[4.592601] (drive_base_msgs) StdoutLine: {'line': b'[ 63%] Built target drive_base_msgs__rosidl_typesupport_introspection_c\n'}
[4.607510] (detector) StdoutLine: {'line': b'writing ../../build/detector/detector.egg-info/PKG-INFO\n'}
[4.612514] (detector) StdoutLine: {'line': b'writing dependency_links to ../../build/detector/detector.egg-info/dependency_links.txt\n'}
[4.613935] (drive_base_msgs) StdoutLine: {'line': b'[ 72%] Built target drive_base_msgs__rosidl_typesupport_c\n'}
[4.614552] (drive_base_msgs) StdoutLine: {'line': b'[ 81%] Built target drive_base_msgs__rosidl_typesupport_introspection_cpp\n'}
[4.614888] (detector) StdoutLine: {'line': b'writing entry points to ../../build/detector/detector.egg-info/entry_points.txt\n'}
[4.615744] (detector) StdoutLine: {'line': b'writing requirements to ../../build/detector/detector.egg-info/requires.txt\n'}
[4.616487] (detector) StdoutLine: {'line': b'writing top-level names to ../../build/detector/detector.egg-info/top_level.txt\n'}
[4.637844] (carrinho_base) CommandEnded: {'returncode': 0}
[4.650821] (-) TimerEvent: {}
[4.655751] (carrinho_base) JobEnded: {'identifier': 'carrinho_base', 'rc': 0}
[4.659026] (micro_ros_setup) JobStarted: {'identifier': 'micro_ros_setup'}
[4.673698] (drive_base_msgs) StdoutLine: {'line': b'[ 81%] Built target drive_base_msgs\n'}
[4.675732] (micro_ros_setup) JobProgress: {'identifier': 'micro_ros_setup', 'progress': 'cmake'}
[4.681713] (micro_ros_setup) JobProgress: {'identifier': 'micro_ros_setup', 'progress': 'build'}
[4.682146] (micro_ros_setup) Command: {'cmd': ['/usr/bin/cmake', '--build', '/home/epiibots/ros2_ws/build/micro_ros_setup', '--', '-j4', '-l4'], 'cwd': '/home/epiibots/ros2_ws/build/micro_ros_setup', 'env': OrderedDict({'LESSOPEN': '| /usr/bin/lesspipe %s', 'USER': 'epiibots', 'SSH_CLIENT': '192.168.0.101 63419 22', 'GZ_CONFIG_PATH': '/opt/ros/jazzy/opt/gz_sim_vendor/share/gz:/opt/ros/jazzy/opt/sdformat_vendor/share/gz:/opt/ros/jazzy/opt/gz_gui_vendor/share/gz:/opt/ros/jazzy/opt/gz_transport_vendor/share/gz:/opt/ros/jazzy/opt/gz_rendering_vendor/share/gz:/opt/ros/jazzy/opt/gz_plugin_vendor/share/gz:/opt/ros/jazzy/opt/gz_fuel_tools_vendor/share/gz:/opt/ros/jazzy/opt/gz_msgs_vendor/share/gz:/opt/ros/jazzy/opt/gz_common_vendor/share/gz', 'XDG_SESSION_TYPE': 'tty', 'SHLVL': '1', 'LD_LIBRARY_PATH': '/opt/ros/jazzy/opt/gz_sim_vendor/lib:/opt/ros/jazzy/opt/gz_sensors_vendor/lib:/opt/ros/jazzy/opt/gz_physics_vendor/lib:/opt/ros/jazzy/opt/sdformat_vendor/lib:/opt/ros/jazzy/opt/rviz_ogre_vendor/lib:/opt/ros/jazzy/lib/aarch64-linux-gnu:/opt/ros/jazzy/opt/gz_gui_vendor/lib:/opt/ros/jazzy/opt/gz_transport_vendor/lib:/opt/ros/jazzy/opt/gz_rendering_vendor/lib:/opt/ros/jazzy/opt/gz_plugin_vendor/lib:/opt/ros/jazzy/opt/gz_fuel_tools_vendor/lib:/opt/ros/jazzy/opt/gz_msgs_vendor/lib:/opt/ros/jazzy/opt/gz_common_vendor/lib:/opt/ros/jazzy/opt/gz_math_vendor/lib:/opt/ros/jazzy/opt/gz_utils_vendor/lib:/opt/ros/jazzy/opt/gz_tools_vendor/lib:/opt/ros/jazzy/opt/gz_ogre_next_vendor/lib:/opt/ros/jazzy/opt/gz_dartsim_vendor/lib:/opt/ros/jazzy/opt/gz_cmake_vendor/lib:/opt/ros/jazzy/lib', 'HOME': '/home/epiibots', 'OLDPWD': '/home/epiibots/ros2_ws/install', 'SSH_TTY': '/dev/pts/4', 'ROS_PYTHON_VERSION': '3', 'DBUS_SESSION_BUS_ADDRESS': 'unix:path=/run/user/1000/bus', 'DEBUGINFOD_URLS': 'https://debuginfod.ubuntu.com', 'ROS_DISTRO': 'jazzy', 'LOGNAME': 'epiibots', '_': '/usr/bin/colcon', 'ROS_VERSION': '2', 'XDG_SESSION_CLASS': 'user', 'TERM': 'xterm-256color', 'XDG_SESSION_ID': '11', 'PATH': '/opt/ros/jazzy/opt/gz_msgs_vendor/bin:/opt/ros/jazzy/opt/gz_tools_vendor/bin:/opt/ros/jazzy/opt/gz_ogre_next_vendor/bin:/opt/ros/jazzy/bin:/usr/local/sbin:/usr/local/bin:/usr/sbin:/usr/bin:/sbin:/bin:/usr/games:/usr/local/games:/snap/bin', 'XDG_RUNTIME_DIR': '/run/user/1000', 'LANG': 'en_US.UTF-8', 'LS_COLORS': 'rs=0:di=01;34:ln=01;36:mh=00:pi=40;33:so=01;35:do=01;35:bd=40;33;01:cd=40;33;01:or=40;31;01:mi=00:su=37;41:sg=30;43:ca=00:tw=30;42:ow=34;42:st=37;44:ex=01;32:*.tar=01;31:*.tgz=01;31:*.arc=01;31:*.arj=01;31:*.taz=01;31:*.lha=01;31:*.lz4=01;31:*.lzh=01;31:*.lzma=01;31:*.tlz=01;31:*.txz=01;31:*.tzo=01;31:*.t7z=01;31:*.zip=01;31:*.z=01;31:*.dz=01;31:*.gz=01;31:*.lrz=01;31:*.lz=01;31:*.lzo=01;31:*.xz=01;31:*.zst=01;31:*.tzst=01;31:*.bz2=01;31:*.bz=01;31:*.tbz=01;31:*.tbz2=01;31:*.tz=01;31:*.deb=01;31:*.rpm=01;31:*.jar=01;31:*.war=01;31:*.ear=01;31:*.sar=01;31:*.rar=01;31:*.alz=01;31:*.ace=01;31:*.zoo=01;31:*.cpio=01;31:*.7z=01;31:*.rz=01;31:*.cab=01;31:*.wim=01;31:*.swm=01;31:*.dwm=01;31:*.esd=01;31:*.avif=01;35:*.jpg=01;35:*.jpeg=01;35:*.mjpg=01;35:*.mjpeg=01;35:*.gif=01;35:*.bmp=01;35:*.pbm=01;35:*.pgm=01;35:*.ppm=01;35:*.tga=01;35:*.xbm=01;35:*.xpm=01;35:*.tif=01;35:*.tiff=01;35:*.png=01;35:*.svg=01;35:*.svgz=01;35:*.mng=01;35:*.pcx=01;35:*.mov=01;35:*.mpg=01;35:*.mpeg=01;35:*.m2v=01;35:*.mkv=01;35:*.webm=01;35:*.webp=01;35:*.ogm=01;35:*.mp4=01;35:*.m4v=01;35:*.mp4v=01;35:*.vob=01;35:*.qt=01;35:*.nuv=01;35:*.wmv=01;35:*.asf=01;35:*.rm=01;35:*.rmvb=01;35:*.flc=01;35:*.avi=01;35:*.fli=01;35:*.flv=01;35:*.gl=01;35:*.dl=01;35:*.xcf=01;35:*.xwd=01;35:*.yuv=01;35:*.cgm=01;35:*.emf=01;35:*.ogv=01;35:*.ogx=01;35:*.aac=00;36:*.au=00;36:*.flac=00;36:*.m4a=00;36:*.mid=00;36:*.midi=00;36:*.mka=00;36:*.mp3=00;36:*.mpc=00;36:*.ogg=00;36:*.ra=00;36:*.wav=00;36:*.oga=00;36:*.opus=00;36:*.spx=00;36:*.xspf=00;36:*~=00;90:*#=00;90:*.bak=00;90:*.crdownload=00;90:*.dpkg-dist=00;90:*.dpkg-new=00;90:*.dpkg-old=00;90:*.dpkg-tmp=00;90:*.old=00;90:*.orig=00;90:*.part=00;90:*.rej=00;90:*.rpmnew=00;90:*.rpmorig=00;90:*.rpmsave=00;90:*.swp=00;90:*.tmp=00;90:*.ucf-dist=00;90:*.ucf-new=00;90:*.ucf-old=00;90:', 'AMENT_PREFIX_PATH': '/opt/ros/jazzy', 'SHELL': '/bin/bash', 'LESSCLOSE': '/usr/bin/lesspipe %s %s', 'ROS_AUTOMATIC_DISCOVERY_RANGE': 'SUBNET', 'PWD': '/home/epiibots/ros2_ws/build/micro_ros_setup', 'LC_ALL': 'en_US.UTF-8', 'SSH_CONNECTION': '192.168.0.101 63419 192.168.0.67 22', 'XDG_DATA_DIRS': '/usr/share/gnome:/usr/local/share:/usr/share:/var/lib/snapd/desktop', 'PYTHONPATH': '/opt/ros/jazzy/lib/python3.12/site-packages', 'COLCON': '1', 'CMAKE_PREFIX_PATH': '/opt/ros/jazzy/opt/gz_sim_vendor:/opt/ros/jazzy/opt/gz_sensors_vendor:/opt/ros/jazzy/opt/gz_physics_vendor:/opt/ros/jazzy/opt/sdformat_vendor:/opt/ros/jazzy/opt/gz_gui_vendor:/opt/ros/jazzy/opt/gz_transport_vendor:/opt/ros/jazzy/opt/gz_rendering_vendor:/opt/ros/jazzy/opt/gz_plugin_vendor:/opt/ros/jazzy/opt/gz_fuel_tools_vendor:/opt/ros/jazzy/opt/gz_msgs_vendor:/opt/ros/jazzy/opt/gz_common_vendor:/opt/ros/jazzy/opt/gz_math_vendor:/opt/ros/jazzy/opt/gz_utils_vendor:/opt/ros/jazzy/opt/gz_tools_vendor:/opt/ros/jazzy/opt/gz_ogre_next_vendor:/opt/ros/jazzy/opt/gz_dartsim_vendor:/opt/ros/jazzy/opt/gz_cmake_vendor:/opt/ros/jazzy'}), 'shell': False}
[4.700514] (detector) StdoutLine: {'line': b"reading manifest file '../../build/detector/detector.egg-info/SOURCES.txt'\n"}
[4.705667] (detector) StdoutLine: {'line': b"adding license file 'LICENSE'\n"}
[4.706047] (detector) StdoutLine: {'line': b"writing manifest file '../../build/detector/detector.egg-info/SOURCES.txt'\n"}
[4.706316] (detector) StdoutLine: {'line': b'running build\n'}
[4.708876] (detector) StdoutLine: {'line': b'running build_py\n'}
[4.716231] (detector) StdoutLine: {'line': b'running install\n'}
[4.733769] (detector) StdoutLine: {'line': b'running install_lib\n'}
[4.739150] (drive_base_msgs) StdoutLine: {'line': b'[ 83%] Built target drive_base_msgs__py\n'}
[4.750971] (-) TimerEvent: {}
[4.772429] (detector) StdoutLine: {'line': b'running install_data\n'}
[4.779569] (detector) StdoutLine: {'line': b'running install_egg_info\n'}
[4.812736] (detector) StdoutLine: {'line': b"removing '/home/epiibots/ros2_ws/install/detector/lib/python3.12/site-packages/detector-0.0.0-py3.12.egg-info' (and everything under it)\n"}
[4.819271] (detector) StdoutLine: {'line': b'Copying ../../build/detector/detector.egg-info to /home/epiibots/ros2_ws/install/detector/lib/python3.12/site-packages/detector-0.0.0-py3.12.egg-info\n'}
[4.822488] (micro_ros_setup) CommandEnded: {'returncode': 0}
[4.824868] (detector) StdoutLine: {'line': b'running install_scripts\n'}
[4.830840] (micro_ros_setup) JobProgress: {'identifier': 'micro_ros_setup', 'progress': 'install'}
[4.830929] (drive_base_msgs) StdoutLine: {'line': b'[ 90%] Built target drive_base_msgs__rosidl_generator_py\n'}
[4.831181] (micro_ros_setup) Command: {'cmd': ['/usr/bin/cmake', '--install', '/home/epiibots/ros2_ws/build/micro_ros_setup'], 'cwd': '/home/epiibots/ros2_ws/build/micro_ros_setup', 'env': OrderedDict({'LESSOPEN': '| /usr/bin/lesspipe %s', 'USER': 'epiibots', 'SSH_CLIENT': '192.168.0.101 63419 22', 'GZ_CONFIG_PATH': '/opt/ros/jazzy/opt/gz_sim_vendor/share/gz:/opt/ros/jazzy/opt/sdformat_vendor/share/gz:/opt/ros/jazzy/opt/gz_gui_vendor/share/gz:/opt/ros/jazzy/opt/gz_transport_vendor/share/gz:/opt/ros/jazzy/opt/gz_rendering_vendor/share/gz:/opt/ros/jazzy/opt/gz_plugin_vendor/share/gz:/opt/ros/jazzy/opt/gz_fuel_tools_vendor/share/gz:/opt/ros/jazzy/opt/gz_msgs_vendor/share/gz:/opt/ros/jazzy/opt/gz_common_vendor/share/gz', 'XDG_SESSION_TYPE': 'tty', 'SHLVL': '1', 'LD_LIBRARY_PATH': '/opt/ros/jazzy/opt/gz_sim_vendor/lib:/opt/ros/jazzy/opt/gz_sensors_vendor/lib:/opt/ros/jazzy/opt/gz_physics_vendor/lib:/opt/ros/jazzy/opt/sdformat_vendor/lib:/opt/ros/jazzy/opt/rviz_ogre_vendor/lib:/opt/ros/jazzy/lib/aarch64-linux-gnu:/opt/ros/jazzy/opt/gz_gui_vendor/lib:/opt/ros/jazzy/opt/gz_transport_vendor/lib:/opt/ros/jazzy/opt/gz_rendering_vendor/lib:/opt/ros/jazzy/opt/gz_plugin_vendor/lib:/opt/ros/jazzy/opt/gz_fuel_tools_vendor/lib:/opt/ros/jazzy/opt/gz_msgs_vendor/lib:/opt/ros/jazzy/opt/gz_common_vendor/lib:/opt/ros/jazzy/opt/gz_math_vendor/lib:/opt/ros/jazzy/opt/gz_utils_vendor/lib:/opt/ros/jazzy/opt/gz_tools_vendor/lib:/opt/ros/jazzy/opt/gz_ogre_next_vendor/lib:/opt/ros/jazzy/opt/gz_dartsim_vendor/lib:/opt/ros/jazzy/opt/gz_cmake_vendor/lib:/opt/ros/jazzy/lib', 'HOME': '/home/epiibots', 'OLDPWD': '/home/epiibots/ros2_ws/install', 'SSH_TTY': '/dev/pts/4', 'ROS_PYTHON_VERSION': '3', 'DBUS_SESSION_BUS_ADDRESS': 'unix:path=/run/user/1000/bus', 'DEBUGINFOD_URLS': 'https://debuginfod.ubuntu.com', 'ROS_DISTRO': 'jazzy', 'LOGNAME': 'epiibots', '_': '/usr/bin/colcon', 'ROS_VERSION': '2', 'XDG_SESSION_CLASS': 'user', 'TERM': 'xterm-256color', 'XDG_SESSION_ID': '11', 'PATH': '/opt/ros/jazzy/opt/gz_msgs_vendor/bin:/opt/ros/jazzy/opt/gz_tools_vendor/bin:/opt/ros/jazzy/opt/gz_ogre_next_vendor/bin:/opt/ros/jazzy/bin:/usr/local/sbin:/usr/local/bin:/usr/sbin:/usr/bin:/sbin:/bin:/usr/games:/usr/local/games:/snap/bin', 'XDG_RUNTIME_DIR': '/run/user/1000', 'LANG': 'en_US.UTF-8', 'LS_COLORS': 'rs=0:di=01;34:ln=01;36:mh=00:pi=40;33:so=01;35:do=01;35:bd=40;33;01:cd=40;33;01:or=40;31;01:mi=00:su=37;41:sg=30;43:ca=00:tw=30;42:ow=34;42:st=37;44:ex=01;32:*.tar=01;31:*.tgz=01;31:*.arc=01;31:*.arj=01;31:*.taz=01;31:*.lha=01;31:*.lz4=01;31:*.lzh=01;31:*.lzma=01;31:*.tlz=01;31:*.txz=01;31:*.tzo=01;31:*.t7z=01;31:*.zip=01;31:*.z=01;31:*.dz=01;31:*.gz=01;31:*.lrz=01;31:*.lz=01;31:*.lzo=01;31:*.xz=01;31:*.zst=01;31:*.tzst=01;31:*.bz2=01;31:*.bz=01;31:*.tbz=01;31:*.tbz2=01;31:*.tz=01;31:*.deb=01;31:*.rpm=01;31:*.jar=01;31:*.war=01;31:*.ear=01;31:*.sar=01;31:*.rar=01;31:*.alz=01;31:*.ace=01;31:*.zoo=01;31:*.cpio=01;31:*.7z=01;31:*.rz=01;31:*.cab=01;31:*.wim=01;31:*.swm=01;31:*.dwm=01;31:*.esd=01;31:*.avif=01;35:*.jpg=01;35:*.jpeg=01;35:*.mjpg=01;35:*.mjpeg=01;35:*.gif=01;35:*.bmp=01;35:*.pbm=01;35:*.pgm=01;35:*.ppm=01;35:*.tga=01;35:*.xbm=01;35:*.xpm=01;35:*.tif=01;35:*.tiff=01;35:*.png=01;35:*.svg=01;35:*.svgz=01;35:*.mng=01;35:*.pcx=01;35:*.mov=01;35:*.mpg=01;35:*.mpeg=01;35:*.m2v=01;35:*.mkv=01;35:*.webm=01;35:*.webp=01;35:*.ogm=01;35:*.mp4=01;35:*.m4v=01;35:*.mp4v=01;35:*.vob=01;35:*.qt=01;35:*.nuv=01;35:*.wmv=01;35:*.asf=01;35:*.rm=01;35:*.rmvb=01;35:*.flc=01;35:*.avi=01;35:*.fli=01;35:*.flv=01;35:*.gl=01;35:*.dl=01;35:*.xcf=01;35:*.xwd=01;35:*.yuv=01;35:*.cgm=01;35:*.emf=01;35:*.ogv=01;35:*.ogx=01;35:*.aac=00;36:*.au=00;36:*.flac=00;36:*.m4a=00;36:*.mid=00;36:*.midi=00;36:*.mka=00;36:*.mp3=00;36:*.mpc=00;36:*.ogg=00;36:*.ra=00;36:*.wav=00;36:*.oga=00;36:*.opus=00;36:*.spx=00;36:*.xspf=00;36:*~=00;90:*#=00;90:*.bak=00;90:*.crdownload=00;90:*.dpkg-dist=00;90:*.dpkg-new=00;90:*.dpkg-old=00;90:*.dpkg-tmp=00;90:*.old=00;90:*.orig=00;90:*.part=00;90:*.rej=00;90:*.rpmnew=00;90:*.rpmorig=00;90:*.rpmsave=00;90:*.swp=00;90:*.tmp=00;90:*.ucf-dist=00;90:*.ucf-new=00;90:*.ucf-old=00;90:', 'AMENT_PREFIX_PATH': '/opt/ros/jazzy', 'SHELL': '/bin/bash', 'LESSCLOSE': '/usr/bin/lesspipe %s %s', 'ROS_AUTOMATIC_DISCOVERY_RANGE': 'SUBNET', 'PWD': '/home/epiibots/ros2_ws/build/micro_ros_setup', 'LC_ALL': 'en_US.UTF-8', 'SSH_CONNECTION': '192.168.0.101 63419 192.168.0.67 22', 'XDG_DATA_DIRS': '/usr/share/gnome:/usr/local/share:/usr/share:/var/lib/snapd/desktop', 'PYTHONPATH': '/opt/ros/jazzy/lib/python3.12/site-packages', 'COLCON': '1', 'CMAKE_PREFIX_PATH': '/opt/ros/jazzy/opt/gz_sim_vendor:/opt/ros/jazzy/opt/gz_sensors_vendor:/opt/ros/jazzy/opt/gz_physics_vendor:/opt/ros/jazzy/opt/sdformat_vendor:/opt/ros/jazzy/opt/gz_gui_vendor:/opt/ros/jazzy/opt/gz_transport_vendor:/opt/ros/jazzy/opt/gz_rendering_vendor:/opt/ros/jazzy/opt/gz_plugin_vendor:/opt/ros/jazzy/opt/gz_fuel_tools_vendor:/opt/ros/jazzy/opt/gz_msgs_vendor:/opt/ros/jazzy/opt/gz_common_vendor:/opt/ros/jazzy/opt/gz_math_vendor:/opt/ros/jazzy/opt/gz_utils_vendor:/opt/ros/jazzy/opt/gz_tools_vendor:/opt/ros/jazzy/opt/gz_ogre_next_vendor:/opt/ros/jazzy/opt/gz_dartsim_vendor:/opt/ros/jazzy/opt/gz_cmake_vendor:/opt/ros/jazzy'}), 'shell': False}
[4.851134] (-) TimerEvent: {}
[4.873424] (micro_ros_setup) StdoutLine: {'line': b'-- Install configuration: ""\n'}
[4.875129] (micro_ros_setup) StdoutLine: {'line': b'-- Up-to-date: /home/epiibots/ros2_ws/install/micro_ros_setup/share/ament_index/resource_index/package_run_dependencies/micro_ros_setup\n'}
[4.878457] (micro_ros_setup) StdoutLine: {'line': b'-- Up-to-date: /home/epiibots/ros2_ws/install/micro_ros_setup/share/ament_index/resource_index/parent_prefix_path/micro_ros_setup\n'}
[4.878706] (micro_ros_setup) StdoutLine: {'line': b'-- Up-to-date: /home/epiibots/ros2_ws/install/micro_ros_setup/share/micro_ros_setup/environment/ament_prefix_path.sh\n'}
[4.878801] (micro_ros_setup) StdoutLine: {'line': b'-- Up-to-date: /home/epiibots/ros2_ws/install/micro_ros_setup/share/micro_ros_setup/environment/ament_prefix_path.dsv\n'}
[4.878883] (micro_ros_setup) StdoutLine: {'line': b'-- Up-to-date: /home/epiibots/ros2_ws/install/micro_ros_setup/share/micro_ros_setup/environment/path.sh\n'}
[4.878965] (micro_ros_setup) StdoutLine: {'line': b'-- Up-to-date: /home/epiibots/ros2_ws/install/micro_ros_setup/share/micro_ros_setup/environment/path.dsv\n'}
[4.879043] (micro_ros_setup) StdoutLine: {'line': b'-- Up-to-date: /home/epiibots/ros2_ws/install/micro_ros_setup/share/micro_ros_setup/local_setup.bash\n'}
[4.879122] (micro_ros_setup) StdoutLine: {'line': b'-- Up-to-date: /home/epiibots/ros2_ws/install/micro_ros_setup/share/micro_ros_setup/local_setup.sh\n'}
[4.880316] (micro_ros_setup) StdoutLine: {'line': b'-- Up-to-date: /home/epiibots/ros2_ws/install/micro_ros_setup/share/micro_ros_setup/local_setup.zsh\n'}
[4.880649] (micro_ros_setup) StdoutLine: {'line': b'-- Up-to-date: /home/epiibots/ros2_ws/install/micro_ros_setup/share/micro_ros_setup/local_setup.dsv\n'}
[4.880806] (micro_ros_setup) StdoutLine: {'line': b'-- Installing: /home/epiibots/ros2_ws/install/micro_ros_setup/share/micro_ros_setup/package.dsv\n'}
[4.882789] (micro_ros_setup) StdoutLine: {'line': b'-- Up-to-date: /home/epiibots/ros2_ws/install/micro_ros_setup/share/ament_index/resource_index/packages/micro_ros_setup\n'}
[4.883273] (micro_ros_setup) StdoutLine: {'line': b'-- Up-to-date: /home/epiibots/ros2_ws/install/micro_ros_setup/share/micro_ros_setup/cmake/micro_ros_setupConfig.cmake\n'}
[4.883503] (micro_ros_setup) StdoutLine: {'line': b'-- Up-to-date: /home/epiibots/ros2_ws/install/micro_ros_setup/share/micro_ros_setup/cmake/micro_ros_setupConfig-version.cmake\n'}
[4.883904] (micro_ros_setup) StdoutLine: {'line': b'-- Up-to-date: /home/epiibots/ros2_ws/install/micro_ros_setup/share/micro_ros_setup/package.xml\n'}
[4.884029] (micro_ros_setup) StdoutLine: {'line': b'-- Up-to-date: /home/epiibots/ros2_ws/install/micro_ros_setup/./config\n'}
[4.884113] (micro_ros_setup) StdoutLine: {'line': b'-- Up-to-date: /home/epiibots/ros2_ws/install/micro_ros_setup/./config/generate_lib\n'}
[4.884282] (micro_ros_setup) StdoutLine: {'line': b'-- Up-to-date: /home/epiibots/ros2_ws/install/micro_ros_setup/./config/generate_lib/generic\n'}
[4.887845] (micro_ros_setup) StdoutLine: {'line': b'-- Up-to-date: /home/epiibots/ros2_ws/install/micro_ros_setup/./config/generate_lib/generic/create.sh\n'}
[4.888724] (micro_ros_setup) StdoutLine: {'line': b'-- Up-to-date: /home/epiibots/ros2_ws/install/micro_ros_setup/./config/generate_lib/generic/package.xml\n'}
[4.888871] (micro_ros_setup) StdoutLine: {'line': b'-- Up-to-date: /home/epiibots/ros2_ws/install/micro_ros_setup/./config/generate_lib/generic/flash.sh\n'}
[4.889588] (micro_ros_setup) StdoutLine: {'line': b'-- Up-to-date: /home/epiibots/ros2_ws/install/micro_ros_setup/./config/generate_lib/generic/build.sh\n'}
[4.889776] (micro_ros_setup) StdoutLine: {'line': b'-- Up-to-date: /home/epiibots/ros2_ws/install/micro_ros_setup/./config/generate_lib/generic/demo_toolchain.cmake\n'}
[4.889902] (micro_ros_setup) StdoutLine: {'line': b'-- Up-to-date: /home/epiibots/ros2_ws/install/micro_ros_setup/./config/generate_lib/generic/client-colcon.meta\n'}
[4.891182] (micro_ros_setup) StdoutLine: {'line': b'-- Up-to-date: /home/epiibots/ros2_ws/install/micro_ros_setup/./config/generate_lib/generic/client_uros_packages.repos\n'}
[4.891328] (micro_ros_setup) StdoutLine: {'line': b'-- Up-to-date: /home/epiibots/ros2_ws/install/micro_ros_setup/./config/generate_lib/dev_uros_packages.repos\n'}
[4.892339] (micro_ros_setup) StdoutLine: {'line': b'-- Up-to-date: /home/epiibots/ros2_ws/install/micro_ros_setup/./config/generate_lib/dev_ros2_packages.txt\n'}
[4.893912] (micro_ros_setup) StdoutLine: {'line': b'-- Up-to-date: /home/epiibots/ros2_ws/install/micro_ros_setup/./config/raspbian\n'}
[4.894043] (micro_ros_setup) StdoutLine: {'line': b'-- Up-to-date: /home/epiibots/ros2_ws/install/micro_ros_setup/./config/raspbian/generic\n'}
[4.894168] (micro_ros_setup) StdoutLine: {'line': b'-- Up-to-date: /home/epiibots/ros2_ws/install/micro_ros_setup/./config/raspbian/generic/supported_platforms\n'}
[4.894269] (micro_ros_setup) StdoutLine: {'line': b'-- Up-to-date: /home/epiibots/ros2_ws/install/micro_ros_setup/./config/raspbian/generic/create.sh\n'}
[4.894361] (micro_ros_setup) StdoutLine: {'line': b'-- Up-to-date: /home/epiibots/ros2_ws/install/micro_ros_setup/./config/raspbian/generic/flash.sh\n'}
[4.894487] (micro_ros_setup) StdoutLine: {'line': b'-- Up-to-date: /home/epiibots/ros2_ws/install/micro_ros_setup/./config/raspbian/generic/build.sh\n'}
[4.894575] (micro_ros_setup) StdoutLine: {'line': b'-- Up-to-date: /home/epiibots/ros2_ws/install/micro_ros_setup/./config/raspbian/generic/client-colcon.meta\n'}
[4.894919] (micro_ros_setup) StdoutLine: {'line': b'-- Up-to-date: /home/epiibots/ros2_ws/install/micro_ros_setup/./config/raspbian/generic/client_uros_packages.repos\n'}
[4.895305] (micro_ros_setup) StdoutLine: {'line': b'-- Up-to-date: /home/epiibots/ros2_ws/install/micro_ros_setup/./config/raspbian/generic/configure.sh\n'}
[4.895447] (micro_ros_setup) StdoutLine: {'line': b'-- Up-to-date: /home/epiibots/ros2_ws/install/micro_ros_setup/./config/raspbian/dev_uros_packages.repos\n'}
[4.895567] (micro_ros_setup) StdoutLine: {'line': b'-- Up-to-date: /home/epiibots/ros2_ws/install/micro_ros_setup/./config/raspbian/dev_ros2_packages.txt\n'}
[4.895659] (micro_ros_setup) StdoutLine: {'line': b'-- Up-to-date: /home/epiibots/ros2_ws/install/micro_ros_setup/./config/agent_uros_packages.repos\n'}
[4.895785] (micro_ros_setup) StdoutLine: {'line': b'-- Up-to-date: /home/epiibots/ros2_ws/install/micro_ros_setup/./config/utils.sh\n'}
[4.895874] (micro_ros_setup) StdoutLine: {'line': b'-- Up-to-date: /home/epiibots/ros2_ws/install/micro_ros_setup/./config/client_ros2_packages.txt\n'}
[4.895966] (micro_ros_setup) StdoutLine: {'line': b'-- Up-to-date: /home/epiibots/ros2_ws/install/micro_ros_setup/./config/zephyr\n'}
[4.896049] (micro_ros_setup) StdoutLine: {'line': b'-- Up-to-date: /home/epiibots/ros2_ws/install/micro_ros_setup/./config/zephyr/generic\n'}
[4.896141] (micro_ros_setup) StdoutLine: {'line': b'-- Up-to-date: /home/epiibots/ros2_ws/install/micro_ros_setup/./config/zephyr/generic/supported_platforms\n'}
[4.896232] (micro_ros_setup) StdoutLine: {'line': b'-- Up-to-date: /home/epiibots/ros2_ws/install/micro_ros_setup/./config/zephyr/generic/board.repos\n'}
[4.896318] (micro_ros_setup) StdoutLine: {'line': b'-- Up-to-date: /home/epiibots/ros2_ws/install/micro_ros_setup/./config/zephyr/generic/create.sh\n'}
[4.898196] (micro_ros_setup) StdoutLine: {'line': b'-- Up-to-date: /home/epiibots/ros2_ws/install/micro_ros_setup/./config/zephyr/generic/package.xml\n'}
[4.898607] (micro_ros_setup) StdoutLine: {'line': b'-- Up-to-date: /home/epiibots/ros2_ws/install/micro_ros_setup/./config/zephyr/generic/flash.sh\n'}
[4.898707] (micro_ros_setup) StdoutLine: {'line': b'-- Up-to-date: /home/epiibots/ros2_ws/install/micro_ros_setup/./config/zephyr/generic/build.sh\n'}
[4.898787] (micro_ros_setup) StdoutLine: {'line': b'-- Up-to-date: /home/epiibots/ros2_ws/install/micro_ros_setup/./config/zephyr/generic/client-colcon.meta\n'}
[4.898871] (micro_ros_setup) StdoutLine: {'line': b'-- Up-to-date: /home/epiibots/ros2_ws/install/micro_ros_setup/./config/zephyr/generic/client_uros_packages.repos\n'}
[4.898958] (micro_ros_setup) StdoutLine: {'line': b'-- Up-to-date: /home/epiibots/ros2_ws/install/micro_ros_setup/./config/zephyr/generic/configure.sh\n'}
[4.899047] (micro_ros_setup) StdoutLine: {'line': b'-- Up-to-date: /home/epiibots/ros2_ws/install/micro_ros_setup/./config/zephyr/dev_uros_packages.repos\n'}
[4.899138] (micro_ros_setup) StdoutLine: {'line': b'-- Up-to-date: /home/epiibots/ros2_ws/install/micro_ros_setup/./config/zephyr/list_apps.sh\n'}
[4.899219] (micro_ros_setup) StdoutLine: {'line': b'-- Up-to-date: /home/epiibots/ros2_ws/install/micro_ros_setup/./config/zephyr/dev_ros2_packages.txt\n'}
[4.899294] (micro_ros_setup) StdoutLine: {'line': b'-- Up-to-date: /home/epiibots/ros2_ws/install/micro_ros_setup/./config/freertos\n'}
[4.899375] (micro_ros_setup) StdoutLine: {'line': b'-- Up-to-date: /home/epiibots/ros2_ws/install/micro_ros_setup/./config/freertos/esp32\n'}
[4.899611] (micro_ros_setup) StdoutLine: {'line': b'-- Up-to-date: /home/epiibots/ros2_ws/install/micro_ros_setup/./config/freertos/esp32/README.md\n'}
[4.900661] (micro_ros_setup) StdoutLine: {'line': b'-- Up-to-date: /home/epiibots/ros2_ws/install/micro_ros_setup/./config/freertos/esp32/board.repos\n'}
[4.900785] (micro_ros_setup) StdoutLine: {'line': b'-- Up-to-date: /home/epiibots/ros2_ws/install/micro_ros_setup/./config/freertos/esp32/create.sh\n'}
[4.900869] (micro_ros_setup) StdoutLine: {'line': b'-- Up-to-date: /home/epiibots/ros2_ws/install/micro_ros_setup/./config/freertos/esp32/package.xml\n'}
[4.900993] (micro_ros_setup) StdoutLine: {'line': b'-- Up-to-date: /home/epiibots/ros2_ws/install/micro_ros_setup/./config/freertos/esp32/flash.sh\n'}
[4.901083] (micro_ros_setup) StdoutLine: {'line': b'-- Up-to-date: /home/epiibots/ros2_ws/install/micro_ros_setup/./config/freertos/esp32/build.sh\n'}
[4.901171] (micro_ros_setup) StdoutLine: {'line': b'-- Up-to-date: /home/epiibots/ros2_ws/install/micro_ros_setup/./config/freertos/esp32/client-colcon.meta\n'}
[4.901265] (micro_ros_setup) StdoutLine: {'line': b'-- Up-to-date: /home/epiibots/ros2_ws/install/micro_ros_setup/./config/freertos/esp32/client_uros_packages.repos\n'}
[4.901355] (micro_ros_setup) StdoutLine: {'line': b'-- Up-to-date: /home/epiibots/ros2_ws/install/micro_ros_setup/./config/freertos/esp32/configure.sh\n'}
[4.901624] (micro_ros_setup) StdoutLine: {'line': b'-- Up-to-date: /home/epiibots/ros2_ws/install/micro_ros_setup/./config/freertos/crazyflie21\n'}
[4.901735] (micro_ros_setup) StdoutLine: {'line': b'-- Up-to-date: /home/epiibots/ros2_ws/install/micro_ros_setup/./config/freertos/crazyflie21/board.repos\n'}
[4.901839] (micro_ros_setup) StdoutLine: {'line': b'-- Up-to-date: /home/epiibots/ros2_ws/install/micro_ros_setup/./config/freertos/crazyflie21/create.sh\n'}
[4.901935] (micro_ros_setup) StdoutLine: {'line': b'-- Up-to-date: /home/epiibots/ros2_ws/install/micro_ros_setup/./config/freertos/crazyflie21/package.xml\n'}
[4.902019] (micro_ros_setup) StdoutLine: {'line': b'-- Up-to-date: /home/epiibots/ros2_ws/install/micro_ros_setup/./config/freertos/crazyflie21/flash.sh\n'}
[4.902098] (micro_ros_setup) StdoutLine: {'line': b'-- Up-to-date: /home/epiibots/ros2_ws/install/micro_ros_setup/./config/freertos/crazyflie21/build.sh\n'}
[4.902173] (micro_ros_setup) StdoutLine: {'line': b'-- Up-to-date: /home/epiibots/ros2_ws/install/micro_ros_setup/./config/freertos/crazyflie21/client-colcon.meta\n'}
[4.902250] (micro_ros_setup) StdoutLine: {'line': b'-- Up-to-date: /home/epiibots/ros2_ws/install/micro_ros_setup/./config/freertos/crazyflie21/client_uros_packages.repos\n'}
[4.902333] (micro_ros_setup) StdoutLine: {'line': b'-- Up-to-date: /home/epiibots/ros2_ws/install/micro_ros_setup/./config/freertos/crazyflie21/configure.sh\n'}
[4.902441] (micro_ros_setup) StdoutLine: {'line': b'-- Up-to-date: /home/epiibots/ros2_ws/install/micro_ros_setup/./config/freertos/nucleo_f446ze\n'}
[4.902541] (micro_ros_setup) StdoutLine: {'line': b'-- Up-to-date: /home/epiibots/ros2_ws/install/micro_ros_setup/./config/freertos/nucleo_f446ze/board.repos\n'}
[4.902638] (micro_ros_setup) StdoutLine: {'line': b'-- Up-to-date: /home/epiibots/ros2_ws/install/micro_ros_setup/./config/freertos/nucleo_f446ze/create.sh\n'}
[4.902743] (micro_ros_setup) StdoutLine: {'line': b'-- Up-to-date: /home/epiibots/ros2_ws/install/micro_ros_setup/./config/freertos/nucleo_f446ze/package.xml\n'}
[4.902859] (micro_ros_setup) StdoutLine: {'line': b'-- Up-to-date: /home/epiibots/ros2_ws/install/micro_ros_setup/./config/freertos/nucleo_f446ze/flash.sh\n'}
[4.902953] (micro_ros_setup) StdoutLine: {'line': b'-- Up-to-date: /home/epiibots/ros2_ws/install/micro_ros_setup/./config/freertos/nucleo_f446ze/build.sh\n'}
[4.903059] (micro_ros_setup) StdoutLine: {'line': b'-- Up-to-date: /home/epiibots/ros2_ws/install/micro_ros_setup/./config/freertos/nucleo_f446ze/client-colcon.meta\n'}
[4.903142] (micro_ros_setup) StdoutLine: {'line': b'-- Up-to-date: /home/epiibots/ros2_ws/install/micro_ros_setup/./config/freertos/nucleo_f446ze/client_uros_packages.repos\n'}
[4.903220] (micro_ros_setup) StdoutLine: {'line': b'-- Up-to-date: /home/epiibots/ros2_ws/install/micro_ros_setup/./config/freertos/nucleo_f446ze/configure.sh\n'}
[4.903297] (micro_ros_setup) StdoutLine: {'line': b'-- Up-to-date: /home/epiibots/ros2_ws/install/micro_ros_setup/./config/freertos/dev_uros_packages.repos\n'}
[4.903376] (micro_ros_setup) StdoutLine: {'line': b'-- Up-to-date: /home/epiibots/ros2_ws/install/micro_ros_setup/./config/freertos/list_apps.sh\n'}
[4.903485] (micro_ros_setup) StdoutLine: {'line': b'-- Up-to-date: /home/epiibots/ros2_ws/install/micro_ros_setup/./config/freertos/nucleo_f767zi\n'}
[4.903585] (micro_ros_setup) StdoutLine: {'line': b'-- Up-to-date: /home/epiibots/ros2_ws/install/micro_ros_setup/./config/freertos/nucleo_f767zi/board.repos\n'}
[4.903671] (micro_ros_setup) StdoutLine: {'line': b'-- Up-to-date: /home/epiibots/ros2_ws/install/micro_ros_setup/./config/freertos/nucleo_f767zi/create.sh\n'}
[4.903754] (micro_ros_setup) StdoutLine: {'line': b'-- Up-to-date: /home/epiibots/ros2_ws/install/micro_ros_setup/./config/freertos/nucleo_f767zi/package.xml\n'}
[4.903837] (micro_ros_setup) StdoutLine: {'line': b'-- Up-to-date: /home/epiibots/ros2_ws/install/micro_ros_setup/./config/freertos/nucleo_f767zi/flash.sh\n'}
[4.903918] (micro_ros_setup) StdoutLine: {'line': b'-- Up-to-date: /home/epiibots/ros2_ws/install/micro_ros_setup/./config/freertos/nucleo_f767zi/build.sh\n'}
[4.903998] (micro_ros_setup) StdoutLine: {'line': b'-- Up-to-date: /home/epiibots/ros2_ws/install/micro_ros_setup/./config/freertos/nucleo_f767zi/client-colcon.meta\n'}
[4.904074] (micro_ros_setup) StdoutLine: {'line': b'-- Up-to-date: /home/epiibots/ros2_ws/install/micro_ros_setup/./config/freertos/nucleo_f767zi/client_uros_packages.repos\n'}
[4.904156] (micro_ros_setup) StdoutLine: {'line': b'-- Up-to-date: /home/epiibots/ros2_ws/install/micro_ros_setup/./config/freertos/nucleo_f767zi/configure.sh\n'}
[4.904235] (micro_ros_setup) StdoutLine: {'line': b'-- Up-to-date: /home/epiibots/ros2_ws/install/micro_ros_setup/./config/freertos/nucleo_f746zg\n'}
[4.904321] (micro_ros_setup) StdoutLine: {'line': b'-- Up-to-date: /home/epiibots/ros2_ws/install/micro_ros_setup/./config/freertos/nucleo_f746zg/board.repos\n'}
[4.904426] (micro_ros_setup) StdoutLine: {'line': b'-- Up-to-date: /home/epiibots/ros2_ws/install/micro_ros_setup/./config/freertos/nucleo_f746zg/create.sh\n'}
[4.904541] (micro_ros_setup) StdoutLine: {'line': b'-- Up-to-date: /home/epiibots/ros2_ws/install/micro_ros_setup/./config/freertos/nucleo_f746zg/package.xml\n'}
[4.904657] (micro_ros_setup) StdoutLine: {'line': b'-- Up-to-date: /home/epiibots/ros2_ws/install/micro_ros_setup/./config/freertos/nucleo_f746zg/flash.sh\n'}
[4.904917] (micro_ros_setup) StdoutLine: {'line': b'-- Up-to-date: /home/epiibots/ros2_ws/install/micro_ros_setup/./config/freertos/nucleo_f746zg/build.sh\n'}
[4.905114] (micro_ros_setup) StdoutLine: {'line': b'-- Up-to-date: /home/epiibots/ros2_ws/install/micro_ros_setup/./config/freertos/nucleo_f746zg/client-colcon.meta\n'}
[4.905212] (micro_ros_setup) StdoutLine: {'line': b'-- Up-to-date: /home/epiibots/ros2_ws/install/micro_ros_setup/./config/freertos/nucleo_f746zg/client_uros_packages.repos\n'}
[4.905313] (micro_ros_setup) StdoutLine: {'line': b'-- Up-to-date: /home/epiibots/ros2_ws/install/micro_ros_setup/./config/freertos/nucleo_f746zg/configure.sh\n'}
[4.905418] (micro_ros_setup) StdoutLine: {'line': b'-- Up-to-date: /home/epiibots/ros2_ws/install/micro_ros_setup/./config/freertos/olimex-stm32-e407\n'}
[4.905546] (micro_ros_setup) StdoutLine: {'line': b'-- Up-to-date: /home/epiibots/ros2_ws/install/micro_ros_setup/./config/freertos/olimex-stm32-e407/board.repos\n'}
[4.905661] (micro_ros_setup) StdoutLine: {'line': b'-- Up-to-date: /home/epiibots/ros2_ws/install/micro_ros_setup/./config/freertos/olimex-stm32-e407/create.sh\n'}
[4.905794] (micro_ros_setup) StdoutLine: {'line': b'-- Up-to-date: /home/epiibots/ros2_ws/install/micro_ros_setup/./config/freertos/olimex-stm32-e407/package.xml\n'}
[4.905898] (micro_ros_setup) StdoutLine: {'line': b'-- Up-to-date: /home/epiibots/ros2_ws/install/micro_ros_setup/./config/freertos/olimex-stm32-e407/flash.sh\n'}
[4.906006] (micro_ros_setup) StdoutLine: {'line': b'-- Up-to-date: /home/epiibots/ros2_ws/install/micro_ros_setup/./config/freertos/olimex-stm32-e407/build.sh\n'}
[4.906145] (micro_ros_setup) StdoutLine: {'line': b'-- Up-to-date: /home/epiibots/ros2_ws/install/micro_ros_setup/./config/freertos/olimex-stm32-e407/client-colcon.meta\n'}
[4.906554] (micro_ros_setup) StdoutLine: {'line': b'-- Up-to-date: /home/epiibots/ros2_ws/install/micro_ros_setup/./config/freertos/olimex-stm32-e407/client_uros_packages.repos\n'}
[4.906794] (micro_ros_setup) StdoutLine: {'line': b'-- Up-to-date: /home/epiibots/ros2_ws/install/micro_ros_setup/./config/freertos/olimex-stm32-e407/configure.sh\n'}
[4.906904] (micro_ros_setup) StdoutLine: {'line': b'-- Up-to-date: /home/epiibots/ros2_ws/install/micro_ros_setup/./config/freertos/nucleo_f446re\n'}
[4.907026] (micro_ros_setup) StdoutLine: {'line': b'-- Up-to-date: /home/epiibots/ros2_ws/install/micro_ros_setup/./config/freertos/nucleo_f446re/board.repos\n'}
[4.907127] (micro_ros_setup) StdoutLine: {'line': b'-- Up-to-date: /home/epiibots/ros2_ws/install/micro_ros_setup/./config/freertos/nucleo_f446re/create.sh\n'}
[4.907223] (micro_ros_setup) StdoutLine: {'line': b'-- Up-to-date: /home/epiibots/ros2_ws/install/micro_ros_setup/./config/freertos/nucleo_f446re/package.xml\n'}
[4.907330] (micro_ros_setup) StdoutLine: {'line': b'-- Up-to-date: /home/epiibots/ros2_ws/install/micro_ros_setup/./config/freertos/nucleo_f446re/flash.sh\n'}
[4.907467] (micro_ros_setup) StdoutLine: {'line': b'-- Up-to-date: /home/epiibots/ros2_ws/install/micro_ros_setup/./config/freertos/nucleo_f446re/build.sh\n'}
[4.907617] (micro_ros_setup) StdoutLine: {'line': b'-- Up-to-date: /home/epiibots/ros2_ws/install/micro_ros_setup/./config/freertos/nucleo_f446re/client-colcon.meta\n'}
[4.907720] (micro_ros_setup) StdoutLine: {'line': b'-- Up-to-date: /home/epiibots/ros2_ws/install/micro_ros_setup/./config/freertos/nucleo_f446re/client_uros_packages.repos\n'}
[4.907801] (micro_ros_setup) StdoutLine: {'line': b'-- Up-to-date: /home/epiibots/ros2_ws/install/micro_ros_setup/./config/freertos/nucleo_f446re/configure.sh\n'}
[4.907878] (micro_ros_setup) StdoutLine: {'line': b'-- Up-to-date: /home/epiibots/ros2_ws/install/micro_ros_setup/./config/freertos/dev_ros2_packages.txt\n'}
[4.907987] (micro_ros_setup) StdoutLine: {'line': b'-- Up-to-date: /home/epiibots/ros2_ws/install/micro_ros_setup/./config/host\n'}
[4.909696] (micro_ros_setup) StdoutLine: {'line': b'-- Up-to-date: /home/epiibots/ros2_ws/install/micro_ros_setup/./config/host/generic\n'}
[4.911469] (micro_ros_setup) StdoutLine: {'line': b'-- Up-to-date: /home/epiibots/ros2_ws/install/micro_ros_setup/./config/host/generic/create.sh\n'}
[4.911766] (micro_ros_setup) StdoutLine: {'line': b'-- Up-to-date: /home/epiibots/ros2_ws/install/micro_ros_setup/./config/host/generic/package.xml\n'}
[4.911903] (micro_ros_setup) StdoutLine: {'line': b'-- Up-to-date: /home/epiibots/ros2_ws/install/micro_ros_setup/./config/host/generic/flash.sh\n'}
[4.912019] (micro_ros_setup) StdoutLine: {'line': b'-- Up-to-date: /home/epiibots/ros2_ws/install/micro_ros_setup/./config/host/generic/client_host_packages.repos\n'}
[4.912126] (micro_ros_setup) StdoutLine: {'line': b'-- Up-to-date: /home/epiibots/ros2_ws/install/micro_ros_setup/./config/host/generic/build.sh\n'}
[4.912239] (micro_ros_setup) StdoutLine: {'line': b'-- Up-to-date: /home/epiibots/ros2_ws/install/micro_ros_setup/./config/host/generic/client-host-colcon.meta\n'}
[4.912352] (micro_ros_setup) StdoutLine: {'line': b'-- Up-to-date: /home/epiibots/ros2_ws/install/micro_ros_setup/./config/host/client_ros2_packages.txt\n'}
[4.912488] (micro_ros_setup) StdoutLine: {'line': b'-- Up-to-date: /home/epiibots/ros2_ws/install/micro_ros_setup/./config/host/dev_uros_packages.repos\n'}
[4.912581] (micro_ros_setup) StdoutLine: {'line': b'-- Up-to-date: /home/epiibots/ros2_ws/install/micro_ros_setup/./config/host/dev_ros2_packages.txt\n'}
[4.912660] (micro_ros_setup) StdoutLine: {'line': b'-- Up-to-date: /home/epiibots/ros2_ws/install/micro_ros_setup/./config/android\n'}
[4.912746] (micro_ros_setup) StdoutLine: {'line': b'-- Up-to-date: /home/epiibots/ros2_ws/install/micro_ros_setup/./config/android/generic\n'}
[4.915505] (micro_ros_setup) StdoutLine: {'line': b'-- Up-to-date: /home/epiibots/ros2_ws/install/micro_ros_setup/./config/android/generic/create.sh\n'}
[4.915846] (micro_ros_setup) StdoutLine: {'line': b'-- Up-to-date: /home/epiibots/ros2_ws/install/micro_ros_setup/./config/android/generic/package.xml\n'}
[4.915969] (micro_ros_setup) StdoutLine: {'line': b'-- Up-to-date: /home/epiibots/ros2_ws/install/micro_ros_setup/./config/android/generic/flash.sh\n'}
[4.916051] (micro_ros_setup) StdoutLine: {'line': b'-- Up-to-date: /home/epiibots/ros2_ws/install/micro_ros_setup/./config/android/generic/build.sh\n'}
[4.916143] (micro_ros_setup) StdoutLine: {'line': b'-- Up-to-date: /home/epiibots/ros2_ws/install/micro_ros_setup/./config/android/generic/client-colcon.meta\n'}
[4.916309] (micro_ros_setup) StdoutLine: {'line': b'-- Up-to-date: /home/epiibots/ros2_ws/install/micro_ros_setup/./config/android/generic/client_uros_packages.repos\n'}
[4.916509] (micro_ros_setup) StdoutLine: {'line': b'-- Up-to-date: /home/epiibots/ros2_ws/install/micro_ros_setup/./config/android/dev_uros_packages.repos\n'}
[4.916640] (micro_ros_setup) StdoutLine: {'line': b'-- Up-to-date: /home/epiibots/ros2_ws/install/micro_ros_setup/./config/android/dev_ros2_packages.txt\n'}
[4.916753] (micro_ros_setup) StdoutLine: {'line': b'-- Up-to-date: /home/epiibots/ros2_ws/install/micro_ros_setup/./config/agent_ros2_packages.txt\n'}
[4.916853] (micro_ros_setup) StdoutLine: {'line': b'-- Up-to-date: /home/epiibots/ros2_ws/install/micro_ros_setup/./config/client_uros_packages.repos\n'}
[4.916963] (drive_base_msgs) StdoutLine: {'line': b'running egg_info\n'}
[4.917641] (micro_ros_setup) StdoutLine: {'line': b'-- Up-to-date: /home/epiibots/ros2_ws/install/micro_ros_setup/lib/micro_ros_setup/create_ws.sh\n'}
[4.918036] (micro_ros_setup) StdoutLine: {'line': b'-- Up-to-date: /home/epiibots/ros2_ws/install/micro_ros_setup/lib/micro_ros_setup/create_agent_ws.sh\n'}
[4.918177] (micro_ros_setup) StdoutLine: {'line': b'-- Up-to-date: /home/epiibots/ros2_ws/install/micro_ros_setup/lib/micro_ros_setup/create_firmware_ws.sh\n'}
[4.918296] (micro_ros_setup) StdoutLine: {'line': b'-- Up-to-date: /home/epiibots/ros2_ws/install/micro_ros_setup/lib/micro_ros_setup/configure_firmware.sh\n'}
[4.918394] (micro_ros_setup) StdoutLine: {'line': b'-- Up-to-date: /home/epiibots/ros2_ws/install/micro_ros_setup/lib/micro_ros_setup/flash_firmware.sh\n'}
[4.918552] (micro_ros_setup) StdoutLine: {'line': b'-- Up-to-date: /home/epiibots/ros2_ws/install/micro_ros_setup/lib/micro_ros_setup/build_firmware.sh\n'}
[4.918654] (micro_ros_setup) StdoutLine: {'line': b'-- Up-to-date: /home/epiibots/ros2_ws/install/micro_ros_setup/lib/micro_ros_setup/build_agent.sh\n'}
[4.918745] (micro_ros_setup) StdoutLine: {'line': b'-- Up-to-date: /home/epiibots/ros2_ws/install/micro_ros_setup/lib/micro_ros_setup/yaml_filter.py\n'}
[4.918852] (micro_ros_setup) StdoutLine: {'line': b'-- Up-to-date: /home/epiibots/ros2_ws/install/micro_ros_setup/lib/micro_ros_setup/clean_env.sh\n'}
[4.918949] (micro_ros_setup) StdoutLine: {'line': b'-- Up-to-date: /home/epiibots/ros2_ws/install/micro_ros_setup/lib/micro_ros_setup/component\n'}
[4.936530] (micro_ros_setup) CommandEnded: {'returncode': 0}
[4.953205] (-) TimerEvent: {}
[4.954550] (drive_base_msgs) StdoutLine: {'line': b'[ 93%] Built target drive_base_msgs_s__rosidl_typesupport_introspection_c\n'}
[4.961326] (drive_base_msgs) StdoutLine: {'line': b'[ 96%] Built target drive_base_msgs_s__rosidl_typesupport_c\n'}
[4.966625] (drive_base_msgs) StdoutLine: {'line': b'[100%] Built target drive_base_msgs_s__rosidl_typesupport_fastrtps_c\n'}
[4.978263] (drive_base_msgs) StdoutLine: {'line': b'writing drive_base_msgs.egg-info/PKG-INFO\n'}
[4.978730] (drive_base_msgs) StdoutLine: {'line': b'writing dependency_links to drive_base_msgs.egg-info/dependency_links.txt\n'}
[4.979620] (drive_base_msgs) StdoutLine: {'line': b'writing top-level names to drive_base_msgs.egg-info/top_level.txt\n'}
[4.980895] (micro_ros_setup) JobEnded: {'identifier': 'micro_ros_setup', 'rc': 0}
[4.981708] (pwm_rec) JobStarted: {'identifier': 'pwm_rec'}
[5.053348] (-) TimerEvent: {}
[5.071719] (drive_base_msgs) StdoutLine: {'line': b"reading manifest file 'drive_base_msgs.egg-info/SOURCES.txt'\n"}
[5.077735] (drive_base_msgs) StdoutLine: {'line': b"writing manifest file 'drive_base_msgs.egg-info/SOURCES.txt'\n"}
[5.105477] (detector) StdoutLine: {'line': b'Installing apriltags script to /home/epiibots/ros2_ws/install/detector/lib/detector\n'}
[5.110651] (detector) StdoutLine: {'line': b"writing list of installed files to '/home/epiibots/ros2_ws/build/detector/install.log'\n"}
[5.156550] (-) TimerEvent: {}
[5.222185] (drive_base_msgs) StdoutLine: {'line': b'[100%] Built target ament_cmake_python_build_drive_base_msgs_egg\n'}
[5.256665] (-) TimerEvent: {}
[5.357058] (-) TimerEvent: {}
[5.457386] (-) TimerEvent: {}
[5.458351] (drive_base_msgs) CommandEnded: {'returncode': 0}
[5.466882] (drive_base_msgs) JobProgress: {'identifier': 'drive_base_msgs', 'progress': 'install'}
[5.467232] (drive_base_msgs) Command: {'cmd': ['/usr/bin/cmake', '--install', '/home/epiibots/ros2_ws/build/drive_base_msgs'], 'cwd': '/home/epiibots/ros2_ws/build/drive_base_msgs', 'env': OrderedDict({'LESSOPEN': '| /usr/bin/lesspipe %s', 'USER': 'epiibots', 'SSH_CLIENT': '192.168.0.101 63419 22', 'GZ_CONFIG_PATH': '/opt/ros/jazzy/opt/gz_sim_vendor/share/gz:/opt/ros/jazzy/opt/sdformat_vendor/share/gz:/opt/ros/jazzy/opt/gz_gui_vendor/share/gz:/opt/ros/jazzy/opt/gz_transport_vendor/share/gz:/opt/ros/jazzy/opt/gz_rendering_vendor/share/gz:/opt/ros/jazzy/opt/gz_plugin_vendor/share/gz:/opt/ros/jazzy/opt/gz_fuel_tools_vendor/share/gz:/opt/ros/jazzy/opt/gz_msgs_vendor/share/gz:/opt/ros/jazzy/opt/gz_common_vendor/share/gz', 'XDG_SESSION_TYPE': 'tty', 'SHLVL': '1', 'LD_LIBRARY_PATH': '/opt/ros/jazzy/opt/gz_sim_vendor/lib:/opt/ros/jazzy/opt/gz_sensors_vendor/lib:/opt/ros/jazzy/opt/gz_physics_vendor/lib:/opt/ros/jazzy/opt/sdformat_vendor/lib:/opt/ros/jazzy/opt/rviz_ogre_vendor/lib:/opt/ros/jazzy/lib/aarch64-linux-gnu:/opt/ros/jazzy/opt/gz_gui_vendor/lib:/opt/ros/jazzy/opt/gz_transport_vendor/lib:/opt/ros/jazzy/opt/gz_rendering_vendor/lib:/opt/ros/jazzy/opt/gz_plugin_vendor/lib:/opt/ros/jazzy/opt/gz_fuel_tools_vendor/lib:/opt/ros/jazzy/opt/gz_msgs_vendor/lib:/opt/ros/jazzy/opt/gz_common_vendor/lib:/opt/ros/jazzy/opt/gz_math_vendor/lib:/opt/ros/jazzy/opt/gz_utils_vendor/lib:/opt/ros/jazzy/opt/gz_tools_vendor/lib:/opt/ros/jazzy/opt/gz_ogre_next_vendor/lib:/opt/ros/jazzy/opt/gz_dartsim_vendor/lib:/opt/ros/jazzy/opt/gz_cmake_vendor/lib:/opt/ros/jazzy/lib', 'HOME': '/home/epiibots', 'OLDPWD': '/home/epiibots/ros2_ws/install', 'SSH_TTY': '/dev/pts/4', 'ROS_PYTHON_VERSION': '3', 'DBUS_SESSION_BUS_ADDRESS': 'unix:path=/run/user/1000/bus', 'DEBUGINFOD_URLS': 'https://debuginfod.ubuntu.com', 'ROS_DISTRO': 'jazzy', 'LOGNAME': 'epiibots', '_': '/usr/bin/colcon', 'ROS_VERSION': '2', 'XDG_SESSION_CLASS': 'user', 'TERM': 'xterm-256color', 'XDG_SESSION_ID': '11', 'PATH': '/opt/ros/jazzy/opt/gz_msgs_vendor/bin:/opt/ros/jazzy/opt/gz_tools_vendor/bin:/opt/ros/jazzy/opt/gz_ogre_next_vendor/bin:/opt/ros/jazzy/bin:/usr/local/sbin:/usr/local/bin:/usr/sbin:/usr/bin:/sbin:/bin:/usr/games:/usr/local/games:/snap/bin', 'XDG_RUNTIME_DIR': '/run/user/1000', 'LANG': 'en_US.UTF-8', 'LS_COLORS': 'rs=0:di=01;34:ln=01;36:mh=00:pi=40;33:so=01;35:do=01;35:bd=40;33;01:cd=40;33;01:or=40;31;01:mi=00:su=37;41:sg=30;43:ca=00:tw=30;42:ow=34;42:st=37;44:ex=01;32:*.tar=01;31:*.tgz=01;31:*.arc=01;31:*.arj=01;31:*.taz=01;31:*.lha=01;31:*.lz4=01;31:*.lzh=01;31:*.lzma=01;31:*.tlz=01;31:*.txz=01;31:*.tzo=01;31:*.t7z=01;31:*.zip=01;31:*.z=01;31:*.dz=01;31:*.gz=01;31:*.lrz=01;31:*.lz=01;31:*.lzo=01;31:*.xz=01;31:*.zst=01;31:*.tzst=01;31:*.bz2=01;31:*.bz=01;31:*.tbz=01;31:*.tbz2=01;31:*.tz=01;31:*.deb=01;31:*.rpm=01;31:*.jar=01;31:*.war=01;31:*.ear=01;31:*.sar=01;31:*.rar=01;31:*.alz=01;31:*.ace=01;31:*.zoo=01;31:*.cpio=01;31:*.7z=01;31:*.rz=01;31:*.cab=01;31:*.wim=01;31:*.swm=01;31:*.dwm=01;31:*.esd=01;31:*.avif=01;35:*.jpg=01;35:*.jpeg=01;35:*.mjpg=01;35:*.mjpeg=01;35:*.gif=01;35:*.bmp=01;35:*.pbm=01;35:*.pgm=01;35:*.ppm=01;35:*.tga=01;35:*.xbm=01;35:*.xpm=01;35:*.tif=01;35:*.tiff=01;35:*.png=01;35:*.svg=01;35:*.svgz=01;35:*.mng=01;35:*.pcx=01;35:*.mov=01;35:*.mpg=01;35:*.mpeg=01;35:*.m2v=01;35:*.mkv=01;35:*.webm=01;35:*.webp=01;35:*.ogm=01;35:*.mp4=01;35:*.m4v=01;35:*.mp4v=01;35:*.vob=01;35:*.qt=01;35:*.nuv=01;35:*.wmv=01;35:*.asf=01;35:*.rm=01;35:*.rmvb=01;35:*.flc=01;35:*.avi=01;35:*.fli=01;35:*.flv=01;35:*.gl=01;35:*.dl=01;35:*.xcf=01;35:*.xwd=01;35:*.yuv=01;35:*.cgm=01;35:*.emf=01;35:*.ogv=01;35:*.ogx=01;35:*.aac=00;36:*.au=00;36:*.flac=00;36:*.m4a=00;36:*.mid=00;36:*.midi=00;36:*.mka=00;36:*.mp3=00;36:*.mpc=00;36:*.ogg=00;36:*.ra=00;36:*.wav=00;36:*.oga=00;36:*.opus=00;36:*.spx=00;36:*.xspf=00;36:*~=00;90:*#=00;90:*.bak=00;90:*.crdownload=00;90:*.dpkg-dist=00;90:*.dpkg-new=00;90:*.dpkg-old=00;90:*.dpkg-tmp=00;90:*.old=00;90:*.orig=00;90:*.part=00;90:*.rej=00;90:*.rpmnew=00;90:*.rpmorig=00;90:*.rpmsave=00;90:*.swp=00;90:*.tmp=00;90:*.ucf-dist=00;90:*.ucf-new=00;90:*.ucf-old=00;90:', 'AMENT_PREFIX_PATH': '/opt/ros/jazzy', 'SHELL': '/bin/bash', 'LESSCLOSE': '/usr/bin/lesspipe %s %s', 'ROS_AUTOMATIC_DISCOVERY_RANGE': 'SUBNET', 'PWD': '/home/epiibots/ros2_ws/build/drive_base_msgs', 'LC_ALL': 'en_US.UTF-8', 'SSH_CONNECTION': '192.168.0.101 63419 192.168.0.67 22', 'XDG_DATA_DIRS': '/usr/share/gnome:/usr/local/share:/usr/share:/var/lib/snapd/desktop', 'PYTHONPATH': '/opt/ros/jazzy/lib/python3.12/site-packages', 'COLCON': '1', 'CMAKE_PREFIX_PATH': '/opt/ros/jazzy/opt/gz_sim_vendor:/opt/ros/jazzy/opt/gz_sensors_vendor:/opt/ros/jazzy/opt/gz_physics_vendor:/opt/ros/jazzy/opt/sdformat_vendor:/opt/ros/jazzy/opt/gz_gui_vendor:/opt/ros/jazzy/opt/gz_transport_vendor:/opt/ros/jazzy/opt/gz_rendering_vendor:/opt/ros/jazzy/opt/gz_plugin_vendor:/opt/ros/jazzy/opt/gz_fuel_tools_vendor:/opt/ros/jazzy/opt/gz_msgs_vendor:/opt/ros/jazzy/opt/gz_common_vendor:/opt/ros/jazzy/opt/gz_math_vendor:/opt/ros/jazzy/opt/gz_utils_vendor:/opt/ros/jazzy/opt/gz_tools_vendor:/opt/ros/jazzy/opt/gz_ogre_next_vendor:/opt/ros/jazzy/opt/gz_dartsim_vendor:/opt/ros/jazzy/opt/gz_cmake_vendor:/opt/ros/jazzy'}), 'shell': False}
[5.470428] (detector) CommandEnded: {'returncode': 0}
[5.491315] (detector) JobEnded: {'identifier': 'detector', 'rc': 0}
[5.494984] (servo_steering) JobStarted: {'identifier': 'servo_steering'}
[5.495090] (drive_base_msgs) StdoutLine: {'line': b'-- Install configuration: ""\n'}
[5.495787] (drive_base_msgs) StdoutLine: {'line': b'-- Up-to-date: /home/epiibots/ros2_ws/install/drive_base_msgs/share/ament_index/resource_index/rosidl_interfaces/drive_base_msgs\n'}
[5.500440] (drive_base_msgs) StdoutLine: {'line': b'-- Up-to-date: /home/epiibots/ros2_ws/install/drive_base_msgs/share/drive_base_msgs/msg/CommandHeader.json\n'}
[5.501907] (drive_base_msgs) StdoutLine: {'line': b'-- Up-to-date: /home/epiibots/ros2_ws/install/drive_base_msgs/share/drive_base_msgs/msg/BaseInfo.json\n'}
[5.502058] (drive_base_msgs) StdoutLine: {'line': b'-- Up-to-date: /home/epiibots/ros2_ws/install/drive_base_msgs/share/drive_base_msgs/msg/CommandStatus.json\n'}
[5.502157] (drive_base_msgs) StdoutLine: {'line': b'-- Up-to-date: /home/epiibots/ros2_ws/install/drive_base_msgs/share/drive_base_msgs/msg/TRVCommand.json\n'}
[5.502269] (drive_base_msgs) StdoutLine: {'line': b'-- Up-to-date: /home/epiibots/ros2_ws/install/drive_base_msgs/include/drive_base_msgs/drive_base_msgs\n'}
[5.502680] (drive_base_msgs) StdoutLine: {'line': b'-- Up-to-date: /home/epiibots/ros2_ws/install/drive_base_msgs/include/drive_base_msgs/drive_base_msgs/msg\n'}
[5.502790] (drive_base_msgs) StdoutLine: {'line': b'-- Up-to-date: /home/epiibots/ros2_ws/install/drive_base_msgs/include/drive_base_msgs/drive_base_msgs/msg/trv_command.h\n'}
[5.502875] (drive_base_msgs) StdoutLine: {'line': b'-- Up-to-date: /home/epiibots/ros2_ws/install/drive_base_msgs/include/drive_base_msgs/drive_base_msgs/msg/command_status.h\n'}
[5.502952] (drive_base_msgs) StdoutLine: {'line': b'-- Up-to-date: /home/epiibots/ros2_ws/install/drive_base_msgs/include/drive_base_msgs/drive_base_msgs/msg/base_info.h\n'}
[5.503030] (drive_base_msgs) StdoutLine: {'line': b'-- Up-to-date: /home/epiibots/ros2_ws/install/drive_base_msgs/include/drive_base_msgs/drive_base_msgs/msg/rosidl_generator_c__visibility_control.h\n'}
[5.503116] (drive_base_msgs) StdoutLine: {'line': b'-- Up-to-date: /home/epiibots/ros2_ws/install/drive_base_msgs/include/drive_base_msgs/drive_base_msgs/msg/detail\n'}
[5.503215] (drive_base_msgs) StdoutLine: {'line': b'-- Up-to-date: /home/epiibots/ros2_ws/install/drive_base_msgs/include/drive_base_msgs/drive_base_msgs/msg/detail/command_header__functions.c\n'}
[5.503295] (drive_base_msgs) StdoutLine: {'line': b'-- Up-to-date: /home/epiibots/ros2_ws/install/drive_base_msgs/include/drive_base_msgs/drive_base_msgs/msg/detail/trv_command__type_support.h\n'}
[5.503425] (drive_base_msgs) StdoutLine: {'line': b'-- Up-to-date: /home/epiibots/ros2_ws/install/drive_base_msgs/include/drive_base_msgs/drive_base_msgs/msg/detail/trv_command__functions.c\n'}
[5.505177] (drive_base_msgs) StdoutLine: {'line': b'-- Up-to-date: /home/epiibots/ros2_ws/install/drive_base_msgs/include/drive_base_msgs/drive_base_msgs/msg/detail/base_info__functions.h\n'}
[5.506069] (drive_base_msgs) StdoutLine: {'line': b'-- Up-to-date: /home/epiibots/ros2_ws/install/drive_base_msgs/include/drive_base_msgs/drive_base_msgs/msg/detail/command_header__description.c\n'}
[5.506182] (drive_base_msgs) StdoutLine: {'line': b'-- Up-to-date: /home/epiibots/ros2_ws/install/drive_base_msgs/include/drive_base_msgs/drive_base_msgs/msg/detail/trv_command__functions.h\n'}
[5.506533] (drive_base_msgs) StdoutLine: {'line': b'-- Up-to-date: /home/epiibots/ros2_ws/install/drive_base_msgs/include/drive_base_msgs/drive_base_msgs/msg/detail/command_header__type_support.h\n'}
[5.506639] (drive_base_msgs) StdoutLine: {'line': b'-- Installing: /home/epiibots/ros2_ws/install/drive_base_msgs/include/drive_base_msgs/drive_base_msgs/msg/detail/command_status__type_support.c\n'}
[5.506718] (drive_base_msgs) StdoutLine: {'line': b'-- Up-to-date: /home/epiibots/ros2_ws/install/drive_base_msgs/include/drive_base_msgs/drive_base_msgs/msg/detail/command_status__functions.c\n'}
[5.506802] (drive_base_msgs) StdoutLine: {'line': b'-- Up-to-date: /home/epiibots/ros2_ws/install/drive_base_msgs/include/drive_base_msgs/drive_base_msgs/msg/detail/base_info__description.c\n'}
[5.506946] (drive_base_msgs) StdoutLine: {'line': b'-- Up-to-date: /home/epiibots/ros2_ws/install/drive_base_msgs/include/drive_base_msgs/drive_base_msgs/msg/detail/command_status__type_support.h\n'}
[5.507858] (drive_base_msgs) StdoutLine: {'line': b'-- Up-to-date: /home/epiibots/ros2_ws/install/drive_base_msgs/include/drive_base_msgs/drive_base_msgs/msg/detail/base_info__functions.c\n'}
[5.508007] (drive_base_msgs) StdoutLine: {'line': b'-- Up-to-date: /home/epiibots/ros2_ws/install/drive_base_msgs/include/drive_base_msgs/drive_base_msgs/msg/detail/base_info__type_support.h\n'}
[5.508113] (drive_base_msgs) StdoutLine: {'line': b'-- Up-to-date: /home/epiibots/ros2_ws/install/drive_base_msgs/include/drive_base_msgs/drive_base_msgs/msg/detail/trv_command__struct.h\n'}
[5.508219] (drive_base_msgs) StdoutLine: {'line': b'-- Up-to-date: /home/epiibots/ros2_ws/install/drive_base_msgs/include/drive_base_msgs/drive_base_msgs/msg/detail/command_status__functions.h\n'}
[5.508316] (drive_base_msgs) StdoutLine: {'line': b'-- Up-to-date: /home/epiibots/ros2_ws/install/drive_base_msgs/include/drive_base_msgs/drive_base_msgs/msg/detail/command_header__struct.h\n'}
[5.508422] (drive_base_msgs) StdoutLine: {'line': b'-- Installing: /home/epiibots/ros2_ws/install/drive_base_msgs/include/drive_base_msgs/drive_base_msgs/msg/detail/trv_command__type_support.c\n'}
[5.508560] (drive_base_msgs) StdoutLine: {'line': b'-- Up-to-date: /home/epiibots/ros2_ws/install/drive_base_msgs/include/drive_base_msgs/drive_base_msgs/msg/detail/command_status__description.c\n'}
[5.508665] (drive_base_msgs) StdoutLine: {'line': b'-- Installing: /home/epiibots/ros2_ws/install/drive_base_msgs/include/drive_base_msgs/drive_base_msgs/msg/detail/command_header__type_support.c\n'}
[5.508785] (drive_base_msgs) StdoutLine: {'line': b'-- Up-to-date: /home/epiibots/ros2_ws/install/drive_base_msgs/include/drive_base_msgs/drive_base_msgs/msg/detail/command_header__functions.h\n'}
[5.508895] (drive_base_msgs) StdoutLine: {'line': b'-- Up-to-date: /home/epiibots/ros2_ws/install/drive_base_msgs/include/drive_base_msgs/drive_base_msgs/msg/detail/trv_command__description.c\n'}
[5.509009] (drive_base_msgs) StdoutLine: {'line': b'-- Up-to-date: /home/epiibots/ros2_ws/install/drive_base_msgs/include/drive_base_msgs/drive_base_msgs/msg/detail/command_status__struct.h\n'}
[5.509104] (drive_base_msgs) StdoutLine: {'line': b'-- Installing: /home/epiibots/ros2_ws/install/drive_base_msgs/include/drive_base_msgs/drive_base_msgs/msg/detail/base_info__type_support.c\n'}
[5.509203] (drive_base_msgs) StdoutLine: {'line': b'-- Up-to-date: /home/epiibots/ros2_ws/install/drive_base_msgs/include/drive_base_msgs/drive_base_msgs/msg/detail/base_info__struct.h\n'}
[5.511020] (drive_base_msgs) StdoutLine: {'line': b'-- Up-to-date: /home/epiibots/ros2_ws/install/drive_base_msgs/include/drive_base_msgs/drive_base_msgs/msg/command_header.h\n'}
[5.511464] (drive_base_msgs) StdoutLine: {'line': b'-- Up-to-date: /home/epiibots/ros2_ws/install/drive_base_msgs/share/drive_base_msgs/environment/library_path.sh\n'}
[5.511763] (drive_base_msgs) StdoutLine: {'line': b'-- Up-to-date: /home/epiibots/ros2_ws/install/drive_base_msgs/share/drive_base_msgs/environment/library_path.dsv\n'}
[5.513636] (drive_base_msgs) StdoutLine: {'line': b'-- Up-to-date: /home/epiibots/ros2_ws/install/drive_base_msgs/lib/libdrive_base_msgs__rosidl_generator_c.so\n'}
[5.514122] (drive_base_msgs) StdoutLine: {'line': b'-- Up-to-date: /home/epiibots/ros2_ws/install/drive_base_msgs/include/drive_base_msgs/drive_base_msgs\n'}
[5.514615] (drive_base_msgs) StdoutLine: {'line': b'-- Up-to-date: /home/epiibots/ros2_ws/install/drive_base_msgs/include/drive_base_msgs/drive_base_msgs/msg\n'}
[5.515085] (drive_base_msgs) StdoutLine: {'line': b'-- Up-to-date: /home/epiibots/ros2_ws/install/drive_base_msgs/include/drive_base_msgs/drive_base_msgs/msg/rosidl_typesupport_fastrtps_c__visibility_control.h\n'}
[5.515227] (drive_base_msgs) StdoutLine: {'line': b'-- Up-to-date: /home/epiibots/ros2_ws/install/drive_base_msgs/include/drive_base_msgs/drive_base_msgs/msg/detail\n'}
[5.515323] (drive_base_msgs) StdoutLine: {'line': b'-- Up-to-date: /home/epiibots/ros2_ws/install/drive_base_msgs/include/drive_base_msgs/drive_base_msgs/msg/detail/trv_command__rosidl_typesupport_fastrtps_c.h\n'}
[5.515435] (drive_base_msgs) StdoutLine: {'line': b'-- Up-to-date: /home/epiibots/ros2_ws/install/drive_base_msgs/include/drive_base_msgs/drive_base_msgs/msg/detail/base_info__rosidl_typesupport_fastrtps_c.h\n'}
[5.515982] (drive_base_msgs) StdoutLine: {'line': b'-- Up-to-date: /home/epiibots/ros2_ws/install/drive_base_msgs/include/drive_base_msgs/drive_base_msgs/msg/detail/command_header__rosidl_typesupport_fastrtps_c.h\n'}
[5.516071] (drive_base_msgs) StdoutLine: {'line': b'-- Up-to-date: /home/epiibots/ros2_ws/install/drive_base_msgs/include/drive_base_msgs/drive_base_msgs/msg/detail/command_status__rosidl_typesupport_fastrtps_c.h\n'}
[5.521559] (drive_base_msgs) StdoutLine: {'line': b'-- Up-to-date: /home/epiibots/ros2_ws/install/drive_base_msgs/lib/libdrive_base_msgs__rosidl_typesupport_fastrtps_c.so\n'}
[5.522293] (drive_base_msgs) StdoutLine: {'line': b'-- Up-to-date: /home/epiibots/ros2_ws/install/drive_base_msgs/include/drive_base_msgs/drive_base_msgs\n'}
[5.524941] (drive_base_msgs) StdoutLine: {'line': b'-- Up-to-date: /home/epiibots/ros2_ws/install/drive_base_msgs/include/drive_base_msgs/drive_base_msgs/msg\n'}
[5.525087] (drive_base_msgs) StdoutLine: {'line': b'-- Up-to-date: /home/epiibots/ros2_ws/install/drive_base_msgs/include/drive_base_msgs/drive_base_msgs/msg/base_info.hpp\n'}
[5.525201] (drive_base_msgs) StdoutLine: {'line': b'-- Up-to-date: /home/epiibots/ros2_ws/install/drive_base_msgs/include/drive_base_msgs/drive_base_msgs/msg/command_header.hpp\n'}
[5.525344] (drive_base_msgs) StdoutLine: {'line': b'-- Up-to-date: /home/epiibots/ros2_ws/install/drive_base_msgs/include/drive_base_msgs/drive_base_msgs/msg/rosidl_generator_cpp__visibility_control.hpp\n'}
[5.525562] (drive_base_msgs) StdoutLine: {'line': b'-- Up-to-date: /home/epiibots/ros2_ws/install/drive_base_msgs/include/drive_base_msgs/drive_base_msgs/msg/trv_command.hpp\n'}
[5.525696] (drive_base_msgs) StdoutLine: {'line': b'-- Up-to-date: /home/epiibots/ros2_ws/install/drive_base_msgs/include/drive_base_msgs/drive_base_msgs/msg/detail\n'}
[5.525858] (drive_base_msgs) StdoutLine: {'line': b'-- Up-to-date: /home/epiibots/ros2_ws/install/drive_base_msgs/include/drive_base_msgs/drive_base_msgs/msg/detail/command_status__struct.hpp\n'}
[5.526052] (drive_base_msgs) StdoutLine: {'line': b'-- Up-to-date: /home/epiibots/ros2_ws/install/drive_base_msgs/include/drive_base_msgs/drive_base_msgs/msg/detail/base_info__builder.hpp\n'}
[5.526175] (drive_base_msgs) StdoutLine: {'line': b'-- Up-to-date: /home/epiibots/ros2_ws/install/drive_base_msgs/include/drive_base_msgs/drive_base_msgs/msg/detail/command_status__builder.hpp\n'}
[5.526262] (drive_base_msgs) StdoutLine: {'line': b'-- Up-to-date: /home/epiibots/ros2_ws/install/drive_base_msgs/include/drive_base_msgs/drive_base_msgs/msg/detail/command_status__traits.hpp\n'}
[5.526348] (drive_base_msgs) StdoutLine: {'line': b'-- Up-to-date: /home/epiibots/ros2_ws/install/drive_base_msgs/include/drive_base_msgs/drive_base_msgs/msg/detail/base_info__struct.hpp\n'}
[5.526470] (drive_base_msgs) StdoutLine: {'line': b'-- Up-to-date: /home/epiibots/ros2_ws/install/drive_base_msgs/include/drive_base_msgs/drive_base_msgs/msg/detail/command_status__type_support.hpp\n'}
[5.529454] (drive_base_msgs) StdoutLine: {'line': b'-- Up-to-date: /home/epiibots/ros2_ws/install/drive_base_msgs/include/drive_base_msgs/drive_base_msgs/msg/detail/command_header__traits.hpp\n'}
[5.529927] (drive_base_msgs) StdoutLine: {'line': b'-- Up-to-date: /home/epiibots/ros2_ws/install/drive_base_msgs/include/drive_base_msgs/drive_base_msgs/msg/detail/trv_command__builder.hpp\n'}
[5.530055] (drive_base_msgs) StdoutLine: {'line': b'-- Up-to-date: /home/epiibots/ros2_ws/install/drive_base_msgs/include/drive_base_msgs/drive_base_msgs/msg/detail/trv_command__type_support.hpp\n'}
[5.530144] (drive_base_msgs) StdoutLine: {'line': b'-- Up-to-date: /home/epiibots/ros2_ws/install/drive_base_msgs/include/drive_base_msgs/drive_base_msgs/msg/detail/command_header__type_support.hpp\n'}
[5.530231] (drive_base_msgs) StdoutLine: {'line': b'-- Up-to-date: /home/epiibots/ros2_ws/install/drive_base_msgs/include/drive_base_msgs/drive_base_msgs/msg/detail/base_info__type_support.hpp\n'}
[5.530331] (drive_base_msgs) StdoutLine: {'line': b'-- Up-to-date: /home/epiibots/ros2_ws/install/drive_base_msgs/include/drive_base_msgs/drive_base_msgs/msg/detail/command_header__struct.hpp\n'}
[5.530635] (drive_base_msgs) StdoutLine: {'line': b'-- Up-to-date: /home/epiibots/ros2_ws/install/drive_base_msgs/include/drive_base_msgs/drive_base_msgs/msg/detail/base_info__traits.hpp\n'}
[5.530764] (drive_base_msgs) StdoutLine: {'line': b'-- Up-to-date: /home/epiibots/ros2_ws/install/drive_base_msgs/include/drive_base_msgs/drive_base_msgs/msg/detail/trv_command__struct.hpp\n'}
[5.530861] (drive_base_msgs) StdoutLine: {'line': b'-- Up-to-date: /home/epiibots/ros2_ws/install/drive_base_msgs/include/drive_base_msgs/drive_base_msgs/msg/detail/trv_command__traits.hpp\n'}
[5.530955] (drive_base_msgs) StdoutLine: {'line': b'-- Up-to-date: /home/epiibots/ros2_ws/install/drive_base_msgs/include/drive_base_msgs/drive_base_msgs/msg/detail/command_header__builder.hpp\n'}
[5.531037] (drive_base_msgs) StdoutLine: {'line': b'-- Up-to-date: /home/epiibots/ros2_ws/install/drive_base_msgs/include/drive_base_msgs/drive_base_msgs/msg/command_status.hpp\n'}
[5.531117] (drive_base_msgs) StdoutLine: {'line': b'-- Up-to-date: /home/epiibots/ros2_ws/install/drive_base_msgs/include/drive_base_msgs/drive_base_msgs\n'}
[5.531207] (drive_base_msgs) StdoutLine: {'line': b'-- Up-to-date: /home/epiibots/ros2_ws/install/drive_base_msgs/include/drive_base_msgs/drive_base_msgs/msg\n'}
[5.531309] (drive_base_msgs) StdoutLine: {'line': b'-- Up-to-date: /home/epiibots/ros2_ws/install/drive_base_msgs/include/drive_base_msgs/drive_base_msgs/msg/rosidl_typesupport_fastrtps_cpp__visibility_control.h\n'}
[5.531489] (drive_base_msgs) StdoutLine: {'line': b'-- Up-to-date: /home/epiibots/ros2_ws/install/drive_base_msgs/include/drive_base_msgs/drive_base_msgs/msg/detail\n'}
[5.531621] (drive_base_msgs) StdoutLine: {'line': b'-- Up-to-date: /home/epiibots/ros2_ws/install/drive_base_msgs/include/drive_base_msgs/drive_base_msgs/msg/detail/base_info__rosidl_typesupport_fastrtps_cpp.hpp\n'}
[5.531716] (drive_base_msgs) StdoutLine: {'line': b'-- Up-to-date: /home/epiibots/ros2_ws/install/drive_base_msgs/include/drive_base_msgs/drive_base_msgs/msg/detail/command_status__rosidl_typesupport_fastrtps_cpp.hpp\n'}
[5.531803] (drive_base_msgs) StdoutLine: {'line': b'-- Up-to-date: /home/epiibots/ros2_ws/install/drive_base_msgs/include/drive_base_msgs/drive_base_msgs/msg/detail/trv_command__rosidl_typesupport_fastrtps_cpp.hpp\n'}
[5.531888] (drive_base_msgs) StdoutLine: {'line': b'-- Up-to-date: /home/epiibots/ros2_ws/install/drive_base_msgs/include/drive_base_msgs/drive_base_msgs/msg/detail/dds_fastrtps\n'}
[5.531966] (drive_base_msgs) StdoutLine: {'line': b'-- Up-to-date: /home/epiibots/ros2_ws/install/drive_base_msgs/include/drive_base_msgs/drive_base_msgs/msg/detail/command_header__rosidl_typesupport_fastrtps_cpp.hpp\n'}
[5.532059] (drive_base_msgs) StdoutLine: {'line': b'-- Up-to-date: /home/epiibots/ros2_ws/install/drive_base_msgs/lib/libdrive_base_msgs__rosidl_typesupport_fastrtps_cpp.so\n'}
[5.532137] (drive_base_msgs) StdoutLine: {'line': b'-- Up-to-date: /home/epiibots/ros2_ws/install/drive_base_msgs/include/drive_base_msgs/drive_base_msgs\n'}
[5.532218] (drive_base_msgs) StdoutLine: {'line': b'-- Up-to-date: /home/epiibots/ros2_ws/install/drive_base_msgs/include/drive_base_msgs/drive_base_msgs/msg\n'}
[5.532301] (drive_base_msgs) StdoutLine: {'line': b'-- Up-to-date: /home/epiibots/ros2_ws/install/drive_base_msgs/include/drive_base_msgs/drive_base_msgs/msg/rosidl_typesupport_introspection_c__visibility_control.h\n'}
[5.532397] (drive_base_msgs) StdoutLine: {'line': b'-- Up-to-date: /home/epiibots/ros2_ws/install/drive_base_msgs/include/drive_base_msgs/drive_base_msgs/msg/detail\n'}
[5.533740] (drive_base_msgs) StdoutLine: {'line': b'-- Up-to-date: /home/epiibots/ros2_ws/install/drive_base_msgs/include/drive_base_msgs/drive_base_msgs/msg/detail/command_status__rosidl_typesupport_introspection_c.h\n'}
[5.533843] (drive_base_msgs) StdoutLine: {'line': b'-- Installing: /home/epiibots/ros2_ws/install/drive_base_msgs/include/drive_base_msgs/drive_base_msgs/msg/detail/command_status__type_support.c\n'}
[5.533939] (drive_base_msgs) StdoutLine: {'line': b'-- Up-to-date: /home/epiibots/ros2_ws/install/drive_base_msgs/include/drive_base_msgs/drive_base_msgs/msg/detail/command_header__rosidl_typesupport_introspection_c.h\n'}
[5.534037] (drive_base_msgs) StdoutLine: {'line': b'-- Up-to-date: /home/epiibots/ros2_ws/install/drive_base_msgs/include/drive_base_msgs/drive_base_msgs/msg/detail/base_info__rosidl_typesupport_introspection_c.h\n'}
[5.534120] (drive_base_msgs) StdoutLine: {'line': b'-- Installing: /home/epiibots/ros2_ws/install/drive_base_msgs/include/drive_base_msgs/drive_base_msgs/msg/detail/trv_command__type_support.c\n'}
[5.534200] (drive_base_msgs) StdoutLine: {'line': b'-- Installing: /home/epiibots/ros2_ws/install/drive_base_msgs/include/drive_base_msgs/drive_base_msgs/msg/detail/command_header__type_support.c\n'}
[5.534283] (drive_base_msgs) StdoutLine: {'line': b'-- Installing: /home/epiibots/ros2_ws/install/drive_base_msgs/include/drive_base_msgs/drive_base_msgs/msg/detail/base_info__type_support.c\n'}
[5.534387] (drive_base_msgs) StdoutLine: {'line': b'-- Up-to-date: /home/epiibots/ros2_ws/install/drive_base_msgs/include/drive_base_msgs/drive_base_msgs/msg/detail/trv_command__rosidl_typesupport_introspection_c.h\n'}
[5.534731] (drive_base_msgs) StdoutLine: {'line': b'-- Up-to-date: /home/epiibots/ros2_ws/install/drive_base_msgs/lib/libdrive_base_msgs__rosidl_typesupport_introspection_c.so\n'}
[5.538896] (drive_base_msgs) StdoutLine: {'line': b'-- Up-to-date: /home/epiibots/ros2_ws/install/drive_base_msgs/lib/libdrive_base_msgs__rosidl_typesupport_c.so\n'}
[5.539301] (drive_base_msgs) StdoutLine: {'line': b'-- Up-to-date: /home/epiibots/ros2_ws/install/drive_base_msgs/include/drive_base_msgs/drive_base_msgs\n'}
[5.539475] (drive_base_msgs) StdoutLine: {'line': b'-- Up-to-date: /home/epiibots/ros2_ws/install/drive_base_msgs/include/drive_base_msgs/drive_base_msgs/msg\n'}
[5.539583] (drive_base_msgs) StdoutLine: {'line': b'-- Up-to-date: /home/epiibots/ros2_ws/install/drive_base_msgs/include/drive_base_msgs/drive_base_msgs/msg/detail\n'}
[5.539741] (drive_base_msgs) StdoutLine: {'line': b'-- Up-to-date: /home/epiibots/ros2_ws/install/drive_base_msgs/include/drive_base_msgs/drive_base_msgs/msg/detail/base_info__type_support.cpp\n'}
[5.539860] (drive_base_msgs) StdoutLine: {'line': b'-- Up-to-date: /home/epiibots/ros2_ws/install/drive_base_msgs/include/drive_base_msgs/drive_base_msgs/msg/detail/trv_command__rosidl_typesupport_introspection_cpp.hpp\n'}
[5.539959] (drive_base_msgs) StdoutLine: {'line': b'-- Up-to-date: /home/epiibots/ros2_ws/install/drive_base_msgs/include/drive_base_msgs/drive_base_msgs/msg/detail/base_info__rosidl_typesupport_introspection_cpp.hpp\n'}
[5.540041] (drive_base_msgs) StdoutLine: {'line': b'-- Up-to-date: /home/epiibots/ros2_ws/install/drive_base_msgs/include/drive_base_msgs/drive_base_msgs/msg/detail/trv_command__type_support.cpp\n'}
[5.540121] (drive_base_msgs) StdoutLine: {'line': b'-- Up-to-date: /home/epiibots/ros2_ws/install/drive_base_msgs/include/drive_base_msgs/drive_base_msgs/msg/detail/command_header__rosidl_typesupport_introspection_cpp.hpp\n'}
[5.540198] (drive_base_msgs) StdoutLine: {'line': b'-- Up-to-date: /home/epiibots/ros2_ws/install/drive_base_msgs/include/drive_base_msgs/drive_base_msgs/msg/detail/command_status__rosidl_typesupport_introspection_cpp.hpp\n'}
[5.540284] (drive_base_msgs) StdoutLine: {'line': b'-- Up-to-date: /home/epiibots/ros2_ws/install/drive_base_msgs/include/drive_base_msgs/drive_base_msgs/msg/detail/command_header__type_support.cpp\n'}
[5.540372] (drive_base_msgs) StdoutLine: {'line': b'-- Up-to-date: /home/epiibots/ros2_ws/install/drive_base_msgs/include/drive_base_msgs/drive_base_msgs/msg/detail/command_status__type_support.cpp\n'}
[5.542811] (drive_base_msgs) StdoutLine: {'line': b'-- Up-to-date: /home/epiibots/ros2_ws/install/drive_base_msgs/lib/libdrive_base_msgs__rosidl_typesupport_introspection_cpp.so\n'}
[5.546752] (drive_base_msgs) StdoutLine: {'line': b'-- Up-to-date: /home/epiibots/ros2_ws/install/drive_base_msgs/lib/libdrive_base_msgs__rosidl_typesupport_cpp.so\n'}
[5.547105] (drive_base_msgs) StdoutLine: {'line': b'-- Up-to-date: /home/epiibots/ros2_ws/install/drive_base_msgs/share/drive_base_msgs/environment/pythonpath.sh\n'}
[5.547292] (drive_base_msgs) StdoutLine: {'line': b'-- Up-to-date: /home/epiibots/ros2_ws/install/drive_base_msgs/share/drive_base_msgs/environment/pythonpath.dsv\n'}
[5.547475] (drive_base_msgs) StdoutLine: {'line': b'-- Up-to-date: /home/epiibots/ros2_ws/install/drive_base_msgs/lib/python3.12/site-packages/drive_base_msgs-0.0.0-py3.12.egg-info\n'}
[5.547637] (drive_base_msgs) StdoutLine: {'line': b'-- Installing: /home/epiibots/ros2_ws/install/drive_base_msgs/lib/python3.12/site-packages/drive_base_msgs-0.0.0-py3.12.egg-info/top_level.txt\n'}
[5.547741] (drive_base_msgs) StdoutLine: {'line': b'-- Installing: /home/epiibots/ros2_ws/install/drive_base_msgs/lib/python3.12/site-packages/drive_base_msgs-0.0.0-py3.12.egg-info/PKG-INFO\n'}
[5.547865] (drive_base_msgs) StdoutLine: {'line': b'-- Installing: /home/epiibots/ros2_ws/install/drive_base_msgs/lib/python3.12/site-packages/drive_base_msgs-0.0.0-py3.12.egg-info/SOURCES.txt\n'}
[5.547995] (drive_base_msgs) StdoutLine: {'line': b'-- Installing: /home/epiibots/ros2_ws/install/drive_base_msgs/lib/python3.12/site-packages/drive_base_msgs-0.0.0-py3.12.egg-info/dependency_links.txt\n'}
[5.548318] (drive_base_msgs) StdoutLine: {'line': b'-- Up-to-date: /home/epiibots/ros2_ws/install/drive_base_msgs/lib/python3.12/site-packages/drive_base_msgs\n'}
[5.550676] (drive_base_msgs) StdoutLine: {'line': b'-- Up-to-date: /home/epiibots/ros2_ws/install/drive_base_msgs/lib/python3.12/site-packages/drive_base_msgs/msg\n'}
[5.552590] (drive_base_msgs) StdoutLine: {'line': b'-- Up-to-date: /home/epiibots/ros2_ws/install/drive_base_msgs/lib/python3.12/site-packages/drive_base_msgs/msg/_command_header_s.c\n'}
[5.552835] (drive_base_msgs) StdoutLine: {'line': b'-- Up-to-date: /home/epiibots/ros2_ws/install/drive_base_msgs/lib/python3.12/site-packages/drive_base_msgs/msg/_trv_command.py\n'}
[5.552934] (drive_base_msgs) StdoutLine: {'line': b'-- Up-to-date: /home/epiibots/ros2_ws/install/drive_base_msgs/lib/python3.12/site-packages/drive_base_msgs/msg/_trv_command_s.c\n'}
[5.553033] (drive_base_msgs) StdoutLine: {'line': b'-- Up-to-date: /home/epiibots/ros2_ws/install/drive_base_msgs/lib/python3.12/site-packages/drive_base_msgs/msg/__init__.py\n'}
[5.553116] (drive_base_msgs) StdoutLine: {'line': b'-- Up-to-date: /home/epiibots/ros2_ws/install/drive_base_msgs/lib/python3.12/site-packages/drive_base_msgs/msg/_base_info.py\n'}
[5.553205] (drive_base_msgs) StdoutLine: {'line': b'-- Up-to-date: /home/epiibots/ros2_ws/install/drive_base_msgs/lib/python3.12/site-packages/drive_base_msgs/msg/_command_status.py\n'}
[5.553288] (drive_base_msgs) StdoutLine: {'line': b'-- Up-to-date: /home/epiibots/ros2_ws/install/drive_base_msgs/lib/python3.12/site-packages/drive_base_msgs/msg/_command_header.py\n'}
[5.553373] (drive_base_msgs) StdoutLine: {'line': b'-- Up-to-date: /home/epiibots/ros2_ws/install/drive_base_msgs/lib/python3.12/site-packages/drive_base_msgs/msg/_base_info_s.c\n'}
[5.554173] (drive_base_msgs) StdoutLine: {'line': b'-- Up-to-date: /home/epiibots/ros2_ws/install/drive_base_msgs/lib/python3.12/site-packages/drive_base_msgs/msg/_command_status_s.c\n'}
[5.554334] (drive_base_msgs) StdoutLine: {'line': b'-- Up-to-date: /home/epiibots/ros2_ws/install/drive_base_msgs/lib/python3.12/site-packages/drive_base_msgs/__init__.py\n'}
[5.554451] (drive_base_msgs) StdoutLine: {'line': b'-- Up-to-date: /home/epiibots/ros2_ws/install/drive_base_msgs/lib/python3.12/site-packages/drive_base_msgs/_drive_base_msgs_s.ep.rosidl_typesupport_introspection_c.c\n'}
[5.554562] (drive_base_msgs) StdoutLine: {'line': b'-- Up-to-date: /home/epiibots/ros2_ws/install/drive_base_msgs/lib/python3.12/site-packages/drive_base_msgs/drive_base_msgs_s__rosidl_typesupport_fastrtps_c.so\n'}
[5.554655] (drive_base_msgs) StdoutLine: {'line': b'-- Up-to-date: /home/epiibots/ros2_ws/install/drive_base_msgs/lib/python3.12/site-packages/drive_base_msgs/_drive_base_msgs_s.ep.rosidl_typesupport_fastrtps_c.c\n'}
[5.554736] (drive_base_msgs) StdoutLine: {'line': b'-- Up-to-date: /home/epiibots/ros2_ws/install/drive_base_msgs/lib/python3.12/site-packages/drive_base_msgs/_drive_base_msgs_s.ep.rosidl_typesupport_c.c\n'}
[5.554818] (drive_base_msgs) StdoutLine: {'line': b'-- Up-to-date: /home/epiibots/ros2_ws/install/drive_base_msgs/lib/python3.12/site-packages/drive_base_msgs/drive_base_msgs_s__rosidl_typesupport_introspection_c.so\n'}
[5.554896] (drive_base_msgs) StdoutLine: {'line': b'-- Up-to-date: /home/epiibots/ros2_ws/install/drive_base_msgs/lib/python3.12/site-packages/drive_base_msgs/drive_base_msgs_s__rosidl_typesupport_c.so\n'}
[5.557557] (-) TimerEvent: {}
[5.638838] (drive_base_msgs) StdoutLine: {'line': b"Listing '/home/epiibots/ros2_ws/install/drive_base_msgs/lib/python3.12/site-packages/drive_base_msgs'...\n"}
[5.639229] (drive_base_msgs) StdoutLine: {'line': b"Listing '/home/epiibots/ros2_ws/install/drive_base_msgs/lib/python3.12/site-packages/drive_base_msgs/msg'...\n"}
[5.657742] (-) TimerEvent: {}
[5.668997] (drive_base_msgs) StdoutLine: {'line': b'-- Up-to-date: /home/epiibots/ros2_ws/install/drive_base_msgs/lib/python3.12/site-packages/drive_base_msgs/drive_base_msgs_s__rosidl_typesupport_fastrtps_c.so\n'}
[5.672071] (drive_base_msgs) StdoutLine: {'line': b'-- Up-to-date: /home/epiibots/ros2_ws/install/drive_base_msgs/lib/python3.12/site-packages/drive_base_msgs/drive_base_msgs_s__rosidl_typesupport_introspection_c.so\n'}
[5.674224] (drive_base_msgs) StdoutLine: {'line': b'-- Up-to-date: /home/epiibots/ros2_ws/install/drive_base_msgs/lib/python3.12/site-packages/drive_base_msgs/drive_base_msgs_s__rosidl_typesupport_c.so\n'}
[5.676391] (drive_base_msgs) StdoutLine: {'line': b'-- Up-to-date: /home/epiibots/ros2_ws/install/drive_base_msgs/lib/libdrive_base_msgs__rosidl_generator_py.so\n'}
[5.677209] (drive_base_msgs) StdoutLine: {'line': b'-- Up-to-date: /home/epiibots/ros2_ws/install/drive_base_msgs/share/ament_index/resource_index/rust_packages/drive_base_msgs\n'}
[5.677398] (drive_base_msgs) StdoutLine: {'line': b'-- Up-to-date: /home/epiibots/ros2_ws/install/drive_base_msgs/share/drive_base_msgs/rust\n'}
[5.678362] (drive_base_msgs) StdoutLine: {'line': b'-- Up-to-date: /home/epiibots/ros2_ws/install/drive_base_msgs/share/drive_base_msgs/rust/build.rs\n'}
[5.678623] (drive_base_msgs) StdoutLine: {'line': b'-- Up-to-date: /home/epiibots/ros2_ws/install/drive_base_msgs/share/drive_base_msgs/rust/src\n'}
[5.679041] (drive_base_msgs) StdoutLine: {'line': b'-- Up-to-date: /home/epiibots/ros2_ws/install/drive_base_msgs/share/drive_base_msgs/rust/src/msg\n'}
[5.679554] (drive_base_msgs) StdoutLine: {'line': b'-- Up-to-date: /home/epiibots/ros2_ws/install/drive_base_msgs/share/drive_base_msgs/rust/src/msg/rmw.rs\n'}
[5.679731] (drive_base_msgs) StdoutLine: {'line': b'-- Up-to-date: /home/epiibots/ros2_ws/install/drive_base_msgs/share/drive_base_msgs/rust/src/lib.rs\n'}
[5.680352] (drive_base_msgs) StdoutLine: {'line': b'-- Up-to-date: /home/epiibots/ros2_ws/install/drive_base_msgs/share/drive_base_msgs/rust/src/msg.rs\n'}
[5.680532] (drive_base_msgs) StdoutLine: {'line': b'-- Up-to-date: /home/epiibots/ros2_ws/install/drive_base_msgs/share/drive_base_msgs/rust/Cargo.toml\n'}
[5.680625] (drive_base_msgs) StdoutLine: {'line': b'-- Up-to-date: /home/epiibots/ros2_ws/install/drive_base_msgs/share/drive_base_msgs/msg/CommandHeader.idl\n'}
[5.681353] (drive_base_msgs) StdoutLine: {'line': b'-- Up-to-date: /home/epiibots/ros2_ws/install/drive_base_msgs/share/drive_base_msgs/msg/BaseInfo.idl\n'}
[5.681563] (drive_base_msgs) StdoutLine: {'line': b'-- Up-to-date: /home/epiibots/ros2_ws/install/drive_base_msgs/share/drive_base_msgs/msg/CommandStatus.idl\n'}
[5.681668] (drive_base_msgs) StdoutLine: {'line': b'-- Up-to-date: /home/epiibots/ros2_ws/install/drive_base_msgs/share/drive_base_msgs/msg/TRVCommand.idl\n'}
[5.682432] (drive_base_msgs) StdoutLine: {'line': b'-- Up-to-date: /home/epiibots/ros2_ws/install/drive_base_msgs/share/drive_base_msgs/msg/CommandHeader.msg\n'}
[5.682637] (drive_base_msgs) StdoutLine: {'line': b'-- Up-to-date: /home/epiibots/ros2_ws/install/drive_base_msgs/share/drive_base_msgs/msg/BaseInfo.msg\n'}
[5.682735] (drive_base_msgs) StdoutLine: {'line': b'-- Up-to-date: /home/epiibots/ros2_ws/install/drive_base_msgs/share/drive_base_msgs/msg/CommandStatus.msg\n'}
[5.683365] (drive_base_msgs) StdoutLine: {'line': b'-- Up-to-date: /home/epiibots/ros2_ws/install/drive_base_msgs/share/drive_base_msgs/msg/TRVCommand.msg\n'}
[5.684052] (drive_base_msgs) StdoutLine: {'line': b'-- Up-to-date: /home/epiibots/ros2_ws/install/drive_base_msgs/share/ament_index/resource_index/package_run_dependencies/drive_base_msgs\n'}
[5.684687] (drive_base_msgs) StdoutLine: {'line': b'-- Up-to-date: /home/epiibots/ros2_ws/install/drive_base_msgs/share/ament_index/resource_index/parent_prefix_path/drive_base_msgs\n'}
[5.685222] (drive_base_msgs) StdoutLine: {'line': b'-- Up-to-date: /home/epiibots/ros2_ws/install/drive_base_msgs/share/drive_base_msgs/environment/ament_prefix_path.sh\n'}
[5.685391] (drive_base_msgs) StdoutLine: {'line': b'-- Up-to-date: /home/epiibots/ros2_ws/install/drive_base_msgs/share/drive_base_msgs/environment/ament_prefix_path.dsv\n'}
[5.685983] (drive_base_msgs) StdoutLine: {'line': b'-- Up-to-date: /home/epiibots/ros2_ws/install/drive_base_msgs/share/drive_base_msgs/environment/path.sh\n'}
[5.686149] (drive_base_msgs) StdoutLine: {'line': b'-- Up-to-date: /home/epiibots/ros2_ws/install/drive_base_msgs/share/drive_base_msgs/environment/path.dsv\n'}
[5.686766] (drive_base_msgs) StdoutLine: {'line': b'-- Up-to-date: /home/epiibots/ros2_ws/install/drive_base_msgs/share/drive_base_msgs/local_setup.bash\n'}
[5.686997] (drive_base_msgs) StdoutLine: {'line': b'-- Up-to-date: /home/epiibots/ros2_ws/install/drive_base_msgs/share/drive_base_msgs/local_setup.sh\n'}
[5.687531] (drive_base_msgs) StdoutLine: {'line': b'-- Up-to-date: /home/epiibots/ros2_ws/install/drive_base_msgs/share/drive_base_msgs/local_setup.zsh\n'}
[5.687699] (drive_base_msgs) StdoutLine: {'line': b'-- Up-to-date: /home/epiibots/ros2_ws/install/drive_base_msgs/share/drive_base_msgs/local_setup.dsv\n'}
[5.688325] (drive_base_msgs) StdoutLine: {'line': b'-- Installing: /home/epiibots/ros2_ws/install/drive_base_msgs/share/drive_base_msgs/package.dsv\n'}
[5.689992] (drive_base_msgs) StdoutLine: {'line': b'-- Up-to-date: /home/epiibots/ros2_ws/install/drive_base_msgs/share/ament_index/resource_index/packages/drive_base_msgs\n'}
[5.693371] (drive_base_msgs) StdoutLine: {'line': b'-- Up-to-date: /home/epiibots/ros2_ws/install/drive_base_msgs/share/drive_base_msgs/cmake/export_drive_base_msgs__rosidl_generator_cExport.cmake\n'}
[5.694317] (drive_base_msgs) StdoutLine: {'line': b'-- Up-to-date: /home/epiibots/ros2_ws/install/drive_base_msgs/share/drive_base_msgs/cmake/export_drive_base_msgs__rosidl_generator_cExport-noconfig.cmake\n'}
[5.695818] (drive_base_msgs) StdoutLine: {'line': b'-- Up-to-date: /home/epiibots/ros2_ws/install/drive_base_msgs/share/drive_base_msgs/cmake/export_drive_base_msgs__rosidl_typesupport_fastrtps_cExport.cmake\n'}
[5.696388] (drive_base_msgs) StdoutLine: {'line': b'-- Up-to-date: /home/epiibots/ros2_ws/install/drive_base_msgs/share/drive_base_msgs/cmake/export_drive_base_msgs__rosidl_typesupport_fastrtps_cExport-noconfig.cmake\n'}
[5.698424] (drive_base_msgs) StdoutLine: {'line': b'-- Up-to-date: /home/epiibots/ros2_ws/install/drive_base_msgs/share/drive_base_msgs/cmake/export_drive_base_msgs__rosidl_generator_cppExport.cmake\n'}
[5.700778] (drive_base_msgs) StdoutLine: {'line': b'-- Up-to-date: /home/epiibots/ros2_ws/install/drive_base_msgs/share/drive_base_msgs/cmake/export_drive_base_msgs__rosidl_typesupport_fastrtps_cppExport.cmake\n'}
[5.701055] (drive_base_msgs) StdoutLine: {'line': b'-- Up-to-date: /home/epiibots/ros2_ws/install/drive_base_msgs/share/drive_base_msgs/cmake/export_drive_base_msgs__rosidl_typesupport_fastrtps_cppExport-noconfig.cmake\n'}
[5.703627] (drive_base_msgs) StdoutLine: {'line': b'-- Up-to-date: /home/epiibots/ros2_ws/install/drive_base_msgs/share/drive_base_msgs/cmake/drive_base_msgs__rosidl_typesupport_introspection_cExport.cmake\n'}
[5.704021] (drive_base_msgs) StdoutLine: {'line': b'-- Up-to-date: /home/epiibots/ros2_ws/install/drive_base_msgs/share/drive_base_msgs/cmake/drive_base_msgs__rosidl_typesupport_introspection_cExport-noconfig.cmake\n'}
[5.706688] (drive_base_msgs) StdoutLine: {'line': b'-- Up-to-date: /home/epiibots/ros2_ws/install/drive_base_msgs/share/drive_base_msgs/cmake/drive_base_msgs__rosidl_typesupport_cExport.cmake\n'}
[5.706962] (drive_base_msgs) StdoutLine: {'line': b'-- Up-to-date: /home/epiibots/ros2_ws/install/drive_base_msgs/share/drive_base_msgs/cmake/drive_base_msgs__rosidl_typesupport_cExport-noconfig.cmake\n'}
[5.708191] (drive_base_msgs) StdoutLine: {'line': b'-- Up-to-date: /home/epiibots/ros2_ws/install/drive_base_msgs/share/drive_base_msgs/cmake/drive_base_msgs__rosidl_typesupport_introspection_cppExport.cmake\n'}
[5.709096] (drive_base_msgs) StdoutLine: {'line': b'-- Up-to-date: /home/epiibots/ros2_ws/install/drive_base_msgs/share/drive_base_msgs/cmake/drive_base_msgs__rosidl_typesupport_introspection_cppExport-noconfig.cmake\n'}
[5.710987] (drive_base_msgs) StdoutLine: {'line': b'-- Up-to-date: /home/epiibots/ros2_ws/install/drive_base_msgs/share/drive_base_msgs/cmake/drive_base_msgs__rosidl_typesupport_cppExport.cmake\n'}
[5.711943] (drive_base_msgs) StdoutLine: {'line': b'-- Up-to-date: /home/epiibots/ros2_ws/install/drive_base_msgs/share/drive_base_msgs/cmake/drive_base_msgs__rosidl_typesupport_cppExport-noconfig.cmake\n'}
[5.713369] (drive_base_msgs) StdoutLine: {'line': b'-- Up-to-date: /home/epiibots/ros2_ws/install/drive_base_msgs/share/drive_base_msgs/cmake/export_drive_base_msgs__rosidl_generator_pyExport.cmake\n'}
[5.714338] (drive_base_msgs) StdoutLine: {'line': b'-- Up-to-date: /home/epiibots/ros2_ws/install/drive_base_msgs/share/drive_base_msgs/cmake/export_drive_base_msgs__rosidl_generator_pyExport-noconfig.cmake\n'}
[5.714646] (drive_base_msgs) StdoutLine: {'line': b'-- Up-to-date: /home/epiibots/ros2_ws/install/drive_base_msgs/share/drive_base_msgs/cmake/rosidl_cmake-extras.cmake\n'}
[5.714767] (drive_base_msgs) StdoutLine: {'line': b'-- Up-to-date: /home/epiibots/ros2_ws/install/drive_base_msgs/share/drive_base_msgs/cmake/ament_cmake_export_dependencies-extras.cmake\n'}
[5.715804] (drive_base_msgs) StdoutLine: {'line': b'-- Up-to-date: /home/epiibots/ros2_ws/install/drive_base_msgs/share/drive_base_msgs/cmake/ament_cmake_export_include_directories-extras.cmake\n'}
[5.716038] (drive_base_msgs) StdoutLine: {'line': b'-- Up-to-date: /home/epiibots/ros2_ws/install/drive_base_msgs/share/drive_base_msgs/cmake/ament_cmake_export_libraries-extras.cmake\n'}
[5.716149] (drive_base_msgs) StdoutLine: {'line': b'-- Up-to-date: /home/epiibots/ros2_ws/install/drive_base_msgs/share/drive_base_msgs/cmake/ament_cmake_export_targets-extras.cmake\n'}
[5.716266] (drive_base_msgs) StdoutLine: {'line': b'-- Up-to-date: /home/epiibots/ros2_ws/install/drive_base_msgs/share/drive_base_msgs/cmake/rosidl_cmake_export_typesupport_targets-extras.cmake\n'}
[5.717211] (drive_base_msgs) StdoutLine: {'line': b'-- Up-to-date: /home/epiibots/ros2_ws/install/drive_base_msgs/share/drive_base_msgs/cmake/rosidl_cmake_export_typesupport_libraries-extras.cmake\n'}
[5.717450] (drive_base_msgs) StdoutLine: {'line': b'-- Up-to-date: /home/epiibots/ros2_ws/install/drive_base_msgs/share/drive_base_msgs/cmake/drive_base_msgsConfig.cmake\n'}
[5.717569] (drive_base_msgs) StdoutLine: {'line': b'-- Up-to-date: /home/epiibots/ros2_ws/install/drive_base_msgs/share/drive_base_msgs/cmake/drive_base_msgsConfig-version.cmake\n'}
[5.717655] (drive_base_msgs) StdoutLine: {'line': b'-- Up-to-date: /home/epiibots/ros2_ws/install/drive_base_msgs/share/drive_base_msgs/package.xml\n'}
[5.757847] (-) TimerEvent: {}
[5.858273] (-) TimerEvent: {}
[5.959151] (-) TimerEvent: {}
[5.998226] (lidar_teste) Command: {'cmd': ['/usr/bin/python3', '-W', 'ignore:setup.py install is deprecated', '-W', 'ignore:easy_install command is deprecated', 'setup.py', 'egg_info', '--egg-base', '../../build/lidar_teste', 'build', '--build-base', '/home/epiibots/ros2_ws/build/lidar_teste/build', 'install', '--record', '/home/epiibots/ros2_ws/build/lidar_teste/install.log', '--single-version-externally-managed', 'install_data'], 'cwd': '/home/epiibots/ros2_ws/src/lidar_teste', 'env': {'LESSOPEN': '| /usr/bin/lesspipe %s', 'USER': 'epiibots', 'SSH_CLIENT': '192.168.0.101 63419 22', 'GZ_CONFIG_PATH': '/opt/ros/jazzy/opt/gz_sim_vendor/share/gz:/opt/ros/jazzy/opt/sdformat_vendor/share/gz:/opt/ros/jazzy/opt/gz_gui_vendor/share/gz:/opt/ros/jazzy/opt/gz_transport_vendor/share/gz:/opt/ros/jazzy/opt/gz_rendering_vendor/share/gz:/opt/ros/jazzy/opt/gz_plugin_vendor/share/gz:/opt/ros/jazzy/opt/gz_fuel_tools_vendor/share/gz:/opt/ros/jazzy/opt/gz_msgs_vendor/share/gz:/opt/ros/jazzy/opt/gz_common_vendor/share/gz', 'XDG_SESSION_TYPE': 'tty', 'SHLVL': '1', 'LD_LIBRARY_PATH': '/opt/ros/jazzy/opt/gz_sim_vendor/lib:/opt/ros/jazzy/opt/gz_sensors_vendor/lib:/opt/ros/jazzy/opt/gz_physics_vendor/lib:/opt/ros/jazzy/opt/sdformat_vendor/lib:/opt/ros/jazzy/opt/rviz_ogre_vendor/lib:/opt/ros/jazzy/lib/aarch64-linux-gnu:/opt/ros/jazzy/opt/gz_gui_vendor/lib:/opt/ros/jazzy/opt/gz_transport_vendor/lib:/opt/ros/jazzy/opt/gz_rendering_vendor/lib:/opt/ros/jazzy/opt/gz_plugin_vendor/lib:/opt/ros/jazzy/opt/gz_fuel_tools_vendor/lib:/opt/ros/jazzy/opt/gz_msgs_vendor/lib:/opt/ros/jazzy/opt/gz_common_vendor/lib:/opt/ros/jazzy/opt/gz_math_vendor/lib:/opt/ros/jazzy/opt/gz_utils_vendor/lib:/opt/ros/jazzy/opt/gz_tools_vendor/lib:/opt/ros/jazzy/opt/gz_ogre_next_vendor/lib:/opt/ros/jazzy/opt/gz_dartsim_vendor/lib:/opt/ros/jazzy/opt/gz_cmake_vendor/lib:/opt/ros/jazzy/lib', 'HOME': '/home/epiibots', 'OLDPWD': '/home/epiibots/ros2_ws/install', 'SSH_TTY': '/dev/pts/4', 'ROS_PYTHON_VERSION': '3', 'DBUS_SESSION_BUS_ADDRESS': 'unix:path=/run/user/1000/bus', 'DEBUGINFOD_URLS': 'https://debuginfod.ubuntu.com', 'ROS_DISTRO': 'jazzy', 'LOGNAME': 'epiibots', '_': '/usr/bin/colcon', 'ROS_VERSION': '2', 'XDG_SESSION_CLASS': 'user', 'TERM': 'xterm-256color', 'XDG_SESSION_ID': '11', 'PATH': '/opt/ros/jazzy/opt/gz_msgs_vendor/bin:/opt/ros/jazzy/opt/gz_tools_vendor/bin:/opt/ros/jazzy/opt/gz_ogre_next_vendor/bin:/opt/ros/jazzy/bin:/usr/local/sbin:/usr/local/bin:/usr/sbin:/usr/bin:/sbin:/bin:/usr/games:/usr/local/games:/snap/bin', 'XDG_RUNTIME_DIR': '/run/user/1000', 'LANG': 'en_US.UTF-8', 'LS_COLORS': 'rs=0:di=01;34:ln=01;36:mh=00:pi=40;33:so=01;35:do=01;35:bd=40;33;01:cd=40;33;01:or=40;31;01:mi=00:su=37;41:sg=30;43:ca=00:tw=30;42:ow=34;42:st=37;44:ex=01;32:*.tar=01;31:*.tgz=01;31:*.arc=01;31:*.arj=01;31:*.taz=01;31:*.lha=01;31:*.lz4=01;31:*.lzh=01;31:*.lzma=01;31:*.tlz=01;31:*.txz=01;31:*.tzo=01;31:*.t7z=01;31:*.zip=01;31:*.z=01;31:*.dz=01;31:*.gz=01;31:*.lrz=01;31:*.lz=01;31:*.lzo=01;31:*.xz=01;31:*.zst=01;31:*.tzst=01;31:*.bz2=01;31:*.bz=01;31:*.tbz=01;31:*.tbz2=01;31:*.tz=01;31:*.deb=01;31:*.rpm=01;31:*.jar=01;31:*.war=01;31:*.ear=01;31:*.sar=01;31:*.rar=01;31:*.alz=01;31:*.ace=01;31:*.zoo=01;31:*.cpio=01;31:*.7z=01;31:*.rz=01;31:*.cab=01;31:*.wim=01;31:*.swm=01;31:*.dwm=01;31:*.esd=01;31:*.avif=01;35:*.jpg=01;35:*.jpeg=01;35:*.mjpg=01;35:*.mjpeg=01;35:*.gif=01;35:*.bmp=01;35:*.pbm=01;35:*.pgm=01;35:*.ppm=01;35:*.tga=01;35:*.xbm=01;35:*.xpm=01;35:*.tif=01;35:*.tiff=01;35:*.png=01;35:*.svg=01;35:*.svgz=01;35:*.mng=01;35:*.pcx=01;35:*.mov=01;35:*.mpg=01;35:*.mpeg=01;35:*.m2v=01;35:*.mkv=01;35:*.webm=01;35:*.webp=01;35:*.ogm=01;35:*.mp4=01;35:*.m4v=01;35:*.mp4v=01;35:*.vob=01;35:*.qt=01;35:*.nuv=01;35:*.wmv=01;35:*.asf=01;35:*.rm=01;35:*.rmvb=01;35:*.flc=01;35:*.avi=01;35:*.fli=01;35:*.flv=01;35:*.gl=01;35:*.dl=01;35:*.xcf=01;35:*.xwd=01;35:*.yuv=01;35:*.cgm=01;35:*.emf=01;35:*.ogv=01;35:*.ogx=01;35:*.aac=00;36:*.au=00;36:*.flac=00;36:*.m4a=00;36:*.mid=00;36:*.midi=00;36:*.mka=00;36:*.mp3=00;36:*.mpc=00;36:*.ogg=00;36:*.ra=00;36:*.wav=00;36:*.oga=00;36:*.opus=00;36:*.spx=00;36:*.xspf=00;36:*~=00;90:*#=00;90:*.bak=00;90:*.crdownload=00;90:*.dpkg-dist=00;90:*.dpkg-new=00;90:*.dpkg-old=00;90:*.dpkg-tmp=00;90:*.old=00;90:*.orig=00;90:*.part=00;90:*.rej=00;90:*.rpmnew=00;90:*.rpmorig=00;90:*.rpmsave=00;90:*.swp=00;90:*.tmp=00;90:*.ucf-dist=00;90:*.ucf-new=00;90:*.ucf-old=00;90:', 'AMENT_PREFIX_PATH': '/opt/ros/jazzy', 'SHELL': '/bin/bash', 'LESSCLOSE': '/usr/bin/lesspipe %s %s', 'ROS_AUTOMATIC_DISCOVERY_RANGE': 'SUBNET', 'PWD': '/home/epiibots/ros2_ws/build/lidar_teste', 'LC_ALL': 'en_US.UTF-8', 'SSH_CONNECTION': '192.168.0.101 63419 192.168.0.67 22', 'XDG_DATA_DIRS': '/usr/share/gnome:/usr/local/share:/usr/share:/var/lib/snapd/desktop', 'PYTHONPATH': '/home/epiibots/ros2_ws/build/lidar_teste/prefix_override:/usr/lib/python3/dist-packages/colcon_core/task/python/colcon_distutils_commands:/home/epiibots/ros2_ws/install/lidar_teste/lib/python3.12/site-packages:/opt/ros/jazzy/lib/python3.12/site-packages', 'COLCON': '1', 'CMAKE_PREFIX_PATH': '/opt/ros/jazzy/opt/gz_sim_vendor:/opt/ros/jazzy/opt/gz_sensors_vendor:/opt/ros/jazzy/opt/gz_physics_vendor:/opt/ros/jazzy/opt/sdformat_vendor:/opt/ros/jazzy/opt/gz_gui_vendor:/opt/ros/jazzy/opt/gz_transport_vendor:/opt/ros/jazzy/opt/gz_rendering_vendor:/opt/ros/jazzy/opt/gz_plugin_vendor:/opt/ros/jazzy/opt/gz_fuel_tools_vendor:/opt/ros/jazzy/opt/gz_msgs_vendor:/opt/ros/jazzy/opt/gz_common_vendor:/opt/ros/jazzy/opt/gz_math_vendor:/opt/ros/jazzy/opt/gz_utils_vendor:/opt/ros/jazzy/opt/gz_tools_vendor:/opt/ros/jazzy/opt/gz_ogre_next_vendor:/opt/ros/jazzy/opt/gz_dartsim_vendor:/opt/ros/jazzy/opt/gz_cmake_vendor'}, 'shell': False}
[6.000167] (drive_base_msgs) CommandEnded: {'returncode': 0}
[6.042746] (drive_base_msgs) JobEnded: {'identifier': 'drive_base_msgs', 'rc': 0}
[6.044456] (controlegeral_carrinho) JobStarted: {'identifier': 'controlegeral_carrinho'}
[6.059322] (-) TimerEvent: {}
[6.162529] (-) TimerEvent: {}
[6.262974] (-) TimerEvent: {}
[6.363358] (-) TimerEvent: {}
[6.453457] (lidar_teste) StdoutLine: {'line': b'running egg_info\n'}
[6.463494] (-) TimerEvent: {}
[6.495760] (lidar_teste) StdoutLine: {'line': b'writing ../../build/lidar_teste/lidar_teste.egg-info/PKG-INFO\n'}
[6.501926] (lidar_teste) StdoutLine: {'line': b'writing dependency_links to ../../build/lidar_teste/lidar_teste.egg-info/dependency_links.txt\n'}
[6.503464] (lidar_teste) StdoutLine: {'line': b'writing entry points to ../../build/lidar_teste/lidar_teste.egg-info/entry_points.txt\n'}
[6.504100] (lidar_teste) StdoutLine: {'line': b'writing requirements to ../../build/lidar_teste/lidar_teste.egg-info/requires.txt\n'}
[6.504983] (lidar_teste) StdoutLine: {'line': b'writing top-level names to ../../build/lidar_teste/lidar_teste.egg-info/top_level.txt\n'}
[6.563633] (-) TimerEvent: {}
[6.598078] (lidar_teste) StdoutLine: {'line': b"reading manifest file '../../build/lidar_teste/lidar_teste.egg-info/SOURCES.txt'\n"}
[6.601693] (lidar_teste) StdoutLine: {'line': b"adding license file 'LICENSE'\n"}
[6.607587] (lidar_teste) StdoutLine: {'line': b"writing manifest file '../../build/lidar_teste/lidar_teste.egg-info/SOURCES.txt'\n"}
[6.607870] (lidar_teste) StdoutLine: {'line': b'running build\n'}
[6.608039] (lidar_teste) StdoutLine: {'line': b'running build_py\n'}
[6.608131] (lidar_teste) StdoutLine: {'line': b'running install\n'}
[6.621815] (lidar_teste) StdoutLine: {'line': b'running install_lib\n'}
[6.663779] (-) TimerEvent: {}
[6.665896] (lidar_teste) StdoutLine: {'line': b'running install_data\n'}
[6.666798] (lidar_teste) StdoutLine: {'line': b'running install_egg_info\n'}
[6.675968] (pwm_rec) Command: {'cmd': ['/usr/bin/python3', '-W', 'ignore:setup.py install is deprecated', '-W', 'ignore:easy_install command is deprecated', 'setup.py', 'egg_info', '--egg-base', '../../build/pwm_rec', 'build', '--build-base', '/home/epiibots/ros2_ws/build/pwm_rec/build', 'install', '--record', '/home/epiibots/ros2_ws/build/pwm_rec/install.log', '--single-version-externally-managed', 'install_data'], 'cwd': '/home/epiibots/ros2_ws/src/pwm_rec', 'env': {'LESSOPEN': '| /usr/bin/lesspipe %s', 'USER': 'epiibots', 'SSH_CLIENT': '192.168.0.101 63419 22', 'GZ_CONFIG_PATH': '/opt/ros/jazzy/opt/gz_sim_vendor/share/gz:/opt/ros/jazzy/opt/sdformat_vendor/share/gz:/opt/ros/jazzy/opt/gz_gui_vendor/share/gz:/opt/ros/jazzy/opt/gz_transport_vendor/share/gz:/opt/ros/jazzy/opt/gz_rendering_vendor/share/gz:/opt/ros/jazzy/opt/gz_plugin_vendor/share/gz:/opt/ros/jazzy/opt/gz_fuel_tools_vendor/share/gz:/opt/ros/jazzy/opt/gz_msgs_vendor/share/gz:/opt/ros/jazzy/opt/gz_common_vendor/share/gz', 'XDG_SESSION_TYPE': 'tty', 'SHLVL': '1', 'LD_LIBRARY_PATH': '/opt/ros/jazzy/opt/gz_sim_vendor/lib:/opt/ros/jazzy/opt/gz_sensors_vendor/lib:/opt/ros/jazzy/opt/gz_physics_vendor/lib:/opt/ros/jazzy/opt/sdformat_vendor/lib:/opt/ros/jazzy/opt/rviz_ogre_vendor/lib:/opt/ros/jazzy/lib/aarch64-linux-gnu:/opt/ros/jazzy/opt/gz_gui_vendor/lib:/opt/ros/jazzy/opt/gz_transport_vendor/lib:/opt/ros/jazzy/opt/gz_rendering_vendor/lib:/opt/ros/jazzy/opt/gz_plugin_vendor/lib:/opt/ros/jazzy/opt/gz_fuel_tools_vendor/lib:/opt/ros/jazzy/opt/gz_msgs_vendor/lib:/opt/ros/jazzy/opt/gz_common_vendor/lib:/opt/ros/jazzy/opt/gz_math_vendor/lib:/opt/ros/jazzy/opt/gz_utils_vendor/lib:/opt/ros/jazzy/opt/gz_tools_vendor/lib:/opt/ros/jazzy/opt/gz_ogre_next_vendor/lib:/opt/ros/jazzy/opt/gz_dartsim_vendor/lib:/opt/ros/jazzy/opt/gz_cmake_vendor/lib:/opt/ros/jazzy/lib', 'HOME': '/home/epiibots', 'OLDPWD': '/home/epiibots/ros2_ws/install', 'SSH_TTY': '/dev/pts/4', 'ROS_PYTHON_VERSION': '3', 'DBUS_SESSION_BUS_ADDRESS': 'unix:path=/run/user/1000/bus', 'DEBUGINFOD_URLS': 'https://debuginfod.ubuntu.com', 'ROS_DISTRO': 'jazzy', 'LOGNAME': 'epiibots', '_': '/usr/bin/colcon', 'ROS_VERSION': '2', 'XDG_SESSION_CLASS': 'user', 'TERM': 'xterm-256color', 'XDG_SESSION_ID': '11', 'PATH': '/opt/ros/jazzy/opt/gz_msgs_vendor/bin:/opt/ros/jazzy/opt/gz_tools_vendor/bin:/opt/ros/jazzy/opt/gz_ogre_next_vendor/bin:/opt/ros/jazzy/bin:/usr/local/sbin:/usr/local/bin:/usr/sbin:/usr/bin:/sbin:/bin:/usr/games:/usr/local/games:/snap/bin', 'XDG_RUNTIME_DIR': '/run/user/1000', 'LANG': 'en_US.UTF-8', 'LS_COLORS': 'rs=0:di=01;34:ln=01;36:mh=00:pi=40;33:so=01;35:do=01;35:bd=40;33;01:cd=40;33;01:or=40;31;01:mi=00:su=37;41:sg=30;43:ca=00:tw=30;42:ow=34;42:st=37;44:ex=01;32:*.tar=01;31:*.tgz=01;31:*.arc=01;31:*.arj=01;31:*.taz=01;31:*.lha=01;31:*.lz4=01;31:*.lzh=01;31:*.lzma=01;31:*.tlz=01;31:*.txz=01;31:*.tzo=01;31:*.t7z=01;31:*.zip=01;31:*.z=01;31:*.dz=01;31:*.gz=01;31:*.lrz=01;31:*.lz=01;31:*.lzo=01;31:*.xz=01;31:*.zst=01;31:*.tzst=01;31:*.bz2=01;31:*.bz=01;31:*.tbz=01;31:*.tbz2=01;31:*.tz=01;31:*.deb=01;31:*.rpm=01;31:*.jar=01;31:*.war=01;31:*.ear=01;31:*.sar=01;31:*.rar=01;31:*.alz=01;31:*.ace=01;31:*.zoo=01;31:*.cpio=01;31:*.7z=01;31:*.rz=01;31:*.cab=01;31:*.wim=01;31:*.swm=01;31:*.dwm=01;31:*.esd=01;31:*.avif=01;35:*.jpg=01;35:*.jpeg=01;35:*.mjpg=01;35:*.mjpeg=01;35:*.gif=01;35:*.bmp=01;35:*.pbm=01;35:*.pgm=01;35:*.ppm=01;35:*.tga=01;35:*.xbm=01;35:*.xpm=01;35:*.tif=01;35:*.tiff=01;35:*.png=01;35:*.svg=01;35:*.svgz=01;35:*.mng=01;35:*.pcx=01;35:*.mov=01;35:*.mpg=01;35:*.mpeg=01;35:*.m2v=01;35:*.mkv=01;35:*.webm=01;35:*.webp=01;35:*.ogm=01;35:*.mp4=01;35:*.m4v=01;35:*.mp4v=01;35:*.vob=01;35:*.qt=01;35:*.nuv=01;35:*.wmv=01;35:*.asf=01;35:*.rm=01;35:*.rmvb=01;35:*.flc=01;35:*.avi=01;35:*.fli=01;35:*.flv=01;35:*.gl=01;35:*.dl=01;35:*.xcf=01;35:*.xwd=01;35:*.yuv=01;35:*.cgm=01;35:*.emf=01;35:*.ogv=01;35:*.ogx=01;35:*.aac=00;36:*.au=00;36:*.flac=00;36:*.m4a=00;36:*.mid=00;36:*.midi=00;36:*.mka=00;36:*.mp3=00;36:*.mpc=00;36:*.ogg=00;36:*.ra=00;36:*.wav=00;36:*.oga=00;36:*.opus=00;36:*.spx=00;36:*.xspf=00;36:*~=00;90:*#=00;90:*.bak=00;90:*.crdownload=00;90:*.dpkg-dist=00;90:*.dpkg-new=00;90:*.dpkg-old=00;90:*.dpkg-tmp=00;90:*.old=00;90:*.orig=00;90:*.part=00;90:*.rej=00;90:*.rpmnew=00;90:*.rpmorig=00;90:*.rpmsave=00;90:*.swp=00;90:*.tmp=00;90:*.ucf-dist=00;90:*.ucf-new=00;90:*.ucf-old=00;90:', 'AMENT_PREFIX_PATH': '/opt/ros/jazzy', 'SHELL': '/bin/bash', 'LESSCLOSE': '/usr/bin/lesspipe %s %s', 'ROS_AUTOMATIC_DISCOVERY_RANGE': 'SUBNET', 'PWD': '/home/epiibots/ros2_ws/build/pwm_rec', 'LC_ALL': 'en_US.UTF-8', 'SSH_CONNECTION': '192.168.0.101 63419 192.168.0.67 22', 'XDG_DATA_DIRS': '/usr/share/gnome:/usr/local/share:/usr/share:/var/lib/snapd/desktop', 'PYTHONPATH': '/home/epiibots/ros2_ws/build/pwm_rec/prefix_override:/usr/lib/python3/dist-packages/colcon_core/task/python/colcon_distutils_commands:/home/epiibots/ros2_ws/install/pwm_rec/lib/python3.12/site-packages:/opt/ros/jazzy/lib/python3.12/site-packages', 'COLCON': '1', 'CMAKE_PREFIX_PATH': '/opt/ros/jazzy/opt/gz_sim_vendor:/opt/ros/jazzy/opt/gz_sensors_vendor:/opt/ros/jazzy/opt/gz_physics_vendor:/opt/ros/jazzy/opt/sdformat_vendor:/opt/ros/jazzy/opt/gz_gui_vendor:/opt/ros/jazzy/opt/gz_transport_vendor:/opt/ros/jazzy/opt/gz_rendering_vendor:/opt/ros/jazzy/opt/gz_plugin_vendor:/opt/ros/jazzy/opt/gz_fuel_tools_vendor:/opt/ros/jazzy/opt/gz_msgs_vendor:/opt/ros/jazzy/opt/gz_common_vendor:/opt/ros/jazzy/opt/gz_math_vendor:/opt/ros/jazzy/opt/gz_utils_vendor:/opt/ros/jazzy/opt/gz_tools_vendor:/opt/ros/jazzy/opt/gz_ogre_next_vendor:/opt/ros/jazzy/opt/gz_dartsim_vendor:/opt/ros/jazzy/opt/gz_cmake_vendor'}, 'shell': False}
[6.707527] (lidar_teste) StdoutLine: {'line': b"removing '/home/epiibots/ros2_ws/install/lidar_teste/lib/python3.12/site-packages/lidar_teste-0.0.0-py3.12.egg-info' (and everything under it)\n"}
[6.707871] (lidar_teste) StdoutLine: {'line': b'Copying ../../build/lidar_teste/lidar_teste.egg-info to /home/epiibots/ros2_ws/install/lidar_teste/lib/python3.12/site-packages/lidar_teste-0.0.0-py3.12.egg-info\n'}
[6.711577] (lidar_teste) StdoutLine: {'line': b'running install_scripts\n'}
[6.763938] (-) TimerEvent: {}
[6.865490] (-) TimerEvent: {}
[6.928534] (lidar_teste) StdoutLine: {'line': b'Installing save_lidar script to /home/epiibots/ros2_ws/install/lidar_teste/lib/lidar_teste\n'}
[6.931896] (lidar_teste) StdoutLine: {'line': b"writing list of installed files to '/home/epiibots/ros2_ws/build/lidar_teste/install.log'\n"}
[6.967571] (-) TimerEvent: {}
[7.067829] (lidar_teste) CommandEnded: {'returncode': 0}
[7.068873] (-) TimerEvent: {}
[7.081374] (lidar_teste) JobEnded: {'identifier': 'lidar_teste', 'rc': 0}
[7.082515] (micro_ros_agent) JobStarted: {'identifier': 'micro_ros_agent'}
[7.100955] (micro_ros_agent) JobProgress: {'identifier': 'micro_ros_agent', 'progress': 'cmake'}
[7.104056] (micro_ros_agent) JobProgress: {'identifier': 'micro_ros_agent', 'progress': 'build'}
[7.104567] (micro_ros_agent) Command: {'cmd': ['/usr/bin/cmake', '--build', '/home/epiibots/ros2_ws/build/micro_ros_agent', '--', '-j4', '-l4'], 'cwd': '/home/epiibots/ros2_ws/build/micro_ros_agent', 'env': OrderedDict({'LESSOPEN': '| /usr/bin/lesspipe %s', 'USER': 'epiibots', 'SSH_CLIENT': '192.168.0.101 63419 22', 'GZ_CONFIG_PATH': '/opt/ros/jazzy/opt/gz_sim_vendor/share/gz:/opt/ros/jazzy/opt/sdformat_vendor/share/gz:/opt/ros/jazzy/opt/gz_gui_vendor/share/gz:/opt/ros/jazzy/opt/gz_transport_vendor/share/gz:/opt/ros/jazzy/opt/gz_rendering_vendor/share/gz:/opt/ros/jazzy/opt/gz_plugin_vendor/share/gz:/opt/ros/jazzy/opt/gz_fuel_tools_vendor/share/gz:/opt/ros/jazzy/opt/gz_msgs_vendor/share/gz:/opt/ros/jazzy/opt/gz_common_vendor/share/gz', 'XDG_SESSION_TYPE': 'tty', 'SHLVL': '1', 'LD_LIBRARY_PATH': '/home/epiibots/ros2_ws/install/micro_ros_msgs/lib:/opt/ros/jazzy/opt/gz_sim_vendor/lib:/opt/ros/jazzy/opt/gz_sensors_vendor/lib:/opt/ros/jazzy/opt/gz_physics_vendor/lib:/opt/ros/jazzy/opt/sdformat_vendor/lib:/opt/ros/jazzy/opt/rviz_ogre_vendor/lib:/opt/ros/jazzy/lib/aarch64-linux-gnu:/opt/ros/jazzy/opt/gz_gui_vendor/lib:/opt/ros/jazzy/opt/gz_transport_vendor/lib:/opt/ros/jazzy/opt/gz_rendering_vendor/lib:/opt/ros/jazzy/opt/gz_plugin_vendor/lib:/opt/ros/jazzy/opt/gz_fuel_tools_vendor/lib:/opt/ros/jazzy/opt/gz_msgs_vendor/lib:/opt/ros/jazzy/opt/gz_common_vendor/lib:/opt/ros/jazzy/opt/gz_math_vendor/lib:/opt/ros/jazzy/opt/gz_utils_vendor/lib:/opt/ros/jazzy/opt/gz_tools_vendor/lib:/opt/ros/jazzy/opt/gz_ogre_next_vendor/lib:/opt/ros/jazzy/opt/gz_dartsim_vendor/lib:/opt/ros/jazzy/opt/gz_cmake_vendor/lib:/opt/ros/jazzy/lib', 'HOME': '/home/epiibots', 'OLDPWD': '/home/epiibots/ros2_ws/install', 'SSH_TTY': '/dev/pts/4', 'ROS_PYTHON_VERSION': '3', 'DBUS_SESSION_BUS_ADDRESS': 'unix:path=/run/user/1000/bus', 'DEBUGINFOD_URLS': 'https://debuginfod.ubuntu.com', 'ROS_DISTRO': 'jazzy', 'LOGNAME': 'epiibots', '_': '/usr/bin/colcon', 'ROS_VERSION': '2', 'XDG_SESSION_CLASS': 'user', 'TERM': 'xterm-256color', 'XDG_SESSION_ID': '11', 'PATH': '/opt/ros/jazzy/opt/gz_msgs_vendor/bin:/opt/ros/jazzy/opt/gz_tools_vendor/bin:/opt/ros/jazzy/opt/gz_ogre_next_vendor/bin:/opt/ros/jazzy/bin:/usr/local/sbin:/usr/local/bin:/usr/sbin:/usr/bin:/sbin:/bin:/usr/games:/usr/local/games:/snap/bin', 'XDG_RUNTIME_DIR': '/run/user/1000', 'LANG': 'en_US.UTF-8', 'LS_COLORS': 'rs=0:di=01;34:ln=01;36:mh=00:pi=40;33:so=01;35:do=01;35:bd=40;33;01:cd=40;33;01:or=40;31;01:mi=00:su=37;41:sg=30;43:ca=00:tw=30;42:ow=34;42:st=37;44:ex=01;32:*.tar=01;31:*.tgz=01;31:*.arc=01;31:*.arj=01;31:*.taz=01;31:*.lha=01;31:*.lz4=01;31:*.lzh=01;31:*.lzma=01;31:*.tlz=01;31:*.txz=01;31:*.tzo=01;31:*.t7z=01;31:*.zip=01;31:*.z=01;31:*.dz=01;31:*.gz=01;31:*.lrz=01;31:*.lz=01;31:*.lzo=01;31:*.xz=01;31:*.zst=01;31:*.tzst=01;31:*.bz2=01;31:*.bz=01;31:*.tbz=01;31:*.tbz2=01;31:*.tz=01;31:*.deb=01;31:*.rpm=01;31:*.jar=01;31:*.war=01;31:*.ear=01;31:*.sar=01;31:*.rar=01;31:*.alz=01;31:*.ace=01;31:*.zoo=01;31:*.cpio=01;31:*.7z=01;31:*.rz=01;31:*.cab=01;31:*.wim=01;31:*.swm=01;31:*.dwm=01;31:*.esd=01;31:*.avif=01;35:*.jpg=01;35:*.jpeg=01;35:*.mjpg=01;35:*.mjpeg=01;35:*.gif=01;35:*.bmp=01;35:*.pbm=01;35:*.pgm=01;35:*.ppm=01;35:*.tga=01;35:*.xbm=01;35:*.xpm=01;35:*.tif=01;35:*.tiff=01;35:*.png=01;35:*.svg=01;35:*.svgz=01;35:*.mng=01;35:*.pcx=01;35:*.mov=01;35:*.mpg=01;35:*.mpeg=01;35:*.m2v=01;35:*.mkv=01;35:*.webm=01;35:*.webp=01;35:*.ogm=01;35:*.mp4=01;35:*.m4v=01;35:*.mp4v=01;35:*.vob=01;35:*.qt=01;35:*.nuv=01;35:*.wmv=01;35:*.asf=01;35:*.rm=01;35:*.rmvb=01;35:*.flc=01;35:*.avi=01;35:*.fli=01;35:*.flv=01;35:*.gl=01;35:*.dl=01;35:*.xcf=01;35:*.xwd=01;35:*.yuv=01;35:*.cgm=01;35:*.emf=01;35:*.ogv=01;35:*.ogx=01;35:*.aac=00;36:*.au=00;36:*.flac=00;36:*.m4a=00;36:*.mid=00;36:*.midi=00;36:*.mka=00;36:*.mp3=00;36:*.mpc=00;36:*.ogg=00;36:*.ra=00;36:*.wav=00;36:*.oga=00;36:*.opus=00;36:*.spx=00;36:*.xspf=00;36:*~=00;90:*#=00;90:*.bak=00;90:*.crdownload=00;90:*.dpkg-dist=00;90:*.dpkg-new=00;90:*.dpkg-old=00;90:*.dpkg-tmp=00;90:*.old=00;90:*.orig=00;90:*.part=00;90:*.rej=00;90:*.rpmnew=00;90:*.rpmorig=00;90:*.rpmsave=00;90:*.swp=00;90:*.tmp=00;90:*.ucf-dist=00;90:*.ucf-new=00;90:*.ucf-old=00;90:', 'AMENT_PREFIX_PATH': '/home/epiibots/ros2_ws/install/micro_ros_msgs:/opt/ros/jazzy', 'SHELL': '/bin/bash', 'LESSCLOSE': '/usr/bin/lesspipe %s %s', 'ROS_AUTOMATIC_DISCOVERY_RANGE': 'SUBNET', 'PWD': '/home/epiibots/ros2_ws/build/micro_ros_agent', 'LC_ALL': 'en_US.UTF-8', 'SSH_CONNECTION': '192.168.0.101 63419 192.168.0.67 22', 'XDG_DATA_DIRS': '/usr/share/gnome:/usr/local/share:/usr/share:/var/lib/snapd/desktop', 'PYTHONPATH': '/home/epiibots/ros2_ws/install/micro_ros_msgs/lib/python3.12/site-packages:/opt/ros/jazzy/lib/python3.12/site-packages', 'COLCON': '1', 'CMAKE_PREFIX_PATH': '/home/epiibots/ros2_ws/install/micro_ros_msgs:/opt/ros/jazzy/opt/gz_sim_vendor:/opt/ros/jazzy/opt/gz_sensors_vendor:/opt/ros/jazzy/opt/gz_physics_vendor:/opt/ros/jazzy/opt/sdformat_vendor:/opt/ros/jazzy/opt/gz_gui_vendor:/opt/ros/jazzy/opt/gz_transport_vendor:/opt/ros/jazzy/opt/gz_rendering_vendor:/opt/ros/jazzy/opt/gz_plugin_vendor:/opt/ros/jazzy/opt/gz_fuel_tools_vendor:/opt/ros/jazzy/opt/gz_msgs_vendor:/opt/ros/jazzy/opt/gz_common_vendor:/opt/ros/jazzy/opt/gz_math_vendor:/opt/ros/jazzy/opt/gz_utils_vendor:/opt/ros/jazzy/opt/gz_tools_vendor:/opt/ros/jazzy/opt/gz_ogre_next_vendor:/opt/ros/jazzy/opt/gz_dartsim_vendor:/opt/ros/jazzy/opt/gz_cmake_vendor:/opt/ros/jazzy'}), 'shell': False}
[7.165549] (pwm_rec) StdoutLine: {'line': b'running egg_info\n'}
[7.169089] (-) TimerEvent: {}
[7.209518] (pwm_rec) StdoutLine: {'line': b'writing ../../build/pwm_rec/pwm_rec.egg-info/PKG-INFO\n'}
[7.211728] (pwm_rec) StdoutLine: {'line': b'writing dependency_links to ../../build/pwm_rec/pwm_rec.egg-info/dependency_links.txt\n'}
[7.214651] (pwm_rec) StdoutLine: {'line': b'writing entry points to ../../build/pwm_rec/pwm_rec.egg-info/entry_points.txt\n'}
[7.217527] (pwm_rec) StdoutLine: {'line': b'writing requirements to ../../build/pwm_rec/pwm_rec.egg-info/requires.txt\n'}
[7.217921] (pwm_rec) StdoutLine: {'line': b'writing top-level names to ../../build/pwm_rec/pwm_rec.egg-info/top_level.txt\n'}
[7.269187] (-) TimerEvent: {}
[7.284964] (servo_steering) Command: {'cmd': ['/usr/bin/python3', '-W', 'ignore:setup.py install is deprecated', '-W', 'ignore:easy_install command is deprecated', 'setup.py', 'egg_info', '--egg-base', '../../build/servo_steering', 'build', '--build-base', '/home/epiibots/ros2_ws/build/servo_steering/build', 'install', '--record', '/home/epiibots/ros2_ws/build/servo_steering/install.log', '--single-version-externally-managed', 'install_data'], 'cwd': '/home/epiibots/ros2_ws/src/servo_steering', 'env': {'LESSOPEN': '| /usr/bin/lesspipe %s', 'USER': 'epiibots', 'SSH_CLIENT': '192.168.0.101 63419 22', 'GZ_CONFIG_PATH': '/opt/ros/jazzy/opt/gz_sim_vendor/share/gz:/opt/ros/jazzy/opt/sdformat_vendor/share/gz:/opt/ros/jazzy/opt/gz_gui_vendor/share/gz:/opt/ros/jazzy/opt/gz_transport_vendor/share/gz:/opt/ros/jazzy/opt/gz_rendering_vendor/share/gz:/opt/ros/jazzy/opt/gz_plugin_vendor/share/gz:/opt/ros/jazzy/opt/gz_fuel_tools_vendor/share/gz:/opt/ros/jazzy/opt/gz_msgs_vendor/share/gz:/opt/ros/jazzy/opt/gz_common_vendor/share/gz', 'XDG_SESSION_TYPE': 'tty', 'SHLVL': '1', 'LD_LIBRARY_PATH': '/opt/ros/jazzy/opt/gz_sim_vendor/lib:/opt/ros/jazzy/opt/gz_sensors_vendor/lib:/opt/ros/jazzy/opt/gz_physics_vendor/lib:/opt/ros/jazzy/opt/sdformat_vendor/lib:/opt/ros/jazzy/opt/rviz_ogre_vendor/lib:/opt/ros/jazzy/lib/aarch64-linux-gnu:/opt/ros/jazzy/opt/gz_gui_vendor/lib:/opt/ros/jazzy/opt/gz_transport_vendor/lib:/opt/ros/jazzy/opt/gz_rendering_vendor/lib:/opt/ros/jazzy/opt/gz_plugin_vendor/lib:/opt/ros/jazzy/opt/gz_fuel_tools_vendor/lib:/opt/ros/jazzy/opt/gz_msgs_vendor/lib:/opt/ros/jazzy/opt/gz_common_vendor/lib:/opt/ros/jazzy/opt/gz_math_vendor/lib:/opt/ros/jazzy/opt/gz_utils_vendor/lib:/opt/ros/jazzy/opt/gz_tools_vendor/lib:/opt/ros/jazzy/opt/gz_ogre_next_vendor/lib:/opt/ros/jazzy/opt/gz_dartsim_vendor/lib:/opt/ros/jazzy/opt/gz_cmake_vendor/lib:/opt/ros/jazzy/lib', 'HOME': '/home/epiibots', 'OLDPWD': '/home/epiibots/ros2_ws/install', 'SSH_TTY': '/dev/pts/4', 'ROS_PYTHON_VERSION': '3', 'DBUS_SESSION_BUS_ADDRESS': 'unix:path=/run/user/1000/bus', 'DEBUGINFOD_URLS': 'https://debuginfod.ubuntu.com', 'ROS_DISTRO': 'jazzy', 'LOGNAME': 'epiibots', '_': '/usr/bin/colcon', 'ROS_VERSION': '2', 'XDG_SESSION_CLASS': 'user', 'TERM': 'xterm-256color', 'XDG_SESSION_ID': '11', 'PATH': '/opt/ros/jazzy/opt/gz_msgs_vendor/bin:/opt/ros/jazzy/opt/gz_tools_vendor/bin:/opt/ros/jazzy/opt/gz_ogre_next_vendor/bin:/opt/ros/jazzy/bin:/usr/local/sbin:/usr/local/bin:/usr/sbin:/usr/bin:/sbin:/bin:/usr/games:/usr/local/games:/snap/bin', 'XDG_RUNTIME_DIR': '/run/user/1000', 'LANG': 'en_US.UTF-8', 'LS_COLORS': 'rs=0:di=01;34:ln=01;36:mh=00:pi=40;33:so=01;35:do=01;35:bd=40;33;01:cd=40;33;01:or=40;31;01:mi=00:su=37;41:sg=30;43:ca=00:tw=30;42:ow=34;42:st=37;44:ex=01;32:*.tar=01;31:*.tgz=01;31:*.arc=01;31:*.arj=01;31:*.taz=01;31:*.lha=01;31:*.lz4=01;31:*.lzh=01;31:*.lzma=01;31:*.tlz=01;31:*.txz=01;31:*.tzo=01;31:*.t7z=01;31:*.zip=01;31:*.z=01;31:*.dz=01;31:*.gz=01;31:*.lrz=01;31:*.lz=01;31:*.lzo=01;31:*.xz=01;31:*.zst=01;31:*.tzst=01;31:*.bz2=01;31:*.bz=01;31:*.tbz=01;31:*.tbz2=01;31:*.tz=01;31:*.deb=01;31:*.rpm=01;31:*.jar=01;31:*.war=01;31:*.ear=01;31:*.sar=01;31:*.rar=01;31:*.alz=01;31:*.ace=01;31:*.zoo=01;31:*.cpio=01;31:*.7z=01;31:*.rz=01;31:*.cab=01;31:*.wim=01;31:*.swm=01;31:*.dwm=01;31:*.esd=01;31:*.avif=01;35:*.jpg=01;35:*.jpeg=01;35:*.mjpg=01;35:*.mjpeg=01;35:*.gif=01;35:*.bmp=01;35:*.pbm=01;35:*.pgm=01;35:*.ppm=01;35:*.tga=01;35:*.xbm=01;35:*.xpm=01;35:*.tif=01;35:*.tiff=01;35:*.png=01;35:*.svg=01;35:*.svgz=01;35:*.mng=01;35:*.pcx=01;35:*.mov=01;35:*.mpg=01;35:*.mpeg=01;35:*.m2v=01;35:*.mkv=01;35:*.webm=01;35:*.webp=01;35:*.ogm=01;35:*.mp4=01;35:*.m4v=01;35:*.mp4v=01;35:*.vob=01;35:*.qt=01;35:*.nuv=01;35:*.wmv=01;35:*.asf=01;35:*.rm=01;35:*.rmvb=01;35:*.flc=01;35:*.avi=01;35:*.fli=01;35:*.flv=01;35:*.gl=01;35:*.dl=01;35:*.xcf=01;35:*.xwd=01;35:*.yuv=01;35:*.cgm=01;35:*.emf=01;35:*.ogv=01;35:*.ogx=01;35:*.aac=00;36:*.au=00;36:*.flac=00;36:*.m4a=00;36:*.mid=00;36:*.midi=00;36:*.mka=00;36:*.mp3=00;36:*.mpc=00;36:*.ogg=00;36:*.ra=00;36:*.wav=00;36:*.oga=00;36:*.opus=00;36:*.spx=00;36:*.xspf=00;36:*~=00;90:*#=00;90:*.bak=00;90:*.crdownload=00;90:*.dpkg-dist=00;90:*.dpkg-new=00;90:*.dpkg-old=00;90:*.dpkg-tmp=00;90:*.old=00;90:*.orig=00;90:*.part=00;90:*.rej=00;90:*.rpmnew=00;90:*.rpmorig=00;90:*.rpmsave=00;90:*.swp=00;90:*.tmp=00;90:*.ucf-dist=00;90:*.ucf-new=00;90:*.ucf-old=00;90:', 'AMENT_PREFIX_PATH': '/opt/ros/jazzy', 'SHELL': '/bin/bash', 'LESSCLOSE': '/usr/bin/lesspipe %s %s', 'ROS_AUTOMATIC_DISCOVERY_RANGE': 'SUBNET', 'PWD': '/home/epiibots/ros2_ws/build/servo_steering', 'LC_ALL': 'en_US.UTF-8', 'SSH_CONNECTION': '192.168.0.101 63419 192.168.0.67 22', 'XDG_DATA_DIRS': '/usr/share/gnome:/usr/local/share:/usr/share:/var/lib/snapd/desktop', 'PYTHONPATH': '/home/epiibots/ros2_ws/build/servo_steering/prefix_override:/usr/lib/python3/dist-packages/colcon_core/task/python/colcon_distutils_commands:/home/epiibots/ros2_ws/install/servo_steering/lib/python3.12/site-packages:/opt/ros/jazzy/lib/python3.12/site-packages', 'COLCON': '1', 'CMAKE_PREFIX_PATH': '/opt/ros/jazzy/opt/gz_sim_vendor:/opt/ros/jazzy/opt/gz_sensors_vendor:/opt/ros/jazzy/opt/gz_physics_vendor:/opt/ros/jazzy/opt/sdformat_vendor:/opt/ros/jazzy/opt/gz_gui_vendor:/opt/ros/jazzy/opt/gz_transport_vendor:/opt/ros/jazzy/opt/gz_rendering_vendor:/opt/ros/jazzy/opt/gz_plugin_vendor:/opt/ros/jazzy/opt/gz_fuel_tools_vendor:/opt/ros/jazzy/opt/gz_msgs_vendor:/opt/ros/jazzy/opt/gz_common_vendor:/opt/ros/jazzy/opt/gz_math_vendor:/opt/ros/jazzy/opt/gz_utils_vendor:/opt/ros/jazzy/opt/gz_tools_vendor:/opt/ros/jazzy/opt/gz_ogre_next_vendor:/opt/ros/jazzy/opt/gz_dartsim_vendor:/opt/ros/jazzy/opt/gz_cmake_vendor'}, 'shell': False}
[7.293261] (pwm_rec) StdoutLine: {'line': b"reading manifest file '../../build/pwm_rec/pwm_rec.egg-info/SOURCES.txt'\n"}
[7.295412] (pwm_rec) StdoutLine: {'line': b"adding license file 'LICENSE'\n"}
[7.295661] (pwm_rec) StdoutLine: {'line': b"writing manifest file '../../build/pwm_rec/pwm_rec.egg-info/SOURCES.txt'\n"}
[7.296348] (pwm_rec) StdoutLine: {'line': b'running build\n'}
[7.296632] (pwm_rec) StdoutLine: {'line': b'running build_py\n'}
[7.303666] (pwm_rec) StdoutLine: {'line': b'running install\n'}
[7.314418] (pwm_rec) StdoutLine: {'line': b'running install_lib\n'}
[7.347749] (micro_ros_agent) StdoutLine: {'line': b'[100%] Built target micro_ros_agent\n'}
[7.350469] (pwm_rec) StdoutLine: {'line': b'running install_data\n'}
[7.354484] (pwm_rec) StdoutLine: {'line': b'running install_egg_info\n'}
[7.369329] (-) TimerEvent: {}
[7.374777] (micro_ros_agent) CommandEnded: {'returncode': 0}
[7.380225] (micro_ros_agent) JobProgress: {'identifier': 'micro_ros_agent', 'progress': 'install'}
[7.381730] (micro_ros_agent) Command: {'cmd': ['/usr/bin/cmake', '--install', '/home/epiibots/ros2_ws/build/micro_ros_agent'], 'cwd': '/home/epiibots/ros2_ws/build/micro_ros_agent', 'env': OrderedDict({'LESSOPEN': '| /usr/bin/lesspipe %s', 'USER': 'epiibots', 'SSH_CLIENT': '192.168.0.101 63419 22', 'GZ_CONFIG_PATH': '/opt/ros/jazzy/opt/gz_sim_vendor/share/gz:/opt/ros/jazzy/opt/sdformat_vendor/share/gz:/opt/ros/jazzy/opt/gz_gui_vendor/share/gz:/opt/ros/jazzy/opt/gz_transport_vendor/share/gz:/opt/ros/jazzy/opt/gz_rendering_vendor/share/gz:/opt/ros/jazzy/opt/gz_plugin_vendor/share/gz:/opt/ros/jazzy/opt/gz_fuel_tools_vendor/share/gz:/opt/ros/jazzy/opt/gz_msgs_vendor/share/gz:/opt/ros/jazzy/opt/gz_common_vendor/share/gz', 'XDG_SESSION_TYPE': 'tty', 'SHLVL': '1', 'LD_LIBRARY_PATH': '/home/epiibots/ros2_ws/install/micro_ros_msgs/lib:/opt/ros/jazzy/opt/gz_sim_vendor/lib:/opt/ros/jazzy/opt/gz_sensors_vendor/lib:/opt/ros/jazzy/opt/gz_physics_vendor/lib:/opt/ros/jazzy/opt/sdformat_vendor/lib:/opt/ros/jazzy/opt/rviz_ogre_vendor/lib:/opt/ros/jazzy/lib/aarch64-linux-gnu:/opt/ros/jazzy/opt/gz_gui_vendor/lib:/opt/ros/jazzy/opt/gz_transport_vendor/lib:/opt/ros/jazzy/opt/gz_rendering_vendor/lib:/opt/ros/jazzy/opt/gz_plugin_vendor/lib:/opt/ros/jazzy/opt/gz_fuel_tools_vendor/lib:/opt/ros/jazzy/opt/gz_msgs_vendor/lib:/opt/ros/jazzy/opt/gz_common_vendor/lib:/opt/ros/jazzy/opt/gz_math_vendor/lib:/opt/ros/jazzy/opt/gz_utils_vendor/lib:/opt/ros/jazzy/opt/gz_tools_vendor/lib:/opt/ros/jazzy/opt/gz_ogre_next_vendor/lib:/opt/ros/jazzy/opt/gz_dartsim_vendor/lib:/opt/ros/jazzy/opt/gz_cmake_vendor/lib:/opt/ros/jazzy/lib', 'HOME': '/home/epiibots', 'OLDPWD': '/home/epiibots/ros2_ws/install', 'SSH_TTY': '/dev/pts/4', 'ROS_PYTHON_VERSION': '3', 'DBUS_SESSION_BUS_ADDRESS': 'unix:path=/run/user/1000/bus', 'DEBUGINFOD_URLS': 'https://debuginfod.ubuntu.com', 'ROS_DISTRO': 'jazzy', 'LOGNAME': 'epiibots', '_': '/usr/bin/colcon', 'ROS_VERSION': '2', 'XDG_SESSION_CLASS': 'user', 'TERM': 'xterm-256color', 'XDG_SESSION_ID': '11', 'PATH': '/opt/ros/jazzy/opt/gz_msgs_vendor/bin:/opt/ros/jazzy/opt/gz_tools_vendor/bin:/opt/ros/jazzy/opt/gz_ogre_next_vendor/bin:/opt/ros/jazzy/bin:/usr/local/sbin:/usr/local/bin:/usr/sbin:/usr/bin:/sbin:/bin:/usr/games:/usr/local/games:/snap/bin', 'XDG_RUNTIME_DIR': '/run/user/1000', 'LANG': 'en_US.UTF-8', 'LS_COLORS': 'rs=0:di=01;34:ln=01;36:mh=00:pi=40;33:so=01;35:do=01;35:bd=40;33;01:cd=40;33;01:or=40;31;01:mi=00:su=37;41:sg=30;43:ca=00:tw=30;42:ow=34;42:st=37;44:ex=01;32:*.tar=01;31:*.tgz=01;31:*.arc=01;31:*.arj=01;31:*.taz=01;31:*.lha=01;31:*.lz4=01;31:*.lzh=01;31:*.lzma=01;31:*.tlz=01;31:*.txz=01;31:*.tzo=01;31:*.t7z=01;31:*.zip=01;31:*.z=01;31:*.dz=01;31:*.gz=01;31:*.lrz=01;31:*.lz=01;31:*.lzo=01;31:*.xz=01;31:*.zst=01;31:*.tzst=01;31:*.bz2=01;31:*.bz=01;31:*.tbz=01;31:*.tbz2=01;31:*.tz=01;31:*.deb=01;31:*.rpm=01;31:*.jar=01;31:*.war=01;31:*.ear=01;31:*.sar=01;31:*.rar=01;31:*.alz=01;31:*.ace=01;31:*.zoo=01;31:*.cpio=01;31:*.7z=01;31:*.rz=01;31:*.cab=01;31:*.wim=01;31:*.swm=01;31:*.dwm=01;31:*.esd=01;31:*.avif=01;35:*.jpg=01;35:*.jpeg=01;35:*.mjpg=01;35:*.mjpeg=01;35:*.gif=01;35:*.bmp=01;35:*.pbm=01;35:*.pgm=01;35:*.ppm=01;35:*.tga=01;35:*.xbm=01;35:*.xpm=01;35:*.tif=01;35:*.tiff=01;35:*.png=01;35:*.svg=01;35:*.svgz=01;35:*.mng=01;35:*.pcx=01;35:*.mov=01;35:*.mpg=01;35:*.mpeg=01;35:*.m2v=01;35:*.mkv=01;35:*.webm=01;35:*.webp=01;35:*.ogm=01;35:*.mp4=01;35:*.m4v=01;35:*.mp4v=01;35:*.vob=01;35:*.qt=01;35:*.nuv=01;35:*.wmv=01;35:*.asf=01;35:*.rm=01;35:*.rmvb=01;35:*.flc=01;35:*.avi=01;35:*.fli=01;35:*.flv=01;35:*.gl=01;35:*.dl=01;35:*.xcf=01;35:*.xwd=01;35:*.yuv=01;35:*.cgm=01;35:*.emf=01;35:*.ogv=01;35:*.ogx=01;35:*.aac=00;36:*.au=00;36:*.flac=00;36:*.m4a=00;36:*.mid=00;36:*.midi=00;36:*.mka=00;36:*.mp3=00;36:*.mpc=00;36:*.ogg=00;36:*.ra=00;36:*.wav=00;36:*.oga=00;36:*.opus=00;36:*.spx=00;36:*.xspf=00;36:*~=00;90:*#=00;90:*.bak=00;90:*.crdownload=00;90:*.dpkg-dist=00;90:*.dpkg-new=00;90:*.dpkg-old=00;90:*.dpkg-tmp=00;90:*.old=00;90:*.orig=00;90:*.part=00;90:*.rej=00;90:*.rpmnew=00;90:*.rpmorig=00;90:*.rpmsave=00;90:*.swp=00;90:*.tmp=00;90:*.ucf-dist=00;90:*.ucf-new=00;90:*.ucf-old=00;90:', 'AMENT_PREFIX_PATH': '/home/epiibots/ros2_ws/install/micro_ros_msgs:/opt/ros/jazzy', 'SHELL': '/bin/bash', 'LESSCLOSE': '/usr/bin/lesspipe %s %s', 'ROS_AUTOMATIC_DISCOVERY_RANGE': 'SUBNET', 'PWD': '/home/epiibots/ros2_ws/build/micro_ros_agent', 'LC_ALL': 'en_US.UTF-8', 'SSH_CONNECTION': '192.168.0.101 63419 192.168.0.67 22', 'XDG_DATA_DIRS': '/usr/share/gnome:/usr/local/share:/usr/share:/var/lib/snapd/desktop', 'PYTHONPATH': '/home/epiibots/ros2_ws/install/micro_ros_msgs/lib/python3.12/site-packages:/opt/ros/jazzy/lib/python3.12/site-packages', 'COLCON': '1', 'CMAKE_PREFIX_PATH': '/home/epiibots/ros2_ws/install/micro_ros_msgs:/opt/ros/jazzy/opt/gz_sim_vendor:/opt/ros/jazzy/opt/gz_sensors_vendor:/opt/ros/jazzy/opt/gz_physics_vendor:/opt/ros/jazzy/opt/sdformat_vendor:/opt/ros/jazzy/opt/gz_gui_vendor:/opt/ros/jazzy/opt/gz_transport_vendor:/opt/ros/jazzy/opt/gz_rendering_vendor:/opt/ros/jazzy/opt/gz_plugin_vendor:/opt/ros/jazzy/opt/gz_fuel_tools_vendor:/opt/ros/jazzy/opt/gz_msgs_vendor:/opt/ros/jazzy/opt/gz_common_vendor:/opt/ros/jazzy/opt/gz_math_vendor:/opt/ros/jazzy/opt/gz_utils_vendor:/opt/ros/jazzy/opt/gz_tools_vendor:/opt/ros/jazzy/opt/gz_ogre_next_vendor:/opt/ros/jazzy/opt/gz_dartsim_vendor:/opt/ros/jazzy/opt/gz_cmake_vendor:/opt/ros/jazzy'}), 'shell': False}
[7.387601] (pwm_rec) StdoutLine: {'line': b"removing '/home/epiibots/ros2_ws/install/pwm_rec/lib/python3.12/site-packages/pwm_rec-0.0.0-py3.12.egg-info' (and everything under it)\n"}
[7.388153] (pwm_rec) StdoutLine: {'line': b'Copying ../../build/pwm_rec/pwm_rec.egg-info to /home/epiibots/ros2_ws/install/pwm_rec/lib/python3.12/site-packages/pwm_rec-0.0.0-py3.12.egg-info\n'}
[7.393514] (pwm_rec) StdoutLine: {'line': b'running install_scripts\n'}
[7.405051] (micro_ros_agent) StdoutLine: {'line': b'-- Install configuration: ""\n'}
[7.405983] (micro_ros_agent) StdoutLine: {'line': b'-- Up-to-date: /home/epiibots/ros2_ws/install/micro_ros_agent/share/ament_index/resource_index/package_run_dependencies/micro_ros_agent\n'}
[7.406443] (micro_ros_agent) StdoutLine: {'line': b'-- Up-to-date: /home/epiibots/ros2_ws/install/micro_ros_agent/share/ament_index/resource_index/parent_prefix_path/micro_ros_agent\n'}
[7.406687] (micro_ros_agent) StdoutLine: {'line': b'-- Up-to-date: /home/epiibots/ros2_ws/install/micro_ros_agent/share/micro_ros_agent/environment/ament_prefix_path.sh\n'}
[7.406819] (micro_ros_agent) StdoutLine: {'line': b'-- Up-to-date: /home/epiibots/ros2_ws/install/micro_ros_agent/share/micro_ros_agent/environment/ament_prefix_path.dsv\n'}
[7.407006] (micro_ros_agent) StdoutLine: {'line': b'-- Up-to-date: /home/epiibots/ros2_ws/install/micro_ros_agent/share/micro_ros_agent/environment/path.sh\n'}
[7.407140] (micro_ros_agent) StdoutLine: {'line': b'-- Up-to-date: /home/epiibots/ros2_ws/install/micro_ros_agent/share/micro_ros_agent/environment/path.dsv\n'}
[7.407245] (micro_ros_agent) StdoutLine: {'line': b'-- Up-to-date: /home/epiibots/ros2_ws/install/micro_ros_agent/share/micro_ros_agent/local_setup.bash\n'}
[7.407341] (micro_ros_agent) StdoutLine: {'line': b'-- Up-to-date: /home/epiibots/ros2_ws/install/micro_ros_agent/share/micro_ros_agent/local_setup.sh\n'}
[7.407437] (micro_ros_agent) StdoutLine: {'line': b'-- Up-to-date: /home/epiibots/ros2_ws/install/micro_ros_agent/share/micro_ros_agent/local_setup.zsh\n'}
[7.407528] (micro_ros_agent) StdoutLine: {'line': b'-- Up-to-date: /home/epiibots/ros2_ws/install/micro_ros_agent/share/micro_ros_agent/local_setup.dsv\n'}
[7.407605] (micro_ros_agent) StdoutLine: {'line': b'-- Installing: /home/epiibots/ros2_ws/install/micro_ros_agent/share/micro_ros_agent/package.dsv\n'}
[7.409096] (micro_ros_agent) StdoutLine: {'line': b'-- Up-to-date: /home/epiibots/ros2_ws/install/micro_ros_agent/share/ament_index/resource_index/packages/micro_ros_agent\n'}
[7.409423] (micro_ros_agent) StdoutLine: {'line': b'-- Up-to-date: /home/epiibots/ros2_ws/install/micro_ros_agent/share/micro_ros_agent/cmake/ament_cmake_export_dependencies-extras.cmake\n'}
[7.409538] (micro_ros_agent) StdoutLine: {'line': b'-- Up-to-date: /home/epiibots/ros2_ws/install/micro_ros_agent/share/micro_ros_agent/cmake/micro_ros_agentConfig.cmake\n'}
[7.409627] (micro_ros_agent) StdoutLine: {'line': b'-- Up-to-date: /home/epiibots/ros2_ws/install/micro_ros_agent/share/micro_ros_agent/cmake/micro_ros_agentConfig-version.cmake\n'}
[7.409718] (micro_ros_agent) StdoutLine: {'line': b'-- Up-to-date: /home/epiibots/ros2_ws/install/micro_ros_agent/share/micro_ros_agent/package.xml\n'}
[7.412461] (micro_ros_agent) StdoutLine: {'line': b'-- Up-to-date: /home/epiibots/ros2_ws/install/micro_ros_agent/lib/micro_ros_agent/micro_ros_agent\n'}
[7.412701] (micro_ros_agent) StdoutLine: {'line': b'-- Up-to-date: /home/epiibots/ros2_ws/install/micro_ros_agent/share/micro_ros_agent/launch\n'}
[7.415502] (micro_ros_agent) StdoutLine: {'line': b'-- Up-to-date: /home/epiibots/ros2_ws/install/micro_ros_agent/share/micro_ros_agent/launch/micro_ros_agent_launch.py\n'}
[7.418285] (micro_ros_agent) CommandEnded: {'returncode': 0}
[7.469461] (-) TimerEvent: {}
[7.529270] (micro_ros_agent) JobEnded: {'identifier': 'micro_ros_agent', 'rc': 0}
[7.569617] (-) TimerEvent: {}
[7.589053] (pwm_rec) StdoutLine: {'line': b'Installing rpm_saver script to /home/epiibots/ros2_ws/install/pwm_rec/lib/pwm_rec\n'}
[7.595042] (pwm_rec) StdoutLine: {'line': b"writing list of installed files to '/home/epiibots/ros2_ws/build/pwm_rec/install.log'\n"}
[7.669768] (-) TimerEvent: {}
[7.727518] (pwm_rec) CommandEnded: {'returncode': 0}
[7.742468] (pwm_rec) JobEnded: {'identifier': 'pwm_rec', 'rc': 0}
[7.745204] (controlegeral_carrinho) Command: {'cmd': ['/usr/bin/python3', '-W', 'ignore:setup.py install is deprecated', '-W', 'ignore:easy_install command is deprecated', 'setup.py', 'egg_info', '--egg-base', '../../build/controlegeral_carrinho', 'build', '--build-base', '/home/epiibots/ros2_ws/build/controlegeral_carrinho/build', 'install', '--record', '/home/epiibots/ros2_ws/build/controlegeral_carrinho/install.log', '--single-version-externally-managed', 'install_data'], 'cwd': '/home/epiibots/ros2_ws/src/controlegeral_carrinho', 'env': {'LESSOPEN': '| /usr/bin/lesspipe %s', 'USER': 'epiibots', 'SSH_CLIENT': '192.168.0.101 63419 22', 'GZ_CONFIG_PATH': '/opt/ros/jazzy/opt/gz_sim_vendor/share/gz:/opt/ros/jazzy/opt/sdformat_vendor/share/gz:/opt/ros/jazzy/opt/gz_gui_vendor/share/gz:/opt/ros/jazzy/opt/gz_transport_vendor/share/gz:/opt/ros/jazzy/opt/gz_rendering_vendor/share/gz:/opt/ros/jazzy/opt/gz_plugin_vendor/share/gz:/opt/ros/jazzy/opt/gz_fuel_tools_vendor/share/gz:/opt/ros/jazzy/opt/gz_msgs_vendor/share/gz:/opt/ros/jazzy/opt/gz_common_vendor/share/gz', 'XDG_SESSION_TYPE': 'tty', 'SHLVL': '1', 'LD_LIBRARY_PATH': '/opt/ros/jazzy/opt/gz_sim_vendor/lib:/opt/ros/jazzy/opt/gz_sensors_vendor/lib:/opt/ros/jazzy/opt/gz_physics_vendor/lib:/opt/ros/jazzy/opt/sdformat_vendor/lib:/opt/ros/jazzy/opt/rviz_ogre_vendor/lib:/opt/ros/jazzy/lib/aarch64-linux-gnu:/opt/ros/jazzy/opt/gz_gui_vendor/lib:/opt/ros/jazzy/opt/gz_transport_vendor/lib:/opt/ros/jazzy/opt/gz_rendering_vendor/lib:/opt/ros/jazzy/opt/gz_plugin_vendor/lib:/opt/ros/jazzy/opt/gz_fuel_tools_vendor/lib:/opt/ros/jazzy/opt/gz_msgs_vendor/lib:/opt/ros/jazzy/opt/gz_common_vendor/lib:/opt/ros/jazzy/opt/gz_math_vendor/lib:/opt/ros/jazzy/opt/gz_utils_vendor/lib:/opt/ros/jazzy/opt/gz_tools_vendor/lib:/opt/ros/jazzy/opt/gz_ogre_next_vendor/lib:/opt/ros/jazzy/opt/gz_dartsim_vendor/lib:/opt/ros/jazzy/opt/gz_cmake_vendor/lib:/opt/ros/jazzy/lib', 'HOME': '/home/epiibots', 'OLDPWD': '/home/epiibots/ros2_ws/install', 'SSH_TTY': '/dev/pts/4', 'ROS_PYTHON_VERSION': '3', 'DBUS_SESSION_BUS_ADDRESS': 'unix:path=/run/user/1000/bus', 'DEBUGINFOD_URLS': 'https://debuginfod.ubuntu.com', 'ROS_DISTRO': 'jazzy', 'LOGNAME': 'epiibots', '_': '/usr/bin/colcon', 'ROS_VERSION': '2', 'XDG_SESSION_CLASS': 'user', 'TERM': 'xterm-256color', 'XDG_SESSION_ID': '11', 'PATH': '/opt/ros/jazzy/opt/gz_msgs_vendor/bin:/opt/ros/jazzy/opt/gz_tools_vendor/bin:/opt/ros/jazzy/opt/gz_ogre_next_vendor/bin:/opt/ros/jazzy/bin:/usr/local/sbin:/usr/local/bin:/usr/sbin:/usr/bin:/sbin:/bin:/usr/games:/usr/local/games:/snap/bin', 'XDG_RUNTIME_DIR': '/run/user/1000', 'LANG': 'en_US.UTF-8', 'LS_COLORS': 'rs=0:di=01;34:ln=01;36:mh=00:pi=40;33:so=01;35:do=01;35:bd=40;33;01:cd=40;33;01:or=40;31;01:mi=00:su=37;41:sg=30;43:ca=00:tw=30;42:ow=34;42:st=37;44:ex=01;32:*.tar=01;31:*.tgz=01;31:*.arc=01;31:*.arj=01;31:*.taz=01;31:*.lha=01;31:*.lz4=01;31:*.lzh=01;31:*.lzma=01;31:*.tlz=01;31:*.txz=01;31:*.tzo=01;31:*.t7z=01;31:*.zip=01;31:*.z=01;31:*.dz=01;31:*.gz=01;31:*.lrz=01;31:*.lz=01;31:*.lzo=01;31:*.xz=01;31:*.zst=01;31:*.tzst=01;31:*.bz2=01;31:*.bz=01;31:*.tbz=01;31:*.tbz2=01;31:*.tz=01;31:*.deb=01;31:*.rpm=01;31:*.jar=01;31:*.war=01;31:*.ear=01;31:*.sar=01;31:*.rar=01;31:*.alz=01;31:*.ace=01;31:*.zoo=01;31:*.cpio=01;31:*.7z=01;31:*.rz=01;31:*.cab=01;31:*.wim=01;31:*.swm=01;31:*.dwm=01;31:*.esd=01;31:*.avif=01;35:*.jpg=01;35:*.jpeg=01;35:*.mjpg=01;35:*.mjpeg=01;35:*.gif=01;35:*.bmp=01;35:*.pbm=01;35:*.pgm=01;35:*.ppm=01;35:*.tga=01;35:*.xbm=01;35:*.xpm=01;35:*.tif=01;35:*.tiff=01;35:*.png=01;35:*.svg=01;35:*.svgz=01;35:*.mng=01;35:*.pcx=01;35:*.mov=01;35:*.mpg=01;35:*.mpeg=01;35:*.m2v=01;35:*.mkv=01;35:*.webm=01;35:*.webp=01;35:*.ogm=01;35:*.mp4=01;35:*.m4v=01;35:*.mp4v=01;35:*.vob=01;35:*.qt=01;35:*.nuv=01;35:*.wmv=01;35:*.asf=01;35:*.rm=01;35:*.rmvb=01;35:*.flc=01;35:*.avi=01;35:*.fli=01;35:*.flv=01;35:*.gl=01;35:*.dl=01;35:*.xcf=01;35:*.xwd=01;35:*.yuv=01;35:*.cgm=01;35:*.emf=01;35:*.ogv=01;35:*.ogx=01;35:*.aac=00;36:*.au=00;36:*.flac=00;36:*.m4a=00;36:*.mid=00;36:*.midi=00;36:*.mka=00;36:*.mp3=00;36:*.mpc=00;36:*.ogg=00;36:*.ra=00;36:*.wav=00;36:*.oga=00;36:*.opus=00;36:*.spx=00;36:*.xspf=00;36:*~=00;90:*#=00;90:*.bak=00;90:*.crdownload=00;90:*.dpkg-dist=00;90:*.dpkg-new=00;90:*.dpkg-old=00;90:*.dpkg-tmp=00;90:*.old=00;90:*.orig=00;90:*.part=00;90:*.rej=00;90:*.rpmnew=00;90:*.rpmorig=00;90:*.rpmsave=00;90:*.swp=00;90:*.tmp=00;90:*.ucf-dist=00;90:*.ucf-new=00;90:*.ucf-old=00;90:', 'AMENT_PREFIX_PATH': '/home/epiibots/ros2_ws/install/sllidar_ros2:/home/epiibots/ros2_ws/install/bno055:/opt/ros/jazzy', 'SHELL': '/bin/bash', 'LESSCLOSE': '/usr/bin/lesspipe %s %s', 'ROS_AUTOMATIC_DISCOVERY_RANGE': 'SUBNET', 'PWD': '/home/epiibots/ros2_ws/build/controlegeral_carrinho', 'LC_ALL': 'en_US.UTF-8', 'SSH_CONNECTION': '192.168.0.101 63419 192.168.0.67 22', 'XDG_DATA_DIRS': '/usr/share/gnome:/usr/local/share:/usr/share:/var/lib/snapd/desktop', 'PYTHONPATH': '/home/epiibots/ros2_ws/build/controlegeral_carrinho/prefix_override:/usr/lib/python3/dist-packages/colcon_core/task/python/colcon_distutils_commands:/home/epiibots/ros2_ws/install/controlegeral_carrinho/lib/python3.12/site-packages:/home/epiibots/ros2_ws/install/bno055/lib/python3.12/site-packages:/opt/ros/jazzy/lib/python3.12/site-packages', 'COLCON': '1', 'CMAKE_PREFIX_PATH': '/home/epiibots/ros2_ws/install/sllidar_ros2:/opt/ros/jazzy/opt/gz_sim_vendor:/opt/ros/jazzy/opt/gz_sensors_vendor:/opt/ros/jazzy/opt/gz_physics_vendor:/opt/ros/jazzy/opt/sdformat_vendor:/opt/ros/jazzy/opt/gz_gui_vendor:/opt/ros/jazzy/opt/gz_transport_vendor:/opt/ros/jazzy/opt/gz_rendering_vendor:/opt/ros/jazzy/opt/gz_plugin_vendor:/opt/ros/jazzy/opt/gz_fuel_tools_vendor:/opt/ros/jazzy/opt/gz_msgs_vendor:/opt/ros/jazzy/opt/gz_common_vendor:/opt/ros/jazzy/opt/gz_math_vendor:/opt/ros/jazzy/opt/gz_utils_vendor:/opt/ros/jazzy/opt/gz_tools_vendor:/opt/ros/jazzy/opt/gz_ogre_next_vendor:/opt/ros/jazzy/opt/gz_dartsim_vendor:/opt/ros/jazzy/opt/gz_cmake_vendor'}, 'shell': False}
[7.750657] (servo_steering) StdoutLine: {'line': b'running egg_info\n'}
[7.769878] (-) TimerEvent: {}
[7.782351] (servo_steering) StdoutLine: {'line': b'writing ../../build/servo_steering/servo_steering.egg-info/PKG-INFO\n'}
[7.786876] (servo_steering) StdoutLine: {'line': b'writing dependency_links to ../../build/servo_steering/servo_steering.egg-info/dependency_links.txt\n'}
[7.788010] (servo_steering) StdoutLine: {'line': b'writing entry points to ../../build/servo_steering/servo_steering.egg-info/entry_points.txt\n'}
[7.788804] (servo_steering) StdoutLine: {'line': b'writing requirements to ../../build/servo_steering/servo_steering.egg-info/requires.txt\n'}
[7.789545] (servo_steering) StdoutLine: {'line': b'writing top-level names to ../../build/servo_steering/servo_steering.egg-info/top_level.txt\n'}
[7.857477] (servo_steering) StdoutLine: {'line': b"reading manifest file '../../build/servo_steering/servo_steering.egg-info/SOURCES.txt'\n"}
[7.860330] (servo_steering) StdoutLine: {'line': b"writing manifest file '../../build/servo_steering/servo_steering.egg-info/SOURCES.txt'\n"}
[7.860591] (servo_steering) StdoutLine: {'line': b'running build\n'}
[7.861181] (servo_steering) StdoutLine: {'line': b'running build_py\n'}
[7.865557] (servo_steering) StdoutLine: {'line': b'copying servo_steering/teleop_key.py -> /home/epiibots/ros2_ws/build/servo_steering/build/lib/servo_steering\n'}
[7.866462] (servo_steering) StdoutLine: {'line': b'copying servo_steering/motor_node.py -> /home/epiibots/ros2_ws/build/servo_steering/build/lib/servo_steering\n'}
[7.866769] (servo_steering) StdoutLine: {'line': b'copying servo_steering/teleop_kei.py -> /home/epiibots/ros2_ws/build/servo_steering/build/lib/servo_steering\n'}
[7.867466] (servo_steering) StdoutLine: {'line': b'running install\n'}
[7.870002] (-) TimerEvent: {}
[7.878573] (servo_steering) StdoutLine: {'line': b'running install_lib\n'}
[7.903766] (servo_steering) StdoutLine: {'line': b'copying /home/epiibots/ros2_ws/build/servo_steering/build/lib/servo_steering/teleop_key.py -> /home/epiibots/ros2_ws/install/servo_steering/lib/python3.12/site-packages/servo_steering\n'}
[7.904067] (servo_steering) StdoutLine: {'line': b'copying /home/epiibots/ros2_ws/build/servo_steering/build/lib/servo_steering/motor_node.py -> /home/epiibots/ros2_ws/install/servo_steering/lib/python3.12/site-packages/servo_steering\n'}
[7.904482] (servo_steering) StdoutLine: {'line': b'copying /home/epiibots/ros2_ws/build/servo_steering/build/lib/servo_steering/teleop_kei.py -> /home/epiibots/ros2_ws/install/servo_steering/lib/python3.12/site-packages/servo_steering\n'}
[7.905416] (servo_steering) StdoutLine: {'line': b'byte-compiling /home/epiibots/ros2_ws/install/servo_steering/lib/python3.12/site-packages/servo_steering/teleop_key.py to teleop_key.cpython-312.pyc\n'}
[7.907032] (servo_steering) StdoutLine: {'line': b'byte-compiling /home/epiibots/ros2_ws/install/servo_steering/lib/python3.12/site-packages/servo_steering/motor_node.py to motor_node.cpython-312.pyc\n'}
[7.917603] (servo_steering) StdoutLine: {'line': b'byte-compiling /home/epiibots/ros2_ws/install/servo_steering/lib/python3.12/site-packages/servo_steering/teleop_kei.py to teleop_kei.cpython-312.pyc\n'}
[7.919727] (servo_steering) StdoutLine: {'line': b'running install_data\n'}
[7.919915] (servo_steering) StdoutLine: {'line': b'running install_egg_info\n'}
[7.946568] (servo_steering) StdoutLine: {'line': b"removing '/home/epiibots/ros2_ws/install/servo_steering/lib/python3.12/site-packages/servo_steering-0.1.0-py3.12.egg-info' (and everything under it)\n"}
[7.947042] (servo_steering) StdoutLine: {'line': b'Copying ../../build/servo_steering/servo_steering.egg-info to /home/epiibots/ros2_ws/install/servo_steering/lib/python3.12/site-packages/servo_steering-0.1.0-py3.12.egg-info\n'}
[7.952104] (servo_steering) StdoutLine: {'line': b'running install_scripts\n'}
[7.970087] (-) TimerEvent: {}
[8.077912] (-) TimerEvent: {}
[8.121415] (servo_steering) StdoutLine: {'line': b'Installing motor_node script to /home/epiibots/ros2_ws/install/servo_steering/lib/servo_steering\n'}
[8.121727] (servo_steering) StdoutLine: {'line': b'Installing motor_node_pwm script to /home/epiibots/ros2_ws/install/servo_steering/lib/servo_steering\n'}
[8.121873] (servo_steering) StdoutLine: {'line': b'Installing servo_node script to /home/epiibots/ros2_ws/install/servo_steering/lib/servo_steering\n'}
[8.122068] (servo_steering) StdoutLine: {'line': b'Installing teleop_kei script to /home/epiibots/ros2_ws/install/servo_steering/lib/servo_steering\n'}
[8.122221] (servo_steering) StdoutLine: {'line': b'Installing teleop_key script to /home/epiibots/ros2_ws/install/servo_steering/lib/servo_steering\n'}
[8.122744] (servo_steering) StdoutLine: {'line': b"writing list of installed files to '/home/epiibots/ros2_ws/build/servo_steering/install.log'\n"}
[8.128214] (controlegeral_carrinho) StdoutLine: {'line': b'running egg_info\n'}
[8.154655] (controlegeral_carrinho) StdoutLine: {'line': b'writing ../../build/controlegeral_carrinho/controlegeral_carrinho.egg-info/PKG-INFO\n'}
[8.158745] (controlegeral_carrinho) StdoutLine: {'line': b'writing dependency_links to ../../build/controlegeral_carrinho/controlegeral_carrinho.egg-info/dependency_links.txt\n'}
[8.159255] (controlegeral_carrinho) StdoutLine: {'line': b'writing requirements to ../../build/controlegeral_carrinho/controlegeral_carrinho.egg-info/requires.txt\n'}
[8.159469] (controlegeral_carrinho) StdoutLine: {'line': b'writing top-level names to ../../build/controlegeral_carrinho/controlegeral_carrinho.egg-info/top_level.txt\n'}
[8.178020] (-) TimerEvent: {}
[8.214305] (servo_steering) CommandEnded: {'returncode': 0}
[8.215008] (controlegeral_carrinho) StdoutLine: {'line': b"reading manifest file '../../build/controlegeral_carrinho/controlegeral_carrinho.egg-info/SOURCES.txt'\n"}
[8.222144] (controlegeral_carrinho) StdoutLine: {'line': b"adding license file 'LICENSE'\n"}
[8.222816] (servo_steering) JobEnded: {'identifier': 'servo_steering', 'rc': 0}
[8.223350] (controlegeral_carrinho) StdoutLine: {'line': b"writing manifest file '../../build/controlegeral_carrinho/controlegeral_carrinho.egg-info/SOURCES.txt'\n"}
[8.223548] (controlegeral_carrinho) StdoutLine: {'line': b'running build\n'}
[8.223667] (controlegeral_carrinho) StdoutLine: {'line': b'running build_py\n'}
[8.249924] (controlegeral_carrinho) StdoutLine: {'line': b'running install\n'}
[8.263171] (controlegeral_carrinho) StdoutLine: {'line': b'running install_lib\n'}
[8.278081] (-) TimerEvent: {}
[8.298432] (controlegeral_carrinho) StdoutLine: {'line': b'running install_data\n'}
[8.298648] (controlegeral_carrinho) StdoutLine: {'line': b'running install_egg_info\n'}
[8.327306] (controlegeral_carrinho) StdoutLine: {'line': b"removing '/home/epiibots/ros2_ws/install/controlegeral_carrinho/lib/python3.12/site-packages/controlegeral_carrinho-0.0.0-py3.12.egg-info' (and everything under it)\n"}
[8.327730] (controlegeral_carrinho) StdoutLine: {'line': b'Copying ../../build/controlegeral_carrinho/controlegeral_carrinho.egg-info to /home/epiibots/ros2_ws/install/controlegeral_carrinho/lib/python3.12/site-packages/controlegeral_carrinho-0.0.0-py3.12.egg-info\n'}
[8.333600] (controlegeral_carrinho) StdoutLine: {'line': b'running install_scripts\n'}
[8.378162] (-) TimerEvent: {}
[8.478397] (-) TimerEvent: {}
[8.500909] (controlegeral_carrinho) StdoutLine: {'line': b"writing list of installed files to '/home/epiibots/ros2_ws/build/controlegeral_carrinho/install.log'\n"}
[8.578520] (-) TimerEvent: {}
[8.580852] (controlegeral_carrinho) CommandEnded: {'returncode': 0}
[8.595126] (controlegeral_carrinho) JobEnded: {'identifier': 'controlegeral_carrinho', 'rc': 0}
[8.596424] (-) EventReactorShutdown: {}
