[0.233s] DEBUG:colcon:Command line arguments: ['/usr/bin/colcon', 'build']
[0.233s] DEBUG:colcon:Parsed command line arguments: Namespace(log_base=None, log_level=None, verb_name='build', build_base='build', install_base='install', merge_install=False, symlink_install=False, test_result_base=None, continue_on_error=False, executor='parallel', parallel_workers=4, event_handlers=None, ignore_user_meta=False, metas=['./colcon.meta'], base_paths=['.'], packages_ignore=None, packages_ignore_regex=None, paths=None, packages_up_to=None, packages_up_to_regex=None, packages_above=None, packages_above_and_dependencies=None, packages_above_depth=None, packages_select_by_dep=None, packages_skip_by_dep=None, packages_skip_up_to=None, packages_select_build_failed=False, packages_skip_build_finished=False, packages_select_test_failures=False, packages_skip_test_passed=False, packages_select=None, packages_skip=None, packages_select_regex=None, packages_skip_regex=None, packages_start=None, packages_end=None, allow_overriding=[], cmake_args=None, cmake_target=None, cmake_target_skip_unavailable=False, cmake_clean_cache=False, cmake_clean_first=False, cmake_force_configure=False, ament_cmake_args=None, catkin_cmake_args=None, catkin_skip_building_tests=False, mixin_files=None, mixin=None, verb_parser=<colcon_mixin.mixin.mixin_argument.MixinArgumentDecorator object at 0xffffbb9f75f0>, verb_extension=<colcon_core.verb.build.BuildVerb object at 0xffffbbbe4b00>, main=<bound method BuildVerb.main of <colcon_core.verb.build.BuildVerb object at 0xffffbbbe4b00>>, mixin_verb=('build',))
[0.344s] Level 1:colcon.colcon_core.package_discovery:discover_packages(colcon_meta) check parameters
[0.345s] Level 1:colcon.colcon_core.package_discovery:discover_packages(recursive) check parameters
[0.345s] Level 1:colcon.colcon_core.package_discovery:discover_packages(ignore) check parameters
[0.345s] Level 1:colcon.colcon_core.package_discovery:discover_packages(path) check parameters
[0.345s] Level 1:colcon.colcon_core.package_discovery:discover_packages(colcon_meta) discover
[0.345s] Level 1:colcon.colcon_core.package_discovery:discover_packages(recursive) discover
[0.345s] INFO:colcon.colcon_core.package_discovery:Crawling recursively for packages in '/home/epiibots/ros2_ws'
[0.345s] Level 1:colcon.colcon_core.package_identification:_identify(.) by extensions ['ignore', 'ignore_ament_install']
[0.345s] Level 1:colcon.colcon_core.package_identification:_identify(.) by extension 'ignore'
[0.345s] Level 1:colcon.colcon_core.package_identification:_identify(.) by extension 'ignore_ament_install'
[0.345s] Level 1:colcon.colcon_core.package_identification:_identify(.) by extensions ['colcon_pkg']
[0.346s] Level 1:colcon.colcon_core.package_identification:_identify(.) by extension 'colcon_pkg'
[0.346s] Level 1:colcon.colcon_core.package_identification:_identify(.) by extensions ['colcon_meta']
[0.346s] Level 1:colcon.colcon_core.package_identification:_identify(.) by extension 'colcon_meta'
[0.346s] Level 1:colcon.colcon_core.package_identification:_identify(.) by extensions ['ros']
[0.346s] Level 1:colcon.colcon_core.package_identification:_identify(.) by extension 'ros'
[0.402s] Level 1:colcon.colcon_core.package_identification:_identify(.) by extensions ['cmake', 'python']
[0.402s] Level 1:colcon.colcon_core.package_identification:_identify(.) by extension 'cmake'
[0.403s] Level 1:colcon.colcon_core.package_identification:_identify(.) by extension 'python'
[0.403s] Level 1:colcon.colcon_core.package_identification:_identify(.) by extensions ['python_setup_py']
[0.403s] Level 1:colcon.colcon_core.package_identification:_identify(.) by extension 'python_setup_py'
[0.403s] Level 1:colcon.colcon_core.package_identification:_identify(build) by extensions ['ignore', 'ignore_ament_install']
[0.403s] Level 1:colcon.colcon_core.package_identification:_identify(build) by extension 'ignore'
[0.403s] Level 1:colcon.colcon_core.package_identification:_identify(build) ignored
[0.403s] Level 1:colcon.colcon_core.package_identification:_identify(install) by extensions ['ignore', 'ignore_ament_install']
[0.403s] Level 1:colcon.colcon_core.package_identification:_identify(install) by extension 'ignore'
[0.403s] Level 1:colcon.colcon_core.package_identification:_identify(install) ignored
[0.404s] Level 1:colcon.colcon_core.package_identification:_identify(log) by extensions ['ignore', 'ignore_ament_install']
[0.404s] Level 1:colcon.colcon_core.package_identification:_identify(log) by extension 'ignore'
[0.404s] Level 1:colcon.colcon_core.package_identification:_identify(log) ignored
[0.404s] Level 1:colcon.colcon_core.package_identification:_identify(src) by extensions ['ignore', 'ignore_ament_install']
[0.404s] Level 1:colcon.colcon_core.package_identification:_identify(src) by extension 'ignore'
[0.404s] Level 1:colcon.colcon_core.package_identification:_identify(src) by extension 'ignore_ament_install'
[0.404s] Level 1:colcon.colcon_core.package_identification:_identify(src) by extensions ['colcon_pkg']
[0.404s] Level 1:colcon.colcon_core.package_identification:_identify(src) by extension 'colcon_pkg'
[0.404s] Level 1:colcon.colcon_core.package_identification:_identify(src) by extensions ['colcon_meta']
[0.404s] Level 1:colcon.colcon_core.package_identification:_identify(src) by extension 'colcon_meta'
[0.404s] Level 1:colcon.colcon_core.package_identification:_identify(src) by extensions ['ros']
[0.404s] Level 1:colcon.colcon_core.package_identification:_identify(src) by extension 'ros'
[0.405s] Level 1:colcon.colcon_core.package_identification:_identify(src) by extensions ['cmake', 'python']
[0.405s] Level 1:colcon.colcon_core.package_identification:_identify(src) by extension 'cmake'
[0.405s] Level 1:colcon.colcon_core.package_identification:_identify(src) by extension 'python'
[0.405s] Level 1:colcon.colcon_core.package_identification:_identify(src) by extensions ['python_setup_py']
[0.405s] Level 1:colcon.colcon_core.package_identification:_identify(src) by extension 'python_setup_py'
[0.405s] Level 1:colcon.colcon_core.package_identification:_identify(src/bno055) by extensions ['ignore', 'ignore_ament_install']
[0.405s] Level 1:colcon.colcon_core.package_identification:_identify(src/bno055) by extension 'ignore'
[0.405s] Level 1:colcon.colcon_core.package_identification:_identify(src/bno055) by extension 'ignore_ament_install'
[0.405s] Level 1:colcon.colcon_core.package_identification:_identify(src/bno055) by extensions ['colcon_pkg']
[0.405s] Level 1:colcon.colcon_core.package_identification:_identify(src/bno055) by extension 'colcon_pkg'
[0.405s] Level 1:colcon.colcon_core.package_identification:_identify(src/bno055) by extensions ['colcon_meta']
[0.405s] Level 1:colcon.colcon_core.package_identification:_identify(src/bno055) by extension 'colcon_meta'
[0.405s] Level 1:colcon.colcon_core.package_identification:_identify(src/bno055) by extensions ['ros']
[0.405s] Level 1:colcon.colcon_core.package_identification:_identify(src/bno055) by extension 'ros'
[0.414s] DEBUG:colcon.colcon_core.package_identification:Package 'src/bno055' with type 'ros.ament_python' and name 'bno055'
[0.414s] Level 1:colcon.colcon_core.package_identification:_identify(src/calibration) by extensions ['ignore', 'ignore_ament_install']
[0.414s] Level 1:colcon.colcon_core.package_identification:_identify(src/calibration) by extension 'ignore'
[0.414s] Level 1:colcon.colcon_core.package_identification:_identify(src/calibration) by extension 'ignore_ament_install'
[0.414s] Level 1:colcon.colcon_core.package_identification:_identify(src/calibration) by extensions ['colcon_pkg']
[0.414s] Level 1:colcon.colcon_core.package_identification:_identify(src/calibration) by extension 'colcon_pkg'
[0.414s] Level 1:colcon.colcon_core.package_identification:_identify(src/calibration) by extensions ['colcon_meta']
[0.414s] Level 1:colcon.colcon_core.package_identification:_identify(src/calibration) by extension 'colcon_meta'
[0.414s] Level 1:colcon.colcon_core.package_identification:_identify(src/calibration) by extensions ['ros']
[0.414s] Level 1:colcon.colcon_core.package_identification:_identify(src/calibration) by extension 'ros'
[0.415s] DEBUG:colcon.colcon_core.package_identification:Package 'src/calibration' with type 'ros.ament_python' and name 'calibration'
[0.416s] Level 1:colcon.colcon_core.package_identification:_identify(src/carrinho_base) by extensions ['ignore', 'ignore_ament_install']
[0.416s] Level 1:colcon.colcon_core.package_identification:_identify(src/carrinho_base) by extension 'ignore'
[0.416s] Level 1:colcon.colcon_core.package_identification:_identify(src/carrinho_base) by extension 'ignore_ament_install'
[0.416s] Level 1:colcon.colcon_core.package_identification:_identify(src/carrinho_base) by extensions ['colcon_pkg']
[0.416s] Level 1:colcon.colcon_core.package_identification:_identify(src/carrinho_base) by extension 'colcon_pkg'
[0.416s] Level 1:colcon.colcon_core.package_identification:_identify(src/carrinho_base) by extensions ['colcon_meta']
[0.416s] Level 1:colcon.colcon_core.package_identification:_identify(src/carrinho_base) by extension 'colcon_meta'
[0.416s] Level 1:colcon.colcon_core.package_identification:_identify(src/carrinho_base) by extensions ['ros']
[0.416s] Level 1:colcon.colcon_core.package_identification:_identify(src/carrinho_base) by extension 'ros'
[0.417s] DEBUG:colcon.colcon_core.package_identification:Package 'src/carrinho_base' with type 'ros.ament_python' and name 'carrinho_base'
[0.417s] Level 1:colcon.colcon_core.package_identification:_identify(src/computervision) by extensions ['ignore', 'ignore_ament_install']
[0.417s] Level 1:colcon.colcon_core.package_identification:_identify(src/computervision) by extension 'ignore'
[0.418s] Level 1:colcon.colcon_core.package_identification:_identify(src/computervision) by extension 'ignore_ament_install'
[0.418s] Level 1:colcon.colcon_core.package_identification:_identify(src/computervision) by extensions ['colcon_pkg']
[0.418s] Level 1:colcon.colcon_core.package_identification:_identify(src/computervision) by extension 'colcon_pkg'
[0.418s] Level 1:colcon.colcon_core.package_identification:_identify(src/computervision) by extensions ['colcon_meta']
[0.418s] Level 1:colcon.colcon_core.package_identification:_identify(src/computervision) by extension 'colcon_meta'
[0.418s] Level 1:colcon.colcon_core.package_identification:_identify(src/computervision) by extensions ['ros']
[0.418s] Level 1:colcon.colcon_core.package_identification:_identify(src/computervision) by extension 'ros'
[0.418s] Level 1:colcon.colcon_core.package_identification:_identify(src/computervision) by extensions ['cmake', 'python']
[0.418s] Level 1:colcon.colcon_core.package_identification:_identify(src/computervision) by extension 'cmake'
[0.418s] Level 1:colcon.colcon_core.package_identification:_identify(src/computervision) by extension 'python'
[0.418s] Level 1:colcon.colcon_core.package_identification:_identify(src/computervision) by extensions ['python_setup_py']
[0.418s] Level 1:colcon.colcon_core.package_identification:_identify(src/computervision) by extension 'python_setup_py'
[0.418s] Level 1:colcon.colcon_core.package_identification:_identify(src/computervision/aruco) by extensions ['ignore', 'ignore_ament_install']
[0.418s] Level 1:colcon.colcon_core.package_identification:_identify(src/computervision/aruco) by extension 'ignore'
[0.418s] Level 1:colcon.colcon_core.package_identification:_identify(src/computervision/aruco) by extension 'ignore_ament_install'
[0.418s] Level 1:colcon.colcon_core.package_identification:_identify(src/computervision/aruco) by extensions ['colcon_pkg']
[0.418s] Level 1:colcon.colcon_core.package_identification:_identify(src/computervision/aruco) by extension 'colcon_pkg'
[0.419s] Level 1:colcon.colcon_core.package_identification:_identify(src/computervision/aruco) by extensions ['colcon_meta']
[0.419s] Level 1:colcon.colcon_core.package_identification:_identify(src/computervision/aruco) by extension 'colcon_meta'
[0.419s] Level 1:colcon.colcon_core.package_identification:_identify(src/computervision/aruco) by extensions ['ros']
[0.419s] Level 1:colcon.colcon_core.package_identification:_identify(src/computervision/aruco) by extension 'ros'
[0.419s] Level 1:colcon.colcon_core.package_identification:_identify(src/computervision/aruco) by extensions ['cmake', 'python']
[0.419s] Level 1:colcon.colcon_core.package_identification:_identify(src/computervision/aruco) by extension 'cmake'
[0.419s] Level 1:colcon.colcon_core.package_identification:_identify(src/computervision/aruco) by extension 'python'
[0.419s] Level 1:colcon.colcon_core.package_identification:_identify(src/computervision/aruco) by extensions ['python_setup_py']
[0.419s] Level 1:colcon.colcon_core.package_identification:_identify(src/computervision/aruco) by extension 'python_setup_py'
[0.419s] Level 1:colcon.colcon_core.package_identification:_identify(src/controlegeral_carrinho) by extensions ['ignore', 'ignore_ament_install']
[0.419s] Level 1:colcon.colcon_core.package_identification:_identify(src/controlegeral_carrinho) by extension 'ignore'
[0.419s] Level 1:colcon.colcon_core.package_identification:_identify(src/controlegeral_carrinho) by extension 'ignore_ament_install'
[0.419s] Level 1:colcon.colcon_core.package_identification:_identify(src/controlegeral_carrinho) by extensions ['colcon_pkg']
[0.419s] Level 1:colcon.colcon_core.package_identification:_identify(src/controlegeral_carrinho) by extension 'colcon_pkg'
[0.419s] Level 1:colcon.colcon_core.package_identification:_identify(src/controlegeral_carrinho) by extensions ['colcon_meta']
[0.419s] Level 1:colcon.colcon_core.package_identification:_identify(src/controlegeral_carrinho) by extension 'colcon_meta'
[0.419s] Level 1:colcon.colcon_core.package_identification:_identify(src/controlegeral_carrinho) by extensions ['ros']
[0.419s] Level 1:colcon.colcon_core.package_identification:_identify(src/controlegeral_carrinho) by extension 'ros'
[0.421s] DEBUG:colcon.colcon_core.package_identification:Package 'src/controlegeral_carrinho' with type 'ros.ament_python' and name 'controlegeral_carrinho'
[0.421s] Level 1:colcon.colcon_core.package_identification:_identify(src/detector) by extensions ['ignore', 'ignore_ament_install']
[0.421s] Level 1:colcon.colcon_core.package_identification:_identify(src/detector) by extension 'ignore'
[0.421s] Level 1:colcon.colcon_core.package_identification:_identify(src/detector) by extension 'ignore_ament_install'
[0.421s] Level 1:colcon.colcon_core.package_identification:_identify(src/detector) by extensions ['colcon_pkg']
[0.421s] Level 1:colcon.colcon_core.package_identification:_identify(src/detector) by extension 'colcon_pkg'
[0.421s] Level 1:colcon.colcon_core.package_identification:_identify(src/detector) by extensions ['colcon_meta']
[0.421s] Level 1:colcon.colcon_core.package_identification:_identify(src/detector) by extension 'colcon_meta'
[0.421s] Level 1:colcon.colcon_core.package_identification:_identify(src/detector) by extensions ['ros']
[0.421s] Level 1:colcon.colcon_core.package_identification:_identify(src/detector) by extension 'ros'
[0.422s] DEBUG:colcon.colcon_core.package_identification:Package 'src/detector' with type 'ros.ament_python' and name 'detector'
[0.422s] Level 1:colcon.colcon_core.package_identification:_identify(src/lidar_teste) by extensions ['ignore', 'ignore_ament_install']
[0.422s] Level 1:colcon.colcon_core.package_identification:_identify(src/lidar_teste) by extension 'ignore'
[0.423s] Level 1:colcon.colcon_core.package_identification:_identify(src/lidar_teste) by extension 'ignore_ament_install'
[0.423s] Level 1:colcon.colcon_core.package_identification:_identify(src/lidar_teste) by extensions ['colcon_pkg']
[0.423s] Level 1:colcon.colcon_core.package_identification:_identify(src/lidar_teste) by extension 'colcon_pkg'
[0.423s] Level 1:colcon.colcon_core.package_identification:_identify(src/lidar_teste) by extensions ['colcon_meta']
[0.423s] Level 1:colcon.colcon_core.package_identification:_identify(src/lidar_teste) by extension 'colcon_meta'
[0.423s] Level 1:colcon.colcon_core.package_identification:_identify(src/lidar_teste) by extensions ['ros']
[0.423s] Level 1:colcon.colcon_core.package_identification:_identify(src/lidar_teste) by extension 'ros'
[0.424s] DEBUG:colcon.colcon_core.package_identification:Package 'src/lidar_teste' with type 'ros.ament_python' and name 'lidar_teste'
[0.424s] Level 1:colcon.colcon_core.package_identification:_identify(src/micro_ros_setup) by extensions ['ignore', 'ignore_ament_install']
[0.424s] Level 1:colcon.colcon_core.package_identification:_identify(src/micro_ros_setup) by extension 'ignore'
[0.424s] Level 1:colcon.colcon_core.package_identification:_identify(src/micro_ros_setup) by extension 'ignore_ament_install'
[0.424s] Level 1:colcon.colcon_core.package_identification:_identify(src/micro_ros_setup) by extensions ['colcon_pkg']
[0.424s] Level 1:colcon.colcon_core.package_identification:_identify(src/micro_ros_setup) by extension 'colcon_pkg'
[0.424s] Level 1:colcon.colcon_core.package_identification:_identify(src/micro_ros_setup) by extensions ['colcon_meta']
[0.424s] Level 1:colcon.colcon_core.package_identification:_identify(src/micro_ros_setup) by extension 'colcon_meta'
[0.424s] Level 1:colcon.colcon_core.package_identification:_identify(src/micro_ros_setup) by extensions ['ros']
[0.424s] Level 1:colcon.colcon_core.package_identification:_identify(src/micro_ros_setup) by extension 'ros'
[0.425s] DEBUG:colcon.colcon_core.package_identification:Package 'src/micro_ros_setup' with type 'ros.ament_cmake' and name 'micro_ros_setup'
[0.426s] Level 1:colcon.colcon_core.package_identification:_identify(src/pwm_rec) by extensions ['ignore', 'ignore_ament_install']
[0.426s] Level 1:colcon.colcon_core.package_identification:_identify(src/pwm_rec) by extension 'ignore'
[0.426s] Level 1:colcon.colcon_core.package_identification:_identify(src/pwm_rec) by extension 'ignore_ament_install'
[0.426s] Level 1:colcon.colcon_core.package_identification:_identify(src/pwm_rec) by extensions ['colcon_pkg']
[0.426s] Level 1:colcon.colcon_core.package_identification:_identify(src/pwm_rec) by extension 'colcon_pkg'
[0.426s] Level 1:colcon.colcon_core.package_identification:_identify(src/pwm_rec) by extensions ['colcon_meta']
[0.426s] Level 1:colcon.colcon_core.package_identification:_identify(src/pwm_rec) by extension 'colcon_meta'
[0.426s] Level 1:colcon.colcon_core.package_identification:_identify(src/pwm_rec) by extensions ['ros']
[0.426s] Level 1:colcon.colcon_core.package_identification:_identify(src/pwm_rec) by extension 'ros'
[0.428s] DEBUG:colcon.colcon_core.package_identification:Package 'src/pwm_rec' with type 'ros.ament_python' and name 'pwm_rec'
[0.428s] Level 1:colcon.colcon_core.package_identification:_identify(src/servo_steering) by extensions ['ignore', 'ignore_ament_install']
[0.428s] Level 1:colcon.colcon_core.package_identification:_identify(src/servo_steering) by extension 'ignore'
[0.428s] Level 1:colcon.colcon_core.package_identification:_identify(src/servo_steering) by extension 'ignore_ament_install'
[0.429s] Level 1:colcon.colcon_core.package_identification:_identify(src/servo_steering) by extensions ['colcon_pkg']
[0.429s] Level 1:colcon.colcon_core.package_identification:_identify(src/servo_steering) by extension 'colcon_pkg'
[0.429s] Level 1:colcon.colcon_core.package_identification:_identify(src/servo_steering) by extensions ['colcon_meta']
[0.429s] Level 1:colcon.colcon_core.package_identification:_identify(src/servo_steering) by extension 'colcon_meta'
[0.429s] Level 1:colcon.colcon_core.package_identification:_identify(src/servo_steering) by extensions ['ros']
[0.429s] Level 1:colcon.colcon_core.package_identification:_identify(src/servo_steering) by extension 'ros'
[0.430s] DEBUG:colcon.colcon_core.package_identification:Package 'src/servo_steering' with type 'ros.ament_python' and name 'servo_steering'
[0.430s] Level 1:colcon.colcon_core.package_identification:_identify(src/sllidar_ros2) by extensions ['ignore', 'ignore_ament_install']
[0.430s] Level 1:colcon.colcon_core.package_identification:_identify(src/sllidar_ros2) by extension 'ignore'
[0.430s] Level 1:colcon.colcon_core.package_identification:_identify(src/sllidar_ros2) by extension 'ignore_ament_install'
[0.430s] Level 1:colcon.colcon_core.package_identification:_identify(src/sllidar_ros2) by extensions ['colcon_pkg']
[0.430s] Level 1:colcon.colcon_core.package_identification:_identify(src/sllidar_ros2) by extension 'colcon_pkg'
[0.430s] Level 1:colcon.colcon_core.package_identification:_identify(src/sllidar_ros2) by extensions ['colcon_meta']
[0.430s] Level 1:colcon.colcon_core.package_identification:_identify(src/sllidar_ros2) by extension 'colcon_meta'
[0.430s] Level 1:colcon.colcon_core.package_identification:_identify(src/sllidar_ros2) by extensions ['ros']
[0.430s] Level 1:colcon.colcon_core.package_identification:_identify(src/sllidar_ros2) by extension 'ros'
[0.432s] DEBUG:colcon.colcon_core.package_identification:Package 'src/sllidar_ros2' with type 'ros.ament_cmake' and name 'sllidar_ros2'
[0.432s] Level 1:colcon.colcon_core.package_identification:_identify(src/uros) by extensions ['ignore', 'ignore_ament_install']
[0.432s] Level 1:colcon.colcon_core.package_identification:_identify(src/uros) by extension 'ignore'
[0.432s] Level 1:colcon.colcon_core.package_identification:_identify(src/uros) by extension 'ignore_ament_install'
[0.432s] Level 1:colcon.colcon_core.package_identification:_identify(src/uros) by extensions ['colcon_pkg']
[0.432s] Level 1:colcon.colcon_core.package_identification:_identify(src/uros) by extension 'colcon_pkg'
[0.432s] Level 1:colcon.colcon_core.package_identification:_identify(src/uros) by extensions ['colcon_meta']
[0.432s] Level 1:colcon.colcon_core.package_identification:_identify(src/uros) by extension 'colcon_meta'
[0.432s] Level 1:colcon.colcon_core.package_identification:_identify(src/uros) by extensions ['ros']
[0.432s] Level 1:colcon.colcon_core.package_identification:_identify(src/uros) by extension 'ros'
[0.432s] Level 1:colcon.colcon_core.package_identification:_identify(src/uros) by extensions ['cmake', 'python']
[0.432s] Level 1:colcon.colcon_core.package_identification:_identify(src/uros) by extension 'cmake'
[0.432s] Level 1:colcon.colcon_core.package_identification:_identify(src/uros) by extension 'python'
[0.433s] Level 1:colcon.colcon_core.package_identification:_identify(src/uros) by extensions ['python_setup_py']
[0.433s] Level 1:colcon.colcon_core.package_identification:_identify(src/uros) by extension 'python_setup_py'
[0.433s] Level 1:colcon.colcon_core.package_identification:_identify(src/uros/drive_base) by extensions ['ignore', 'ignore_ament_install']
[0.433s] Level 1:colcon.colcon_core.package_identification:_identify(src/uros/drive_base) by extension 'ignore'
[0.433s] Level 1:colcon.colcon_core.package_identification:_identify(src/uros/drive_base) by extension 'ignore_ament_install'
[0.433s] Level 1:colcon.colcon_core.package_identification:_identify(src/uros/drive_base) by extensions ['colcon_pkg']
[0.433s] Level 1:colcon.colcon_core.package_identification:_identify(src/uros/drive_base) by extension 'colcon_pkg'
[0.433s] Level 1:colcon.colcon_core.package_identification:_identify(src/uros/drive_base) by extensions ['colcon_meta']
[0.433s] Level 1:colcon.colcon_core.package_identification:_identify(src/uros/drive_base) by extension 'colcon_meta'
[0.433s] Level 1:colcon.colcon_core.package_identification:_identify(src/uros/drive_base) by extensions ['ros']
[0.433s] Level 1:colcon.colcon_core.package_identification:_identify(src/uros/drive_base) by extension 'ros'
[0.433s] Level 1:colcon.colcon_core.package_identification:_identify(src/uros/drive_base) by extensions ['cmake', 'python']
[0.433s] Level 1:colcon.colcon_core.package_identification:_identify(src/uros/drive_base) by extension 'cmake'
[0.433s] Level 1:colcon.colcon_core.package_identification:_identify(src/uros/drive_base) by extension 'python'
[0.433s] Level 1:colcon.colcon_core.package_identification:_identify(src/uros/drive_base) by extensions ['python_setup_py']
[0.433s] Level 1:colcon.colcon_core.package_identification:_identify(src/uros/drive_base) by extension 'python_setup_py'
[0.434s] Level 1:colcon.colcon_core.package_identification:_identify(src/uros/drive_base/drive_base_msgs) by extensions ['ignore', 'ignore_ament_install']
[0.434s] Level 1:colcon.colcon_core.package_identification:_identify(src/uros/drive_base/drive_base_msgs) by extension 'ignore'
[0.434s] Level 1:colcon.colcon_core.package_identification:_identify(src/uros/drive_base/drive_base_msgs) by extension 'ignore_ament_install'
[0.434s] Level 1:colcon.colcon_core.package_identification:_identify(src/uros/drive_base/drive_base_msgs) by extensions ['colcon_pkg']
[0.434s] Level 1:colcon.colcon_core.package_identification:_identify(src/uros/drive_base/drive_base_msgs) by extension 'colcon_pkg'
[0.434s] Level 1:colcon.colcon_core.package_identification:_identify(src/uros/drive_base/drive_base_msgs) by extensions ['colcon_meta']
[0.434s] Level 1:colcon.colcon_core.package_identification:_identify(src/uros/drive_base/drive_base_msgs) by extension 'colcon_meta'
[0.434s] Level 1:colcon.colcon_core.package_identification:_identify(src/uros/drive_base/drive_base_msgs) by extensions ['ros']
[0.434s] Level 1:colcon.colcon_core.package_identification:_identify(src/uros/drive_base/drive_base_msgs) by extension 'ros'
[0.435s] DEBUG:colcon.colcon_core.package_identification:Package 'src/uros/drive_base/drive_base_msgs' with type 'ros.ament_cmake' and name 'drive_base_msgs'
[0.436s] Level 1:colcon.colcon_core.package_identification:_identify(src/uros/micro-ROS-Agent) by extensions ['ignore', 'ignore_ament_install']
[0.436s] Level 1:colcon.colcon_core.package_identification:_identify(src/uros/micro-ROS-Agent) by extension 'ignore'
[0.436s] Level 1:colcon.colcon_core.package_identification:_identify(src/uros/micro-ROS-Agent) by extension 'ignore_ament_install'
[0.436s] Level 1:colcon.colcon_core.package_identification:_identify(src/uros/micro-ROS-Agent) by extensions ['colcon_pkg']
[0.436s] Level 1:colcon.colcon_core.package_identification:_identify(src/uros/micro-ROS-Agent) by extension 'colcon_pkg'
[0.436s] Level 1:colcon.colcon_core.package_identification:_identify(src/uros/micro-ROS-Agent) by extensions ['colcon_meta']
[0.436s] Level 1:colcon.colcon_core.package_identification:_identify(src/uros/micro-ROS-Agent) by extension 'colcon_meta'
[0.436s] Level 1:colcon.colcon_core.package_identification:_identify(src/uros/micro-ROS-Agent) by extensions ['ros']
[0.436s] Level 1:colcon.colcon_core.package_identification:_identify(src/uros/micro-ROS-Agent) by extension 'ros'
[0.436s] Level 1:colcon.colcon_core.package_identification:_identify(src/uros/micro-ROS-Agent) by extensions ['cmake', 'python']
[0.436s] Level 1:colcon.colcon_core.package_identification:_identify(src/uros/micro-ROS-Agent) by extension 'cmake'
[0.436s] Level 1:colcon.colcon_core.package_identification:_identify(src/uros/micro-ROS-Agent) by extension 'python'
[0.436s] Level 1:colcon.colcon_core.package_identification:_identify(src/uros/micro-ROS-Agent) by extensions ['python_setup_py']
[0.436s] Level 1:colcon.colcon_core.package_identification:_identify(src/uros/micro-ROS-Agent) by extension 'python_setup_py'
[0.436s] Level 1:colcon.colcon_core.package_identification:_identify(src/uros/micro-ROS-Agent/micro_ros_agent) by extensions ['ignore', 'ignore_ament_install']
[0.436s] Level 1:colcon.colcon_core.package_identification:_identify(src/uros/micro-ROS-Agent/micro_ros_agent) by extension 'ignore'
[0.437s] Level 1:colcon.colcon_core.package_identification:_identify(src/uros/micro-ROS-Agent/micro_ros_agent) by extension 'ignore_ament_install'
[0.437s] Level 1:colcon.colcon_core.package_identification:_identify(src/uros/micro-ROS-Agent/micro_ros_agent) by extensions ['colcon_pkg']
[0.437s] Level 1:colcon.colcon_core.package_identification:_identify(src/uros/micro-ROS-Agent/micro_ros_agent) by extension 'colcon_pkg'
[0.437s] Level 1:colcon.colcon_core.package_identification:_identify(src/uros/micro-ROS-Agent/micro_ros_agent) by extensions ['colcon_meta']
[0.437s] Level 1:colcon.colcon_core.package_identification:_identify(src/uros/micro-ROS-Agent/micro_ros_agent) by extension 'colcon_meta'
[0.437s] Level 1:colcon.colcon_core.package_identification:_identify(src/uros/micro-ROS-Agent/micro_ros_agent) by extensions ['ros']
[0.437s] Level 1:colcon.colcon_core.package_identification:_identify(src/uros/micro-ROS-Agent/micro_ros_agent) by extension 'ros'
[0.438s] DEBUG:colcon.colcon_core.package_identification:Package 'src/uros/micro-ROS-Agent/micro_ros_agent' with type 'ros.ament_cmake' and name 'micro_ros_agent'
[0.438s] Level 1:colcon.colcon_core.package_identification:_identify(src/uros/micro-ROS-Agent/snap) by extensions ['ignore', 'ignore_ament_install']
[0.438s] Level 1:colcon.colcon_core.package_identification:_identify(src/uros/micro-ROS-Agent/snap) by extension 'ignore'
[0.438s] Level 1:colcon.colcon_core.package_identification:_identify(src/uros/micro-ROS-Agent/snap) by extension 'ignore_ament_install'
[0.439s] Level 1:colcon.colcon_core.package_identification:_identify(src/uros/micro-ROS-Agent/snap) by extensions ['colcon_pkg']
[0.439s] Level 1:colcon.colcon_core.package_identification:_identify(src/uros/micro-ROS-Agent/snap) by extension 'colcon_pkg'
[0.439s] Level 1:colcon.colcon_core.package_identification:_identify(src/uros/micro-ROS-Agent/snap) by extensions ['colcon_meta']
[0.439s] Level 1:colcon.colcon_core.package_identification:_identify(src/uros/micro-ROS-Agent/snap) by extension 'colcon_meta'
[0.439s] Level 1:colcon.colcon_core.package_identification:_identify(src/uros/micro-ROS-Agent/snap) by extensions ['ros']
[0.439s] Level 1:colcon.colcon_core.package_identification:_identify(src/uros/micro-ROS-Agent/snap) by extension 'ros'
[0.439s] Level 1:colcon.colcon_core.package_identification:_identify(src/uros/micro-ROS-Agent/snap) by extensions ['cmake', 'python']
[0.439s] Level 1:colcon.colcon_core.package_identification:_identify(src/uros/micro-ROS-Agent/snap) by extension 'cmake'
[0.439s] Level 1:colcon.colcon_core.package_identification:_identify(src/uros/micro-ROS-Agent/snap) by extension 'python'
[0.439s] Level 1:colcon.colcon_core.package_identification:_identify(src/uros/micro-ROS-Agent/snap) by extensions ['python_setup_py']
[0.439s] Level 1:colcon.colcon_core.package_identification:_identify(src/uros/micro-ROS-Agent/snap) by extension 'python_setup_py'
[0.439s] Level 1:colcon.colcon_core.package_identification:_identify(src/uros/micro-ROS-Agent/snap/hooks) by extensions ['ignore', 'ignore_ament_install']
[0.439s] Level 1:colcon.colcon_core.package_identification:_identify(src/uros/micro-ROS-Agent/snap/hooks) by extension 'ignore'
[0.439s] Level 1:colcon.colcon_core.package_identification:_identify(src/uros/micro-ROS-Agent/snap/hooks) by extension 'ignore_ament_install'
[0.439s] Level 1:colcon.colcon_core.package_identification:_identify(src/uros/micro-ROS-Agent/snap/hooks) by extensions ['colcon_pkg']
[0.440s] Level 1:colcon.colcon_core.package_identification:_identify(src/uros/micro-ROS-Agent/snap/hooks) by extension 'colcon_pkg'
[0.440s] Level 1:colcon.colcon_core.package_identification:_identify(src/uros/micro-ROS-Agent/snap/hooks) by extensions ['colcon_meta']
[0.440s] Level 1:colcon.colcon_core.package_identification:_identify(src/uros/micro-ROS-Agent/snap/hooks) by extension 'colcon_meta'
[0.440s] Level 1:colcon.colcon_core.package_identification:_identify(src/uros/micro-ROS-Agent/snap/hooks) by extensions ['ros']
[0.440s] Level 1:colcon.colcon_core.package_identification:_identify(src/uros/micro-ROS-Agent/snap/hooks) by extension 'ros'
[0.440s] Level 1:colcon.colcon_core.package_identification:_identify(src/uros/micro-ROS-Agent/snap/hooks) by extensions ['cmake', 'python']
[0.440s] Level 1:colcon.colcon_core.package_identification:_identify(src/uros/micro-ROS-Agent/snap/hooks) by extension 'cmake'
[0.440s] Level 1:colcon.colcon_core.package_identification:_identify(src/uros/micro-ROS-Agent/snap/hooks) by extension 'python'
[0.440s] Level 1:colcon.colcon_core.package_identification:_identify(src/uros/micro-ROS-Agent/snap/hooks) by extensions ['python_setup_py']
[0.440s] Level 1:colcon.colcon_core.package_identification:_identify(src/uros/micro-ROS-Agent/snap/hooks) by extension 'python_setup_py'
[0.440s] Level 1:colcon.colcon_core.package_identification:_identify(src/uros/micro-ROS-Agent/snap/local) by extensions ['ignore', 'ignore_ament_install']
[0.440s] Level 1:colcon.colcon_core.package_identification:_identify(src/uros/micro-ROS-Agent/snap/local) by extension 'ignore'
[0.440s] Level 1:colcon.colcon_core.package_identification:_identify(src/uros/micro-ROS-Agent/snap/local) by extension 'ignore_ament_install'
[0.440s] Level 1:colcon.colcon_core.package_identification:_identify(src/uros/micro-ROS-Agent/snap/local) by extensions ['colcon_pkg']
[0.440s] Level 1:colcon.colcon_core.package_identification:_identify(src/uros/micro-ROS-Agent/snap/local) by extension 'colcon_pkg'
[0.440s] Level 1:colcon.colcon_core.package_identification:_identify(src/uros/micro-ROS-Agent/snap/local) by extensions ['colcon_meta']
[0.441s] Level 1:colcon.colcon_core.package_identification:_identify(src/uros/micro-ROS-Agent/snap/local) by extension 'colcon_meta'
[0.441s] Level 1:colcon.colcon_core.package_identification:_identify(src/uros/micro-ROS-Agent/snap/local) by extensions ['ros']
[0.441s] Level 1:colcon.colcon_core.package_identification:_identify(src/uros/micro-ROS-Agent/snap/local) by extension 'ros'
[0.441s] Level 1:colcon.colcon_core.package_identification:_identify(src/uros/micro-ROS-Agent/snap/local) by extensions ['cmake', 'python']
[0.441s] Level 1:colcon.colcon_core.package_identification:_identify(src/uros/micro-ROS-Agent/snap/local) by extension 'cmake'
[0.441s] Level 1:colcon.colcon_core.package_identification:_identify(src/uros/micro-ROS-Agent/snap/local) by extension 'python'
[0.441s] Level 1:colcon.colcon_core.package_identification:_identify(src/uros/micro-ROS-Agent/snap/local) by extensions ['python_setup_py']
[0.441s] Level 1:colcon.colcon_core.package_identification:_identify(src/uros/micro-ROS-Agent/snap/local) by extension 'python_setup_py'
[0.441s] Level 1:colcon.colcon_core.package_identification:_identify(src/uros/micro_ros_msgs) by extensions ['ignore', 'ignore_ament_install']
[0.441s] Level 1:colcon.colcon_core.package_identification:_identify(src/uros/micro_ros_msgs) by extension 'ignore'
[0.441s] Level 1:colcon.colcon_core.package_identification:_identify(src/uros/micro_ros_msgs) by extension 'ignore_ament_install'
[0.441s] Level 1:colcon.colcon_core.package_identification:_identify(src/uros/micro_ros_msgs) by extensions ['colcon_pkg']
[0.441s] Level 1:colcon.colcon_core.package_identification:_identify(src/uros/micro_ros_msgs) by extension 'colcon_pkg'
[0.441s] Level 1:colcon.colcon_core.package_identification:_identify(src/uros/micro_ros_msgs) by extensions ['colcon_meta']
[0.441s] Level 1:colcon.colcon_core.package_identification:_identify(src/uros/micro_ros_msgs) by extension 'colcon_meta'
[0.441s] Level 1:colcon.colcon_core.package_identification:_identify(src/uros/micro_ros_msgs) by extensions ['ros']
[0.441s] Level 1:colcon.colcon_core.package_identification:_identify(src/uros/micro_ros_msgs) by extension 'ros'
[0.442s] DEBUG:colcon.colcon_core.package_identification:Package 'src/uros/micro_ros_msgs' with type 'ros.ament_cmake' and name 'micro_ros_msgs'
[0.442s] Level 1:colcon.colcon_core.package_discovery:discover_packages(recursive) using defaults
[0.443s] Level 1:colcon.colcon_core.package_discovery:discover_packages(ignore) discover
[0.443s] Level 1:colcon.colcon_core.package_discovery:discover_packages(ignore) using defaults
[0.443s] Level 1:colcon.colcon_core.package_discovery:discover_packages(path) discover
[0.443s] Level 1:colcon.colcon_core.package_discovery:discover_packages(path) using defaults
[0.487s] Level 1:colcon.colcon_core.package_discovery:discover_packages(prefix_path) check parameters
[0.487s] Level 1:colcon.colcon_core.package_discovery:discover_packages(prefix_path) discover
[0.494s] DEBUG:colcon.colcon_installed_package_information.package_discovery:Found 310 installed packages in /opt/ros/jazzy
[0.497s] Level 1:colcon.colcon_core.package_discovery:discover_packages(prefix_path) using defaults
[0.563s] Level 5:colcon.colcon_core.verb:set package 'bno055' build argument 'cmake_args' from command line to 'None'
[0.563s] Level 5:colcon.colcon_core.verb:set package 'bno055' build argument 'cmake_target' from command line to 'None'
[0.563s] Level 5:colcon.colcon_core.verb:set package 'bno055' build argument 'cmake_target_skip_unavailable' from command line to 'False'
[0.563s] Level 5:colcon.colcon_core.verb:set package 'bno055' build argument 'cmake_clean_cache' from command line to 'False'
[0.563s] Level 5:colcon.colcon_core.verb:set package 'bno055' build argument 'cmake_clean_first' from command line to 'False'
[0.563s] Level 5:colcon.colcon_core.verb:set package 'bno055' build argument 'cmake_force_configure' from command line to 'False'
[0.563s] Level 5:colcon.colcon_core.verb:set package 'bno055' build argument 'ament_cmake_args' from command line to 'None'
[0.563s] Level 5:colcon.colcon_core.verb:set package 'bno055' build argument 'catkin_cmake_args' from command line to 'None'
[0.563s] Level 5:colcon.colcon_core.verb:set package 'bno055' build argument 'catkin_skip_building_tests' from command line to 'False'
[0.563s] DEBUG:colcon.colcon_core.verb:Building package 'bno055' with the following arguments: {'ament_cmake_args': None, 'build_base': '/home/epiibots/ros2_ws/build/bno055', 'catkin_cmake_args': None, 'catkin_skip_building_tests': False, 'cmake_args': None, 'cmake_clean_cache': False, 'cmake_clean_first': False, 'cmake_force_configure': False, 'cmake_target': None, 'cmake_target_skip_unavailable': False, 'install_base': '/home/epiibots/ros2_ws/install/bno055', 'merge_install': False, 'path': '/home/epiibots/ros2_ws/src/bno055', 'symlink_install': False, 'test_result_base': None}
[0.564s] Level 5:colcon.colcon_core.verb:set package 'calibration' build argument 'cmake_args' from command line to 'None'
[0.564s] Level 5:colcon.colcon_core.verb:set package 'calibration' build argument 'cmake_target' from command line to 'None'
[0.564s] Level 5:colcon.colcon_core.verb:set package 'calibration' build argument 'cmake_target_skip_unavailable' from command line to 'False'
[0.564s] Level 5:colcon.colcon_core.verb:set package 'calibration' build argument 'cmake_clean_cache' from command line to 'False'
[0.564s] Level 5:colcon.colcon_core.verb:set package 'calibration' build argument 'cmake_clean_first' from command line to 'False'
[0.564s] Level 5:colcon.colcon_core.verb:set package 'calibration' build argument 'cmake_force_configure' from command line to 'False'
[0.564s] Level 5:colcon.colcon_core.verb:set package 'calibration' build argument 'ament_cmake_args' from command line to 'None'
[0.564s] Level 5:colcon.colcon_core.verb:set package 'calibration' build argument 'catkin_cmake_args' from command line to 'None'
[0.564s] Level 5:colcon.colcon_core.verb:set package 'calibration' build argument 'catkin_skip_building_tests' from command line to 'False'
[0.564s] DEBUG:colcon.colcon_core.verb:Building package 'calibration' with the following arguments: {'ament_cmake_args': None, 'build_base': '/home/epiibots/ros2_ws/build/calibration', 'catkin_cmake_args': None, 'catkin_skip_building_tests': False, 'cmake_args': None, 'cmake_clean_cache': False, 'cmake_clean_first': False, 'cmake_force_configure': False, 'cmake_target': None, 'cmake_target_skip_unavailable': False, 'install_base': '/home/epiibots/ros2_ws/install/calibration', 'merge_install': False, 'path': '/home/epiibots/ros2_ws/src/calibration', 'symlink_install': False, 'test_result_base': None}
[0.564s] Level 5:colcon.colcon_core.verb:set package 'carrinho_base' build argument 'cmake_args' from command line to 'None'
[0.564s] Level 5:colcon.colcon_core.verb:set package 'carrinho_base' build argument 'cmake_target' from command line to 'None'
[0.564s] Level 5:colcon.colcon_core.verb:set package 'carrinho_base' build argument 'cmake_target_skip_unavailable' from command line to 'False'
[0.564s] Level 5:colcon.colcon_core.verb:set package 'carrinho_base' build argument 'cmake_clean_cache' from command line to 'False'
[0.564s] Level 5:colcon.colcon_core.verb:set package 'carrinho_base' build argument 'cmake_clean_first' from command line to 'False'
[0.564s] Level 5:colcon.colcon_core.verb:set package 'carrinho_base' build argument 'cmake_force_configure' from command line to 'False'
[0.564s] Level 5:colcon.colcon_core.verb:set package 'carrinho_base' build argument 'ament_cmake_args' from command line to 'None'
[0.564s] Level 5:colcon.colcon_core.verb:set package 'carrinho_base' build argument 'catkin_cmake_args' from command line to 'None'
[0.564s] Level 5:colcon.colcon_core.verb:set package 'carrinho_base' build argument 'catkin_skip_building_tests' from command line to 'False'
[0.564s] DEBUG:colcon.colcon_core.verb:Building package 'carrinho_base' with the following arguments: {'ament_cmake_args': None, 'build_base': '/home/epiibots/ros2_ws/build/carrinho_base', 'catkin_cmake_args': None, 'catkin_skip_building_tests': False, 'cmake_args': None, 'cmake_clean_cache': False, 'cmake_clean_first': False, 'cmake_force_configure': False, 'cmake_target': None, 'cmake_target_skip_unavailable': False, 'install_base': '/home/epiibots/ros2_ws/install/carrinho_base', 'merge_install': False, 'path': '/home/epiibots/ros2_ws/src/carrinho_base', 'symlink_install': False, 'test_result_base': None}
[0.565s] Level 5:colcon.colcon_core.verb:set package 'detector' build argument 'cmake_args' from command line to 'None'
[0.565s] Level 5:colcon.colcon_core.verb:set package 'detector' build argument 'cmake_target' from command line to 'None'
[0.565s] Level 5:colcon.colcon_core.verb:set package 'detector' build argument 'cmake_target_skip_unavailable' from command line to 'False'
[0.565s] Level 5:colcon.colcon_core.verb:set package 'detector' build argument 'cmake_clean_cache' from command line to 'False'
[0.565s] Level 5:colcon.colcon_core.verb:set package 'detector' build argument 'cmake_clean_first' from command line to 'False'
[0.565s] Level 5:colcon.colcon_core.verb:set package 'detector' build argument 'cmake_force_configure' from command line to 'False'
[0.565s] Level 5:colcon.colcon_core.verb:set package 'detector' build argument 'ament_cmake_args' from command line to 'None'
[0.565s] Level 5:colcon.colcon_core.verb:set package 'detector' build argument 'catkin_cmake_args' from command line to 'None'
[0.565s] Level 5:colcon.colcon_core.verb:set package 'detector' build argument 'catkin_skip_building_tests' from command line to 'False'
[0.565s] DEBUG:colcon.colcon_core.verb:Building package 'detector' with the following arguments: {'ament_cmake_args': None, 'build_base': '/home/epiibots/ros2_ws/build/detector', 'catkin_cmake_args': None, 'catkin_skip_building_tests': False, 'cmake_args': None, 'cmake_clean_cache': False, 'cmake_clean_first': False, 'cmake_force_configure': False, 'cmake_target': None, 'cmake_target_skip_unavailable': False, 'install_base': '/home/epiibots/ros2_ws/install/detector', 'merge_install': False, 'path': '/home/epiibots/ros2_ws/src/detector', 'symlink_install': False, 'test_result_base': None}
[0.565s] Level 5:colcon.colcon_core.verb:set package 'drive_base_msgs' build argument 'cmake_args' from command line to 'None'
[0.565s] Level 5:colcon.colcon_core.verb:set package 'drive_base_msgs' build argument 'cmake_target' from command line to 'None'
[0.565s] Level 5:colcon.colcon_core.verb:set package 'drive_base_msgs' build argument 'cmake_target_skip_unavailable' from command line to 'False'
[0.565s] Level 5:colcon.colcon_core.verb:set package 'drive_base_msgs' build argument 'cmake_clean_cache' from command line to 'False'
[0.565s] Level 5:colcon.colcon_core.verb:set package 'drive_base_msgs' build argument 'cmake_clean_first' from command line to 'False'
[0.565s] Level 5:colcon.colcon_core.verb:set package 'drive_base_msgs' build argument 'cmake_force_configure' from command line to 'False'
[0.565s] Level 5:colcon.colcon_core.verb:set package 'drive_base_msgs' build argument 'ament_cmake_args' from command line to 'None'
[0.565s] Level 5:colcon.colcon_core.verb:set package 'drive_base_msgs' build argument 'catkin_cmake_args' from command line to 'None'
[0.565s] Level 5:colcon.colcon_core.verb:set package 'drive_base_msgs' build argument 'catkin_skip_building_tests' from command line to 'False'
[0.565s] DEBUG:colcon.colcon_core.verb:Building package 'drive_base_msgs' with the following arguments: {'ament_cmake_args': None, 'build_base': '/home/epiibots/ros2_ws/build/drive_base_msgs', 'catkin_cmake_args': None, 'catkin_skip_building_tests': False, 'cmake_args': None, 'cmake_clean_cache': False, 'cmake_clean_first': False, 'cmake_force_configure': False, 'cmake_target': None, 'cmake_target_skip_unavailable': False, 'install_base': '/home/epiibots/ros2_ws/install/drive_base_msgs', 'merge_install': False, 'path': '/home/epiibots/ros2_ws/src/uros/drive_base/drive_base_msgs', 'symlink_install': False, 'test_result_base': None}
[0.566s] Level 5:colcon.colcon_core.verb:set package 'lidar_teste' build argument 'cmake_args' from command line to 'None'
[0.566s] Level 5:colcon.colcon_core.verb:set package 'lidar_teste' build argument 'cmake_target' from command line to 'None'
[0.566s] Level 5:colcon.colcon_core.verb:set package 'lidar_teste' build argument 'cmake_target_skip_unavailable' from command line to 'False'
[0.566s] Level 5:colcon.colcon_core.verb:set package 'lidar_teste' build argument 'cmake_clean_cache' from command line to 'False'
[0.566s] Level 5:colcon.colcon_core.verb:set package 'lidar_teste' build argument 'cmake_clean_first' from command line to 'False'
[0.566s] Level 5:colcon.colcon_core.verb:set package 'lidar_teste' build argument 'cmake_force_configure' from command line to 'False'
[0.566s] Level 5:colcon.colcon_core.verb:set package 'lidar_teste' build argument 'ament_cmake_args' from command line to 'None'
[0.566s] Level 5:colcon.colcon_core.verb:set package 'lidar_teste' build argument 'catkin_cmake_args' from command line to 'None'
[0.566s] Level 5:colcon.colcon_core.verb:set package 'lidar_teste' build argument 'catkin_skip_building_tests' from command line to 'False'
[0.566s] DEBUG:colcon.colcon_core.verb:Building package 'lidar_teste' with the following arguments: {'ament_cmake_args': None, 'build_base': '/home/epiibots/ros2_ws/build/lidar_teste', 'catkin_cmake_args': None, 'catkin_skip_building_tests': False, 'cmake_args': None, 'cmake_clean_cache': False, 'cmake_clean_first': False, 'cmake_force_configure': False, 'cmake_target': None, 'cmake_target_skip_unavailable': False, 'install_base': '/home/epiibots/ros2_ws/install/lidar_teste', 'merge_install': False, 'path': '/home/epiibots/ros2_ws/src/lidar_teste', 'symlink_install': False, 'test_result_base': None}
[0.566s] Level 5:colcon.colcon_core.verb:set package 'micro_ros_msgs' build argument 'cmake_args' from command line to 'None'
[0.566s] Level 5:colcon.colcon_core.verb:set package 'micro_ros_msgs' build argument 'cmake_target' from command line to 'None'
[0.566s] Level 5:colcon.colcon_core.verb:set package 'micro_ros_msgs' build argument 'cmake_target_skip_unavailable' from command line to 'False'
[0.566s] Level 5:colcon.colcon_core.verb:set package 'micro_ros_msgs' build argument 'cmake_clean_cache' from command line to 'False'
[0.566s] Level 5:colcon.colcon_core.verb:set package 'micro_ros_msgs' build argument 'cmake_clean_first' from command line to 'False'
[0.566s] Level 5:colcon.colcon_core.verb:set package 'micro_ros_msgs' build argument 'cmake_force_configure' from command line to 'False'
[0.566s] Level 5:colcon.colcon_core.verb:set package 'micro_ros_msgs' build argument 'ament_cmake_args' from command line to 'None'
[0.566s] Level 5:colcon.colcon_core.verb:set package 'micro_ros_msgs' build argument 'catkin_cmake_args' from command line to 'None'
[0.566s] Level 5:colcon.colcon_core.verb:set package 'micro_ros_msgs' build argument 'catkin_skip_building_tests' from command line to 'False'
[0.566s] DEBUG:colcon.colcon_core.verb:Building package 'micro_ros_msgs' with the following arguments: {'ament_cmake_args': None, 'build_base': '/home/epiibots/ros2_ws/build/micro_ros_msgs', 'catkin_cmake_args': None, 'catkin_skip_building_tests': False, 'cmake_args': None, 'cmake_clean_cache': False, 'cmake_clean_first': False, 'cmake_force_configure': False, 'cmake_target': None, 'cmake_target_skip_unavailable': False, 'install_base': '/home/epiibots/ros2_ws/install/micro_ros_msgs', 'merge_install': False, 'path': '/home/epiibots/ros2_ws/src/uros/micro_ros_msgs', 'symlink_install': False, 'test_result_base': None}
[0.567s] Level 5:colcon.colcon_core.verb:set package 'micro_ros_setup' build argument 'cmake_args' from command line to 'None'
[0.567s] Level 5:colcon.colcon_core.verb:set package 'micro_ros_setup' build argument 'cmake_target' from command line to 'None'
[0.567s] Level 5:colcon.colcon_core.verb:set package 'micro_ros_setup' build argument 'cmake_target_skip_unavailable' from command line to 'False'
[0.567s] Level 5:colcon.colcon_core.verb:set package 'micro_ros_setup' build argument 'cmake_clean_cache' from command line to 'False'
[0.567s] Level 5:colcon.colcon_core.verb:set package 'micro_ros_setup' build argument 'cmake_clean_first' from command line to 'False'
[0.567s] Level 5:colcon.colcon_core.verb:set package 'micro_ros_setup' build argument 'cmake_force_configure' from command line to 'False'
[0.567s] Level 5:colcon.colcon_core.verb:set package 'micro_ros_setup' build argument 'ament_cmake_args' from command line to 'None'
[0.567s] Level 5:colcon.colcon_core.verb:set package 'micro_ros_setup' build argument 'catkin_cmake_args' from command line to 'None'
[0.567s] Level 5:colcon.colcon_core.verb:set package 'micro_ros_setup' build argument 'catkin_skip_building_tests' from command line to 'False'
[0.567s] DEBUG:colcon.colcon_core.verb:Building package 'micro_ros_setup' with the following arguments: {'ament_cmake_args': None, 'build_base': '/home/epiibots/ros2_ws/build/micro_ros_setup', 'catkin_cmake_args': None, 'catkin_skip_building_tests': False, 'cmake_args': None, 'cmake_clean_cache': False, 'cmake_clean_first': False, 'cmake_force_configure': False, 'cmake_target': None, 'cmake_target_skip_unavailable': False, 'install_base': '/home/epiibots/ros2_ws/install/micro_ros_setup', 'merge_install': False, 'path': '/home/epiibots/ros2_ws/src/micro_ros_setup', 'symlink_install': False, 'test_result_base': None}
[0.567s] Level 5:colcon.colcon_core.verb:set package 'pwm_rec' build argument 'cmake_args' from command line to 'None'
[0.567s] Level 5:colcon.colcon_core.verb:set package 'pwm_rec' build argument 'cmake_target' from command line to 'None'
[0.567s] Level 5:colcon.colcon_core.verb:set package 'pwm_rec' build argument 'cmake_target_skip_unavailable' from command line to 'False'
[0.567s] Level 5:colcon.colcon_core.verb:set package 'pwm_rec' build argument 'cmake_clean_cache' from command line to 'False'
[0.567s] Level 5:colcon.colcon_core.verb:set package 'pwm_rec' build argument 'cmake_clean_first' from command line to 'False'
[0.567s] Level 5:colcon.colcon_core.verb:set package 'pwm_rec' build argument 'cmake_force_configure' from command line to 'False'
[0.567s] Level 5:colcon.colcon_core.verb:set package 'pwm_rec' build argument 'ament_cmake_args' from command line to 'None'
[0.567s] Level 5:colcon.colcon_core.verb:set package 'pwm_rec' build argument 'catkin_cmake_args' from command line to 'None'
[0.567s] Level 5:colcon.colcon_core.verb:set package 'pwm_rec' build argument 'catkin_skip_building_tests' from command line to 'False'
[0.567s] DEBUG:colcon.colcon_core.verb:Building package 'pwm_rec' with the following arguments: {'ament_cmake_args': None, 'build_base': '/home/epiibots/ros2_ws/build/pwm_rec', 'catkin_cmake_args': None, 'catkin_skip_building_tests': False, 'cmake_args': None, 'cmake_clean_cache': False, 'cmake_clean_first': False, 'cmake_force_configure': False, 'cmake_target': None, 'cmake_target_skip_unavailable': False, 'install_base': '/home/epiibots/ros2_ws/install/pwm_rec', 'merge_install': False, 'path': '/home/epiibots/ros2_ws/src/pwm_rec', 'symlink_install': False, 'test_result_base': None}
[0.568s] Level 5:colcon.colcon_core.verb:set package 'servo_steering' build argument 'cmake_args' from command line to 'None'
[0.568s] Level 5:colcon.colcon_core.verb:set package 'servo_steering' build argument 'cmake_target' from command line to 'None'
[0.568s] Level 5:colcon.colcon_core.verb:set package 'servo_steering' build argument 'cmake_target_skip_unavailable' from command line to 'False'
[0.568s] Level 5:colcon.colcon_core.verb:set package 'servo_steering' build argument 'cmake_clean_cache' from command line to 'False'
[0.568s] Level 5:colcon.colcon_core.verb:set package 'servo_steering' build argument 'cmake_clean_first' from command line to 'False'
[0.568s] Level 5:colcon.colcon_core.verb:set package 'servo_steering' build argument 'cmake_force_configure' from command line to 'False'
[0.568s] Level 5:colcon.colcon_core.verb:set package 'servo_steering' build argument 'ament_cmake_args' from command line to 'None'
[0.568s] Level 5:colcon.colcon_core.verb:set package 'servo_steering' build argument 'catkin_cmake_args' from command line to 'None'
[0.568s] Level 5:colcon.colcon_core.verb:set package 'servo_steering' build argument 'catkin_skip_building_tests' from command line to 'False'
[0.568s] DEBUG:colcon.colcon_core.verb:Building package 'servo_steering' with the following arguments: {'ament_cmake_args': None, 'build_base': '/home/epiibots/ros2_ws/build/servo_steering', 'catkin_cmake_args': None, 'catkin_skip_building_tests': False, 'cmake_args': None, 'cmake_clean_cache': False, 'cmake_clean_first': False, 'cmake_force_configure': False, 'cmake_target': None, 'cmake_target_skip_unavailable': False, 'install_base': '/home/epiibots/ros2_ws/install/servo_steering', 'merge_install': False, 'path': '/home/epiibots/ros2_ws/src/servo_steering', 'symlink_install': False, 'test_result_base': None}
[0.568s] Level 5:colcon.colcon_core.verb:set package 'sllidar_ros2' build argument 'cmake_args' from command line to 'None'
[0.568s] Level 5:colcon.colcon_core.verb:set package 'sllidar_ros2' build argument 'cmake_target' from command line to 'None'
[0.568s] Level 5:colcon.colcon_core.verb:set package 'sllidar_ros2' build argument 'cmake_target_skip_unavailable' from command line to 'False'
[0.568s] Level 5:colcon.colcon_core.verb:set package 'sllidar_ros2' build argument 'cmake_clean_cache' from command line to 'False'
[0.568s] Level 5:colcon.colcon_core.verb:set package 'sllidar_ros2' build argument 'cmake_clean_first' from command line to 'False'
[0.568s] Level 5:colcon.colcon_core.verb:set package 'sllidar_ros2' build argument 'cmake_force_configure' from command line to 'False'
[0.568s] Level 5:colcon.colcon_core.verb:set package 'sllidar_ros2' build argument 'ament_cmake_args' from command line to 'None'
[0.568s] Level 5:colcon.colcon_core.verb:set package 'sllidar_ros2' build argument 'catkin_cmake_args' from command line to 'None'
[0.568s] Level 5:colcon.colcon_core.verb:set package 'sllidar_ros2' build argument 'catkin_skip_building_tests' from command line to 'False'
[0.568s] DEBUG:colcon.colcon_core.verb:Building package 'sllidar_ros2' with the following arguments: {'ament_cmake_args': None, 'build_base': '/home/epiibots/ros2_ws/build/sllidar_ros2', 'catkin_cmake_args': None, 'catkin_skip_building_tests': False, 'cmake_args': None, 'cmake_clean_cache': False, 'cmake_clean_first': False, 'cmake_force_configure': False, 'cmake_target': None, 'cmake_target_skip_unavailable': False, 'install_base': '/home/epiibots/ros2_ws/install/sllidar_ros2', 'merge_install': False, 'path': '/home/epiibots/ros2_ws/src/sllidar_ros2', 'symlink_install': False, 'test_result_base': None}
[0.569s] Level 5:colcon.colcon_core.verb:set package 'controlegeral_carrinho' build argument 'cmake_args' from command line to 'None'
[0.569s] Level 5:colcon.colcon_core.verb:set package 'controlegeral_carrinho' build argument 'cmake_target' from command line to 'None'
[0.569s] Level 5:colcon.colcon_core.verb:set package 'controlegeral_carrinho' build argument 'cmake_target_skip_unavailable' from command line to 'False'
[0.569s] Level 5:colcon.colcon_core.verb:set package 'controlegeral_carrinho' build argument 'cmake_clean_cache' from command line to 'False'
[0.569s] Level 5:colcon.colcon_core.verb:set package 'controlegeral_carrinho' build argument 'cmake_clean_first' from command line to 'False'
[0.569s] Level 5:colcon.colcon_core.verb:set package 'controlegeral_carrinho' build argument 'cmake_force_configure' from command line to 'False'
[0.569s] Level 5:colcon.colcon_core.verb:set package 'controlegeral_carrinho' build argument 'ament_cmake_args' from command line to 'None'
[0.569s] Level 5:colcon.colcon_core.verb:set package 'controlegeral_carrinho' build argument 'catkin_cmake_args' from command line to 'None'
[0.569s] Level 5:colcon.colcon_core.verb:set package 'controlegeral_carrinho' build argument 'catkin_skip_building_tests' from command line to 'False'
[0.569s] DEBUG:colcon.colcon_core.verb:Building package 'controlegeral_carrinho' with the following arguments: {'ament_cmake_args': None, 'build_base': '/home/epiibots/ros2_ws/build/controlegeral_carrinho', 'catkin_cmake_args': None, 'catkin_skip_building_tests': False, 'cmake_args': None, 'cmake_clean_cache': False, 'cmake_clean_first': False, 'cmake_force_configure': False, 'cmake_target': None, 'cmake_target_skip_unavailable': False, 'install_base': '/home/epiibots/ros2_ws/install/controlegeral_carrinho', 'merge_install': False, 'path': '/home/epiibots/ros2_ws/src/controlegeral_carrinho', 'symlink_install': False, 'test_result_base': None}
[0.569s] Level 5:colcon.colcon_core.verb:set package 'micro_ros_agent' build argument 'cmake_args' from command line to 'None'
[0.569s] Level 5:colcon.colcon_core.verb:set package 'micro_ros_agent' build argument 'cmake_target' from command line to 'None'
[0.569s] Level 5:colcon.colcon_core.verb:set package 'micro_ros_agent' build argument 'cmake_target_skip_unavailable' from command line to 'False'
[0.569s] Level 5:colcon.colcon_core.verb:set package 'micro_ros_agent' build argument 'cmake_clean_cache' from command line to 'False'
[0.569s] Level 5:colcon.colcon_core.verb:set package 'micro_ros_agent' build argument 'cmake_clean_first' from command line to 'False'
[0.569s] Level 5:colcon.colcon_core.verb:set package 'micro_ros_agent' build argument 'cmake_force_configure' from command line to 'False'
[0.569s] Level 5:colcon.colcon_core.verb:set package 'micro_ros_agent' build argument 'ament_cmake_args' from command line to 'None'
[0.569s] Level 5:colcon.colcon_core.verb:set package 'micro_ros_agent' build argument 'catkin_cmake_args' from command line to 'None'
[0.569s] Level 5:colcon.colcon_core.verb:set package 'micro_ros_agent' build argument 'catkin_skip_building_tests' from command line to 'False'
[0.569s] DEBUG:colcon.colcon_core.verb:Building package 'micro_ros_agent' with the following arguments: {'ament_cmake_args': None, 'build_base': '/home/epiibots/ros2_ws/build/micro_ros_agent', 'catkin_cmake_args': None, 'catkin_skip_building_tests': False, 'cmake_args': None, 'cmake_clean_cache': False, 'cmake_clean_first': False, 'cmake_force_configure': False, 'cmake_target': None, 'cmake_target_skip_unavailable': False, 'install_base': '/home/epiibots/ros2_ws/install/micro_ros_agent', 'merge_install': False, 'path': '/home/epiibots/ros2_ws/src/uros/micro-ROS-Agent/micro_ros_agent', 'symlink_install': False, 'test_result_base': None}
[0.569s] INFO:colcon.colcon_core.executor:Executing jobs using 'parallel' executor
[0.571s] DEBUG:colcon.colcon_parallel_executor.executor.parallel:run_until_complete
[0.571s] INFO:colcon.colcon_ros.task.ament_python.build:Building ROS package in '/home/epiibots/ros2_ws/src/bno055' with build type 'ament_python'
[0.571s] Level 1:colcon.colcon_core.shell:create_environment_hook('bno055', 'ament_prefix_path')
[0.580s] INFO:colcon.colcon_core.plugin_system:Skipping extension 'colcon_core.shell.bat': Not used on non-Windows systems
[0.580s] INFO:colcon.colcon_core.shell:Creating environment hook '/home/epiibots/ros2_ws/install/bno055/share/bno055/hook/ament_prefix_path.ps1'
[0.582s] INFO:colcon.colcon_core.shell:Creating environment descriptor '/home/epiibots/ros2_ws/install/bno055/share/bno055/hook/ament_prefix_path.dsv'
[0.585s] INFO:colcon.colcon_core.shell:Creating environment hook '/home/epiibots/ros2_ws/install/bno055/share/bno055/hook/ament_prefix_path.sh'
[0.587s] INFO:colcon.colcon_core.shell:Skip shell extension 'powershell' for command environment: Not usable outside of PowerShell
[0.587s] DEBUG:colcon.colcon_core.shell:Skip shell extension 'dsv' for command environment
[0.593s] INFO:colcon.colcon_ros.task.ament_cmake.build:Building ROS package in '/home/epiibots/ros2_ws/src/uros/micro_ros_msgs' with build type 'ament_cmake'
[0.594s] INFO:colcon.colcon_cmake.task.cmake.build:Building CMake package in '/home/epiibots/ros2_ws/src/uros/micro_ros_msgs'
[0.594s] INFO:colcon.colcon_core.shell:Skip shell extension 'powershell' for command environment: Not usable outside of PowerShell
[0.594s] DEBUG:colcon.colcon_core.shell:Skip shell extension 'dsv' for command environment
[0.599s] INFO:colcon.colcon_ros.task.ament_cmake.build:Building ROS package in '/home/epiibots/ros2_ws/src/sllidar_ros2' with build type 'ament_cmake'
[0.599s] INFO:colcon.colcon_cmake.task.cmake.build:Building CMake package in '/home/epiibots/ros2_ws/src/sllidar_ros2'
[0.600s] INFO:colcon.colcon_core.shell:Skip shell extension 'powershell' for command environment: Not usable outside of PowerShell
[0.600s] DEBUG:colcon.colcon_core.shell:Skip shell extension 'dsv' for command environment
[0.604s] INFO:colcon.colcon_ros.task.ament_python.build:Building ROS package in '/home/epiibots/ros2_ws/src/calibration' with build type 'ament_python'
[0.604s] Level 1:colcon.colcon_core.shell:create_environment_hook('calibration', 'ament_prefix_path')
[0.604s] INFO:colcon.colcon_core.shell:Creating environment hook '/home/epiibots/ros2_ws/install/calibration/share/calibration/hook/ament_prefix_path.ps1'
[0.605s] INFO:colcon.colcon_core.shell:Creating environment descriptor '/home/epiibots/ros2_ws/install/calibration/share/calibration/hook/ament_prefix_path.dsv'
[0.606s] INFO:colcon.colcon_core.shell:Creating environment hook '/home/epiibots/ros2_ws/install/calibration/share/calibration/hook/ament_prefix_path.sh'
[0.607s] INFO:colcon.colcon_core.shell:Skip shell extension 'powershell' for command environment: Not usable outside of PowerShell
[0.608s] DEBUG:colcon.colcon_core.shell:Skip shell extension 'dsv' for command environment
[0.932s] INFO:colcon.colcon_core.task.python.build:Building Python package in '/home/epiibots/ros2_ws/src/bno055'
[0.933s] INFO:colcon.colcon_core.shell:Skip shell extension 'powershell' for command environment: Not usable outside of PowerShell
[0.933s] DEBUG:colcon.colcon_core.shell:Skip shell extension 'dsv' for command environment
[0.947s] DEBUG:colcon.colcon_core.event_handler.log_command:Invoking command in '/home/epiibots/ros2_ws/build/micro_ros_msgs': CMAKE_PREFIX_PATH=${CMAKE_PREFIX_PATH}:/opt/ros/jazzy DEBUGINFOD_URLS=https://debuginfod.ubuntu.com /usr/bin/cmake --build /home/epiibots/ros2_ws/build/micro_ros_msgs -- -j4 -l4
[0.961s] DEBUG:colcon.colcon_core.event_handler.log_command:Invoking command in '/home/epiibots/ros2_ws/build/sllidar_ros2': CMAKE_PREFIX_PATH=${CMAKE_PREFIX_PATH}:/opt/ros/jazzy DEBUGINFOD_URLS=https://debuginfod.ubuntu.com /usr/bin/cmake --build /home/epiibots/ros2_ws/build/sllidar_ros2 -- -j4 -l4
[1.313s] INFO:colcon.colcon_core.task.python.build:Building Python package in '/home/epiibots/ros2_ws/src/calibration'
[1.314s] INFO:colcon.colcon_core.shell:Skip shell extension 'powershell' for command environment: Not usable outside of PowerShell
[1.314s] DEBUG:colcon.colcon_core.shell:Skip shell extension 'dsv' for command environment
[1.686s] DEBUG:colcon.colcon_core.event_handler.log_command:Invoked command in '/home/epiibots/ros2_ws/build/sllidar_ros2' returned '0': CMAKE_PREFIX_PATH=${CMAKE_PREFIX_PATH}:/opt/ros/jazzy DEBUGINFOD_URLS=https://debuginfod.ubuntu.com /usr/bin/cmake --build /home/epiibots/ros2_ws/build/sllidar_ros2 -- -j4 -l4
[1.759s] DEBUG:colcon.colcon_core.event_handler.log_command:Invoking command in '/home/epiibots/ros2_ws/build/sllidar_ros2': CMAKE_PREFIX_PATH=${CMAKE_PREFIX_PATH}:/opt/ros/jazzy DEBUGINFOD_URLS=https://debuginfod.ubuntu.com /usr/bin/cmake --install /home/epiibots/ros2_ws/build/sllidar_ros2
[1.901s] Level 1:colcon.colcon_core.environment:create_environment_scripts_only(sllidar_ros2)
[1.902s] DEBUG:colcon.colcon_core.event_handler.log_command:Invoked command in '/home/epiibots/ros2_ws/build/sllidar_ros2' returned '0': CMAKE_PREFIX_PATH=${CMAKE_PREFIX_PATH}:/opt/ros/jazzy DEBUGINFOD_URLS=https://debuginfod.ubuntu.com /usr/bin/cmake --install /home/epiibots/ros2_ws/build/sllidar_ros2
[1.917s] Level 1:colcon.colcon_core.environment:checking '/home/epiibots/ros2_ws/install/sllidar_ros2' for CMake module files
[1.921s] Level 1:colcon.colcon_core.environment:checking '/home/epiibots/ros2_ws/install/sllidar_ros2' for CMake config files
[1.921s] Level 1:colcon.colcon_core.shell:create_environment_hook('sllidar_ros2', 'cmake_prefix_path')
[1.922s] INFO:colcon.colcon_core.shell:Creating environment hook '/home/epiibots/ros2_ws/install/sllidar_ros2/share/sllidar_ros2/hook/cmake_prefix_path.ps1'
[1.923s] INFO:colcon.colcon_core.shell:Creating environment descriptor '/home/epiibots/ros2_ws/install/sllidar_ros2/share/sllidar_ros2/hook/cmake_prefix_path.dsv'
[1.928s] INFO:colcon.colcon_core.shell:Creating environment hook '/home/epiibots/ros2_ws/install/sllidar_ros2/share/sllidar_ros2/hook/cmake_prefix_path.sh'
[1.932s] Level 1:colcon.colcon_core.environment:checking '/home/epiibots/ros2_ws/install/sllidar_ros2/lib'
[1.932s] Level 1:colcon.colcon_core.environment:checking '/home/epiibots/ros2_ws/install/sllidar_ros2/bin'
[1.932s] Level 1:colcon.colcon_core.environment:checking '/home/epiibots/ros2_ws/install/sllidar_ros2/lib/pkgconfig/sllidar_ros2.pc'
[1.933s] Level 1:colcon.colcon_core.environment:checking '/home/epiibots/ros2_ws/install/sllidar_ros2/lib/python3.12/site-packages'
[1.933s] Level 1:colcon.colcon_core.environment:checking '/home/epiibots/ros2_ws/install/sllidar_ros2/bin'
[1.934s] INFO:colcon.colcon_core.shell:Creating package script '/home/epiibots/ros2_ws/install/sllidar_ros2/share/sllidar_ros2/package.ps1'
[1.942s] INFO:colcon.colcon_core.shell:Creating package descriptor '/home/epiibots/ros2_ws/install/sllidar_ros2/share/sllidar_ros2/package.dsv'
[1.945s] INFO:colcon.colcon_core.shell:Creating package script '/home/epiibots/ros2_ws/install/sllidar_ros2/share/sllidar_ros2/package.sh'
[1.947s] INFO:colcon.colcon_core.shell:Creating package script '/home/epiibots/ros2_ws/install/sllidar_ros2/share/sllidar_ros2/package.bash'
[1.952s] INFO:colcon.colcon_core.shell:Creating package script '/home/epiibots/ros2_ws/install/sllidar_ros2/share/sllidar_ros2/package.zsh'
[1.955s] Level 1:colcon.colcon_core.environment:create_file_with_runtime_dependencies(/home/epiibots/ros2_ws/install/sllidar_ros2/share/colcon-core/packages/sllidar_ros2)
[1.956s] Level 1:colcon.colcon_core.environment:create_environment_scripts_only(sllidar_ros2)
[1.956s] Level 1:colcon.colcon_core.environment:checking '/home/epiibots/ros2_ws/install/sllidar_ros2' for CMake module files
[1.957s] Level 1:colcon.colcon_core.environment:checking '/home/epiibots/ros2_ws/install/sllidar_ros2' for CMake config files
[1.958s] Level 1:colcon.colcon_core.shell:create_environment_hook('sllidar_ros2', 'cmake_prefix_path')
[1.958s] INFO:colcon.colcon_core.shell:Creating environment hook '/home/epiibots/ros2_ws/install/sllidar_ros2/share/sllidar_ros2/hook/cmake_prefix_path.ps1'
[1.959s] INFO:colcon.colcon_core.shell:Creating environment descriptor '/home/epiibots/ros2_ws/install/sllidar_ros2/share/sllidar_ros2/hook/cmake_prefix_path.dsv'
[1.962s] INFO:colcon.colcon_core.shell:Creating environment hook '/home/epiibots/ros2_ws/install/sllidar_ros2/share/sllidar_ros2/hook/cmake_prefix_path.sh'
[1.963s] Level 1:colcon.colcon_core.environment:checking '/home/epiibots/ros2_ws/install/sllidar_ros2/lib'
[1.963s] Level 1:colcon.colcon_core.environment:checking '/home/epiibots/ros2_ws/install/sllidar_ros2/bin'
[1.963s] Level 1:colcon.colcon_core.environment:checking '/home/epiibots/ros2_ws/install/sllidar_ros2/lib/pkgconfig/sllidar_ros2.pc'
[1.964s] Level 1:colcon.colcon_core.environment:checking '/home/epiibots/ros2_ws/install/sllidar_ros2/lib/python3.12/site-packages'
[1.964s] Level 1:colcon.colcon_core.environment:checking '/home/epiibots/ros2_ws/install/sllidar_ros2/bin'
[1.965s] INFO:colcon.colcon_core.shell:Creating package script '/home/epiibots/ros2_ws/install/sllidar_ros2/share/sllidar_ros2/package.ps1'
[1.969s] INFO:colcon.colcon_core.shell:Creating package descriptor '/home/epiibots/ros2_ws/install/sllidar_ros2/share/sllidar_ros2/package.dsv'
[1.970s] INFO:colcon.colcon_core.shell:Creating package script '/home/epiibots/ros2_ws/install/sllidar_ros2/share/sllidar_ros2/package.sh'
[1.971s] INFO:colcon.colcon_core.shell:Creating package script '/home/epiibots/ros2_ws/install/sllidar_ros2/share/sllidar_ros2/package.bash'
[1.974s] INFO:colcon.colcon_core.shell:Creating package script '/home/epiibots/ros2_ws/install/sllidar_ros2/share/sllidar_ros2/package.zsh'
[1.976s] Level 1:colcon.colcon_core.environment:create_file_with_runtime_dependencies(/home/epiibots/ros2_ws/install/sllidar_ros2/share/colcon-core/packages/sllidar_ros2)
[1.979s] INFO:colcon.colcon_ros.task.ament_python.build:Building ROS package in '/home/epiibots/ros2_ws/src/carrinho_base' with build type 'ament_python'
[1.979s] Level 1:colcon.colcon_core.shell:create_environment_hook('carrinho_base', 'ament_prefix_path')
[1.980s] INFO:colcon.colcon_core.shell:Creating environment hook '/home/epiibots/ros2_ws/install/carrinho_base/share/carrinho_base/hook/ament_prefix_path.ps1'
[1.981s] INFO:colcon.colcon_core.shell:Creating environment descriptor '/home/epiibots/ros2_ws/install/carrinho_base/share/carrinho_base/hook/ament_prefix_path.dsv'
[1.983s] INFO:colcon.colcon_core.shell:Creating environment hook '/home/epiibots/ros2_ws/install/carrinho_base/share/carrinho_base/hook/ament_prefix_path.sh'
[1.985s] INFO:colcon.colcon_core.shell:Skip shell extension 'powershell' for command environment: Not usable outside of PowerShell
[1.985s] DEBUG:colcon.colcon_core.shell:Skip shell extension 'dsv' for command environment
[2.440s] INFO:colcon.colcon_core.task.python.build:Building Python package in '/home/epiibots/ros2_ws/src/carrinho_base'
[2.440s] INFO:colcon.colcon_core.shell:Skip shell extension 'powershell' for command environment: Not usable outside of PowerShell
[2.440s] DEBUG:colcon.colcon_core.shell:Skip shell extension 'dsv' for command environment
[2.445s] DEBUG:colcon.colcon_core.event_handler.log_command:Invoked command in '/home/epiibots/ros2_ws/build/micro_ros_msgs' returned '0': CMAKE_PREFIX_PATH=${CMAKE_PREFIX_PATH}:/opt/ros/jazzy DEBUGINFOD_URLS=https://debuginfod.ubuntu.com /usr/bin/cmake --build /home/epiibots/ros2_ws/build/micro_ros_msgs -- -j4 -l4
[2.455s] DEBUG:colcon.colcon_core.event_handler.log_command:Invoking command in '/home/epiibots/ros2_ws/build/micro_ros_msgs': CMAKE_PREFIX_PATH=${CMAKE_PREFIX_PATH}:/opt/ros/jazzy DEBUGINFOD_URLS=https://debuginfod.ubuntu.com /usr/bin/cmake --install /home/epiibots/ros2_ws/build/micro_ros_msgs
[2.663s] Level 1:colcon.colcon_core.environment:create_environment_scripts_only(micro_ros_msgs)
[2.664s] Level 1:colcon.colcon_core.environment:checking '/home/epiibots/ros2_ws/install/micro_ros_msgs' for CMake module files
[2.665s] Level 1:colcon.colcon_core.environment:checking '/home/epiibots/ros2_ws/install/micro_ros_msgs' for CMake config files
[2.666s] Level 1:colcon.colcon_core.shell:create_environment_hook('micro_ros_msgs', 'cmake_prefix_path')
[2.666s] INFO:colcon.colcon_core.shell:Creating environment hook '/home/epiibots/ros2_ws/install/micro_ros_msgs/share/micro_ros_msgs/hook/cmake_prefix_path.ps1'
[2.666s] DEBUG:colcon.colcon_core.event_handler.log_command:Invoked command in '/home/epiibots/ros2_ws/build/micro_ros_msgs' returned '0': CMAKE_PREFIX_PATH=${CMAKE_PREFIX_PATH}:/opt/ros/jazzy DEBUGINFOD_URLS=https://debuginfod.ubuntu.com /usr/bin/cmake --install /home/epiibots/ros2_ws/build/micro_ros_msgs
[2.667s] INFO:colcon.colcon_core.shell:Creating environment descriptor '/home/epiibots/ros2_ws/install/micro_ros_msgs/share/micro_ros_msgs/hook/cmake_prefix_path.dsv'
[2.671s] INFO:colcon.colcon_core.shell:Creating environment hook '/home/epiibots/ros2_ws/install/micro_ros_msgs/share/micro_ros_msgs/hook/cmake_prefix_path.sh'
[2.672s] Level 1:colcon.colcon_core.environment:checking '/home/epiibots/ros2_ws/install/micro_ros_msgs/lib'
[2.672s] Level 1:colcon.colcon_core.shell:create_environment_hook('micro_ros_msgs', 'ld_library_path_lib')
[2.673s] INFO:colcon.colcon_core.shell:Creating environment hook '/home/epiibots/ros2_ws/install/micro_ros_msgs/share/micro_ros_msgs/hook/ld_library_path_lib.ps1'
[2.674s] INFO:colcon.colcon_core.shell:Creating environment descriptor '/home/epiibots/ros2_ws/install/micro_ros_msgs/share/micro_ros_msgs/hook/ld_library_path_lib.dsv'
[2.675s] INFO:colcon.colcon_core.shell:Creating environment hook '/home/epiibots/ros2_ws/install/micro_ros_msgs/share/micro_ros_msgs/hook/ld_library_path_lib.sh'
[2.677s] Level 1:colcon.colcon_core.environment:checking '/home/epiibots/ros2_ws/install/micro_ros_msgs/bin'
[2.678s] Level 1:colcon.colcon_core.environment:checking '/home/epiibots/ros2_ws/install/micro_ros_msgs/lib/pkgconfig/micro_ros_msgs.pc'
[2.678s] Level 1:colcon.colcon_core.environment:checking '/home/epiibots/ros2_ws/install/micro_ros_msgs/lib/python3.12/site-packages'
[2.678s] Level 1:colcon.colcon_core.shell:create_environment_hook('micro_ros_msgs', 'pythonpath')
[2.679s] INFO:colcon.colcon_core.shell:Creating environment hook '/home/epiibots/ros2_ws/install/micro_ros_msgs/share/micro_ros_msgs/hook/pythonpath.ps1'
[2.680s] INFO:colcon.colcon_core.shell:Creating environment descriptor '/home/epiibots/ros2_ws/install/micro_ros_msgs/share/micro_ros_msgs/hook/pythonpath.dsv'
[2.680s] INFO:colcon.colcon_core.shell:Creating environment hook '/home/epiibots/ros2_ws/install/micro_ros_msgs/share/micro_ros_msgs/hook/pythonpath.sh'
[2.682s] Level 1:colcon.colcon_core.environment:checking '/home/epiibots/ros2_ws/install/micro_ros_msgs/bin'
[2.683s] INFO:colcon.colcon_core.shell:Creating package script '/home/epiibots/ros2_ws/install/micro_ros_msgs/share/micro_ros_msgs/package.ps1'
[2.685s] INFO:colcon.colcon_core.shell:Creating package descriptor '/home/epiibots/ros2_ws/install/micro_ros_msgs/share/micro_ros_msgs/package.dsv'
[2.686s] INFO:colcon.colcon_core.shell:Creating package script '/home/epiibots/ros2_ws/install/micro_ros_msgs/share/micro_ros_msgs/package.sh'
[2.687s] INFO:colcon.colcon_core.shell:Creating package script '/home/epiibots/ros2_ws/install/micro_ros_msgs/share/micro_ros_msgs/package.bash'
[2.688s] INFO:colcon.colcon_core.shell:Creating package script '/home/epiibots/ros2_ws/install/micro_ros_msgs/share/micro_ros_msgs/package.zsh'
[2.689s] Level 1:colcon.colcon_core.environment:create_file_with_runtime_dependencies(/home/epiibots/ros2_ws/install/micro_ros_msgs/share/colcon-core/packages/micro_ros_msgs)
[2.691s] Level 1:colcon.colcon_core.environment:create_environment_scripts_only(micro_ros_msgs)
[2.691s] Level 1:colcon.colcon_core.environment:checking '/home/epiibots/ros2_ws/install/micro_ros_msgs' for CMake module files
[2.692s] Level 1:colcon.colcon_core.environment:checking '/home/epiibots/ros2_ws/install/micro_ros_msgs' for CMake config files
[2.693s] Level 1:colcon.colcon_core.shell:create_environment_hook('micro_ros_msgs', 'cmake_prefix_path')
[2.694s] INFO:colcon.colcon_core.shell:Creating environment hook '/home/epiibots/ros2_ws/install/micro_ros_msgs/share/micro_ros_msgs/hook/cmake_prefix_path.ps1'
[2.695s] INFO:colcon.colcon_core.shell:Creating environment descriptor '/home/epiibots/ros2_ws/install/micro_ros_msgs/share/micro_ros_msgs/hook/cmake_prefix_path.dsv'
[2.696s] INFO:colcon.colcon_core.shell:Creating environment hook '/home/epiibots/ros2_ws/install/micro_ros_msgs/share/micro_ros_msgs/hook/cmake_prefix_path.sh'
[2.698s] Level 1:colcon.colcon_core.environment:checking '/home/epiibots/ros2_ws/install/micro_ros_msgs/lib'
[2.698s] Level 1:colcon.colcon_core.shell:create_environment_hook('micro_ros_msgs', 'ld_library_path_lib')
[2.698s] INFO:colcon.colcon_core.shell:Creating environment hook '/home/epiibots/ros2_ws/install/micro_ros_msgs/share/micro_ros_msgs/hook/ld_library_path_lib.ps1'
[2.699s] INFO:colcon.colcon_core.shell:Creating environment descriptor '/home/epiibots/ros2_ws/install/micro_ros_msgs/share/micro_ros_msgs/hook/ld_library_path_lib.dsv'
[2.700s] INFO:colcon.colcon_core.shell:Creating environment hook '/home/epiibots/ros2_ws/install/micro_ros_msgs/share/micro_ros_msgs/hook/ld_library_path_lib.sh'
[2.701s] Level 1:colcon.colcon_core.environment:checking '/home/epiibots/ros2_ws/install/micro_ros_msgs/bin'
[2.701s] Level 1:colcon.colcon_core.environment:checking '/home/epiibots/ros2_ws/install/micro_ros_msgs/lib/pkgconfig/micro_ros_msgs.pc'
[2.702s] Level 1:colcon.colcon_core.environment:checking '/home/epiibots/ros2_ws/install/micro_ros_msgs/lib/python3.12/site-packages'
[2.702s] Level 1:colcon.colcon_core.shell:create_environment_hook('micro_ros_msgs', 'pythonpath')
[2.702s] INFO:colcon.colcon_core.shell:Creating environment hook '/home/epiibots/ros2_ws/install/micro_ros_msgs/share/micro_ros_msgs/hook/pythonpath.ps1'
[2.703s] INFO:colcon.colcon_core.shell:Creating environment descriptor '/home/epiibots/ros2_ws/install/micro_ros_msgs/share/micro_ros_msgs/hook/pythonpath.dsv'
[2.704s] INFO:colcon.colcon_core.shell:Creating environment hook '/home/epiibots/ros2_ws/install/micro_ros_msgs/share/micro_ros_msgs/hook/pythonpath.sh'
[2.705s] Level 1:colcon.colcon_core.environment:checking '/home/epiibots/ros2_ws/install/micro_ros_msgs/bin'
[2.706s] INFO:colcon.colcon_core.shell:Creating package script '/home/epiibots/ros2_ws/install/micro_ros_msgs/share/micro_ros_msgs/package.ps1'
[2.707s] INFO:colcon.colcon_core.shell:Creating package descriptor '/home/epiibots/ros2_ws/install/micro_ros_msgs/share/micro_ros_msgs/package.dsv'
[2.708s] INFO:colcon.colcon_core.shell:Creating package script '/home/epiibots/ros2_ws/install/micro_ros_msgs/share/micro_ros_msgs/package.sh'
[2.711s] INFO:colcon.colcon_core.shell:Creating package script '/home/epiibots/ros2_ws/install/micro_ros_msgs/share/micro_ros_msgs/package.bash'
[2.712s] INFO:colcon.colcon_core.shell:Creating package script '/home/epiibots/ros2_ws/install/micro_ros_msgs/share/micro_ros_msgs/package.zsh'
[2.713s] Level 1:colcon.colcon_core.environment:create_file_with_runtime_dependencies(/home/epiibots/ros2_ws/install/micro_ros_msgs/share/colcon-core/packages/micro_ros_msgs)
[2.714s] INFO:colcon.colcon_ros.task.ament_python.build:Building ROS package in '/home/epiibots/ros2_ws/src/detector' with build type 'ament_python'
[2.714s] Level 1:colcon.colcon_core.shell:create_environment_hook('detector', 'ament_prefix_path')
[2.715s] INFO:colcon.colcon_core.shell:Creating environment hook '/home/epiibots/ros2_ws/install/detector/share/detector/hook/ament_prefix_path.ps1'
[2.716s] INFO:colcon.colcon_core.shell:Creating environment descriptor '/home/epiibots/ros2_ws/install/detector/share/detector/hook/ament_prefix_path.dsv'
[2.716s] INFO:colcon.colcon_core.shell:Creating environment hook '/home/epiibots/ros2_ws/install/detector/share/detector/hook/ament_prefix_path.sh'
[2.718s] INFO:colcon.colcon_core.shell:Skip shell extension 'powershell' for command environment: Not usable outside of PowerShell
[2.718s] DEBUG:colcon.colcon_core.shell:Skip shell extension 'dsv' for command environment
[3.140s] INFO:colcon.colcon_core.task.python.build:Building Python package in '/home/epiibots/ros2_ws/src/detector'
[3.140s] INFO:colcon.colcon_core.shell:Skip shell extension 'powershell' for command environment: Not usable outside of PowerShell
[3.140s] DEBUG:colcon.colcon_core.shell:Skip shell extension 'dsv' for command environment
[3.384s] DEBUG:colcon.colcon_core.event_handler.log_command:Invoking command in '/home/epiibots/ros2_ws/src/calibration': DEBUGINFOD_URLS=https://debuginfod.ubuntu.com PYTHONPATH=/home/epiibots/ros2_ws/build/calibration/prefix_override:/usr/lib/python3/dist-packages/colcon_core/task/python/colcon_distutils_commands:/home/epiibots/ros2_ws/install/calibration/lib/python3.12/site-packages:${PYTHONPATH} /usr/bin/python3 -W ignore:setup.py install is deprecated -W ignore:easy_install command is deprecated setup.py egg_info --egg-base ../../build/calibration build --build-base /home/epiibots/ros2_ws/build/calibration/build install --record /home/epiibots/ros2_ws/build/calibration/install.log --single-version-externally-managed install_data
[3.399s] DEBUG:colcon.colcon_core.event_handler.log_command:Invoking command in '/home/epiibots/ros2_ws/src/bno055': DEBUGINFOD_URLS=https://debuginfod.ubuntu.com PYTHONPATH=/home/epiibots/ros2_ws/build/bno055/prefix_override:/usr/lib/python3/dist-packages/colcon_core/task/python/colcon_distutils_commands:/home/epiibots/ros2_ws/install/bno055/lib/python3.12/site-packages:${PYTHONPATH} /usr/bin/python3 -W ignore:setup.py install is deprecated -W ignore:easy_install command is deprecated setup.py egg_info --egg-base ../../build/bno055 build --build-base /home/epiibots/ros2_ws/build/bno055/build install --record /home/epiibots/ros2_ws/build/bno055/install.log --single-version-externally-managed install_data
[3.746s] DEBUG:colcon.colcon_core.event_handler.log_command:Invoking command in '/home/epiibots/ros2_ws/src/carrinho_base': DEBUGINFOD_URLS=https://debuginfod.ubuntu.com PYTHONPATH=/home/epiibots/ros2_ws/build/carrinho_base/prefix_override:/usr/lib/python3/dist-packages/colcon_core/task/python/colcon_distutils_commands:/home/epiibots/ros2_ws/install/carrinho_base/lib/python3.12/site-packages:${PYTHONPATH} /usr/bin/python3 -W ignore:setup.py install is deprecated -W ignore:easy_install command is deprecated setup.py egg_info --egg-base ../../build/carrinho_base build --build-base /home/epiibots/ros2_ws/build/carrinho_base/build install --record /home/epiibots/ros2_ws/build/carrinho_base/install.log --single-version-externally-managed install_data
[4.496s] DEBUG:colcon.colcon_core.event_handler.log_command:Invoking command in '/home/epiibots/ros2_ws/src/detector': DEBUGINFOD_URLS=https://debuginfod.ubuntu.com PYTHONPATH=/home/epiibots/ros2_ws/build/detector/prefix_override:/usr/lib/python3/dist-packages/colcon_core/task/python/colcon_distutils_commands:/home/epiibots/ros2_ws/install/detector/lib/python3.12/site-packages:${PYTHONPATH} /usr/bin/python3 -W ignore:setup.py install is deprecated -W ignore:easy_install command is deprecated setup.py egg_info --egg-base ../../build/detector build --build-base /home/epiibots/ros2_ws/build/detector/build install --record /home/epiibots/ros2_ws/build/detector/install.log --single-version-externally-managed install_data
[4.554s] Level 1:colcon.colcon_core.environment:checking '/home/epiibots/ros2_ws/install/bno055' for CMake module files
[4.554s] DEBUG:colcon.colcon_core.event_handler.log_command:Invoked command in '/home/epiibots/ros2_ws/src/bno055' returned '0': DEBUGINFOD_URLS=https://debuginfod.ubuntu.com PYTHONPATH=/home/epiibots/ros2_ws/build/bno055/prefix_override:/usr/lib/python3/dist-packages/colcon_core/task/python/colcon_distutils_commands:/home/epiibots/ros2_ws/install/bno055/lib/python3.12/site-packages:${PYTHONPATH} /usr/bin/python3 -W ignore:setup.py install is deprecated -W ignore:easy_install command is deprecated setup.py egg_info --egg-base ../../build/bno055 build --build-base /home/epiibots/ros2_ws/build/bno055/build install --record /home/epiibots/ros2_ws/build/bno055/install.log --single-version-externally-managed install_data
[4.555s] Level 1:colcon.colcon_core.environment:checking '/home/epiibots/ros2_ws/install/bno055' for CMake config files
[4.556s] Level 1:colcon.colcon_core.environment:checking '/home/epiibots/ros2_ws/install/bno055/lib'
[4.556s] Level 1:colcon.colcon_core.environment:checking '/home/epiibots/ros2_ws/install/bno055/bin'
[4.557s] Level 1:colcon.colcon_core.environment:checking '/home/epiibots/ros2_ws/install/bno055/lib/pkgconfig/bno055.pc'
[4.557s] Level 1:colcon.colcon_core.environment:checking '/home/epiibots/ros2_ws/install/bno055/lib/python3.12/site-packages'
[4.557s] Level 1:colcon.colcon_core.shell:create_environment_hook('bno055', 'pythonpath')
[4.558s] INFO:colcon.colcon_core.shell:Creating environment hook '/home/epiibots/ros2_ws/install/bno055/share/bno055/hook/pythonpath.ps1'
[4.559s] INFO:colcon.colcon_core.shell:Creating environment descriptor '/home/epiibots/ros2_ws/install/bno055/share/bno055/hook/pythonpath.dsv'
[4.564s] INFO:colcon.colcon_core.shell:Creating environment hook '/home/epiibots/ros2_ws/install/bno055/share/bno055/hook/pythonpath.sh'
[4.565s] Level 1:colcon.colcon_core.environment:checking '/home/epiibots/ros2_ws/install/bno055/bin'
[4.565s] Level 1:colcon.colcon_core.environment:create_environment_scripts_only(bno055)
[4.566s] INFO:colcon.colcon_core.shell:Creating package script '/home/epiibots/ros2_ws/install/bno055/share/bno055/package.ps1'
[4.567s] INFO:colcon.colcon_core.shell:Creating package descriptor '/home/epiibots/ros2_ws/install/bno055/share/bno055/package.dsv'
[4.568s] INFO:colcon.colcon_core.shell:Creating package script '/home/epiibots/ros2_ws/install/bno055/share/bno055/package.sh'
[4.569s] INFO:colcon.colcon_core.shell:Creating package script '/home/epiibots/ros2_ws/install/bno055/share/bno055/package.bash'
[4.570s] INFO:colcon.colcon_core.shell:Creating package script '/home/epiibots/ros2_ws/install/bno055/share/bno055/package.zsh'
[4.571s] Level 1:colcon.colcon_core.environment:create_file_with_runtime_dependencies(/home/epiibots/ros2_ws/install/bno055/share/colcon-core/packages/bno055)
[4.573s] INFO:colcon.colcon_ros.task.ament_cmake.build:Building ROS package in '/home/epiibots/ros2_ws/src/uros/drive_base/drive_base_msgs' with build type 'ament_cmake'
[4.573s] INFO:colcon.colcon_cmake.task.cmake.build:Building CMake package in '/home/epiibots/ros2_ws/src/uros/drive_base/drive_base_msgs'
[4.573s] INFO:colcon.colcon_core.shell:Skip shell extension 'powershell' for command environment: Not usable outside of PowerShell
[4.574s] DEBUG:colcon.colcon_core.shell:Skip shell extension 'dsv' for command environment
[4.580s] Level 1:colcon.colcon_core.environment:checking '/home/epiibots/ros2_ws/install/calibration' for CMake module files
[4.581s] DEBUG:colcon.colcon_core.event_handler.log_command:Invoked command in '/home/epiibots/ros2_ws/src/calibration' returned '0': DEBUGINFOD_URLS=https://debuginfod.ubuntu.com PYTHONPATH=/home/epiibots/ros2_ws/build/calibration/prefix_override:/usr/lib/python3/dist-packages/colcon_core/task/python/colcon_distutils_commands:/home/epiibots/ros2_ws/install/calibration/lib/python3.12/site-packages:${PYTHONPATH} /usr/bin/python3 -W ignore:setup.py install is deprecated -W ignore:easy_install command is deprecated setup.py egg_info --egg-base ../../build/calibration build --build-base /home/epiibots/ros2_ws/build/calibration/build install --record /home/epiibots/ros2_ws/build/calibration/install.log --single-version-externally-managed install_data
[4.582s] Level 1:colcon.colcon_core.environment:checking '/home/epiibots/ros2_ws/install/calibration' for CMake config files
[4.583s] Level 1:colcon.colcon_core.environment:checking '/home/epiibots/ros2_ws/install/calibration/lib'
[4.583s] Level 1:colcon.colcon_core.environment:checking '/home/epiibots/ros2_ws/install/calibration/bin'
[4.583s] Level 1:colcon.colcon_core.environment:checking '/home/epiibots/ros2_ws/install/calibration/lib/pkgconfig/calibration.pc'
[4.583s] Level 1:colcon.colcon_core.environment:checking '/home/epiibots/ros2_ws/install/calibration/lib/python3.12/site-packages'
[4.583s] Level 1:colcon.colcon_core.shell:create_environment_hook('calibration', 'pythonpath')
[4.584s] INFO:colcon.colcon_core.shell:Creating environment hook '/home/epiibots/ros2_ws/install/calibration/share/calibration/hook/pythonpath.ps1'
[4.585s] INFO:colcon.colcon_core.shell:Creating environment descriptor '/home/epiibots/ros2_ws/install/calibration/share/calibration/hook/pythonpath.dsv'
[4.586s] INFO:colcon.colcon_core.shell:Creating environment hook '/home/epiibots/ros2_ws/install/calibration/share/calibration/hook/pythonpath.sh'
[4.587s] Level 1:colcon.colcon_core.environment:checking '/home/epiibots/ros2_ws/install/calibration/bin'
[4.587s] Level 1:colcon.colcon_core.environment:create_environment_scripts_only(calibration)
[4.588s] INFO:colcon.colcon_core.shell:Creating package script '/home/epiibots/ros2_ws/install/calibration/share/calibration/package.ps1'
[4.589s] INFO:colcon.colcon_core.shell:Creating package descriptor '/home/epiibots/ros2_ws/install/calibration/share/calibration/package.dsv'
[4.590s] INFO:colcon.colcon_core.shell:Creating package script '/home/epiibots/ros2_ws/install/calibration/share/calibration/package.sh'
[4.590s] INFO:colcon.colcon_core.shell:Creating package script '/home/epiibots/ros2_ws/install/calibration/share/calibration/package.bash'
[4.591s] INFO:colcon.colcon_core.shell:Creating package script '/home/epiibots/ros2_ws/install/calibration/share/calibration/package.zsh'
[4.592s] Level 1:colcon.colcon_core.environment:create_file_with_runtime_dependencies(/home/epiibots/ros2_ws/install/calibration/share/colcon-core/packages/calibration)
[4.594s] INFO:colcon.colcon_ros.task.ament_python.build:Building ROS package in '/home/epiibots/ros2_ws/src/lidar_teste' with build type 'ament_python'
[4.595s] Level 1:colcon.colcon_core.shell:create_environment_hook('lidar_teste', 'ament_prefix_path')
[4.595s] INFO:colcon.colcon_core.shell:Creating environment hook '/home/epiibots/ros2_ws/install/lidar_teste/share/lidar_teste/hook/ament_prefix_path.ps1'
[4.596s] INFO:colcon.colcon_core.shell:Creating environment descriptor '/home/epiibots/ros2_ws/install/lidar_teste/share/lidar_teste/hook/ament_prefix_path.dsv'
[4.597s] INFO:colcon.colcon_core.shell:Creating environment hook '/home/epiibots/ros2_ws/install/lidar_teste/share/lidar_teste/hook/ament_prefix_path.sh'
[4.599s] INFO:colcon.colcon_core.shell:Skip shell extension 'powershell' for command environment: Not usable outside of PowerShell
[4.599s] DEBUG:colcon.colcon_core.shell:Skip shell extension 'dsv' for command environment
[4.610s] DEBUG:colcon.colcon_core.event_handler.log_command:Invoking command in '/home/epiibots/ros2_ws/build/drive_base_msgs': CMAKE_PREFIX_PATH=${CMAKE_PREFIX_PATH}:/opt/ros/jazzy DEBUGINFOD_URLS=https://debuginfod.ubuntu.com /usr/bin/cmake --build /home/epiibots/ros2_ws/build/drive_base_msgs -- -j4 -l4
[5.197s] INFO:colcon.colcon_core.task.python.build:Building Python package in '/home/epiibots/ros2_ws/src/lidar_teste'
[5.197s] INFO:colcon.colcon_core.shell:Skip shell extension 'powershell' for command environment: Not usable outside of PowerShell
[5.197s] DEBUG:colcon.colcon_core.shell:Skip shell extension 'dsv' for command environment
[5.206s] Level 1:colcon.colcon_core.environment:checking '/home/epiibots/ros2_ws/install/carrinho_base' for CMake module files
[5.207s] Level 1:colcon.colcon_core.environment:checking '/home/epiibots/ros2_ws/install/carrinho_base' for CMake config files
[5.209s] DEBUG:colcon.colcon_core.event_handler.log_command:Invoked command in '/home/epiibots/ros2_ws/src/carrinho_base' returned '0': DEBUGINFOD_URLS=https://debuginfod.ubuntu.com PYTHONPATH=/home/epiibots/ros2_ws/build/carrinho_base/prefix_override:/usr/lib/python3/dist-packages/colcon_core/task/python/colcon_distutils_commands:/home/epiibots/ros2_ws/install/carrinho_base/lib/python3.12/site-packages:${PYTHONPATH} /usr/bin/python3 -W ignore:setup.py install is deprecated -W ignore:easy_install command is deprecated setup.py egg_info --egg-base ../../build/carrinho_base build --build-base /home/epiibots/ros2_ws/build/carrinho_base/build install --record /home/epiibots/ros2_ws/build/carrinho_base/install.log --single-version-externally-managed install_data
[5.210s] Level 1:colcon.colcon_core.environment:checking '/home/epiibots/ros2_ws/install/carrinho_base/lib'
[5.210s] Level 1:colcon.colcon_core.environment:checking '/home/epiibots/ros2_ws/install/carrinho_base/bin'
[5.210s] Level 1:colcon.colcon_core.environment:checking '/home/epiibots/ros2_ws/install/carrinho_base/lib/pkgconfig/carrinho_base.pc'
[5.210s] Level 1:colcon.colcon_core.environment:checking '/home/epiibots/ros2_ws/install/carrinho_base/lib/python3.12/site-packages'
[5.211s] Level 1:colcon.colcon_core.shell:create_environment_hook('carrinho_base', 'pythonpath')
[5.211s] INFO:colcon.colcon_core.shell:Creating environment hook '/home/epiibots/ros2_ws/install/carrinho_base/share/carrinho_base/hook/pythonpath.ps1'
[5.212s] INFO:colcon.colcon_core.shell:Creating environment descriptor '/home/epiibots/ros2_ws/install/carrinho_base/share/carrinho_base/hook/pythonpath.dsv'
[5.213s] INFO:colcon.colcon_core.shell:Creating environment hook '/home/epiibots/ros2_ws/install/carrinho_base/share/carrinho_base/hook/pythonpath.sh'
[5.215s] Level 1:colcon.colcon_core.environment:checking '/home/epiibots/ros2_ws/install/carrinho_base/bin'
[5.215s] Level 1:colcon.colcon_core.environment:create_environment_scripts_only(carrinho_base)
[5.215s] INFO:colcon.colcon_core.shell:Creating package script '/home/epiibots/ros2_ws/install/carrinho_base/share/carrinho_base/package.ps1'
[5.217s] INFO:colcon.colcon_core.shell:Creating package descriptor '/home/epiibots/ros2_ws/install/carrinho_base/share/carrinho_base/package.dsv'
[5.220s] INFO:colcon.colcon_core.shell:Creating package script '/home/epiibots/ros2_ws/install/carrinho_base/share/carrinho_base/package.sh'
[5.221s] INFO:colcon.colcon_core.shell:Creating package script '/home/epiibots/ros2_ws/install/carrinho_base/share/carrinho_base/package.bash'
[5.224s] INFO:colcon.colcon_core.shell:Creating package script '/home/epiibots/ros2_ws/install/carrinho_base/share/carrinho_base/package.zsh'
[5.225s] Level 1:colcon.colcon_core.environment:create_file_with_runtime_dependencies(/home/epiibots/ros2_ws/install/carrinho_base/share/colcon-core/packages/carrinho_base)
[5.227s] INFO:colcon.colcon_ros.task.ament_cmake.build:Building ROS package in '/home/epiibots/ros2_ws/src/micro_ros_setup' with build type 'ament_cmake'
[5.227s] INFO:colcon.colcon_cmake.task.cmake.build:Building CMake package in '/home/epiibots/ros2_ws/src/micro_ros_setup'
[5.228s] INFO:colcon.colcon_core.shell:Skip shell extension 'powershell' for command environment: Not usable outside of PowerShell
[5.228s] DEBUG:colcon.colcon_core.shell:Skip shell extension 'dsv' for command environment
[5.255s] DEBUG:colcon.colcon_core.event_handler.log_command:Invoking command in '/home/epiibots/ros2_ws/build/micro_ros_setup': CMAKE_PREFIX_PATH=${CMAKE_PREFIX_PATH}:/opt/ros/jazzy DEBUGINFOD_URLS=https://debuginfod.ubuntu.com /usr/bin/cmake --build /home/epiibots/ros2_ws/build/micro_ros_setup -- -j4 -l4
[5.393s] DEBUG:colcon.colcon_core.event_handler.log_command:Invoked command in '/home/epiibots/ros2_ws/build/micro_ros_setup' returned '0': CMAKE_PREFIX_PATH=${CMAKE_PREFIX_PATH}:/opt/ros/jazzy DEBUGINFOD_URLS=https://debuginfod.ubuntu.com /usr/bin/cmake --build /home/epiibots/ros2_ws/build/micro_ros_setup -- -j4 -l4
[5.402s] DEBUG:colcon.colcon_core.event_handler.log_command:Invoking command in '/home/epiibots/ros2_ws/build/micro_ros_setup': CMAKE_PREFIX_PATH=${CMAKE_PREFIX_PATH}:/opt/ros/jazzy DEBUGINFOD_URLS=https://debuginfod.ubuntu.com /usr/bin/cmake --install /home/epiibots/ros2_ws/build/micro_ros_setup
[5.500s] Level 1:colcon.colcon_core.environment:create_environment_scripts_only(micro_ros_setup)
[5.501s] Level 1:colcon.colcon_core.environment:checking '/home/epiibots/ros2_ws/install/micro_ros_setup' for CMake module files
[5.502s] Level 1:colcon.colcon_core.environment:checking '/home/epiibots/ros2_ws/install/micro_ros_setup' for CMake config files
[5.502s] Level 1:colcon.colcon_core.shell:create_environment_hook('micro_ros_setup', 'cmake_prefix_path')
[5.502s] INFO:colcon.colcon_core.shell:Creating environment hook '/home/epiibots/ros2_ws/install/micro_ros_setup/share/micro_ros_setup/hook/cmake_prefix_path.ps1'
[5.506s] INFO:colcon.colcon_core.shell:Creating environment descriptor '/home/epiibots/ros2_ws/install/micro_ros_setup/share/micro_ros_setup/hook/cmake_prefix_path.dsv'
[5.507s] DEBUG:colcon.colcon_core.event_handler.log_command:Invoked command in '/home/epiibots/ros2_ws/build/micro_ros_setup' returned '0': CMAKE_PREFIX_PATH=${CMAKE_PREFIX_PATH}:/opt/ros/jazzy DEBUGINFOD_URLS=https://debuginfod.ubuntu.com /usr/bin/cmake --install /home/epiibots/ros2_ws/build/micro_ros_setup
[5.510s] INFO:colcon.colcon_core.shell:Creating environment hook '/home/epiibots/ros2_ws/install/micro_ros_setup/share/micro_ros_setup/hook/cmake_prefix_path.sh'
[5.511s] Level 1:colcon.colcon_core.environment:checking '/home/epiibots/ros2_ws/install/micro_ros_setup/lib'
[5.511s] Level 1:colcon.colcon_core.environment:checking '/home/epiibots/ros2_ws/install/micro_ros_setup/bin'
[5.511s] Level 1:colcon.colcon_core.environment:checking '/home/epiibots/ros2_ws/install/micro_ros_setup/lib/pkgconfig/micro_ros_setup.pc'
[5.516s] Level 1:colcon.colcon_core.environment:checking '/home/epiibots/ros2_ws/install/micro_ros_setup/lib/python3.12/site-packages'
[5.517s] Level 1:colcon.colcon_core.environment:checking '/home/epiibots/ros2_ws/install/micro_ros_setup/bin'
[5.518s] INFO:colcon.colcon_core.shell:Creating package script '/home/epiibots/ros2_ws/install/micro_ros_setup/share/micro_ros_setup/package.ps1'
[5.523s] INFO:colcon.colcon_core.shell:Creating package descriptor '/home/epiibots/ros2_ws/install/micro_ros_setup/share/micro_ros_setup/package.dsv'
[5.529s] INFO:colcon.colcon_core.shell:Creating package script '/home/epiibots/ros2_ws/install/micro_ros_setup/share/micro_ros_setup/package.sh'
[5.531s] INFO:colcon.colcon_core.shell:Creating package script '/home/epiibots/ros2_ws/install/micro_ros_setup/share/micro_ros_setup/package.bash'
[5.532s] INFO:colcon.colcon_core.shell:Creating package script '/home/epiibots/ros2_ws/install/micro_ros_setup/share/micro_ros_setup/package.zsh'
[5.535s] Level 1:colcon.colcon_core.environment:create_file_with_runtime_dependencies(/home/epiibots/ros2_ws/install/micro_ros_setup/share/colcon-core/packages/micro_ros_setup)
[5.538s] Level 1:colcon.colcon_core.environment:create_environment_scripts_only(micro_ros_setup)
[5.539s] Level 1:colcon.colcon_core.environment:checking '/home/epiibots/ros2_ws/install/micro_ros_setup' for CMake module files
[5.540s] Level 1:colcon.colcon_core.environment:checking '/home/epiibots/ros2_ws/install/micro_ros_setup' for CMake config files
[5.540s] Level 1:colcon.colcon_core.shell:create_environment_hook('micro_ros_setup', 'cmake_prefix_path')
[5.541s] INFO:colcon.colcon_core.shell:Creating environment hook '/home/epiibots/ros2_ws/install/micro_ros_setup/share/micro_ros_setup/hook/cmake_prefix_path.ps1'
[5.542s] INFO:colcon.colcon_core.shell:Creating environment descriptor '/home/epiibots/ros2_ws/install/micro_ros_setup/share/micro_ros_setup/hook/cmake_prefix_path.dsv'
[5.542s] INFO:colcon.colcon_core.shell:Creating environment hook '/home/epiibots/ros2_ws/install/micro_ros_setup/share/micro_ros_setup/hook/cmake_prefix_path.sh'
[5.544s] Level 1:colcon.colcon_core.environment:checking '/home/epiibots/ros2_ws/install/micro_ros_setup/lib'
[5.544s] Level 1:colcon.colcon_core.environment:checking '/home/epiibots/ros2_ws/install/micro_ros_setup/bin'
[5.544s] Level 1:colcon.colcon_core.environment:checking '/home/epiibots/ros2_ws/install/micro_ros_setup/lib/pkgconfig/micro_ros_setup.pc'
[5.544s] Level 1:colcon.colcon_core.environment:checking '/home/epiibots/ros2_ws/install/micro_ros_setup/lib/python3.12/site-packages'
[5.545s] Level 1:colcon.colcon_core.environment:checking '/home/epiibots/ros2_ws/install/micro_ros_setup/bin'
[5.545s] INFO:colcon.colcon_core.shell:Creating package script '/home/epiibots/ros2_ws/install/micro_ros_setup/share/micro_ros_setup/package.ps1'
[5.546s] INFO:colcon.colcon_core.shell:Creating package descriptor '/home/epiibots/ros2_ws/install/micro_ros_setup/share/micro_ros_setup/package.dsv'
[5.548s] INFO:colcon.colcon_core.shell:Creating package script '/home/epiibots/ros2_ws/install/micro_ros_setup/share/micro_ros_setup/package.sh'
[5.549s] INFO:colcon.colcon_core.shell:Creating package script '/home/epiibots/ros2_ws/install/micro_ros_setup/share/micro_ros_setup/package.bash'
[5.550s] INFO:colcon.colcon_core.shell:Creating package script '/home/epiibots/ros2_ws/install/micro_ros_setup/share/micro_ros_setup/package.zsh'
[5.551s] Level 1:colcon.colcon_core.environment:create_file_with_runtime_dependencies(/home/epiibots/ros2_ws/install/micro_ros_setup/share/colcon-core/packages/micro_ros_setup)
[5.552s] INFO:colcon.colcon_ros.task.ament_python.build:Building ROS package in '/home/epiibots/ros2_ws/src/pwm_rec' with build type 'ament_python'
[5.552s] Level 1:colcon.colcon_core.shell:create_environment_hook('pwm_rec', 'ament_prefix_path')
[5.553s] INFO:colcon.colcon_core.shell:Creating environment hook '/home/epiibots/ros2_ws/install/pwm_rec/share/pwm_rec/hook/ament_prefix_path.ps1'
[5.553s] INFO:colcon.colcon_core.shell:Creating environment descriptor '/home/epiibots/ros2_ws/install/pwm_rec/share/pwm_rec/hook/ament_prefix_path.dsv'
[5.554s] INFO:colcon.colcon_core.shell:Creating environment hook '/home/epiibots/ros2_ws/install/pwm_rec/share/pwm_rec/hook/ament_prefix_path.sh'
[5.556s] INFO:colcon.colcon_core.shell:Skip shell extension 'powershell' for command environment: Not usable outside of PowerShell
[5.556s] DEBUG:colcon.colcon_core.shell:Skip shell extension 'dsv' for command environment
[6.022s] INFO:colcon.colcon_core.task.python.build:Building Python package in '/home/epiibots/ros2_ws/src/pwm_rec'
[6.023s] INFO:colcon.colcon_core.shell:Skip shell extension 'powershell' for command environment: Not usable outside of PowerShell
[6.023s] DEBUG:colcon.colcon_core.shell:Skip shell extension 'dsv' for command environment
[6.029s] DEBUG:colcon.colcon_core.event_handler.log_command:Invoked command in '/home/epiibots/ros2_ws/build/drive_base_msgs' returned '0': CMAKE_PREFIX_PATH=${CMAKE_PREFIX_PATH}:/opt/ros/jazzy DEBUGINFOD_URLS=https://debuginfod.ubuntu.com /usr/bin/cmake --build /home/epiibots/ros2_ws/build/drive_base_msgs -- -j4 -l4
[6.039s] DEBUG:colcon.colcon_core.event_handler.log_command:Invoking command in '/home/epiibots/ros2_ws/build/drive_base_msgs': CMAKE_PREFIX_PATH=${CMAKE_PREFIX_PATH}:/opt/ros/jazzy DEBUGINFOD_URLS=https://debuginfod.ubuntu.com /usr/bin/cmake --install /home/epiibots/ros2_ws/build/drive_base_msgs
[6.041s] Level 1:colcon.colcon_core.environment:checking '/home/epiibots/ros2_ws/install/detector' for CMake module files
[6.042s] Level 1:colcon.colcon_core.environment:checking '/home/epiibots/ros2_ws/install/detector' for CMake config files
[6.043s] Level 1:colcon.colcon_core.environment:checking '/home/epiibots/ros2_ws/install/detector/lib'
[6.043s] DEBUG:colcon.colcon_core.event_handler.log_command:Invoked command in '/home/epiibots/ros2_ws/src/detector' returned '0': DEBUGINFOD_URLS=https://debuginfod.ubuntu.com PYTHONPATH=/home/epiibots/ros2_ws/build/detector/prefix_override:/usr/lib/python3/dist-packages/colcon_core/task/python/colcon_distutils_commands:/home/epiibots/ros2_ws/install/detector/lib/python3.12/site-packages:${PYTHONPATH} /usr/bin/python3 -W ignore:setup.py install is deprecated -W ignore:easy_install command is deprecated setup.py egg_info --egg-base ../../build/detector build --build-base /home/epiibots/ros2_ws/build/detector/build install --record /home/epiibots/ros2_ws/build/detector/install.log --single-version-externally-managed install_data
[6.044s] Level 1:colcon.colcon_core.environment:checking '/home/epiibots/ros2_ws/install/detector/bin'
[6.044s] Level 1:colcon.colcon_core.environment:checking '/home/epiibots/ros2_ws/install/detector/lib/pkgconfig/detector.pc'
[6.045s] Level 1:colcon.colcon_core.environment:checking '/home/epiibots/ros2_ws/install/detector/lib/python3.12/site-packages'
[6.045s] Level 1:colcon.colcon_core.shell:create_environment_hook('detector', 'pythonpath')
[6.046s] INFO:colcon.colcon_core.shell:Creating environment hook '/home/epiibots/ros2_ws/install/detector/share/detector/hook/pythonpath.ps1'
[6.048s] INFO:colcon.colcon_core.shell:Creating environment descriptor '/home/epiibots/ros2_ws/install/detector/share/detector/hook/pythonpath.dsv'
[6.052s] INFO:colcon.colcon_core.shell:Creating environment hook '/home/epiibots/ros2_ws/install/detector/share/detector/hook/pythonpath.sh'
[6.056s] Level 1:colcon.colcon_core.environment:checking '/home/epiibots/ros2_ws/install/detector/bin'
[6.056s] Level 1:colcon.colcon_core.environment:create_environment_scripts_only(detector)
[6.056s] INFO:colcon.colcon_core.shell:Creating package script '/home/epiibots/ros2_ws/install/detector/share/detector/package.ps1'
[6.057s] INFO:colcon.colcon_core.shell:Creating package descriptor '/home/epiibots/ros2_ws/install/detector/share/detector/package.dsv'
[6.059s] INFO:colcon.colcon_core.shell:Creating package script '/home/epiibots/ros2_ws/install/detector/share/detector/package.sh'
[6.060s] INFO:colcon.colcon_core.shell:Creating package script '/home/epiibots/ros2_ws/install/detector/share/detector/package.bash'
[6.061s] INFO:colcon.colcon_core.shell:Creating package script '/home/epiibots/ros2_ws/install/detector/share/detector/package.zsh'
[6.061s] Level 1:colcon.colcon_core.environment:create_file_with_runtime_dependencies(/home/epiibots/ros2_ws/install/detector/share/colcon-core/packages/detector)
[6.064s] INFO:colcon.colcon_ros.task.ament_python.build:Building ROS package in '/home/epiibots/ros2_ws/src/servo_steering' with build type 'ament_python'
[6.064s] Level 1:colcon.colcon_core.shell:create_environment_hook('servo_steering', 'ament_prefix_path')
[6.064s] INFO:colcon.colcon_core.shell:Creating environment hook '/home/epiibots/ros2_ws/install/servo_steering/share/servo_steering/hook/ament_prefix_path.ps1'
[6.067s] INFO:colcon.colcon_core.shell:Creating environment descriptor '/home/epiibots/ros2_ws/install/servo_steering/share/servo_steering/hook/ament_prefix_path.dsv'
[6.067s] INFO:colcon.colcon_core.shell:Creating environment hook '/home/epiibots/ros2_ws/install/servo_steering/share/servo_steering/hook/ament_prefix_path.sh'
[6.068s] INFO:colcon.colcon_core.shell:Skip shell extension 'powershell' for command environment: Not usable outside of PowerShell
[6.069s] DEBUG:colcon.colcon_core.shell:Skip shell extension 'dsv' for command environment
[6.560s] INFO:colcon.colcon_core.task.python.build:Building Python package in '/home/epiibots/ros2_ws/src/servo_steering'
[6.561s] INFO:colcon.colcon_core.shell:Skip shell extension 'powershell' for command environment: Not usable outside of PowerShell
[6.561s] DEBUG:colcon.colcon_core.shell:Skip shell extension 'dsv' for command environment
[6.570s] DEBUG:colcon.colcon_core.event_handler.log_command:Invoking command in '/home/epiibots/ros2_ws/src/lidar_teste': DEBUGINFOD_URLS=https://debuginfod.ubuntu.com PYTHONPATH=/home/epiibots/ros2_ws/build/lidar_teste/prefix_override:/usr/lib/python3/dist-packages/colcon_core/task/python/colcon_distutils_commands:/home/epiibots/ros2_ws/install/lidar_teste/lib/python3.12/site-packages:${PYTHONPATH} /usr/bin/python3 -W ignore:setup.py install is deprecated -W ignore:easy_install command is deprecated setup.py egg_info --egg-base ../../build/lidar_teste build --build-base /home/epiibots/ros2_ws/build/lidar_teste/build install --record /home/epiibots/ros2_ws/build/lidar_teste/install.log --single-version-externally-managed install_data
[6.570s] Level 1:colcon.colcon_core.environment:create_environment_scripts_only(drive_base_msgs)
[6.571s] Level 1:colcon.colcon_core.environment:checking '/home/epiibots/ros2_ws/install/drive_base_msgs' for CMake module files
[6.571s] DEBUG:colcon.colcon_core.event_handler.log_command:Invoked command in '/home/epiibots/ros2_ws/build/drive_base_msgs' returned '0': CMAKE_PREFIX_PATH=${CMAKE_PREFIX_PATH}:/opt/ros/jazzy DEBUGINFOD_URLS=https://debuginfod.ubuntu.com /usr/bin/cmake --install /home/epiibots/ros2_ws/build/drive_base_msgs
[6.572s] Level 1:colcon.colcon_core.environment:checking '/home/epiibots/ros2_ws/install/drive_base_msgs' for CMake config files
[6.573s] Level 1:colcon.colcon_core.shell:create_environment_hook('drive_base_msgs', 'cmake_prefix_path')
[6.573s] INFO:colcon.colcon_core.shell:Creating environment hook '/home/epiibots/ros2_ws/install/drive_base_msgs/share/drive_base_msgs/hook/cmake_prefix_path.ps1'
[6.574s] INFO:colcon.colcon_core.shell:Creating environment descriptor '/home/epiibots/ros2_ws/install/drive_base_msgs/share/drive_base_msgs/hook/cmake_prefix_path.dsv'
[6.577s] INFO:colcon.colcon_core.shell:Creating environment hook '/home/epiibots/ros2_ws/install/drive_base_msgs/share/drive_base_msgs/hook/cmake_prefix_path.sh'
[6.578s] Level 1:colcon.colcon_core.environment:checking '/home/epiibots/ros2_ws/install/drive_base_msgs/lib'
[6.578s] Level 1:colcon.colcon_core.shell:create_environment_hook('drive_base_msgs', 'ld_library_path_lib')
[6.578s] INFO:colcon.colcon_core.shell:Creating environment hook '/home/epiibots/ros2_ws/install/drive_base_msgs/share/drive_base_msgs/hook/ld_library_path_lib.ps1'
[6.579s] INFO:colcon.colcon_core.shell:Creating environment descriptor '/home/epiibots/ros2_ws/install/drive_base_msgs/share/drive_base_msgs/hook/ld_library_path_lib.dsv'
[6.579s] INFO:colcon.colcon_core.shell:Creating environment hook '/home/epiibots/ros2_ws/install/drive_base_msgs/share/drive_base_msgs/hook/ld_library_path_lib.sh'
[6.580s] Level 1:colcon.colcon_core.environment:checking '/home/epiibots/ros2_ws/install/drive_base_msgs/bin'
[6.581s] Level 1:colcon.colcon_core.environment:checking '/home/epiibots/ros2_ws/install/drive_base_msgs/lib/pkgconfig/drive_base_msgs.pc'
[6.581s] Level 1:colcon.colcon_core.environment:checking '/home/epiibots/ros2_ws/install/drive_base_msgs/lib/python3.12/site-packages'
[6.581s] Level 1:colcon.colcon_core.shell:create_environment_hook('drive_base_msgs', 'pythonpath')
[6.581s] INFO:colcon.colcon_core.shell:Creating environment hook '/home/epiibots/ros2_ws/install/drive_base_msgs/share/drive_base_msgs/hook/pythonpath.ps1'
[6.582s] INFO:colcon.colcon_core.shell:Creating environment descriptor '/home/epiibots/ros2_ws/install/drive_base_msgs/share/drive_base_msgs/hook/pythonpath.dsv'
[6.583s] INFO:colcon.colcon_core.shell:Creating environment hook '/home/epiibots/ros2_ws/install/drive_base_msgs/share/drive_base_msgs/hook/pythonpath.sh'
[6.585s] Level 1:colcon.colcon_core.environment:checking '/home/epiibots/ros2_ws/install/drive_base_msgs/bin'
[6.585s] INFO:colcon.colcon_core.shell:Creating package script '/home/epiibots/ros2_ws/install/drive_base_msgs/share/drive_base_msgs/package.ps1'
[6.586s] INFO:colcon.colcon_core.shell:Creating package descriptor '/home/epiibots/ros2_ws/install/drive_base_msgs/share/drive_base_msgs/package.dsv'
[6.587s] INFO:colcon.colcon_core.shell:Creating package script '/home/epiibots/ros2_ws/install/drive_base_msgs/share/drive_base_msgs/package.sh'
[6.588s] INFO:colcon.colcon_core.shell:Creating package script '/home/epiibots/ros2_ws/install/drive_base_msgs/share/drive_base_msgs/package.bash'
[6.589s] INFO:colcon.colcon_core.shell:Creating package script '/home/epiibots/ros2_ws/install/drive_base_msgs/share/drive_base_msgs/package.zsh'
[6.590s] Level 1:colcon.colcon_core.environment:create_file_with_runtime_dependencies(/home/epiibots/ros2_ws/install/drive_base_msgs/share/colcon-core/packages/drive_base_msgs)
[6.591s] Level 1:colcon.colcon_core.environment:create_environment_scripts_only(drive_base_msgs)
[6.592s] Level 1:colcon.colcon_core.environment:checking '/home/epiibots/ros2_ws/install/drive_base_msgs' for CMake module files
[6.593s] Level 1:colcon.colcon_core.environment:checking '/home/epiibots/ros2_ws/install/drive_base_msgs' for CMake config files
[6.593s] Level 1:colcon.colcon_core.shell:create_environment_hook('drive_base_msgs', 'cmake_prefix_path')
[6.593s] INFO:colcon.colcon_core.shell:Creating environment hook '/home/epiibots/ros2_ws/install/drive_base_msgs/share/drive_base_msgs/hook/cmake_prefix_path.ps1'
[6.594s] INFO:colcon.colcon_core.shell:Creating environment descriptor '/home/epiibots/ros2_ws/install/drive_base_msgs/share/drive_base_msgs/hook/cmake_prefix_path.dsv'
[6.595s] INFO:colcon.colcon_core.shell:Creating environment hook '/home/epiibots/ros2_ws/install/drive_base_msgs/share/drive_base_msgs/hook/cmake_prefix_path.sh'
[6.596s] Level 1:colcon.colcon_core.environment:checking '/home/epiibots/ros2_ws/install/drive_base_msgs/lib'
[6.597s] Level 1:colcon.colcon_core.shell:create_environment_hook('drive_base_msgs', 'ld_library_path_lib')
[6.597s] INFO:colcon.colcon_core.shell:Creating environment hook '/home/epiibots/ros2_ws/install/drive_base_msgs/share/drive_base_msgs/hook/ld_library_path_lib.ps1'
[6.598s] INFO:colcon.colcon_core.shell:Creating environment descriptor '/home/epiibots/ros2_ws/install/drive_base_msgs/share/drive_base_msgs/hook/ld_library_path_lib.dsv'
[6.599s] INFO:colcon.colcon_core.shell:Creating environment hook '/home/epiibots/ros2_ws/install/drive_base_msgs/share/drive_base_msgs/hook/ld_library_path_lib.sh'
[6.600s] Level 1:colcon.colcon_core.environment:checking '/home/epiibots/ros2_ws/install/drive_base_msgs/bin'
[6.600s] Level 1:colcon.colcon_core.environment:checking '/home/epiibots/ros2_ws/install/drive_base_msgs/lib/pkgconfig/drive_base_msgs.pc'
[6.600s] Level 1:colcon.colcon_core.environment:checking '/home/epiibots/ros2_ws/install/drive_base_msgs/lib/python3.12/site-packages'
[6.600s] Level 1:colcon.colcon_core.shell:create_environment_hook('drive_base_msgs', 'pythonpath')
[6.601s] INFO:colcon.colcon_core.shell:Creating environment hook '/home/epiibots/ros2_ws/install/drive_base_msgs/share/drive_base_msgs/hook/pythonpath.ps1'
[6.602s] INFO:colcon.colcon_core.shell:Creating environment descriptor '/home/epiibots/ros2_ws/install/drive_base_msgs/share/drive_base_msgs/hook/pythonpath.dsv'
[6.602s] INFO:colcon.colcon_core.shell:Creating environment hook '/home/epiibots/ros2_ws/install/drive_base_msgs/share/drive_base_msgs/hook/pythonpath.sh'
[6.606s] Level 1:colcon.colcon_core.environment:checking '/home/epiibots/ros2_ws/install/drive_base_msgs/bin'
[6.607s] INFO:colcon.colcon_core.shell:Creating package script '/home/epiibots/ros2_ws/install/drive_base_msgs/share/drive_base_msgs/package.ps1'
[6.608s] INFO:colcon.colcon_core.shell:Creating package descriptor '/home/epiibots/ros2_ws/install/drive_base_msgs/share/drive_base_msgs/package.dsv'
[6.609s] INFO:colcon.colcon_core.shell:Creating package script '/home/epiibots/ros2_ws/install/drive_base_msgs/share/drive_base_msgs/package.sh'
[6.610s] INFO:colcon.colcon_core.shell:Creating package script '/home/epiibots/ros2_ws/install/drive_base_msgs/share/drive_base_msgs/package.bash'
[6.611s] INFO:colcon.colcon_core.shell:Creating package script '/home/epiibots/ros2_ws/install/drive_base_msgs/share/drive_base_msgs/package.zsh'
[6.612s] Level 1:colcon.colcon_core.environment:create_file_with_runtime_dependencies(/home/epiibots/ros2_ws/install/drive_base_msgs/share/colcon-core/packages/drive_base_msgs)
[6.613s] INFO:colcon.colcon_ros.task.ament_python.build:Building ROS package in '/home/epiibots/ros2_ws/src/controlegeral_carrinho' with build type 'ament_python'
[6.613s] Level 1:colcon.colcon_core.shell:create_environment_hook('controlegeral_carrinho', 'ament_prefix_path')
[6.614s] INFO:colcon.colcon_core.shell:Creating environment hook '/home/epiibots/ros2_ws/install/controlegeral_carrinho/share/controlegeral_carrinho/hook/ament_prefix_path.ps1'
[6.616s] INFO:colcon.colcon_core.shell:Creating environment descriptor '/home/epiibots/ros2_ws/install/controlegeral_carrinho/share/controlegeral_carrinho/hook/ament_prefix_path.dsv'
[6.617s] INFO:colcon.colcon_core.shell:Creating environment hook '/home/epiibots/ros2_ws/install/controlegeral_carrinho/share/controlegeral_carrinho/hook/ament_prefix_path.sh'
[6.618s] INFO:colcon.colcon_core.shell:Skip shell extension 'powershell' for command environment: Not usable outside of PowerShell
[6.618s] DEBUG:colcon.colcon_core.shell:Skip shell extension 'dsv' for command environment
[7.119s] INFO:colcon.colcon_core.task.python.build:Building Python package in '/home/epiibots/ros2_ws/src/controlegeral_carrinho'
[7.120s] INFO:colcon.colcon_core.shell:Skip shell extension 'powershell' for command environment: Not usable outside of PowerShell
[7.120s] DEBUG:colcon.colcon_core.shell:Skip shell extension 'dsv' for command environment
[7.247s] DEBUG:colcon.colcon_core.event_handler.log_command:Invoking command in '/home/epiibots/ros2_ws/src/pwm_rec': DEBUGINFOD_URLS=https://debuginfod.ubuntu.com PYTHONPATH=/home/epiibots/ros2_ws/build/pwm_rec/prefix_override:/usr/lib/python3/dist-packages/colcon_core/task/python/colcon_distutils_commands:/home/epiibots/ros2_ws/install/pwm_rec/lib/python3.12/site-packages:${PYTHONPATH} /usr/bin/python3 -W ignore:setup.py install is deprecated -W ignore:easy_install command is deprecated setup.py egg_info --egg-base ../../build/pwm_rec build --build-base /home/epiibots/ros2_ws/build/pwm_rec/build install --record /home/epiibots/ros2_ws/build/pwm_rec/install.log --single-version-externally-managed install_data
[7.634s] Level 1:colcon.colcon_core.environment:checking '/home/epiibots/ros2_ws/install/lidar_teste' for CMake module files
[7.634s] Level 1:colcon.colcon_core.environment:checking '/home/epiibots/ros2_ws/install/lidar_teste' for CMake config files
[7.635s] Level 1:colcon.colcon_core.environment:checking '/home/epiibots/ros2_ws/install/lidar_teste/lib'
[7.635s] Level 1:colcon.colcon_core.environment:checking '/home/epiibots/ros2_ws/install/lidar_teste/bin'
[7.635s] Level 1:colcon.colcon_core.environment:checking '/home/epiibots/ros2_ws/install/lidar_teste/lib/pkgconfig/lidar_teste.pc'
[7.636s] Level 1:colcon.colcon_core.environment:checking '/home/epiibots/ros2_ws/install/lidar_teste/lib/python3.12/site-packages'
[7.638s] Level 1:colcon.colcon_core.shell:create_environment_hook('lidar_teste', 'pythonpath')
[7.639s] DEBUG:colcon.colcon_core.event_handler.log_command:Invoked command in '/home/epiibots/ros2_ws/src/lidar_teste' returned '0': DEBUGINFOD_URLS=https://debuginfod.ubuntu.com PYTHONPATH=/home/epiibots/ros2_ws/build/lidar_teste/prefix_override:/usr/lib/python3/dist-packages/colcon_core/task/python/colcon_distutils_commands:/home/epiibots/ros2_ws/install/lidar_teste/lib/python3.12/site-packages:${PYTHONPATH} /usr/bin/python3 -W ignore:setup.py install is deprecated -W ignore:easy_install command is deprecated setup.py egg_info --egg-base ../../build/lidar_teste build --build-base /home/epiibots/ros2_ws/build/lidar_teste/build install --record /home/epiibots/ros2_ws/build/lidar_teste/install.log --single-version-externally-managed install_data
[7.639s] INFO:colcon.colcon_core.shell:Creating environment hook '/home/epiibots/ros2_ws/install/lidar_teste/share/lidar_teste/hook/pythonpath.ps1'
[7.640s] INFO:colcon.colcon_core.shell:Creating environment descriptor '/home/epiibots/ros2_ws/install/lidar_teste/share/lidar_teste/hook/pythonpath.dsv'
[7.644s] INFO:colcon.colcon_core.shell:Creating environment hook '/home/epiibots/ros2_ws/install/lidar_teste/share/lidar_teste/hook/pythonpath.sh'
[7.645s] Level 1:colcon.colcon_core.environment:checking '/home/epiibots/ros2_ws/install/lidar_teste/bin'
[7.645s] Level 1:colcon.colcon_core.environment:create_environment_scripts_only(lidar_teste)
[7.646s] INFO:colcon.colcon_core.shell:Creating package script '/home/epiibots/ros2_ws/install/lidar_teste/share/lidar_teste/package.ps1'
[7.647s] INFO:colcon.colcon_core.shell:Creating package descriptor '/home/epiibots/ros2_ws/install/lidar_teste/share/lidar_teste/package.dsv'
[7.648s] INFO:colcon.colcon_core.shell:Creating package script '/home/epiibots/ros2_ws/install/lidar_teste/share/lidar_teste/package.sh'
[7.650s] INFO:colcon.colcon_core.shell:Creating package script '/home/epiibots/ros2_ws/install/lidar_teste/share/lidar_teste/package.bash'
[7.651s] INFO:colcon.colcon_core.shell:Creating package script '/home/epiibots/ros2_ws/install/lidar_teste/share/lidar_teste/package.zsh'
[7.651s] Level 1:colcon.colcon_core.environment:create_file_with_runtime_dependencies(/home/epiibots/ros2_ws/install/lidar_teste/share/colcon-core/packages/lidar_teste)
[7.653s] INFO:colcon.colcon_ros.task.ament_cmake.build:Building ROS package in '/home/epiibots/ros2_ws/src/uros/micro-ROS-Agent/micro_ros_agent' with build type 'ament_cmake'
[7.653s] INFO:colcon.colcon_cmake.task.cmake.build:Building CMake package in '/home/epiibots/ros2_ws/src/uros/micro-ROS-Agent/micro_ros_agent'
[7.654s] INFO:colcon.colcon_core.shell:Skip shell extension 'powershell' for command environment: Not usable outside of PowerShell
[7.654s] DEBUG:colcon.colcon_core.shell:Skip shell extension 'dsv' for command environment
[7.676s] DEBUG:colcon.colcon_core.event_handler.log_command:Invoking command in '/home/epiibots/ros2_ws/build/micro_ros_agent': AMENT_PREFIX_PATH=/home/epiibots/ros2_ws/install/micro_ros_msgs:${AMENT_PREFIX_PATH} CMAKE_PREFIX_PATH=/home/epiibots/ros2_ws/install/micro_ros_msgs:/opt/ros/jazzy/opt/gz_sim_vendor:/opt/ros/jazzy/opt/gz_sensors_vendor:/opt/ros/jazzy/opt/gz_physics_vendor:/opt/ros/jazzy/opt/sdformat_vendor:/opt/ros/jazzy/opt/gz_gui_vendor:/opt/ros/jazzy/opt/gz_transport_vendor:/opt/ros/jazzy/opt/gz_rendering_vendor:/opt/ros/jazzy/opt/gz_plugin_vendor:/opt/ros/jazzy/opt/gz_fuel_tools_vendor:/opt/ros/jazzy/opt/gz_msgs_vendor:/opt/ros/jazzy/opt/gz_common_vendor:/opt/ros/jazzy/opt/gz_math_vendor:/opt/ros/jazzy/opt/gz_utils_vendor:/opt/ros/jazzy/opt/gz_tools_vendor:/opt/ros/jazzy/opt/gz_ogre_next_vendor:/opt/ros/jazzy/opt/gz_dartsim_vendor:/opt/ros/jazzy/opt/gz_cmake_vendor:/opt/ros/jazzy DEBUGINFOD_URLS=https://debuginfod.ubuntu.com LD_LIBRARY_PATH=/home/epiibots/ros2_ws/install/micro_ros_msgs/lib:${LD_LIBRARY_PATH} PYTHONPATH=/home/epiibots/ros2_ws/install/micro_ros_msgs/lib/python3.12/site-packages:${PYTHONPATH} /usr/bin/cmake --build /home/epiibots/ros2_ws/build/micro_ros_agent -- -j4 -l4
[7.856s] DEBUG:colcon.colcon_core.event_handler.log_command:Invoking command in '/home/epiibots/ros2_ws/src/servo_steering': DEBUGINFOD_URLS=https://debuginfod.ubuntu.com PYTHONPATH=/home/epiibots/ros2_ws/build/servo_steering/prefix_override:/usr/lib/python3/dist-packages/colcon_core/task/python/colcon_distutils_commands:/home/epiibots/ros2_ws/install/servo_steering/lib/python3.12/site-packages:${PYTHONPATH} /usr/bin/python3 -W ignore:setup.py install is deprecated -W ignore:easy_install command is deprecated setup.py egg_info --egg-base ../../build/servo_steering build --build-base /home/epiibots/ros2_ws/build/servo_steering/build install --record /home/epiibots/ros2_ws/build/servo_steering/install.log --single-version-externally-managed install_data
[7.945s] DEBUG:colcon.colcon_core.event_handler.log_command:Invoked command in '/home/epiibots/ros2_ws/build/micro_ros_agent' returned '0': AMENT_PREFIX_PATH=/home/epiibots/ros2_ws/install/micro_ros_msgs:${AMENT_PREFIX_PATH} CMAKE_PREFIX_PATH=/home/epiibots/ros2_ws/install/micro_ros_msgs:/opt/ros/jazzy/opt/gz_sim_vendor:/opt/ros/jazzy/opt/gz_sensors_vendor:/opt/ros/jazzy/opt/gz_physics_vendor:/opt/ros/jazzy/opt/sdformat_vendor:/opt/ros/jazzy/opt/gz_gui_vendor:/opt/ros/jazzy/opt/gz_transport_vendor:/opt/ros/jazzy/opt/gz_rendering_vendor:/opt/ros/jazzy/opt/gz_plugin_vendor:/opt/ros/jazzy/opt/gz_fuel_tools_vendor:/opt/ros/jazzy/opt/gz_msgs_vendor:/opt/ros/jazzy/opt/gz_common_vendor:/opt/ros/jazzy/opt/gz_math_vendor:/opt/ros/jazzy/opt/gz_utils_vendor:/opt/ros/jazzy/opt/gz_tools_vendor:/opt/ros/jazzy/opt/gz_ogre_next_vendor:/opt/ros/jazzy/opt/gz_dartsim_vendor:/opt/ros/jazzy/opt/gz_cmake_vendor:/opt/ros/jazzy DEBUGINFOD_URLS=https://debuginfod.ubuntu.com LD_LIBRARY_PATH=/home/epiibots/ros2_ws/install/micro_ros_msgs/lib:${LD_LIBRARY_PATH} PYTHONPATH=/home/epiibots/ros2_ws/install/micro_ros_msgs/lib/python3.12/site-packages:${PYTHONPATH} /usr/bin/cmake --build /home/epiibots/ros2_ws/build/micro_ros_agent -- -j4 -l4
[7.953s] DEBUG:colcon.colcon_core.event_handler.log_command:Invoking command in '/home/epiibots/ros2_ws/build/micro_ros_agent': AMENT_PREFIX_PATH=/home/epiibots/ros2_ws/install/micro_ros_msgs:${AMENT_PREFIX_PATH} CMAKE_PREFIX_PATH=/home/epiibots/ros2_ws/install/micro_ros_msgs:/opt/ros/jazzy/opt/gz_sim_vendor:/opt/ros/jazzy/opt/gz_sensors_vendor:/opt/ros/jazzy/opt/gz_physics_vendor:/opt/ros/jazzy/opt/sdformat_vendor:/opt/ros/jazzy/opt/gz_gui_vendor:/opt/ros/jazzy/opt/gz_transport_vendor:/opt/ros/jazzy/opt/gz_rendering_vendor:/opt/ros/jazzy/opt/gz_plugin_vendor:/opt/ros/jazzy/opt/gz_fuel_tools_vendor:/opt/ros/jazzy/opt/gz_msgs_vendor:/opt/ros/jazzy/opt/gz_common_vendor:/opt/ros/jazzy/opt/gz_math_vendor:/opt/ros/jazzy/opt/gz_utils_vendor:/opt/ros/jazzy/opt/gz_tools_vendor:/opt/ros/jazzy/opt/gz_ogre_next_vendor:/opt/ros/jazzy/opt/gz_dartsim_vendor:/opt/ros/jazzy/opt/gz_cmake_vendor:/opt/ros/jazzy DEBUGINFOD_URLS=https://debuginfod.ubuntu.com LD_LIBRARY_PATH=/home/epiibots/ros2_ws/install/micro_ros_msgs/lib:${LD_LIBRARY_PATH} PYTHONPATH=/home/epiibots/ros2_ws/install/micro_ros_msgs/lib/python3.12/site-packages:${PYTHONPATH} /usr/bin/cmake --install /home/epiibots/ros2_ws/build/micro_ros_agent
[7.988s] Level 1:colcon.colcon_core.environment:create_environment_scripts_only(micro_ros_agent)
[7.989s] Level 1:colcon.colcon_core.environment:checking '/home/epiibots/ros2_ws/install/micro_ros_agent' for CMake module files
[7.990s] DEBUG:colcon.colcon_core.event_handler.log_command:Invoked command in '/home/epiibots/ros2_ws/build/micro_ros_agent' returned '0': AMENT_PREFIX_PATH=/home/epiibots/ros2_ws/install/micro_ros_msgs:${AMENT_PREFIX_PATH} CMAKE_PREFIX_PATH=/home/epiibots/ros2_ws/install/micro_ros_msgs:/opt/ros/jazzy/opt/gz_sim_vendor:/opt/ros/jazzy/opt/gz_sensors_vendor:/opt/ros/jazzy/opt/gz_physics_vendor:/opt/ros/jazzy/opt/sdformat_vendor:/opt/ros/jazzy/opt/gz_gui_vendor:/opt/ros/jazzy/opt/gz_transport_vendor:/opt/ros/jazzy/opt/gz_rendering_vendor:/opt/ros/jazzy/opt/gz_plugin_vendor:/opt/ros/jazzy/opt/gz_fuel_tools_vendor:/opt/ros/jazzy/opt/gz_msgs_vendor:/opt/ros/jazzy/opt/gz_common_vendor:/opt/ros/jazzy/opt/gz_math_vendor:/opt/ros/jazzy/opt/gz_utils_vendor:/opt/ros/jazzy/opt/gz_tools_vendor:/opt/ros/jazzy/opt/gz_ogre_next_vendor:/opt/ros/jazzy/opt/gz_dartsim_vendor:/opt/ros/jazzy/opt/gz_cmake_vendor:/opt/ros/jazzy DEBUGINFOD_URLS=https://debuginfod.ubuntu.com LD_LIBRARY_PATH=/home/epiibots/ros2_ws/install/micro_ros_msgs/lib:${LD_LIBRARY_PATH} PYTHONPATH=/home/epiibots/ros2_ws/install/micro_ros_msgs/lib/python3.12/site-packages:${PYTHONPATH} /usr/bin/cmake --install /home/epiibots/ros2_ws/build/micro_ros_agent
[7.992s] Level 1:colcon.colcon_core.environment:checking '/home/epiibots/ros2_ws/install/micro_ros_agent' for CMake config files
[7.992s] Level 1:colcon.colcon_core.shell:create_environment_hook('micro_ros_agent', 'cmake_prefix_path')
[7.993s] INFO:colcon.colcon_core.shell:Creating environment hook '/home/epiibots/ros2_ws/install/micro_ros_agent/share/micro_ros_agent/hook/cmake_prefix_path.ps1'
[7.994s] INFO:colcon.colcon_core.shell:Creating environment descriptor '/home/epiibots/ros2_ws/install/micro_ros_agent/share/micro_ros_agent/hook/cmake_prefix_path.dsv'
[7.995s] INFO:colcon.colcon_core.shell:Creating environment hook '/home/epiibots/ros2_ws/install/micro_ros_agent/share/micro_ros_agent/hook/cmake_prefix_path.sh'
[7.996s] Level 1:colcon.colcon_core.environment:checking '/home/epiibots/ros2_ws/install/micro_ros_agent/lib'
[7.996s] Level 1:colcon.colcon_core.shell:create_environment_hook('micro_ros_agent', 'ld_library_path_lib')
[7.997s] INFO:colcon.colcon_core.shell:Creating environment hook '/home/epiibots/ros2_ws/install/micro_ros_agent/share/micro_ros_agent/hook/ld_library_path_lib.ps1'
[7.998s] INFO:colcon.colcon_core.shell:Creating environment descriptor '/home/epiibots/ros2_ws/install/micro_ros_agent/share/micro_ros_agent/hook/ld_library_path_lib.dsv'
[7.999s] INFO:colcon.colcon_core.shell:Creating environment hook '/home/epiibots/ros2_ws/install/micro_ros_agent/share/micro_ros_agent/hook/ld_library_path_lib.sh'
[8.000s] Level 1:colcon.colcon_core.environment:checking '/home/epiibots/ros2_ws/install/micro_ros_agent/bin'
[8.000s] Level 1:colcon.colcon_core.environment:checking '/home/epiibots/ros2_ws/install/micro_ros_agent/lib/pkgconfig/micro_ros_agent.pc'
[8.067s] Level 1:colcon.colcon_core.environment:checking '/home/epiibots/ros2_ws/install/micro_ros_agent/lib/python3.12/site-packages'
[8.068s] Level 1:colcon.colcon_core.environment:checking '/home/epiibots/ros2_ws/install/micro_ros_agent/bin'
[8.068s] INFO:colcon.colcon_core.shell:Creating package script '/home/epiibots/ros2_ws/install/micro_ros_agent/share/micro_ros_agent/package.ps1'
[8.069s] INFO:colcon.colcon_core.shell:Creating package descriptor '/home/epiibots/ros2_ws/install/micro_ros_agent/share/micro_ros_agent/package.dsv'
[8.073s] INFO:colcon.colcon_core.shell:Creating package script '/home/epiibots/ros2_ws/install/micro_ros_agent/share/micro_ros_agent/package.sh'
[8.078s] INFO:colcon.colcon_core.shell:Creating package script '/home/epiibots/ros2_ws/install/micro_ros_agent/share/micro_ros_agent/package.bash'
[8.080s] INFO:colcon.colcon_core.shell:Creating package script '/home/epiibots/ros2_ws/install/micro_ros_agent/share/micro_ros_agent/package.zsh'
[8.081s] Level 1:colcon.colcon_core.environment:create_file_with_runtime_dependencies(/home/epiibots/ros2_ws/install/micro_ros_agent/share/colcon-core/packages/micro_ros_agent)
[8.083s] Level 1:colcon.colcon_core.environment:create_environment_scripts_only(micro_ros_agent)
[8.083s] Level 1:colcon.colcon_core.environment:checking '/home/epiibots/ros2_ws/install/micro_ros_agent' for CMake module files
[8.084s] Level 1:colcon.colcon_core.environment:checking '/home/epiibots/ros2_ws/install/micro_ros_agent' for CMake config files
[8.084s] Level 1:colcon.colcon_core.shell:create_environment_hook('micro_ros_agent', 'cmake_prefix_path')
[8.084s] INFO:colcon.colcon_core.shell:Creating environment hook '/home/epiibots/ros2_ws/install/micro_ros_agent/share/micro_ros_agent/hook/cmake_prefix_path.ps1'
[8.085s] INFO:colcon.colcon_core.shell:Creating environment descriptor '/home/epiibots/ros2_ws/install/micro_ros_agent/share/micro_ros_agent/hook/cmake_prefix_path.dsv'
[8.086s] INFO:colcon.colcon_core.shell:Creating environment hook '/home/epiibots/ros2_ws/install/micro_ros_agent/share/micro_ros_agent/hook/cmake_prefix_path.sh'
[8.087s] Level 1:colcon.colcon_core.environment:checking '/home/epiibots/ros2_ws/install/micro_ros_agent/lib'
[8.088s] Level 1:colcon.colcon_core.shell:create_environment_hook('micro_ros_agent', 'ld_library_path_lib')
[8.089s] INFO:colcon.colcon_core.shell:Creating environment hook '/home/epiibots/ros2_ws/install/micro_ros_agent/share/micro_ros_agent/hook/ld_library_path_lib.ps1'
[8.089s] INFO:colcon.colcon_core.shell:Creating environment descriptor '/home/epiibots/ros2_ws/install/micro_ros_agent/share/micro_ros_agent/hook/ld_library_path_lib.dsv'
[8.091s] INFO:colcon.colcon_core.shell:Creating environment hook '/home/epiibots/ros2_ws/install/micro_ros_agent/share/micro_ros_agent/hook/ld_library_path_lib.sh'
[8.092s] Level 1:colcon.colcon_core.environment:checking '/home/epiibots/ros2_ws/install/micro_ros_agent/bin'
[8.092s] Level 1:colcon.colcon_core.environment:checking '/home/epiibots/ros2_ws/install/micro_ros_agent/lib/pkgconfig/micro_ros_agent.pc'
[8.092s] Level 1:colcon.colcon_core.environment:checking '/home/epiibots/ros2_ws/install/micro_ros_agent/lib/python3.12/site-packages'
[8.093s] Level 1:colcon.colcon_core.environment:checking '/home/epiibots/ros2_ws/install/micro_ros_agent/bin'
[8.093s] INFO:colcon.colcon_core.shell:Creating package script '/home/epiibots/ros2_ws/install/micro_ros_agent/share/micro_ros_agent/package.ps1'
[8.094s] INFO:colcon.colcon_core.shell:Creating package descriptor '/home/epiibots/ros2_ws/install/micro_ros_agent/share/micro_ros_agent/package.dsv'
[8.095s] INFO:colcon.colcon_core.shell:Creating package script '/home/epiibots/ros2_ws/install/micro_ros_agent/share/micro_ros_agent/package.sh'
[8.096s] INFO:colcon.colcon_core.shell:Creating package script '/home/epiibots/ros2_ws/install/micro_ros_agent/share/micro_ros_agent/package.bash'
[8.097s] INFO:colcon.colcon_core.shell:Creating package script '/home/epiibots/ros2_ws/install/micro_ros_agent/share/micro_ros_agent/package.zsh'
[8.098s] Level 1:colcon.colcon_core.environment:create_file_with_runtime_dependencies(/home/epiibots/ros2_ws/install/micro_ros_agent/share/colcon-core/packages/micro_ros_agent)
[8.298s] Level 1:colcon.colcon_core.environment:checking '/home/epiibots/ros2_ws/install/pwm_rec' for CMake module files
[8.298s] DEBUG:colcon.colcon_core.event_handler.log_command:Invoked command in '/home/epiibots/ros2_ws/src/pwm_rec' returned '0': DEBUGINFOD_URLS=https://debuginfod.ubuntu.com PYTHONPATH=/home/epiibots/ros2_ws/build/pwm_rec/prefix_override:/usr/lib/python3/dist-packages/colcon_core/task/python/colcon_distutils_commands:/home/epiibots/ros2_ws/install/pwm_rec/lib/python3.12/site-packages:${PYTHONPATH} /usr/bin/python3 -W ignore:setup.py install is deprecated -W ignore:easy_install command is deprecated setup.py egg_info --egg-base ../../build/pwm_rec build --build-base /home/epiibots/ros2_ws/build/pwm_rec/build install --record /home/epiibots/ros2_ws/build/pwm_rec/install.log --single-version-externally-managed install_data
[8.299s] Level 1:colcon.colcon_core.environment:checking '/home/epiibots/ros2_ws/install/pwm_rec' for CMake config files
[8.300s] Level 1:colcon.colcon_core.environment:checking '/home/epiibots/ros2_ws/install/pwm_rec/lib'
[8.300s] Level 1:colcon.colcon_core.environment:checking '/home/epiibots/ros2_ws/install/pwm_rec/bin'
[8.300s] Level 1:colcon.colcon_core.environment:checking '/home/epiibots/ros2_ws/install/pwm_rec/lib/pkgconfig/pwm_rec.pc'
[8.300s] Level 1:colcon.colcon_core.environment:checking '/home/epiibots/ros2_ws/install/pwm_rec/lib/python3.12/site-packages'
[8.300s] Level 1:colcon.colcon_core.shell:create_environment_hook('pwm_rec', 'pythonpath')
[8.301s] INFO:colcon.colcon_core.shell:Creating environment hook '/home/epiibots/ros2_ws/install/pwm_rec/share/pwm_rec/hook/pythonpath.ps1'
[8.301s] INFO:colcon.colcon_core.shell:Creating environment descriptor '/home/epiibots/ros2_ws/install/pwm_rec/share/pwm_rec/hook/pythonpath.dsv'
[8.306s] INFO:colcon.colcon_core.shell:Creating environment hook '/home/epiibots/ros2_ws/install/pwm_rec/share/pwm_rec/hook/pythonpath.sh'
[8.307s] Level 1:colcon.colcon_core.environment:checking '/home/epiibots/ros2_ws/install/pwm_rec/bin'
[8.308s] Level 1:colcon.colcon_core.environment:create_environment_scripts_only(pwm_rec)
[8.308s] INFO:colcon.colcon_core.shell:Creating package script '/home/epiibots/ros2_ws/install/pwm_rec/share/pwm_rec/package.ps1'
[8.309s] INFO:colcon.colcon_core.shell:Creating package descriptor '/home/epiibots/ros2_ws/install/pwm_rec/share/pwm_rec/package.dsv'
[8.310s] INFO:colcon.colcon_core.shell:Creating package script '/home/epiibots/ros2_ws/install/pwm_rec/share/pwm_rec/package.sh'
[8.311s] INFO:colcon.colcon_core.shell:Creating package script '/home/epiibots/ros2_ws/install/pwm_rec/share/pwm_rec/package.bash'
[8.312s] INFO:colcon.colcon_core.shell:Creating package script '/home/epiibots/ros2_ws/install/pwm_rec/share/pwm_rec/package.zsh'
[8.313s] Level 1:colcon.colcon_core.environment:create_file_with_runtime_dependencies(/home/epiibots/ros2_ws/install/pwm_rec/share/colcon-core/packages/pwm_rec)
[8.317s] DEBUG:colcon.colcon_core.event_handler.log_command:Invoking command in '/home/epiibots/ros2_ws/src/controlegeral_carrinho': AMENT_PREFIX_PATH=/home/epiibots/ros2_ws/install/sllidar_ros2:/home/epiibots/ros2_ws/install/bno055:${AMENT_PREFIX_PATH} CMAKE_PREFIX_PATH=/home/epiibots/ros2_ws/install/sllidar_ros2:${CMAKE_PREFIX_PATH} DEBUGINFOD_URLS=https://debuginfod.ubuntu.com PYTHONPATH=/home/epiibots/ros2_ws/build/controlegeral_carrinho/prefix_override:/usr/lib/python3/dist-packages/colcon_core/task/python/colcon_distutils_commands:/home/epiibots/ros2_ws/install/controlegeral_carrinho/lib/python3.12/site-packages:/home/epiibots/ros2_ws/install/bno055/lib/python3.12/site-packages:${PYTHONPATH} /usr/bin/python3 -W ignore:setup.py install is deprecated -W ignore:easy_install command is deprecated setup.py egg_info --egg-base ../../build/controlegeral_carrinho build --build-base /home/epiibots/ros2_ws/build/controlegeral_carrinho/build install --record /home/epiibots/ros2_ws/build/controlegeral_carrinho/install.log --single-version-externally-managed install_data
[8.785s] Level 1:colcon.colcon_core.environment:checking '/home/epiibots/ros2_ws/install/servo_steering' for CMake module files
[8.785s] DEBUG:colcon.colcon_core.event_handler.log_command:Invoked command in '/home/epiibots/ros2_ws/src/servo_steering' returned '0': DEBUGINFOD_URLS=https://debuginfod.ubuntu.com PYTHONPATH=/home/epiibots/ros2_ws/build/servo_steering/prefix_override:/usr/lib/python3/dist-packages/colcon_core/task/python/colcon_distutils_commands:/home/epiibots/ros2_ws/install/servo_steering/lib/python3.12/site-packages:${PYTHONPATH} /usr/bin/python3 -W ignore:setup.py install is deprecated -W ignore:easy_install command is deprecated setup.py egg_info --egg-base ../../build/servo_steering build --build-base /home/epiibots/ros2_ws/build/servo_steering/build install --record /home/epiibots/ros2_ws/build/servo_steering/install.log --single-version-externally-managed install_data
[8.786s] Level 1:colcon.colcon_core.environment:checking '/home/epiibots/ros2_ws/install/servo_steering' for CMake config files
[8.787s] Level 1:colcon.colcon_core.environment:checking '/home/epiibots/ros2_ws/install/servo_steering/lib'
[8.787s] Level 1:colcon.colcon_core.environment:checking '/home/epiibots/ros2_ws/install/servo_steering/bin'
[8.787s] Level 1:colcon.colcon_core.environment:checking '/home/epiibots/ros2_ws/install/servo_steering/lib/pkgconfig/servo_steering.pc'
[8.787s] Level 1:colcon.colcon_core.environment:checking '/home/epiibots/ros2_ws/install/servo_steering/lib/python3.12/site-packages'
[8.787s] Level 1:colcon.colcon_core.shell:create_environment_hook('servo_steering', 'pythonpath')
[8.788s] INFO:colcon.colcon_core.shell:Creating environment hook '/home/epiibots/ros2_ws/install/servo_steering/share/servo_steering/hook/pythonpath.ps1'
[8.788s] INFO:colcon.colcon_core.shell:Creating environment descriptor '/home/epiibots/ros2_ws/install/servo_steering/share/servo_steering/hook/pythonpath.dsv'
[8.789s] INFO:colcon.colcon_core.shell:Creating environment hook '/home/epiibots/ros2_ws/install/servo_steering/share/servo_steering/hook/pythonpath.sh'
[8.789s] Level 1:colcon.colcon_core.environment:checking '/home/epiibots/ros2_ws/install/servo_steering/bin'
[8.790s] Level 1:colcon.colcon_core.environment:create_environment_scripts_only(servo_steering)
[8.790s] INFO:colcon.colcon_core.shell:Creating package script '/home/epiibots/ros2_ws/install/servo_steering/share/servo_steering/package.ps1'
[8.791s] INFO:colcon.colcon_core.shell:Creating package descriptor '/home/epiibots/ros2_ws/install/servo_steering/share/servo_steering/package.dsv'
[8.791s] INFO:colcon.colcon_core.shell:Creating package script '/home/epiibots/ros2_ws/install/servo_steering/share/servo_steering/package.sh'
[8.792s] INFO:colcon.colcon_core.shell:Creating package script '/home/epiibots/ros2_ws/install/servo_steering/share/servo_steering/package.bash'
[8.792s] INFO:colcon.colcon_core.shell:Creating package script '/home/epiibots/ros2_ws/install/servo_steering/share/servo_steering/package.zsh'
[8.793s] Level 1:colcon.colcon_core.environment:create_file_with_runtime_dependencies(/home/epiibots/ros2_ws/install/servo_steering/share/colcon-core/packages/servo_steering)
[9.151s] Level 1:colcon.colcon_core.environment:checking '/home/epiibots/ros2_ws/install/controlegeral_carrinho' for CMake module files
[9.152s] DEBUG:colcon.colcon_core.event_handler.log_command:Invoked command in '/home/epiibots/ros2_ws/src/controlegeral_carrinho' returned '0': AMENT_PREFIX_PATH=/home/epiibots/ros2_ws/install/sllidar_ros2:/home/epiibots/ros2_ws/install/bno055:${AMENT_PREFIX_PATH} CMAKE_PREFIX_PATH=/home/epiibots/ros2_ws/install/sllidar_ros2:${CMAKE_PREFIX_PATH} DEBUGINFOD_URLS=https://debuginfod.ubuntu.com PYTHONPATH=/home/epiibots/ros2_ws/build/controlegeral_carrinho/prefix_override:/usr/lib/python3/dist-packages/colcon_core/task/python/colcon_distutils_commands:/home/epiibots/ros2_ws/install/controlegeral_carrinho/lib/python3.12/site-packages:/home/epiibots/ros2_ws/install/bno055/lib/python3.12/site-packages:${PYTHONPATH} /usr/bin/python3 -W ignore:setup.py install is deprecated -W ignore:easy_install command is deprecated setup.py egg_info --egg-base ../../build/controlegeral_carrinho build --build-base /home/epiibots/ros2_ws/build/controlegeral_carrinho/build install --record /home/epiibots/ros2_ws/build/controlegeral_carrinho/install.log --single-version-externally-managed install_data
[9.152s] Level 1:colcon.colcon_core.environment:checking '/home/epiibots/ros2_ws/install/controlegeral_carrinho' for CMake config files
[9.153s] Level 1:colcon.colcon_core.environment:checking '/home/epiibots/ros2_ws/install/controlegeral_carrinho/lib'
[9.153s] Level 1:colcon.colcon_core.environment:checking '/home/epiibots/ros2_ws/install/controlegeral_carrinho/bin'
[9.153s] Level 1:colcon.colcon_core.environment:checking '/home/epiibots/ros2_ws/install/controlegeral_carrinho/lib/pkgconfig/controlegeral_carrinho.pc'
[9.153s] Level 1:colcon.colcon_core.environment:checking '/home/epiibots/ros2_ws/install/controlegeral_carrinho/lib/python3.12/site-packages'
[9.153s] Level 1:colcon.colcon_core.shell:create_environment_hook('controlegeral_carrinho', 'pythonpath')
[9.154s] INFO:colcon.colcon_core.shell:Creating environment hook '/home/epiibots/ros2_ws/install/controlegeral_carrinho/share/controlegeral_carrinho/hook/pythonpath.ps1'
[9.154s] INFO:colcon.colcon_core.shell:Creating environment descriptor '/home/epiibots/ros2_ws/install/controlegeral_carrinho/share/controlegeral_carrinho/hook/pythonpath.dsv'
[9.157s] INFO:colcon.colcon_core.shell:Creating environment hook '/home/epiibots/ros2_ws/install/controlegeral_carrinho/share/controlegeral_carrinho/hook/pythonpath.sh'
[9.159s] Level 1:colcon.colcon_core.environment:checking '/home/epiibots/ros2_ws/install/controlegeral_carrinho/bin'
[9.159s] Level 1:colcon.colcon_core.environment:create_environment_scripts_only(controlegeral_carrinho)
[9.159s] INFO:colcon.colcon_core.shell:Creating package script '/home/epiibots/ros2_ws/install/controlegeral_carrinho/share/controlegeral_carrinho/package.ps1'
[9.160s] INFO:colcon.colcon_core.shell:Creating package descriptor '/home/epiibots/ros2_ws/install/controlegeral_carrinho/share/controlegeral_carrinho/package.dsv'
[9.161s] INFO:colcon.colcon_core.shell:Creating package script '/home/epiibots/ros2_ws/install/controlegeral_carrinho/share/controlegeral_carrinho/package.sh'
[9.162s] INFO:colcon.colcon_core.shell:Creating package script '/home/epiibots/ros2_ws/install/controlegeral_carrinho/share/controlegeral_carrinho/package.bash'
[9.163s] INFO:colcon.colcon_core.shell:Creating package script '/home/epiibots/ros2_ws/install/controlegeral_carrinho/share/controlegeral_carrinho/package.zsh'
[9.164s] Level 1:colcon.colcon_core.environment:create_file_with_runtime_dependencies(/home/epiibots/ros2_ws/install/controlegeral_carrinho/share/colcon-core/packages/controlegeral_carrinho)
[9.165s] DEBUG:colcon.colcon_parallel_executor.executor.parallel:closing loop
[9.166s] DEBUG:colcon.colcon_parallel_executor.executor.parallel:loop closed
[9.166s] DEBUG:colcon.colcon_parallel_executor.executor.parallel:run_until_complete finished with '0'
[9.166s] DEBUG:colcon.colcon_core.event_reactor:joining thread
[9.167s] DEBUG:colcon.colcon_core.event_reactor:joined thread
[9.168s] INFO:colcon.colcon_core.shell:Creating prefix script '/home/epiibots/ros2_ws/install/local_setup.ps1'
[9.171s] INFO:colcon.colcon_core.shell:Creating prefix util module '/home/epiibots/ros2_ws/install/_local_setup_util_ps1.py'
[9.174s] INFO:colcon.colcon_core.shell:Creating prefix chain script '/home/epiibots/ros2_ws/install/setup.ps1'
[9.176s] INFO:colcon.colcon_core.shell:Creating prefix script '/home/epiibots/ros2_ws/install/local_setup.sh'
[9.178s] INFO:colcon.colcon_core.shell:Creating prefix util module '/home/epiibots/ros2_ws/install/_local_setup_util_sh.py'
[9.179s] INFO:colcon.colcon_core.shell:Creating prefix chain script '/home/epiibots/ros2_ws/install/setup.sh'
[9.181s] INFO:colcon.colcon_core.shell:Creating prefix script '/home/epiibots/ros2_ws/install/local_setup.bash'
[9.183s] INFO:colcon.colcon_core.shell:Creating prefix chain script '/home/epiibots/ros2_ws/install/setup.bash'
[9.185s] INFO:colcon.colcon_core.shell:Creating prefix script '/home/epiibots/ros2_ws/install/local_setup.zsh'
[9.187s] INFO:colcon.colcon_core.shell:Creating prefix chain script '/home/epiibots/ros2_ws/install/setup.zsh'
