[0.000000] (-) TimerEvent: {}
[0.000374] (bno055) JobQueued: {'identifier': 'bno055', 'dependencies': OrderedDict()}
[0.000740] (calibration) JobQueued: {'identifier': 'calibration', 'dependencies': OrderedDict()}
[0.000766] (carrinho_base) JobQueued: {'identifier': 'carrinho_base', 'dependencies': OrderedDict()}
[0.000785] (detector) JobQueued: {'identifier': 'detector', 'dependencies': OrderedDict()}
[0.000803] (drive_base_msgs) JobQueued: {'identifier': 'drive_base_msgs', 'dependencies': OrderedDict()}
[0.000820] (lidar_teste) JobQueued: {'identifier': 'lidar_teste', 'dependencies': OrderedDict()}
[0.000836] (micro_ros_msgs) JobQueued: {'identifier': 'micro_ros_msgs', 'dependencies': OrderedDict()}
[0.000852] (micro_ros_setup) JobQueued: {'identifier': 'micro_ros_setup', 'dependencies': OrderedDict()}
[0.000868] (pwm_rec) JobQueued: {'identifier': 'pwm_rec', 'dependencies': OrderedDict()}
[0.000884] (servo_steering) JobQueued: {'identifier': 'servo_steering', 'dependencies': OrderedDict()}
[0.000899] (sllidar_ros2) JobQueued: {'identifier': 'sllidar_ros2', 'dependencies': OrderedDict()}
[0.000916] (controlegeral_carrinho) JobQueued: {'identifier': 'controlegeral_carrinho', 'dependencies': OrderedDict({'bno055': '/home/epiibots/ros2_ws/install/bno055', 'sllidar_ros2': '/home/epiibots/ros2_ws/install/sllidar_ros2'})}
[0.000939] (micro_ros_agent) JobQueued: {'identifier': 'micro_ros_agent', 'dependencies': OrderedDict({'micro_ros_msgs': '/home/epiibots/ros2_ws/install/micro_ros_msgs'})}
[0.000960] (bno055) JobStarted: {'identifier': 'bno055'}
[0.013347] (micro_ros_msgs) JobStarted: {'identifier': 'micro_ros_msgs'}
[0.018460] (sllidar_ros2) JobStarted: {'identifier': 'sllidar_ros2'}
[0.023625] (calibration) JobStarted: {'identifier': 'calibration'}
[0.099674] (-) TimerEvent: {}
[0.199988] (-) TimerEvent: {}
[0.300316] (-) TimerEvent: {}
[0.355537] (micro_ros_msgs) JobProgress: {'identifier': 'micro_ros_msgs', 'progress': 'cmake'}
[0.356800] (micro_ros_msgs) JobProgress: {'identifier': 'micro_ros_msgs', 'progress': 'build'}
[0.357800] (micro_ros_msgs) Command: {'cmd': ['/usr/bin/cmake', '--build', '/home/epiibots/ros2_ws/build/micro_ros_msgs', '--', '-j4', '-l4'], 'cwd': '/home/epiibots/ros2_ws/build/micro_ros_msgs', 'env': OrderedDict({'LESSOPEN': '| /usr/bin/lesspipe %s', 'USER': 'epiibots', 'SSH_CLIENT': '192.168.0.101 63419 22', 'GZ_CONFIG_PATH': '/opt/ros/jazzy/opt/gz_sim_vendor/share/gz:/opt/ros/jazzy/opt/sdformat_vendor/share/gz:/opt/ros/jazzy/opt/gz_gui_vendor/share/gz:/opt/ros/jazzy/opt/gz_transport_vendor/share/gz:/opt/ros/jazzy/opt/gz_rendering_vendor/share/gz:/opt/ros/jazzy/opt/gz_plugin_vendor/share/gz:/opt/ros/jazzy/opt/gz_fuel_tools_vendor/share/gz:/opt/ros/jazzy/opt/gz_msgs_vendor/share/gz:/opt/ros/jazzy/opt/gz_common_vendor/share/gz', 'XDG_SESSION_TYPE': 'tty', 'SHLVL': '1', 'LD_LIBRARY_PATH': '/opt/ros/jazzy/opt/gz_sim_vendor/lib:/opt/ros/jazzy/opt/gz_sensors_vendor/lib:/opt/ros/jazzy/opt/gz_physics_vendor/lib:/opt/ros/jazzy/opt/sdformat_vendor/lib:/opt/ros/jazzy/opt/rviz_ogre_vendor/lib:/opt/ros/jazzy/lib/aarch64-linux-gnu:/opt/ros/jazzy/opt/gz_gui_vendor/lib:/opt/ros/jazzy/opt/gz_transport_vendor/lib:/opt/ros/jazzy/opt/gz_rendering_vendor/lib:/opt/ros/jazzy/opt/gz_plugin_vendor/lib:/opt/ros/jazzy/opt/gz_fuel_tools_vendor/lib:/opt/ros/jazzy/opt/gz_msgs_vendor/lib:/opt/ros/jazzy/opt/gz_common_vendor/lib:/opt/ros/jazzy/opt/gz_math_vendor/lib:/opt/ros/jazzy/opt/gz_utils_vendor/lib:/opt/ros/jazzy/opt/gz_tools_vendor/lib:/opt/ros/jazzy/opt/gz_ogre_next_vendor/lib:/opt/ros/jazzy/opt/gz_dartsim_vendor/lib:/opt/ros/jazzy/opt/gz_cmake_vendor/lib:/opt/ros/jazzy/lib', 'HOME': '/home/epiibots', 'OLDPWD': '/home/epiibots/ros2_ws/install', 'SSH_TTY': '/dev/pts/4', 'ROS_PYTHON_VERSION': '3', 'DBUS_SESSION_BUS_ADDRESS': 'unix:path=/run/user/1000/bus', 'DEBUGINFOD_URLS': 'https://debuginfod.ubuntu.com', 'ROS_DISTRO': 'jazzy', 'LOGNAME': 'epiibots', '_': '/usr/bin/colcon', 'ROS_VERSION': '2', 'XDG_SESSION_CLASS': 'user', 'TERM': 'xterm-256color', 'XDG_SESSION_ID': '11', 'PATH': '/opt/ros/jazzy/opt/gz_msgs_vendor/bin:/opt/ros/jazzy/opt/gz_tools_vendor/bin:/opt/ros/jazzy/opt/gz_ogre_next_vendor/bin:/opt/ros/jazzy/bin:/usr/local/sbin:/usr/local/bin:/usr/sbin:/usr/bin:/sbin:/bin:/usr/games:/usr/local/games:/snap/bin', 'XDG_RUNTIME_DIR': '/run/user/1000', 'LANG': 'en_US.UTF-8', 'LS_COLORS': 'rs=0:di=01;34:ln=01;36:mh=00:pi=40;33:so=01;35:do=01;35:bd=40;33;01:cd=40;33;01:or=40;31;01:mi=00:su=37;41:sg=30;43:ca=00:tw=30;42:ow=34;42:st=37;44:ex=01;32:*.tar=01;31:*.tgz=01;31:*.arc=01;31:*.arj=01;31:*.taz=01;31:*.lha=01;31:*.lz4=01;31:*.lzh=01;31:*.lzma=01;31:*.tlz=01;31:*.txz=01;31:*.tzo=01;31:*.t7z=01;31:*.zip=01;31:*.z=01;31:*.dz=01;31:*.gz=01;31:*.lrz=01;31:*.lz=01;31:*.lzo=01;31:*.xz=01;31:*.zst=01;31:*.tzst=01;31:*.bz2=01;31:*.bz=01;31:*.tbz=01;31:*.tbz2=01;31:*.tz=01;31:*.deb=01;31:*.rpm=01;31:*.jar=01;31:*.war=01;31:*.ear=01;31:*.sar=01;31:*.rar=01;31:*.alz=01;31:*.ace=01;31:*.zoo=01;31:*.cpio=01;31:*.7z=01;31:*.rz=01;31:*.cab=01;31:*.wim=01;31:*.swm=01;31:*.dwm=01;31:*.esd=01;31:*.avif=01;35:*.jpg=01;35:*.jpeg=01;35:*.mjpg=01;35:*.mjpeg=01;35:*.gif=01;35:*.bmp=01;35:*.pbm=01;35:*.pgm=01;35:*.ppm=01;35:*.tga=01;35:*.xbm=01;35:*.xpm=01;35:*.tif=01;35:*.tiff=01;35:*.png=01;35:*.svg=01;35:*.svgz=01;35:*.mng=01;35:*.pcx=01;35:*.mov=01;35:*.mpg=01;35:*.mpeg=01;35:*.m2v=01;35:*.mkv=01;35:*.webm=01;35:*.webp=01;35:*.ogm=01;35:*.mp4=01;35:*.m4v=01;35:*.mp4v=01;35:*.vob=01;35:*.qt=01;35:*.nuv=01;35:*.wmv=01;35:*.asf=01;35:*.rm=01;35:*.rmvb=01;35:*.flc=01;35:*.avi=01;35:*.fli=01;35:*.flv=01;35:*.gl=01;35:*.dl=01;35:*.xcf=01;35:*.xwd=01;35:*.yuv=01;35:*.cgm=01;35:*.emf=01;35:*.ogv=01;35:*.ogx=01;35:*.aac=00;36:*.au=00;36:*.flac=00;36:*.m4a=00;36:*.mid=00;36:*.midi=00;36:*.mka=00;36:*.mp3=00;36:*.mpc=00;36:*.ogg=00;36:*.ra=00;36:*.wav=00;36:*.oga=00;36:*.opus=00;36:*.spx=00;36:*.xspf=00;36:*~=00;90:*#=00;90:*.bak=00;90:*.crdownload=00;90:*.dpkg-dist=00;90:*.dpkg-new=00;90:*.dpkg-old=00;90:*.dpkg-tmp=00;90:*.old=00;90:*.orig=00;90:*.part=00;90:*.rej=00;90:*.rpmnew=00;90:*.rpmorig=00;90:*.rpmsave=00;90:*.swp=00;90:*.tmp=00;90:*.ucf-dist=00;90:*.ucf-new=00;90:*.ucf-old=00;90:', 'AMENT_PREFIX_PATH': '/opt/ros/jazzy', 'SHELL': '/bin/bash', 'LESSCLOSE': '/usr/bin/lesspipe %s %s', 'ROS_AUTOMATIC_DISCOVERY_RANGE': 'SUBNET', 'PWD': '/home/epiibots/ros2_ws/build/micro_ros_msgs', 'LC_ALL': 'en_US.UTF-8', 'SSH_CONNECTION': '192.168.0.101 63419 192.168.0.67 22', 'XDG_DATA_DIRS': '/usr/share/gnome:/usr/local/share:/usr/share:/var/lib/snapd/desktop', 'PYTHONPATH': '/opt/ros/jazzy/lib/python3.12/site-packages', 'COLCON': '1', 'CMAKE_PREFIX_PATH': '/opt/ros/jazzy/opt/gz_sim_vendor:/opt/ros/jazzy/opt/gz_sensors_vendor:/opt/ros/jazzy/opt/gz_physics_vendor:/opt/ros/jazzy/opt/sdformat_vendor:/opt/ros/jazzy/opt/gz_gui_vendor:/opt/ros/jazzy/opt/gz_transport_vendor:/opt/ros/jazzy/opt/gz_rendering_vendor:/opt/ros/jazzy/opt/gz_plugin_vendor:/opt/ros/jazzy/opt/gz_fuel_tools_vendor:/opt/ros/jazzy/opt/gz_msgs_vendor:/opt/ros/jazzy/opt/gz_common_vendor:/opt/ros/jazzy/opt/gz_math_vendor:/opt/ros/jazzy/opt/gz_utils_vendor:/opt/ros/jazzy/opt/gz_tools_vendor:/opt/ros/jazzy/opt/gz_ogre_next_vendor:/opt/ros/jazzy/opt/gz_dartsim_vendor:/opt/ros/jazzy/opt/gz_cmake_vendor:/opt/ros/jazzy'}), 'shell': False}
[0.362843] (sllidar_ros2) JobProgress: {'identifier': 'sllidar_ros2', 'progress': 'cmake'}
[0.363677] (sllidar_ros2) JobProgress: {'identifier': 'sllidar_ros2', 'progress': 'build'}
[0.365161] (sllidar_ros2) Command: {'cmd': ['/usr/bin/cmake', '--build', '/home/epiibots/ros2_ws/build/sllidar_ros2', '--', '-j4', '-l4'], 'cwd': '/home/epiibots/ros2_ws/build/sllidar_ros2', 'env': OrderedDict({'LESSOPEN': '| /usr/bin/lesspipe %s', 'USER': 'epiibots', 'SSH_CLIENT': '192.168.0.101 63419 22', 'GZ_CONFIG_PATH': '/opt/ros/jazzy/opt/gz_sim_vendor/share/gz:/opt/ros/jazzy/opt/sdformat_vendor/share/gz:/opt/ros/jazzy/opt/gz_gui_vendor/share/gz:/opt/ros/jazzy/opt/gz_transport_vendor/share/gz:/opt/ros/jazzy/opt/gz_rendering_vendor/share/gz:/opt/ros/jazzy/opt/gz_plugin_vendor/share/gz:/opt/ros/jazzy/opt/gz_fuel_tools_vendor/share/gz:/opt/ros/jazzy/opt/gz_msgs_vendor/share/gz:/opt/ros/jazzy/opt/gz_common_vendor/share/gz', 'XDG_SESSION_TYPE': 'tty', 'SHLVL': '1', 'LD_LIBRARY_PATH': '/opt/ros/jazzy/opt/gz_sim_vendor/lib:/opt/ros/jazzy/opt/gz_sensors_vendor/lib:/opt/ros/jazzy/opt/gz_physics_vendor/lib:/opt/ros/jazzy/opt/sdformat_vendor/lib:/opt/ros/jazzy/opt/rviz_ogre_vendor/lib:/opt/ros/jazzy/lib/aarch64-linux-gnu:/opt/ros/jazzy/opt/gz_gui_vendor/lib:/opt/ros/jazzy/opt/gz_transport_vendor/lib:/opt/ros/jazzy/opt/gz_rendering_vendor/lib:/opt/ros/jazzy/opt/gz_plugin_vendor/lib:/opt/ros/jazzy/opt/gz_fuel_tools_vendor/lib:/opt/ros/jazzy/opt/gz_msgs_vendor/lib:/opt/ros/jazzy/opt/gz_common_vendor/lib:/opt/ros/jazzy/opt/gz_math_vendor/lib:/opt/ros/jazzy/opt/gz_utils_vendor/lib:/opt/ros/jazzy/opt/gz_tools_vendor/lib:/opt/ros/jazzy/opt/gz_ogre_next_vendor/lib:/opt/ros/jazzy/opt/gz_dartsim_vendor/lib:/opt/ros/jazzy/opt/gz_cmake_vendor/lib:/opt/ros/jazzy/lib', 'HOME': '/home/epiibots', 'OLDPWD': '/home/epiibots/ros2_ws/install', 'SSH_TTY': '/dev/pts/4', 'ROS_PYTHON_VERSION': '3', 'DBUS_SESSION_BUS_ADDRESS': 'unix:path=/run/user/1000/bus', 'DEBUGINFOD_URLS': 'https://debuginfod.ubuntu.com', 'ROS_DISTRO': 'jazzy', 'LOGNAME': 'epiibots', '_': '/usr/bin/colcon', 'ROS_VERSION': '2', 'XDG_SESSION_CLASS': 'user', 'TERM': 'xterm-256color', 'XDG_SESSION_ID': '11', 'PATH': '/opt/ros/jazzy/opt/gz_msgs_vendor/bin:/opt/ros/jazzy/opt/gz_tools_vendor/bin:/opt/ros/jazzy/opt/gz_ogre_next_vendor/bin:/opt/ros/jazzy/bin:/usr/local/sbin:/usr/local/bin:/usr/sbin:/usr/bin:/sbin:/bin:/usr/games:/usr/local/games:/snap/bin', 'XDG_RUNTIME_DIR': '/run/user/1000', 'LANG': 'en_US.UTF-8', 'LS_COLORS': 'rs=0:di=01;34:ln=01;36:mh=00:pi=40;33:so=01;35:do=01;35:bd=40;33;01:cd=40;33;01:or=40;31;01:mi=00:su=37;41:sg=30;43:ca=00:tw=30;42:ow=34;42:st=37;44:ex=01;32:*.tar=01;31:*.tgz=01;31:*.arc=01;31:*.arj=01;31:*.taz=01;31:*.lha=01;31:*.lz4=01;31:*.lzh=01;31:*.lzma=01;31:*.tlz=01;31:*.txz=01;31:*.tzo=01;31:*.t7z=01;31:*.zip=01;31:*.z=01;31:*.dz=01;31:*.gz=01;31:*.lrz=01;31:*.lz=01;31:*.lzo=01;31:*.xz=01;31:*.zst=01;31:*.tzst=01;31:*.bz2=01;31:*.bz=01;31:*.tbz=01;31:*.tbz2=01;31:*.tz=01;31:*.deb=01;31:*.rpm=01;31:*.jar=01;31:*.war=01;31:*.ear=01;31:*.sar=01;31:*.rar=01;31:*.alz=01;31:*.ace=01;31:*.zoo=01;31:*.cpio=01;31:*.7z=01;31:*.rz=01;31:*.cab=01;31:*.wim=01;31:*.swm=01;31:*.dwm=01;31:*.esd=01;31:*.avif=01;35:*.jpg=01;35:*.jpeg=01;35:*.mjpg=01;35:*.mjpeg=01;35:*.gif=01;35:*.bmp=01;35:*.pbm=01;35:*.pgm=01;35:*.ppm=01;35:*.tga=01;35:*.xbm=01;35:*.xpm=01;35:*.tif=01;35:*.tiff=01;35:*.png=01;35:*.svg=01;35:*.svgz=01;35:*.mng=01;35:*.pcx=01;35:*.mov=01;35:*.mpg=01;35:*.mpeg=01;35:*.m2v=01;35:*.mkv=01;35:*.webm=01;35:*.webp=01;35:*.ogm=01;35:*.mp4=01;35:*.m4v=01;35:*.mp4v=01;35:*.vob=01;35:*.qt=01;35:*.nuv=01;35:*.wmv=01;35:*.asf=01;35:*.rm=01;35:*.rmvb=01;35:*.flc=01;35:*.avi=01;35:*.fli=01;35:*.flv=01;35:*.gl=01;35:*.dl=01;35:*.xcf=01;35:*.xwd=01;35:*.yuv=01;35:*.cgm=01;35:*.emf=01;35:*.ogv=01;35:*.ogx=01;35:*.aac=00;36:*.au=00;36:*.flac=00;36:*.m4a=00;36:*.mid=00;36:*.midi=00;36:*.mka=00;36:*.mp3=00;36:*.mpc=00;36:*.ogg=00;36:*.ra=00;36:*.wav=00;36:*.oga=00;36:*.opus=00;36:*.spx=00;36:*.xspf=00;36:*~=00;90:*#=00;90:*.bak=00;90:*.crdownload=00;90:*.dpkg-dist=00;90:*.dpkg-new=00;90:*.dpkg-old=00;90:*.dpkg-tmp=00;90:*.old=00;90:*.orig=00;90:*.part=00;90:*.rej=00;90:*.rpmnew=00;90:*.rpmorig=00;90:*.rpmsave=00;90:*.swp=00;90:*.tmp=00;90:*.ucf-dist=00;90:*.ucf-new=00;90:*.ucf-old=00;90:', 'AMENT_PREFIX_PATH': '/opt/ros/jazzy', 'SHELL': '/bin/bash', 'LESSCLOSE': '/usr/bin/lesspipe %s %s', 'ROS_AUTOMATIC_DISCOVERY_RANGE': 'SUBNET', 'PWD': '/home/epiibots/ros2_ws/build/sllidar_ros2', 'LC_ALL': 'en_US.UTF-8', 'SSH_CONNECTION': '192.168.0.101 63419 192.168.0.67 22', 'XDG_DATA_DIRS': '/usr/share/gnome:/usr/local/share:/usr/share:/var/lib/snapd/desktop', 'PYTHONPATH': '/opt/ros/jazzy/lib/python3.12/site-packages', 'COLCON': '1', 'CMAKE_PREFIX_PATH': '/opt/ros/jazzy/opt/gz_sim_vendor:/opt/ros/jazzy/opt/gz_sensors_vendor:/opt/ros/jazzy/opt/gz_physics_vendor:/opt/ros/jazzy/opt/sdformat_vendor:/opt/ros/jazzy/opt/gz_gui_vendor:/opt/ros/jazzy/opt/gz_transport_vendor:/opt/ros/jazzy/opt/gz_rendering_vendor:/opt/ros/jazzy/opt/gz_plugin_vendor:/opt/ros/jazzy/opt/gz_fuel_tools_vendor:/opt/ros/jazzy/opt/gz_msgs_vendor:/opt/ros/jazzy/opt/gz_common_vendor:/opt/ros/jazzy/opt/gz_math_vendor:/opt/ros/jazzy/opt/gz_utils_vendor:/opt/ros/jazzy/opt/gz_tools_vendor:/opt/ros/jazzy/opt/gz_ogre_next_vendor:/opt/ros/jazzy/opt/gz_dartsim_vendor:/opt/ros/jazzy/opt/gz_cmake_vendor:/opt/ros/jazzy'}), 'shell': False}
[0.400516] (-) TimerEvent: {}
[0.501657] (-) TimerEvent: {}
[0.517435] (micro_ros_msgs) StdoutLine: {'line': b'[  1%] Built target micro_ros_msgs__rosidl_generator_type_description\n'}
[0.546468] (micro_ros_msgs) StdoutLine: {'line': b'[  3%] Built target micro_ros_msgs__rs\n'}
[0.559541] (sllidar_ros2) StdoutLine: {'line': b'[ 10%] Built target sllidar_client\n'}
[0.568505] (micro_ros_msgs) StdoutLine: {'line': b'[  3%] Built target ament_cmake_python_copy_micro_ros_msgs\n'}
[0.577389] (sllidar_ros2) StdoutLine: {'line': b'[100%] Built target sllidar_node\n'}
[0.598876] (micro_ros_msgs) StdoutLine: {'line': b'[ 23%] Built target micro_ros_msgs__rosidl_generator_c\n'}
[0.601934] (-) TimerEvent: {}
[0.621633] (micro_ros_msgs) StdoutLine: {'line': b'[ 25%] Built target micro_ros_msgs__cpp\n'}
[0.686448] (micro_ros_msgs) StdoutLine: {'line': b'[ 34%] Built target micro_ros_msgs__rosidl_typesupport_fastrtps_c\n'}
[0.699027] (micro_ros_msgs) StdoutLine: {'line': b'[ 43%] Built target micro_ros_msgs__rosidl_typesupport_introspection_c\n'}
[0.702246] (-) TimerEvent: {}
[0.703009] (micro_ros_msgs) StdoutLine: {'line': b'[ 52%] Built target micro_ros_msgs__rosidl_typesupport_c\n'}
[0.742103] (micro_ros_msgs) StdoutLine: {'line': b'[ 61%] Built target micro_ros_msgs__rosidl_typesupport_fastrtps_cpp\n'}
[0.762100] (micro_ros_msgs) StdoutLine: {'line': b'[ 70%] Built target micro_ros_msgs__rosidl_typesupport_cpp\n'}
[0.773226] (micro_ros_msgs) StdoutLine: {'line': b'[ 80%] Built target micro_ros_msgs__rosidl_typesupport_introspection_cpp\n'}
[0.802451] (-) TimerEvent: {}
[0.816438] (micro_ros_msgs) StdoutLine: {'line': b'[ 80%] Built target micro_ros_msgs\n'}
[0.857567] (micro_ros_msgs) StdoutLine: {'line': b'[ 81%] Built target micro_ros_msgs__py\n'}
[0.902586] (-) TimerEvent: {}
[0.913061] (micro_ros_msgs) StdoutLine: {'line': b'[ 89%] Built target micro_ros_msgs__rosidl_generator_py\n'}
[0.975006] (micro_ros_msgs) StdoutLine: {'line': b'[ 92%] Built target micro_ros_msgs_s__rosidl_typesupport_fastrtps_c\n'}
[0.980160] (micro_ros_msgs) StdoutLine: {'line': b'[ 96%] Built target micro_ros_msgs_s__rosidl_typesupport_c\n'}
[0.988510] (sllidar_ros2) CommandEnded: {'returncode': 0}
[0.989116] (sllidar_ros2) JobProgress: {'identifier': 'sllidar_ros2', 'progress': 'install'}
[0.996070] (micro_ros_msgs) StdoutLine: {'line': b'[100%] Built target micro_ros_msgs_s__rosidl_typesupport_introspection_c\n'}
[1.001357] (micro_ros_msgs) StdoutLine: {'line': b'running egg_info\n'}
[1.002698] (-) TimerEvent: {}
[1.019728] (sllidar_ros2) Command: {'cmd': ['/usr/bin/cmake', '--install', '/home/epiibots/ros2_ws/build/sllidar_ros2'], 'cwd': '/home/epiibots/ros2_ws/build/sllidar_ros2', 'env': OrderedDict({'LESSOPEN': '| /usr/bin/lesspipe %s', 'USER': 'epiibots', 'SSH_CLIENT': '192.168.0.101 63419 22', 'GZ_CONFIG_PATH': '/opt/ros/jazzy/opt/gz_sim_vendor/share/gz:/opt/ros/jazzy/opt/sdformat_vendor/share/gz:/opt/ros/jazzy/opt/gz_gui_vendor/share/gz:/opt/ros/jazzy/opt/gz_transport_vendor/share/gz:/opt/ros/jazzy/opt/gz_rendering_vendor/share/gz:/opt/ros/jazzy/opt/gz_plugin_vendor/share/gz:/opt/ros/jazzy/opt/gz_fuel_tools_vendor/share/gz:/opt/ros/jazzy/opt/gz_msgs_vendor/share/gz:/opt/ros/jazzy/opt/gz_common_vendor/share/gz', 'XDG_SESSION_TYPE': 'tty', 'SHLVL': '1', 'LD_LIBRARY_PATH': '/opt/ros/jazzy/opt/gz_sim_vendor/lib:/opt/ros/jazzy/opt/gz_sensors_vendor/lib:/opt/ros/jazzy/opt/gz_physics_vendor/lib:/opt/ros/jazzy/opt/sdformat_vendor/lib:/opt/ros/jazzy/opt/rviz_ogre_vendor/lib:/opt/ros/jazzy/lib/aarch64-linux-gnu:/opt/ros/jazzy/opt/gz_gui_vendor/lib:/opt/ros/jazzy/opt/gz_transport_vendor/lib:/opt/ros/jazzy/opt/gz_rendering_vendor/lib:/opt/ros/jazzy/opt/gz_plugin_vendor/lib:/opt/ros/jazzy/opt/gz_fuel_tools_vendor/lib:/opt/ros/jazzy/opt/gz_msgs_vendor/lib:/opt/ros/jazzy/opt/gz_common_vendor/lib:/opt/ros/jazzy/opt/gz_math_vendor/lib:/opt/ros/jazzy/opt/gz_utils_vendor/lib:/opt/ros/jazzy/opt/gz_tools_vendor/lib:/opt/ros/jazzy/opt/gz_ogre_next_vendor/lib:/opt/ros/jazzy/opt/gz_dartsim_vendor/lib:/opt/ros/jazzy/opt/gz_cmake_vendor/lib:/opt/ros/jazzy/lib', 'HOME': '/home/epiibots', 'OLDPWD': '/home/epiibots/ros2_ws/install', 'SSH_TTY': '/dev/pts/4', 'ROS_PYTHON_VERSION': '3', 'DBUS_SESSION_BUS_ADDRESS': 'unix:path=/run/user/1000/bus', 'DEBUGINFOD_URLS': 'https://debuginfod.ubuntu.com', 'ROS_DISTRO': 'jazzy', 'LOGNAME': 'epiibots', '_': '/usr/bin/colcon', 'ROS_VERSION': '2', 'XDG_SESSION_CLASS': 'user', 'TERM': 'xterm-256color', 'XDG_SESSION_ID': '11', 'PATH': '/opt/ros/jazzy/opt/gz_msgs_vendor/bin:/opt/ros/jazzy/opt/gz_tools_vendor/bin:/opt/ros/jazzy/opt/gz_ogre_next_vendor/bin:/opt/ros/jazzy/bin:/usr/local/sbin:/usr/local/bin:/usr/sbin:/usr/bin:/sbin:/bin:/usr/games:/usr/local/games:/snap/bin', 'XDG_RUNTIME_DIR': '/run/user/1000', 'LANG': 'en_US.UTF-8', 'LS_COLORS': 'rs=0:di=01;34:ln=01;36:mh=00:pi=40;33:so=01;35:do=01;35:bd=40;33;01:cd=40;33;01:or=40;31;01:mi=00:su=37;41:sg=30;43:ca=00:tw=30;42:ow=34;42:st=37;44:ex=01;32:*.tar=01;31:*.tgz=01;31:*.arc=01;31:*.arj=01;31:*.taz=01;31:*.lha=01;31:*.lz4=01;31:*.lzh=01;31:*.lzma=01;31:*.tlz=01;31:*.txz=01;31:*.tzo=01;31:*.t7z=01;31:*.zip=01;31:*.z=01;31:*.dz=01;31:*.gz=01;31:*.lrz=01;31:*.lz=01;31:*.lzo=01;31:*.xz=01;31:*.zst=01;31:*.tzst=01;31:*.bz2=01;31:*.bz=01;31:*.tbz=01;31:*.tbz2=01;31:*.tz=01;31:*.deb=01;31:*.rpm=01;31:*.jar=01;31:*.war=01;31:*.ear=01;31:*.sar=01;31:*.rar=01;31:*.alz=01;31:*.ace=01;31:*.zoo=01;31:*.cpio=01;31:*.7z=01;31:*.rz=01;31:*.cab=01;31:*.wim=01;31:*.swm=01;31:*.dwm=01;31:*.esd=01;31:*.avif=01;35:*.jpg=01;35:*.jpeg=01;35:*.mjpg=01;35:*.mjpeg=01;35:*.gif=01;35:*.bmp=01;35:*.pbm=01;35:*.pgm=01;35:*.ppm=01;35:*.tga=01;35:*.xbm=01;35:*.xpm=01;35:*.tif=01;35:*.tiff=01;35:*.png=01;35:*.svg=01;35:*.svgz=01;35:*.mng=01;35:*.pcx=01;35:*.mov=01;35:*.mpg=01;35:*.mpeg=01;35:*.m2v=01;35:*.mkv=01;35:*.webm=01;35:*.webp=01;35:*.ogm=01;35:*.mp4=01;35:*.m4v=01;35:*.mp4v=01;35:*.vob=01;35:*.qt=01;35:*.nuv=01;35:*.wmv=01;35:*.asf=01;35:*.rm=01;35:*.rmvb=01;35:*.flc=01;35:*.avi=01;35:*.fli=01;35:*.flv=01;35:*.gl=01;35:*.dl=01;35:*.xcf=01;35:*.xwd=01;35:*.yuv=01;35:*.cgm=01;35:*.emf=01;35:*.ogv=01;35:*.ogx=01;35:*.aac=00;36:*.au=00;36:*.flac=00;36:*.m4a=00;36:*.mid=00;36:*.midi=00;36:*.mka=00;36:*.mp3=00;36:*.mpc=00;36:*.ogg=00;36:*.ra=00;36:*.wav=00;36:*.oga=00;36:*.opus=00;36:*.spx=00;36:*.xspf=00;36:*~=00;90:*#=00;90:*.bak=00;90:*.crdownload=00;90:*.dpkg-dist=00;90:*.dpkg-new=00;90:*.dpkg-old=00;90:*.dpkg-tmp=00;90:*.old=00;90:*.orig=00;90:*.part=00;90:*.rej=00;90:*.rpmnew=00;90:*.rpmorig=00;90:*.rpmsave=00;90:*.swp=00;90:*.tmp=00;90:*.ucf-dist=00;90:*.ucf-new=00;90:*.ucf-old=00;90:', 'AMENT_PREFIX_PATH': '/opt/ros/jazzy', 'SHELL': '/bin/bash', 'LESSCLOSE': '/usr/bin/lesspipe %s %s', 'ROS_AUTOMATIC_DISCOVERY_RANGE': 'SUBNET', 'PWD': '/home/epiibots/ros2_ws/build/sllidar_ros2', 'LC_ALL': 'en_US.UTF-8', 'SSH_CONNECTION': '192.168.0.101 63419 192.168.0.67 22', 'XDG_DATA_DIRS': '/usr/share/gnome:/usr/local/share:/usr/share:/var/lib/snapd/desktop', 'PYTHONPATH': '/opt/ros/jazzy/lib/python3.12/site-packages', 'COLCON': '1', 'CMAKE_PREFIX_PATH': '/opt/ros/jazzy/opt/gz_sim_vendor:/opt/ros/jazzy/opt/gz_sensors_vendor:/opt/ros/jazzy/opt/gz_physics_vendor:/opt/ros/jazzy/opt/sdformat_vendor:/opt/ros/jazzy/opt/gz_gui_vendor:/opt/ros/jazzy/opt/gz_transport_vendor:/opt/ros/jazzy/opt/gz_rendering_vendor:/opt/ros/jazzy/opt/gz_plugin_vendor:/opt/ros/jazzy/opt/gz_fuel_tools_vendor:/opt/ros/jazzy/opt/gz_msgs_vendor:/opt/ros/jazzy/opt/gz_common_vendor:/opt/ros/jazzy/opt/gz_math_vendor:/opt/ros/jazzy/opt/gz_utils_vendor:/opt/ros/jazzy/opt/gz_tools_vendor:/opt/ros/jazzy/opt/gz_ogre_next_vendor:/opt/ros/jazzy/opt/gz_dartsim_vendor:/opt/ros/jazzy/opt/gz_cmake_vendor:/opt/ros/jazzy'}), 'shell': False}
[1.043619] (micro_ros_msgs) StdoutLine: {'line': b'writing micro_ros_msgs.egg-info/PKG-INFO\n'}
[1.044588] (sllidar_ros2) StdoutLine: {'line': b'-- Install configuration: ""\n'}
[1.045520] (micro_ros_msgs) StdoutLine: {'line': b'writing dependency_links to micro_ros_msgs.egg-info/dependency_links.txt\n'}
[1.045877] (sllidar_ros2) StdoutLine: {'line': b'-- Execute custom install script\n'}
[1.046836] (sllidar_ros2) StdoutLine: {'line': b'-- Up-to-date symlink: /home/epiibots/ros2_ws/install/sllidar_ros2/share/sllidar_ros2/launch/__pycache__/sllidar_c1_launch.cpython-312.pyc\n'}
[1.047062] (sllidar_ros2) StdoutLine: {'line': b'-- Up-to-date symlink: /home/epiibots/ros2_ws/install/sllidar_ros2/share/sllidar_ros2/launch/sllidar_a1_launch.py\n'}
[1.047239] (sllidar_ros2) StdoutLine: {'line': b'-- Up-to-date symlink: /home/epiibots/ros2_ws/install/sllidar_ros2/share/sllidar_ros2/launch/sllidar_a2m12_launch .py\n'}
[1.047461] (sllidar_ros2) StdoutLine: {'line': b'-- Up-to-date symlink: /home/epiibots/ros2_ws/install/sllidar_ros2/share/sllidar_ros2/launch/sllidar_a2m7_launch.py\n'}
[1.047656] (sllidar_ros2) StdoutLine: {'line': b'-- Up-to-date symlink: /home/epiibots/ros2_ws/install/sllidar_ros2/share/sllidar_ros2/launch/sllidar_a2m8_launch.py\n'}
[1.047832] (sllidar_ros2) StdoutLine: {'line': b'-- Up-to-date symlink: /home/epiibots/ros2_ws/install/sllidar_ros2/share/sllidar_ros2/launch/sllidar_a3_launch.py\n'}
[1.048670] (sllidar_ros2) StdoutLine: {'line': b'-- Up-to-date symlink: /home/epiibots/ros2_ws/install/sllidar_ros2/share/sllidar_ros2/launch/sllidar_c1_launch.py\n'}
[1.048934] (micro_ros_msgs) StdoutLine: {'line': b'writing top-level names to micro_ros_msgs.egg-info/top_level.txt\n'}
[1.049083] (sllidar_ros2) StdoutLine: {'line': b'-- Up-to-date symlink: /home/epiibots/ros2_ws/install/sllidar_ros2/share/sllidar_ros2/launch/sllidar_s1_launch.py\n'}
[1.049182] (sllidar_ros2) StdoutLine: {'line': b'-- Up-to-date symlink: /home/epiibots/ros2_ws/install/sllidar_ros2/share/sllidar_ros2/launch/sllidar_s1_tcp_launch.py\n'}
[1.049376] (sllidar_ros2) StdoutLine: {'line': b'-- Up-to-date symlink: /home/epiibots/ros2_ws/install/sllidar_ros2/share/sllidar_ros2/launch/sllidar_s2_launch.py\n'}
[1.049526] (sllidar_ros2) StdoutLine: {'line': b'-- Up-to-date symlink: /home/epiibots/ros2_ws/install/sllidar_ros2/share/sllidar_ros2/launch/sllidar_s2e_launch.py\n'}
[1.052337] (sllidar_ros2) StdoutLine: {'line': b'-- Up-to-date symlink: /home/epiibots/ros2_ws/install/sllidar_ros2/share/sllidar_ros2/launch/sllidar_s3_launch.py\n'}
[1.052710] (sllidar_ros2) StdoutLine: {'line': b'-- Up-to-date symlink: /home/epiibots/ros2_ws/install/sllidar_ros2/share/sllidar_ros2/launch/sllidar_t1_launch.py\n'}
[1.052869] (sllidar_ros2) StdoutLine: {'line': b'-- Up-to-date symlink: /home/epiibots/ros2_ws/install/sllidar_ros2/share/sllidar_ros2/launch/view_sllidar_a1_launch.py\n'}
[1.052972] (sllidar_ros2) StdoutLine: {'line': b'-- Up-to-date symlink: /home/epiibots/ros2_ws/install/sllidar_ros2/share/sllidar_ros2/launch/view_sllidar_a2m12_launch.py\n'}
[1.053082] (sllidar_ros2) StdoutLine: {'line': b'-- Up-to-date symlink: /home/epiibots/ros2_ws/install/sllidar_ros2/share/sllidar_ros2/launch/view_sllidar_a2m7_launch.py\n'}
[1.053212] (sllidar_ros2) StdoutLine: {'line': b'-- Up-to-date symlink: /home/epiibots/ros2_ws/install/sllidar_ros2/share/sllidar_ros2/launch/view_sllidar_a2m8_launch.py\n'}
[1.053455] (sllidar_ros2) StdoutLine: {'line': b'-- Up-to-date symlink: /home/epiibots/ros2_ws/install/sllidar_ros2/share/sllidar_ros2/launch/view_sllidar_a3_launch.py\n'}
[1.053586] (sllidar_ros2) StdoutLine: {'line': b'-- Up-to-date symlink: /home/epiibots/ros2_ws/install/sllidar_ros2/share/sllidar_ros2/launch/view_sllidar_c1_launch.py\n'}
[1.053696] (sllidar_ros2) StdoutLine: {'line': b'-- Up-to-date symlink: /home/epiibots/ros2_ws/install/sllidar_ros2/share/sllidar_ros2/launch/view_sllidar_s1_launch.py\n'}
[1.053795] (sllidar_ros2) StdoutLine: {'line': b'-- Up-to-date symlink: /home/epiibots/ros2_ws/install/sllidar_ros2/share/sllidar_ros2/launch/view_sllidar_s1_tcp_launch.py\n'}
[1.053893] (sllidar_ros2) StdoutLine: {'line': b'-- Up-to-date symlink: /home/epiibots/ros2_ws/install/sllidar_ros2/share/sllidar_ros2/launch/view_sllidar_s2_launch.py\n'}
[1.054041] (sllidar_ros2) StdoutLine: {'line': b'-- Up-to-date symlink: /home/epiibots/ros2_ws/install/sllidar_ros2/share/sllidar_ros2/launch/view_sllidar_s2e_launch.py\n'}
[1.054199] (sllidar_ros2) StdoutLine: {'line': b'-- Up-to-date symlink: /home/epiibots/ros2_ws/install/sllidar_ros2/share/sllidar_ros2/launch/view_sllidar_s3_launch.py\n'}
[1.054614] (sllidar_ros2) StdoutLine: {'line': b'-- Up-to-date symlink: /home/epiibots/ros2_ws/install/sllidar_ros2/share/sllidar_ros2/launch/view_sllidar_t1_launch.py\n'}
[1.054790] (sllidar_ros2) StdoutLine: {'line': b'-- Up-to-date symlink: /home/epiibots/ros2_ws/install/sllidar_ros2/share/sllidar_ros2/rviz/sllidar_ros2.rviz\n'}
[1.057343] (sllidar_ros2) StdoutLine: {'line': b'-- Up-to-date symlink: /home/epiibots/ros2_ws/install/sllidar_ros2/lib/sllidar_ros2/sllidar_node\n'}
[1.057744] (sllidar_ros2) StdoutLine: {'line': b'-- Up-to-date symlink: /home/epiibots/ros2_ws/install/sllidar_ros2/lib/sllidar_ros2/sllidar_client\n'}
[1.057991] (sllidar_ros2) StdoutLine: {'line': b'-- Up-to-date symlink: /home/epiibots/ros2_ws/install/sllidar_ros2/share/ament_index/resource_index/package_run_dependencies/sllidar_ros2\n'}
[1.058119] (sllidar_ros2) StdoutLine: {'line': b'-- Up-to-date symlink: /home/epiibots/ros2_ws/install/sllidar_ros2/share/ament_index/resource_index/parent_prefix_path/sllidar_ros2\n'}
[1.058231] (sllidar_ros2) StdoutLine: {'line': b'-- Up-to-date symlink: /home/epiibots/ros2_ws/install/sllidar_ros2/share/sllidar_ros2/environment/ament_prefix_path.sh\n'}
[1.058460] (sllidar_ros2) StdoutLine: {'line': b'-- Up-to-date symlink: /home/epiibots/ros2_ws/install/sllidar_ros2/share/sllidar_ros2/environment/ament_prefix_path.dsv\n'}
[1.058585] (sllidar_ros2) StdoutLine: {'line': b'-- Up-to-date symlink: /home/epiibots/ros2_ws/install/sllidar_ros2/share/sllidar_ros2/environment/path.sh\n'}
[1.058698] (sllidar_ros2) StdoutLine: {'line': b'-- Up-to-date symlink: /home/epiibots/ros2_ws/install/sllidar_ros2/share/sllidar_ros2/environment/path.dsv\n'}
[1.058963] (sllidar_ros2) StdoutLine: {'line': b'-- Up-to-date symlink: /home/epiibots/ros2_ws/install/sllidar_ros2/share/sllidar_ros2/local_setup.bash\n'}
[1.059118] (sllidar_ros2) StdoutLine: {'line': b'-- Up-to-date symlink: /home/epiibots/ros2_ws/install/sllidar_ros2/share/sllidar_ros2/local_setup.sh\n'}
[1.059319] (sllidar_ros2) StdoutLine: {'line': b'-- Up-to-date symlink: /home/epiibots/ros2_ws/install/sllidar_ros2/share/sllidar_ros2/local_setup.zsh\n'}
[1.059921] (sllidar_ros2) StdoutLine: {'line': b'-- Up-to-date symlink: /home/epiibots/ros2_ws/install/sllidar_ros2/share/sllidar_ros2/local_setup.dsv\n'}
[1.060101] (sllidar_ros2) StdoutLine: {'line': b'-- Symlinking: /home/epiibots/ros2_ws/install/sllidar_ros2/share/sllidar_ros2/package.dsv\n'}
[1.088384] (sllidar_ros2) StdoutLine: {'line': b'-- Up-to-date symlink: /home/epiibots/ros2_ws/install/sllidar_ros2/share/ament_index/resource_index/packages/sllidar_ros2\n'}
[1.088729] (sllidar_ros2) StdoutLine: {'line': b'-- Up-to-date symlink: /home/epiibots/ros2_ws/install/sllidar_ros2/share/sllidar_ros2/cmake/ament_cmake_export_dependencies-extras.cmake\n'}
[1.088860] (sllidar_ros2) StdoutLine: {'line': b'-- Up-to-date symlink: /home/epiibots/ros2_ws/install/sllidar_ros2/share/sllidar_ros2/cmake/ament_cmake_export_include_directories-extras.cmake\n'}
[1.089053] (sllidar_ros2) StdoutLine: {'line': b'-- Up-to-date symlink: /home/epiibots/ros2_ws/install/sllidar_ros2/share/sllidar_ros2/cmake/sllidar_ros2Config.cmake\n'}
[1.089191] (sllidar_ros2) StdoutLine: {'line': b'-- Up-to-date symlink: /home/epiibots/ros2_ws/install/sllidar_ros2/share/sllidar_ros2/cmake/sllidar_ros2Config-version.cmake\n'}
[1.089319] (sllidar_ros2) StdoutLine: {'line': b'-- Up-to-date symlink: /home/epiibots/ros2_ws/install/sllidar_ros2/share/sllidar_ros2/package.xml\n'}
[1.093410] (sllidar_ros2) CommandEnded: {'returncode': 0}
[1.102798] (-) TimerEvent: {}
[1.128174] (sllidar_ros2) JobEnded: {'identifier': 'sllidar_ros2', 'rc': 0}
[1.129890] (carrinho_base) JobStarted: {'identifier': 'carrinho_base'}
[1.164124] (micro_ros_msgs) StdoutLine: {'line': b"reading manifest file 'micro_ros_msgs.egg-info/SOURCES.txt'\n"}
[1.165397] (micro_ros_msgs) StdoutLine: {'line': b"writing manifest file 'micro_ros_msgs.egg-info/SOURCES.txt'\n"}
[1.203483] (-) TimerEvent: {}
[1.295362] (micro_ros_msgs) StdoutLine: {'line': b'[100%] Built target ament_cmake_python_build_micro_ros_msgs_egg\n'}
[1.303592] (-) TimerEvent: {}
[1.404027] (-) TimerEvent: {}
[1.504483] (-) TimerEvent: {}
[1.553601] (micro_ros_msgs) CommandEnded: {'returncode': 0}
[1.556199] (micro_ros_msgs) JobProgress: {'identifier': 'micro_ros_msgs', 'progress': 'install'}
[1.556315] (micro_ros_msgs) Command: {'cmd': ['/usr/bin/cmake', '--install', '/home/epiibots/ros2_ws/build/micro_ros_msgs'], 'cwd': '/home/epiibots/ros2_ws/build/micro_ros_msgs', 'env': OrderedDict({'LESSOPEN': '| /usr/bin/lesspipe %s', 'USER': 'epiibots', 'SSH_CLIENT': '192.168.0.101 63419 22', 'GZ_CONFIG_PATH': '/opt/ros/jazzy/opt/gz_sim_vendor/share/gz:/opt/ros/jazzy/opt/sdformat_vendor/share/gz:/opt/ros/jazzy/opt/gz_gui_vendor/share/gz:/opt/ros/jazzy/opt/gz_transport_vendor/share/gz:/opt/ros/jazzy/opt/gz_rendering_vendor/share/gz:/opt/ros/jazzy/opt/gz_plugin_vendor/share/gz:/opt/ros/jazzy/opt/gz_fuel_tools_vendor/share/gz:/opt/ros/jazzy/opt/gz_msgs_vendor/share/gz:/opt/ros/jazzy/opt/gz_common_vendor/share/gz', 'XDG_SESSION_TYPE': 'tty', 'SHLVL': '1', 'LD_LIBRARY_PATH': '/opt/ros/jazzy/opt/gz_sim_vendor/lib:/opt/ros/jazzy/opt/gz_sensors_vendor/lib:/opt/ros/jazzy/opt/gz_physics_vendor/lib:/opt/ros/jazzy/opt/sdformat_vendor/lib:/opt/ros/jazzy/opt/rviz_ogre_vendor/lib:/opt/ros/jazzy/lib/aarch64-linux-gnu:/opt/ros/jazzy/opt/gz_gui_vendor/lib:/opt/ros/jazzy/opt/gz_transport_vendor/lib:/opt/ros/jazzy/opt/gz_rendering_vendor/lib:/opt/ros/jazzy/opt/gz_plugin_vendor/lib:/opt/ros/jazzy/opt/gz_fuel_tools_vendor/lib:/opt/ros/jazzy/opt/gz_msgs_vendor/lib:/opt/ros/jazzy/opt/gz_common_vendor/lib:/opt/ros/jazzy/opt/gz_math_vendor/lib:/opt/ros/jazzy/opt/gz_utils_vendor/lib:/opt/ros/jazzy/opt/gz_tools_vendor/lib:/opt/ros/jazzy/opt/gz_ogre_next_vendor/lib:/opt/ros/jazzy/opt/gz_dartsim_vendor/lib:/opt/ros/jazzy/opt/gz_cmake_vendor/lib:/opt/ros/jazzy/lib', 'HOME': '/home/epiibots', 'OLDPWD': '/home/epiibots/ros2_ws/install', 'SSH_TTY': '/dev/pts/4', 'ROS_PYTHON_VERSION': '3', 'DBUS_SESSION_BUS_ADDRESS': 'unix:path=/run/user/1000/bus', 'DEBUGINFOD_URLS': 'https://debuginfod.ubuntu.com', 'ROS_DISTRO': 'jazzy', 'LOGNAME': 'epiibots', '_': '/usr/bin/colcon', 'ROS_VERSION': '2', 'XDG_SESSION_CLASS': 'user', 'TERM': 'xterm-256color', 'XDG_SESSION_ID': '11', 'PATH': '/opt/ros/jazzy/opt/gz_msgs_vendor/bin:/opt/ros/jazzy/opt/gz_tools_vendor/bin:/opt/ros/jazzy/opt/gz_ogre_next_vendor/bin:/opt/ros/jazzy/bin:/usr/local/sbin:/usr/local/bin:/usr/sbin:/usr/bin:/sbin:/bin:/usr/games:/usr/local/games:/snap/bin', 'XDG_RUNTIME_DIR': '/run/user/1000', 'LANG': 'en_US.UTF-8', 'LS_COLORS': 'rs=0:di=01;34:ln=01;36:mh=00:pi=40;33:so=01;35:do=01;35:bd=40;33;01:cd=40;33;01:or=40;31;01:mi=00:su=37;41:sg=30;43:ca=00:tw=30;42:ow=34;42:st=37;44:ex=01;32:*.tar=01;31:*.tgz=01;31:*.arc=01;31:*.arj=01;31:*.taz=01;31:*.lha=01;31:*.lz4=01;31:*.lzh=01;31:*.lzma=01;31:*.tlz=01;31:*.txz=01;31:*.tzo=01;31:*.t7z=01;31:*.zip=01;31:*.z=01;31:*.dz=01;31:*.gz=01;31:*.lrz=01;31:*.lz=01;31:*.lzo=01;31:*.xz=01;31:*.zst=01;31:*.tzst=01;31:*.bz2=01;31:*.bz=01;31:*.tbz=01;31:*.tbz2=01;31:*.tz=01;31:*.deb=01;31:*.rpm=01;31:*.jar=01;31:*.war=01;31:*.ear=01;31:*.sar=01;31:*.rar=01;31:*.alz=01;31:*.ace=01;31:*.zoo=01;31:*.cpio=01;31:*.7z=01;31:*.rz=01;31:*.cab=01;31:*.wim=01;31:*.swm=01;31:*.dwm=01;31:*.esd=01;31:*.avif=01;35:*.jpg=01;35:*.jpeg=01;35:*.mjpg=01;35:*.mjpeg=01;35:*.gif=01;35:*.bmp=01;35:*.pbm=01;35:*.pgm=01;35:*.ppm=01;35:*.tga=01;35:*.xbm=01;35:*.xpm=01;35:*.tif=01;35:*.tiff=01;35:*.png=01;35:*.svg=01;35:*.svgz=01;35:*.mng=01;35:*.pcx=01;35:*.mov=01;35:*.mpg=01;35:*.mpeg=01;35:*.m2v=01;35:*.mkv=01;35:*.webm=01;35:*.webp=01;35:*.ogm=01;35:*.mp4=01;35:*.m4v=01;35:*.mp4v=01;35:*.vob=01;35:*.qt=01;35:*.nuv=01;35:*.wmv=01;35:*.asf=01;35:*.rm=01;35:*.rmvb=01;35:*.flc=01;35:*.avi=01;35:*.fli=01;35:*.flv=01;35:*.gl=01;35:*.dl=01;35:*.xcf=01;35:*.xwd=01;35:*.yuv=01;35:*.cgm=01;35:*.emf=01;35:*.ogv=01;35:*.ogx=01;35:*.aac=00;36:*.au=00;36:*.flac=00;36:*.m4a=00;36:*.mid=00;36:*.midi=00;36:*.mka=00;36:*.mp3=00;36:*.mpc=00;36:*.ogg=00;36:*.ra=00;36:*.wav=00;36:*.oga=00;36:*.opus=00;36:*.spx=00;36:*.xspf=00;36:*~=00;90:*#=00;90:*.bak=00;90:*.crdownload=00;90:*.dpkg-dist=00;90:*.dpkg-new=00;90:*.dpkg-old=00;90:*.dpkg-tmp=00;90:*.old=00;90:*.orig=00;90:*.part=00;90:*.rej=00;90:*.rpmnew=00;90:*.rpmorig=00;90:*.rpmsave=00;90:*.swp=00;90:*.tmp=00;90:*.ucf-dist=00;90:*.ucf-new=00;90:*.ucf-old=00;90:', 'AMENT_PREFIX_PATH': '/opt/ros/jazzy', 'SHELL': '/bin/bash', 'LESSCLOSE': '/usr/bin/lesspipe %s %s', 'ROS_AUTOMATIC_DISCOVERY_RANGE': 'SUBNET', 'PWD': '/home/epiibots/ros2_ws/build/micro_ros_msgs', 'LC_ALL': 'en_US.UTF-8', 'SSH_CONNECTION': '192.168.0.101 63419 192.168.0.67 22', 'XDG_DATA_DIRS': '/usr/share/gnome:/usr/local/share:/usr/share:/var/lib/snapd/desktop', 'PYTHONPATH': '/opt/ros/jazzy/lib/python3.12/site-packages', 'COLCON': '1', 'CMAKE_PREFIX_PATH': '/opt/ros/jazzy/opt/gz_sim_vendor:/opt/ros/jazzy/opt/gz_sensors_vendor:/opt/ros/jazzy/opt/gz_physics_vendor:/opt/ros/jazzy/opt/sdformat_vendor:/opt/ros/jazzy/opt/gz_gui_vendor:/opt/ros/jazzy/opt/gz_transport_vendor:/opt/ros/jazzy/opt/gz_rendering_vendor:/opt/ros/jazzy/opt/gz_plugin_vendor:/opt/ros/jazzy/opt/gz_fuel_tools_vendor:/opt/ros/jazzy/opt/gz_msgs_vendor:/opt/ros/jazzy/opt/gz_common_vendor:/opt/ros/jazzy/opt/gz_math_vendor:/opt/ros/jazzy/opt/gz_utils_vendor:/opt/ros/jazzy/opt/gz_tools_vendor:/opt/ros/jazzy/opt/gz_ogre_next_vendor:/opt/ros/jazzy/opt/gz_dartsim_vendor:/opt/ros/jazzy/opt/gz_cmake_vendor:/opt/ros/jazzy'}), 'shell': False}
[1.581041] (micro_ros_msgs) StdoutLine: {'line': b'-- Install configuration: ""\n'}
[1.582658] (micro_ros_msgs) StdoutLine: {'line': b'-- Up-to-date: /home/epiibots/ros2_ws/install/micro_ros_msgs/share/ament_index/resource_index/rosidl_interfaces/micro_ros_msgs\n'}
[1.582951] (micro_ros_msgs) StdoutLine: {'line': b'-- Up-to-date: /home/epiibots/ros2_ws/install/micro_ros_msgs/share/micro_ros_msgs/msg/Graph.json\n'}
[1.583165] (micro_ros_msgs) StdoutLine: {'line': b'-- Up-to-date: /home/epiibots/ros2_ws/install/micro_ros_msgs/share/micro_ros_msgs/msg/Node.json\n'}
[1.583924] (micro_ros_msgs) StdoutLine: {'line': b'-- Up-to-date: /home/epiibots/ros2_ws/install/micro_ros_msgs/share/micro_ros_msgs/msg/Entity.json\n'}
[1.584463] (micro_ros_msgs) StdoutLine: {'line': b'-- Up-to-date: /home/epiibots/ros2_ws/install/micro_ros_msgs/include/micro_ros_msgs/micro_ros_msgs\n'}
[1.584581] (micro_ros_msgs) StdoutLine: {'line': b'-- Up-to-date: /home/epiibots/ros2_ws/install/micro_ros_msgs/include/micro_ros_msgs/micro_ros_msgs/msg\n'}
[1.585307] (micro_ros_msgs) StdoutLine: {'line': b'-- Up-to-date: /home/epiibots/ros2_ws/install/micro_ros_msgs/include/micro_ros_msgs/micro_ros_msgs/msg/entity.h\n'}
[1.585571] (micro_ros_msgs) StdoutLine: {'line': b'-- Up-to-date: /home/epiibots/ros2_ws/install/micro_ros_msgs/include/micro_ros_msgs/micro_ros_msgs/msg/graph.h\n'}
[1.586620] (micro_ros_msgs) StdoutLine: {'line': b'-- Up-to-date: /home/epiibots/ros2_ws/install/micro_ros_msgs/include/micro_ros_msgs/micro_ros_msgs/msg/node.h\n'}
[1.586758] (micro_ros_msgs) StdoutLine: {'line': b'-- Up-to-date: /home/epiibots/ros2_ws/install/micro_ros_msgs/include/micro_ros_msgs/micro_ros_msgs/msg/rosidl_generator_c__visibility_control.h\n'}
[1.586859] (micro_ros_msgs) StdoutLine: {'line': b'-- Up-to-date: /home/epiibots/ros2_ws/install/micro_ros_msgs/include/micro_ros_msgs/micro_ros_msgs/msg/detail\n'}
[1.586956] (micro_ros_msgs) StdoutLine: {'line': b'-- Up-to-date: /home/epiibots/ros2_ws/install/micro_ros_msgs/include/micro_ros_msgs/micro_ros_msgs/msg/detail/node__description.c\n'}
[1.587041] (micro_ros_msgs) StdoutLine: {'line': b'-- Up-to-date: /home/epiibots/ros2_ws/install/micro_ros_msgs/include/micro_ros_msgs/micro_ros_msgs/msg/detail/graph__struct.h\n'}
[1.587142] (micro_ros_msgs) StdoutLine: {'line': b'-- Up-to-date: /home/epiibots/ros2_ws/install/micro_ros_msgs/include/micro_ros_msgs/micro_ros_msgs/msg/detail/node__functions.h\n'}
[1.587237] (micro_ros_msgs) StdoutLine: {'line': b'-- Up-to-date: /home/epiibots/ros2_ws/install/micro_ros_msgs/include/micro_ros_msgs/micro_ros_msgs/msg/detail/entity__type_support.h\n'}
[1.588678] (micro_ros_msgs) StdoutLine: {'line': b'-- Up-to-date: /home/epiibots/ros2_ws/install/micro_ros_msgs/include/micro_ros_msgs/micro_ros_msgs/msg/detail/node__struct.h\n'}
[1.589410] (micro_ros_msgs) StdoutLine: {'line': b'-- Up-to-date: /home/epiibots/ros2_ws/install/micro_ros_msgs/include/micro_ros_msgs/micro_ros_msgs/msg/detail/graph__description.c\n'}
[1.589539] (micro_ros_msgs) StdoutLine: {'line': b'-- Up-to-date: /home/epiibots/ros2_ws/install/micro_ros_msgs/include/micro_ros_msgs/micro_ros_msgs/msg/detail/graph__type_support.h\n'}
[1.590721] (micro_ros_msgs) StdoutLine: {'line': b'-- Up-to-date: /home/epiibots/ros2_ws/install/micro_ros_msgs/include/micro_ros_msgs/micro_ros_msgs/msg/detail/graph__functions.h\n'}
[1.590878] (micro_ros_msgs) StdoutLine: {'line': b'-- Up-to-date: /home/epiibots/ros2_ws/install/micro_ros_msgs/include/micro_ros_msgs/micro_ros_msgs/msg/detail/entity__functions.c\n'}
[1.590980] (micro_ros_msgs) StdoutLine: {'line': b'-- Up-to-date: /home/epiibots/ros2_ws/install/micro_ros_msgs/include/micro_ros_msgs/micro_ros_msgs/msg/detail/graph__functions.c\n'}
[1.591067] (micro_ros_msgs) StdoutLine: {'line': b'-- Up-to-date: /home/epiibots/ros2_ws/install/micro_ros_msgs/include/micro_ros_msgs/micro_ros_msgs/msg/detail/node__functions.c\n'}
[1.591777] (micro_ros_msgs) StdoutLine: {'line': b'-- Up-to-date: /home/epiibots/ros2_ws/install/micro_ros_msgs/include/micro_ros_msgs/micro_ros_msgs/msg/detail/entity__struct.h\n'}
[1.592409] (micro_ros_msgs) StdoutLine: {'line': b'-- Installing: /home/epiibots/ros2_ws/install/micro_ros_msgs/include/micro_ros_msgs/micro_ros_msgs/msg/detail/node__type_support.c\n'}
[1.592934] (micro_ros_msgs) StdoutLine: {'line': b'-- Up-to-date: /home/epiibots/ros2_ws/install/micro_ros_msgs/include/micro_ros_msgs/micro_ros_msgs/msg/detail/node__type_support.h\n'}
[1.593578] (micro_ros_msgs) StdoutLine: {'line': b'-- Installing: /home/epiibots/ros2_ws/install/micro_ros_msgs/include/micro_ros_msgs/micro_ros_msgs/msg/detail/entity__type_support.c\n'}
[1.593736] (micro_ros_msgs) StdoutLine: {'line': b'-- Up-to-date: /home/epiibots/ros2_ws/install/micro_ros_msgs/include/micro_ros_msgs/micro_ros_msgs/msg/detail/entity__description.c\n'}
[1.593841] (micro_ros_msgs) StdoutLine: {'line': b'-- Installing: /home/epiibots/ros2_ws/install/micro_ros_msgs/include/micro_ros_msgs/micro_ros_msgs/msg/detail/graph__type_support.c\n'}
[1.593953] (micro_ros_msgs) StdoutLine: {'line': b'-- Up-to-date: /home/epiibots/ros2_ws/install/micro_ros_msgs/include/micro_ros_msgs/micro_ros_msgs/msg/detail/entity__functions.h\n'}
[1.594063] (micro_ros_msgs) StdoutLine: {'line': b'-- Up-to-date: /home/epiibots/ros2_ws/install/micro_ros_msgs/share/micro_ros_msgs/environment/library_path.sh\n'}
[1.594190] (micro_ros_msgs) StdoutLine: {'line': b'-- Up-to-date: /home/epiibots/ros2_ws/install/micro_ros_msgs/share/micro_ros_msgs/environment/library_path.dsv\n'}
[1.594337] (micro_ros_msgs) StdoutLine: {'line': b'-- Up-to-date: /home/epiibots/ros2_ws/install/micro_ros_msgs/lib/libmicro_ros_msgs__rosidl_generator_c.so\n'}
[1.594468] (micro_ros_msgs) StdoutLine: {'line': b'-- Up-to-date: /home/epiibots/ros2_ws/install/micro_ros_msgs/include/micro_ros_msgs/micro_ros_msgs\n'}
[1.594650] (micro_ros_msgs) StdoutLine: {'line': b'-- Up-to-date: /home/epiibots/ros2_ws/install/micro_ros_msgs/include/micro_ros_msgs/micro_ros_msgs/msg\n'}
[1.594776] (micro_ros_msgs) StdoutLine: {'line': b'-- Up-to-date: /home/epiibots/ros2_ws/install/micro_ros_msgs/include/micro_ros_msgs/micro_ros_msgs/msg/rosidl_typesupport_fastrtps_c__visibility_control.h\n'}
[1.594933] (micro_ros_msgs) StdoutLine: {'line': b'-- Up-to-date: /home/epiibots/ros2_ws/install/micro_ros_msgs/include/micro_ros_msgs/micro_ros_msgs/msg/detail\n'}
[1.595109] (micro_ros_msgs) StdoutLine: {'line': b'-- Up-to-date: /home/epiibots/ros2_ws/install/micro_ros_msgs/include/micro_ros_msgs/micro_ros_msgs/msg/detail/node__rosidl_typesupport_fastrtps_c.h\n'}
[1.595232] (micro_ros_msgs) StdoutLine: {'line': b'-- Up-to-date: /home/epiibots/ros2_ws/install/micro_ros_msgs/include/micro_ros_msgs/micro_ros_msgs/msg/detail/graph__rosidl_typesupport_fastrtps_c.h\n'}
[1.595408] (micro_ros_msgs) StdoutLine: {'line': b'-- Up-to-date: /home/epiibots/ros2_ws/install/micro_ros_msgs/include/micro_ros_msgs/micro_ros_msgs/msg/detail/entity__rosidl_typesupport_fastrtps_c.h\n'}
[1.595545] (micro_ros_msgs) StdoutLine: {'line': b'-- Up-to-date: /home/epiibots/ros2_ws/install/micro_ros_msgs/lib/libmicro_ros_msgs__rosidl_typesupport_fastrtps_c.so\n'}
[1.595674] (micro_ros_msgs) StdoutLine: {'line': b'-- Up-to-date: /home/epiibots/ros2_ws/install/micro_ros_msgs/include/micro_ros_msgs/micro_ros_msgs\n'}
[1.595778] (micro_ros_msgs) StdoutLine: {'line': b'-- Up-to-date: /home/epiibots/ros2_ws/install/micro_ros_msgs/include/micro_ros_msgs/micro_ros_msgs/msg\n'}
[1.595884] (micro_ros_msgs) StdoutLine: {'line': b'-- Up-to-date: /home/epiibots/ros2_ws/install/micro_ros_msgs/include/micro_ros_msgs/micro_ros_msgs/msg/rosidl_typesupport_introspection_c__visibility_control.h\n'}
[1.596056] (micro_ros_msgs) StdoutLine: {'line': b'-- Up-to-date: /home/epiibots/ros2_ws/install/micro_ros_msgs/include/micro_ros_msgs/micro_ros_msgs/msg/detail\n'}
[1.596167] (micro_ros_msgs) StdoutLine: {'line': b'-- Up-to-date: /home/epiibots/ros2_ws/install/micro_ros_msgs/include/micro_ros_msgs/micro_ros_msgs/msg/detail/graph__rosidl_typesupport_introspection_c.h\n'}
[1.600457] (micro_ros_msgs) StdoutLine: {'line': b'-- Up-to-date: /home/epiibots/ros2_ws/install/micro_ros_msgs/include/micro_ros_msgs/micro_ros_msgs/msg/detail/entity__rosidl_typesupport_introspection_c.h\n'}
[1.600868] (micro_ros_msgs) StdoutLine: {'line': b'-- Installing: /home/epiibots/ros2_ws/install/micro_ros_msgs/include/micro_ros_msgs/micro_ros_msgs/msg/detail/node__type_support.c\n'}
[1.601031] (micro_ros_msgs) StdoutLine: {'line': b'-- Up-to-date: /home/epiibots/ros2_ws/install/micro_ros_msgs/include/micro_ros_msgs/micro_ros_msgs/msg/detail/node__rosidl_typesupport_introspection_c.h\n'}
[1.601186] (micro_ros_msgs) StdoutLine: {'line': b'-- Installing: /home/epiibots/ros2_ws/install/micro_ros_msgs/include/micro_ros_msgs/micro_ros_msgs/msg/detail/entity__type_support.c\n'}
[1.601360] (micro_ros_msgs) StdoutLine: {'line': b'-- Installing: /home/epiibots/ros2_ws/install/micro_ros_msgs/include/micro_ros_msgs/micro_ros_msgs/msg/detail/graph__type_support.c\n'}
[1.601488] (micro_ros_msgs) StdoutLine: {'line': b'-- Up-to-date: /home/epiibots/ros2_ws/install/micro_ros_msgs/lib/libmicro_ros_msgs__rosidl_typesupport_introspection_c.so\n'}
[1.601611] (micro_ros_msgs) StdoutLine: {'line': b'-- Up-to-date: /home/epiibots/ros2_ws/install/micro_ros_msgs/lib/libmicro_ros_msgs__rosidl_typesupport_c.so\n'}
[1.601729] (micro_ros_msgs) StdoutLine: {'line': b'-- Up-to-date: /home/epiibots/ros2_ws/install/micro_ros_msgs/include/micro_ros_msgs/micro_ros_msgs\n'}
[1.601849] (micro_ros_msgs) StdoutLine: {'line': b'-- Up-to-date: /home/epiibots/ros2_ws/install/micro_ros_msgs/include/micro_ros_msgs/micro_ros_msgs/msg\n'}
[1.601953] (micro_ros_msgs) StdoutLine: {'line': b'-- Up-to-date: /home/epiibots/ros2_ws/install/micro_ros_msgs/include/micro_ros_msgs/micro_ros_msgs/msg/entity.hpp\n'}
[1.602086] (micro_ros_msgs) StdoutLine: {'line': b'-- Up-to-date: /home/epiibots/ros2_ws/install/micro_ros_msgs/include/micro_ros_msgs/micro_ros_msgs/msg/rosidl_generator_cpp__visibility_control.hpp\n'}
[1.602331] (micro_ros_msgs) StdoutLine: {'line': b'-- Up-to-date: /home/epiibots/ros2_ws/install/micro_ros_msgs/include/micro_ros_msgs/micro_ros_msgs/msg/graph.hpp\n'}
[1.602504] (micro_ros_msgs) StdoutLine: {'line': b'-- Up-to-date: /home/epiibots/ros2_ws/install/micro_ros_msgs/include/micro_ros_msgs/micro_ros_msgs/msg/detail\n'}
[1.602724] (micro_ros_msgs) StdoutLine: {'line': b'-- Up-to-date: /home/epiibots/ros2_ws/install/micro_ros_msgs/include/micro_ros_msgs/micro_ros_msgs/msg/detail/graph__type_support.hpp\n'}
[1.602870] (micro_ros_msgs) StdoutLine: {'line': b'-- Up-to-date: /home/epiibots/ros2_ws/install/micro_ros_msgs/include/micro_ros_msgs/micro_ros_msgs/msg/detail/node__builder.hpp\n'}
[1.603113] (micro_ros_msgs) StdoutLine: {'line': b'-- Up-to-date: /home/epiibots/ros2_ws/install/micro_ros_msgs/include/micro_ros_msgs/micro_ros_msgs/msg/detail/graph__traits.hpp\n'}
[1.603257] (micro_ros_msgs) StdoutLine: {'line': b'-- Up-to-date: /home/epiibots/ros2_ws/install/micro_ros_msgs/include/micro_ros_msgs/micro_ros_msgs/msg/detail/graph__builder.hpp\n'}
[1.606697] (-) TimerEvent: {}
[1.607285] (micro_ros_msgs) StdoutLine: {'line': b'-- Up-to-date: /home/epiibots/ros2_ws/install/micro_ros_msgs/include/micro_ros_msgs/micro_ros_msgs/msg/detail/entity__type_support.hpp\n'}
[1.607559] (micro_ros_msgs) StdoutLine: {'line': b'-- Up-to-date: /home/epiibots/ros2_ws/install/micro_ros_msgs/include/micro_ros_msgs/micro_ros_msgs/msg/detail/node__type_support.hpp\n'}
[1.607665] (micro_ros_msgs) StdoutLine: {'line': b'-- Up-to-date: /home/epiibots/ros2_ws/install/micro_ros_msgs/include/micro_ros_msgs/micro_ros_msgs/msg/detail/entity__traits.hpp\n'}
[1.607765] (micro_ros_msgs) StdoutLine: {'line': b'-- Up-to-date: /home/epiibots/ros2_ws/install/micro_ros_msgs/include/micro_ros_msgs/micro_ros_msgs/msg/detail/node__struct.hpp\n'}
[1.607854] (micro_ros_msgs) StdoutLine: {'line': b'-- Up-to-date: /home/epiibots/ros2_ws/install/micro_ros_msgs/include/micro_ros_msgs/micro_ros_msgs/msg/detail/entity__struct.hpp\n'}
[1.607946] (micro_ros_msgs) StdoutLine: {'line': b'-- Up-to-date: /home/epiibots/ros2_ws/install/micro_ros_msgs/include/micro_ros_msgs/micro_ros_msgs/msg/detail/node__traits.hpp\n'}
[1.608039] (micro_ros_msgs) StdoutLine: {'line': b'-- Up-to-date: /home/epiibots/ros2_ws/install/micro_ros_msgs/include/micro_ros_msgs/micro_ros_msgs/msg/detail/entity__builder.hpp\n'}
[1.608128] (micro_ros_msgs) StdoutLine: {'line': b'-- Up-to-date: /home/epiibots/ros2_ws/install/micro_ros_msgs/include/micro_ros_msgs/micro_ros_msgs/msg/detail/graph__struct.hpp\n'}
[1.608224] (micro_ros_msgs) StdoutLine: {'line': b'-- Up-to-date: /home/epiibots/ros2_ws/install/micro_ros_msgs/include/micro_ros_msgs/micro_ros_msgs/msg/node.hpp\n'}
[1.608352] (micro_ros_msgs) StdoutLine: {'line': b'-- Up-to-date: /home/epiibots/ros2_ws/install/micro_ros_msgs/include/micro_ros_msgs/micro_ros_msgs\n'}
[1.608447] (micro_ros_msgs) StdoutLine: {'line': b'-- Up-to-date: /home/epiibots/ros2_ws/install/micro_ros_msgs/include/micro_ros_msgs/micro_ros_msgs/msg\n'}
[1.608540] (micro_ros_msgs) StdoutLine: {'line': b'-- Up-to-date: /home/epiibots/ros2_ws/install/micro_ros_msgs/include/micro_ros_msgs/micro_ros_msgs/msg/rosidl_typesupport_fastrtps_cpp__visibility_control.h\n'}
[1.608636] (micro_ros_msgs) StdoutLine: {'line': b'-- Up-to-date: /home/epiibots/ros2_ws/install/micro_ros_msgs/include/micro_ros_msgs/micro_ros_msgs/msg/detail\n'}
[1.608741] (micro_ros_msgs) StdoutLine: {'line': b'-- Up-to-date: /home/epiibots/ros2_ws/install/micro_ros_msgs/include/micro_ros_msgs/micro_ros_msgs/msg/detail/entity__rosidl_typesupport_fastrtps_cpp.hpp\n'}
[1.608836] (micro_ros_msgs) StdoutLine: {'line': b'-- Up-to-date: /home/epiibots/ros2_ws/install/micro_ros_msgs/include/micro_ros_msgs/micro_ros_msgs/msg/detail/graph__rosidl_typesupport_fastrtps_cpp.hpp\n'}
[1.608927] (micro_ros_msgs) StdoutLine: {'line': b'-- Up-to-date: /home/epiibots/ros2_ws/install/micro_ros_msgs/include/micro_ros_msgs/micro_ros_msgs/msg/detail/node__rosidl_typesupport_fastrtps_cpp.hpp\n'}
[1.609020] (micro_ros_msgs) StdoutLine: {'line': b'-- Up-to-date: /home/epiibots/ros2_ws/install/micro_ros_msgs/include/micro_ros_msgs/micro_ros_msgs/msg/detail/dds_fastrtps\n'}
[1.609107] (micro_ros_msgs) StdoutLine: {'line': b'-- Up-to-date: /home/epiibots/ros2_ws/install/micro_ros_msgs/lib/libmicro_ros_msgs__rosidl_typesupport_fastrtps_cpp.so\n'}
[1.609187] (micro_ros_msgs) StdoutLine: {'line': b'-- Up-to-date: /home/epiibots/ros2_ws/install/micro_ros_msgs/include/micro_ros_msgs/micro_ros_msgs\n'}
[1.612468] (micro_ros_msgs) StdoutLine: {'line': b'-- Up-to-date: /home/epiibots/ros2_ws/install/micro_ros_msgs/include/micro_ros_msgs/micro_ros_msgs/msg\n'}
[1.612758] (micro_ros_msgs) StdoutLine: {'line': b'-- Up-to-date: /home/epiibots/ros2_ws/install/micro_ros_msgs/include/micro_ros_msgs/micro_ros_msgs/msg/detail\n'}
[1.612867] (micro_ros_msgs) StdoutLine: {'line': b'-- Up-to-date: /home/epiibots/ros2_ws/install/micro_ros_msgs/include/micro_ros_msgs/micro_ros_msgs/msg/detail/graph__type_support.cpp\n'}
[1.612961] (micro_ros_msgs) StdoutLine: {'line': b'-- Up-to-date: /home/epiibots/ros2_ws/install/micro_ros_msgs/include/micro_ros_msgs/micro_ros_msgs/msg/detail/graph__rosidl_typesupport_introspection_cpp.hpp\n'}
[1.613049] (micro_ros_msgs) StdoutLine: {'line': b'-- Up-to-date: /home/epiibots/ros2_ws/install/micro_ros_msgs/include/micro_ros_msgs/micro_ros_msgs/msg/detail/node__type_support.cpp\n'}
[1.613145] (micro_ros_msgs) StdoutLine: {'line': b'-- Up-to-date: /home/epiibots/ros2_ws/install/micro_ros_msgs/include/micro_ros_msgs/micro_ros_msgs/msg/detail/node__rosidl_typesupport_introspection_cpp.hpp\n'}
[1.613246] (micro_ros_msgs) StdoutLine: {'line': b'-- Up-to-date: /home/epiibots/ros2_ws/install/micro_ros_msgs/include/micro_ros_msgs/micro_ros_msgs/msg/detail/entity__rosidl_typesupport_introspection_cpp.hpp\n'}
[1.613434] (micro_ros_msgs) StdoutLine: {'line': b'-- Up-to-date: /home/epiibots/ros2_ws/install/micro_ros_msgs/include/micro_ros_msgs/micro_ros_msgs/msg/detail/entity__type_support.cpp\n'}
[1.613557] (micro_ros_msgs) StdoutLine: {'line': b'-- Up-to-date: /home/epiibots/ros2_ws/install/micro_ros_msgs/lib/libmicro_ros_msgs__rosidl_typesupport_introspection_cpp.so\n'}
[1.613643] (micro_ros_msgs) StdoutLine: {'line': b'-- Up-to-date: /home/epiibots/ros2_ws/install/micro_ros_msgs/lib/libmicro_ros_msgs__rosidl_typesupport_cpp.so\n'}
[1.613731] (micro_ros_msgs) StdoutLine: {'line': b'-- Up-to-date: /home/epiibots/ros2_ws/install/micro_ros_msgs/share/micro_ros_msgs/environment/pythonpath.sh\n'}
[1.613831] (micro_ros_msgs) StdoutLine: {'line': b'-- Up-to-date: /home/epiibots/ros2_ws/install/micro_ros_msgs/share/micro_ros_msgs/environment/pythonpath.dsv\n'}
[1.613933] (micro_ros_msgs) StdoutLine: {'line': b'-- Up-to-date: /home/epiibots/ros2_ws/install/micro_ros_msgs/lib/python3.12/site-packages/micro_ros_msgs-5.0.2-py3.12.egg-info\n'}
[1.614028] (micro_ros_msgs) StdoutLine: {'line': b'-- Installing: /home/epiibots/ros2_ws/install/micro_ros_msgs/lib/python3.12/site-packages/micro_ros_msgs-5.0.2-py3.12.egg-info/top_level.txt\n'}
[1.614121] (micro_ros_msgs) StdoutLine: {'line': b'-- Installing: /home/epiibots/ros2_ws/install/micro_ros_msgs/lib/python3.12/site-packages/micro_ros_msgs-5.0.2-py3.12.egg-info/PKG-INFO\n'}
[1.614233] (micro_ros_msgs) StdoutLine: {'line': b'-- Installing: /home/epiibots/ros2_ws/install/micro_ros_msgs/lib/python3.12/site-packages/micro_ros_msgs-5.0.2-py3.12.egg-info/SOURCES.txt\n'}
[1.614370] (micro_ros_msgs) StdoutLine: {'line': b'-- Installing: /home/epiibots/ros2_ws/install/micro_ros_msgs/lib/python3.12/site-packages/micro_ros_msgs-5.0.2-py3.12.egg-info/dependency_links.txt\n'}
[1.614473] (micro_ros_msgs) StdoutLine: {'line': b'-- Up-to-date: /home/epiibots/ros2_ws/install/micro_ros_msgs/lib/python3.12/site-packages/micro_ros_msgs\n'}
[1.614561] (micro_ros_msgs) StdoutLine: {'line': b'-- Up-to-date: /home/epiibots/ros2_ws/install/micro_ros_msgs/lib/python3.12/site-packages/micro_ros_msgs/micro_ros_msgs_s__rosidl_typesupport_introspection_c.so\n'}
[1.614645] (micro_ros_msgs) StdoutLine: {'line': b'-- Up-to-date: /home/epiibots/ros2_ws/install/micro_ros_msgs/lib/python3.12/site-packages/micro_ros_msgs/msg\n'}
[1.614723] (micro_ros_msgs) StdoutLine: {'line': b'-- Up-to-date: /home/epiibots/ros2_ws/install/micro_ros_msgs/lib/python3.12/site-packages/micro_ros_msgs/msg/_entity_s.c\n'}
[1.614810] (micro_ros_msgs) StdoutLine: {'line': b'-- Up-to-date: /home/epiibots/ros2_ws/install/micro_ros_msgs/lib/python3.12/site-packages/micro_ros_msgs/msg/__init__.py\n'}
[1.614911] (micro_ros_msgs) StdoutLine: {'line': b'-- Up-to-date: /home/epiibots/ros2_ws/install/micro_ros_msgs/lib/python3.12/site-packages/micro_ros_msgs/msg/_entity.py\n'}
[1.615000] (micro_ros_msgs) StdoutLine: {'line': b'-- Up-to-date: /home/epiibots/ros2_ws/install/micro_ros_msgs/lib/python3.12/site-packages/micro_ros_msgs/msg/_graph.py\n'}
[1.615092] (micro_ros_msgs) StdoutLine: {'line': b'-- Up-to-date: /home/epiibots/ros2_ws/install/micro_ros_msgs/lib/python3.12/site-packages/micro_ros_msgs/msg/_node_s.c\n'}
[1.615185] (micro_ros_msgs) StdoutLine: {'line': b'-- Up-to-date: /home/epiibots/ros2_ws/install/micro_ros_msgs/lib/python3.12/site-packages/micro_ros_msgs/msg/_graph_s.c\n'}
[1.618370] (micro_ros_msgs) StdoutLine: {'line': b'-- Up-to-date: /home/epiibots/ros2_ws/install/micro_ros_msgs/lib/python3.12/site-packages/micro_ros_msgs/msg/_node.py\n'}
[1.618724] (micro_ros_msgs) StdoutLine: {'line': b'-- Up-to-date: /home/epiibots/ros2_ws/install/micro_ros_msgs/lib/python3.12/site-packages/micro_ros_msgs/__init__.py\n'}
[1.618870] (micro_ros_msgs) StdoutLine: {'line': b'-- Up-to-date: /home/epiibots/ros2_ws/install/micro_ros_msgs/lib/python3.12/site-packages/micro_ros_msgs/_micro_ros_msgs_s.ep.rosidl_typesupport_c.c\n'}
[1.618991] (micro_ros_msgs) StdoutLine: {'line': b'-- Up-to-date: /home/epiibots/ros2_ws/install/micro_ros_msgs/lib/python3.12/site-packages/micro_ros_msgs/_micro_ros_msgs_s.ep.rosidl_typesupport_introspection_c.c\n'}
[1.619099] (micro_ros_msgs) StdoutLine: {'line': b'-- Up-to-date: /home/epiibots/ros2_ws/install/micro_ros_msgs/lib/python3.12/site-packages/micro_ros_msgs/micro_ros_msgs_s__rosidl_typesupport_c.so\n'}
[1.619192] (micro_ros_msgs) StdoutLine: {'line': b'-- Up-to-date: /home/epiibots/ros2_ws/install/micro_ros_msgs/lib/python3.12/site-packages/micro_ros_msgs/micro_ros_msgs_s__rosidl_typesupport_fastrtps_c.so\n'}
[1.619336] (micro_ros_msgs) StdoutLine: {'line': b'-- Up-to-date: /home/epiibots/ros2_ws/install/micro_ros_msgs/lib/python3.12/site-packages/micro_ros_msgs/_micro_ros_msgs_s.ep.rosidl_typesupport_fastrtps_c.c\n'}
[1.675445] (micro_ros_msgs) StdoutLine: {'line': b"Listing '/home/epiibots/ros2_ws/install/micro_ros_msgs/lib/python3.12/site-packages/micro_ros_msgs'...\n"}
[1.675855] (micro_ros_msgs) StdoutLine: {'line': b"Listing '/home/epiibots/ros2_ws/install/micro_ros_msgs/lib/python3.12/site-packages/micro_ros_msgs/msg'...\n"}
[1.695294] (micro_ros_msgs) StdoutLine: {'line': b'-- Up-to-date: /home/epiibots/ros2_ws/install/micro_ros_msgs/lib/python3.12/site-packages/micro_ros_msgs/micro_ros_msgs_s__rosidl_typesupport_fastrtps_c.so\n'}
[1.695828] (micro_ros_msgs) StdoutLine: {'line': b'-- Up-to-date: /home/epiibots/ros2_ws/install/micro_ros_msgs/lib/python3.12/site-packages/micro_ros_msgs/micro_ros_msgs_s__rosidl_typesupport_introspection_c.so\n'}
[1.696441] (micro_ros_msgs) StdoutLine: {'line': b'-- Up-to-date: /home/epiibots/ros2_ws/install/micro_ros_msgs/lib/python3.12/site-packages/micro_ros_msgs/micro_ros_msgs_s__rosidl_typesupport_c.so\n'}
[1.697061] (micro_ros_msgs) StdoutLine: {'line': b'-- Up-to-date: /home/epiibots/ros2_ws/install/micro_ros_msgs/lib/libmicro_ros_msgs__rosidl_generator_py.so\n'}
[1.697497] (micro_ros_msgs) StdoutLine: {'line': b'-- Up-to-date: /home/epiibots/ros2_ws/install/micro_ros_msgs/share/ament_index/resource_index/rust_packages/micro_ros_msgs\n'}
[1.698010] (micro_ros_msgs) StdoutLine: {'line': b'-- Up-to-date: /home/epiibots/ros2_ws/install/micro_ros_msgs/share/micro_ros_msgs/rust\n'}
[1.698180] (micro_ros_msgs) StdoutLine: {'line': b'-- Up-to-date: /home/epiibots/ros2_ws/install/micro_ros_msgs/share/micro_ros_msgs/rust/build.rs\n'}
[1.698314] (micro_ros_msgs) StdoutLine: {'line': b'-- Up-to-date: /home/epiibots/ros2_ws/install/micro_ros_msgs/share/micro_ros_msgs/rust/src\n'}
[1.698434] (micro_ros_msgs) StdoutLine: {'line': b'-- Up-to-date: /home/epiibots/ros2_ws/install/micro_ros_msgs/share/micro_ros_msgs/rust/src/msg\n'}
[1.698531] (micro_ros_msgs) StdoutLine: {'line': b'-- Up-to-date: /home/epiibots/ros2_ws/install/micro_ros_msgs/share/micro_ros_msgs/rust/src/msg/rmw.rs\n'}
[1.698651] (micro_ros_msgs) StdoutLine: {'line': b'-- Up-to-date: /home/epiibots/ros2_ws/install/micro_ros_msgs/share/micro_ros_msgs/rust/src/lib.rs\n'}
[1.698751] (micro_ros_msgs) StdoutLine: {'line': b'-- Up-to-date: /home/epiibots/ros2_ws/install/micro_ros_msgs/share/micro_ros_msgs/rust/src/msg.rs\n'}
[1.699398] (micro_ros_msgs) StdoutLine: {'line': b'-- Up-to-date: /home/epiibots/ros2_ws/install/micro_ros_msgs/share/micro_ros_msgs/rust/Cargo.toml\n'}
[1.699589] (micro_ros_msgs) StdoutLine: {'line': b'-- Up-to-date: /home/epiibots/ros2_ws/install/micro_ros_msgs/share/micro_ros_msgs/msg/Graph.idl\n'}
[1.699849] (micro_ros_msgs) StdoutLine: {'line': b'-- Up-to-date: /home/epiibots/ros2_ws/install/micro_ros_msgs/share/micro_ros_msgs/msg/Node.idl\n'}
[1.700343] (micro_ros_msgs) StdoutLine: {'line': b'-- Up-to-date: /home/epiibots/ros2_ws/install/micro_ros_msgs/share/micro_ros_msgs/msg/Entity.idl\n'}
[1.701009] (micro_ros_msgs) StdoutLine: {'line': b'-- Up-to-date: /home/epiibots/ros2_ws/install/micro_ros_msgs/share/micro_ros_msgs/msg/Graph.msg\n'}
[1.702086] (micro_ros_msgs) StdoutLine: {'line': b'-- Up-to-date: /home/epiibots/ros2_ws/install/micro_ros_msgs/share/micro_ros_msgs/msg/Node.msg\n'}
[1.703461] (micro_ros_msgs) StdoutLine: {'line': b'-- Up-to-date: /home/epiibots/ros2_ws/install/micro_ros_msgs/share/micro_ros_msgs/msg/Entity.msg\n'}
[1.703649] (micro_ros_msgs) StdoutLine: {'line': b'-- Up-to-date: /home/epiibots/ros2_ws/install/micro_ros_msgs/share/ament_index/resource_index/package_run_dependencies/micro_ros_msgs\n'}
[1.703751] (micro_ros_msgs) StdoutLine: {'line': b'-- Up-to-date: /home/epiibots/ros2_ws/install/micro_ros_msgs/share/ament_index/resource_index/parent_prefix_path/micro_ros_msgs\n'}
[1.703860] (micro_ros_msgs) StdoutLine: {'line': b'-- Up-to-date: /home/epiibots/ros2_ws/install/micro_ros_msgs/share/micro_ros_msgs/environment/ament_prefix_path.sh\n'}
[1.703946] (micro_ros_msgs) StdoutLine: {'line': b'-- Up-to-date: /home/epiibots/ros2_ws/install/micro_ros_msgs/share/micro_ros_msgs/environment/ament_prefix_path.dsv\n'}
[1.704033] (micro_ros_msgs) StdoutLine: {'line': b'-- Up-to-date: /home/epiibots/ros2_ws/install/micro_ros_msgs/share/micro_ros_msgs/environment/path.sh\n'}
[1.704116] (micro_ros_msgs) StdoutLine: {'line': b'-- Up-to-date: /home/epiibots/ros2_ws/install/micro_ros_msgs/share/micro_ros_msgs/environment/path.dsv\n'}
[1.704201] (micro_ros_msgs) StdoutLine: {'line': b'-- Up-to-date: /home/epiibots/ros2_ws/install/micro_ros_msgs/share/micro_ros_msgs/local_setup.bash\n'}
[1.704315] (micro_ros_msgs) StdoutLine: {'line': b'-- Up-to-date: /home/epiibots/ros2_ws/install/micro_ros_msgs/share/micro_ros_msgs/local_setup.sh\n'}
[1.704413] (micro_ros_msgs) StdoutLine: {'line': b'-- Up-to-date: /home/epiibots/ros2_ws/install/micro_ros_msgs/share/micro_ros_msgs/local_setup.zsh\n'}
[1.704495] (micro_ros_msgs) StdoutLine: {'line': b'-- Up-to-date: /home/epiibots/ros2_ws/install/micro_ros_msgs/share/micro_ros_msgs/local_setup.dsv\n'}
[1.704574] (micro_ros_msgs) StdoutLine: {'line': b'-- Installing: /home/epiibots/ros2_ws/install/micro_ros_msgs/share/micro_ros_msgs/package.dsv\n'}
[1.704651] (micro_ros_msgs) StdoutLine: {'line': b'-- Up-to-date: /home/epiibots/ros2_ws/install/micro_ros_msgs/share/ament_index/resource_index/packages/micro_ros_msgs\n'}
[1.704728] (micro_ros_msgs) StdoutLine: {'line': b'-- Up-to-date: /home/epiibots/ros2_ws/install/micro_ros_msgs/share/micro_ros_msgs/cmake/export_micro_ros_msgs__rosidl_generator_cExport.cmake\n'}
[1.704811] (micro_ros_msgs) StdoutLine: {'line': b'-- Up-to-date: /home/epiibots/ros2_ws/install/micro_ros_msgs/share/micro_ros_msgs/cmake/export_micro_ros_msgs__rosidl_generator_cExport-noconfig.cmake\n'}
[1.704902] (micro_ros_msgs) StdoutLine: {'line': b'-- Up-to-date: /home/epiibots/ros2_ws/install/micro_ros_msgs/share/micro_ros_msgs/cmake/export_micro_ros_msgs__rosidl_typesupport_fastrtps_cExport.cmake\n'}
[1.704989] (micro_ros_msgs) StdoutLine: {'line': b'-- Up-to-date: /home/epiibots/ros2_ws/install/micro_ros_msgs/share/micro_ros_msgs/cmake/export_micro_ros_msgs__rosidl_typesupport_fastrtps_cExport-noconfig.cmake\n'}
[1.705096] (micro_ros_msgs) StdoutLine: {'line': b'-- Up-to-date: /home/epiibots/ros2_ws/install/micro_ros_msgs/share/micro_ros_msgs/cmake/micro_ros_msgs__rosidl_typesupport_introspection_cExport.cmake\n'}
[1.705183] (micro_ros_msgs) StdoutLine: {'line': b'-- Up-to-date: /home/epiibots/ros2_ws/install/micro_ros_msgs/share/micro_ros_msgs/cmake/micro_ros_msgs__rosidl_typesupport_introspection_cExport-noconfig.cmake\n'}
[1.705264] (micro_ros_msgs) StdoutLine: {'line': b'-- Up-to-date: /home/epiibots/ros2_ws/install/micro_ros_msgs/share/micro_ros_msgs/cmake/micro_ros_msgs__rosidl_typesupport_cExport.cmake\n'}
[1.707969] (-) TimerEvent: {}
[1.708148] (micro_ros_msgs) StdoutLine: {'line': b'-- Up-to-date: /home/epiibots/ros2_ws/install/micro_ros_msgs/share/micro_ros_msgs/cmake/micro_ros_msgs__rosidl_typesupport_cExport-noconfig.cmake\n'}
[1.708431] (micro_ros_msgs) StdoutLine: {'line': b'-- Up-to-date: /home/epiibots/ros2_ws/install/micro_ros_msgs/share/micro_ros_msgs/cmake/export_micro_ros_msgs__rosidl_generator_cppExport.cmake\n'}
[1.708550] (micro_ros_msgs) StdoutLine: {'line': b'-- Up-to-date: /home/epiibots/ros2_ws/install/micro_ros_msgs/share/micro_ros_msgs/cmake/export_micro_ros_msgs__rosidl_typesupport_fastrtps_cppExport.cmake\n'}
[1.708641] (micro_ros_msgs) StdoutLine: {'line': b'-- Up-to-date: /home/epiibots/ros2_ws/install/micro_ros_msgs/share/micro_ros_msgs/cmake/export_micro_ros_msgs__rosidl_typesupport_fastrtps_cppExport-noconfig.cmake\n'}
[1.708726] (micro_ros_msgs) StdoutLine: {'line': b'-- Up-to-date: /home/epiibots/ros2_ws/install/micro_ros_msgs/share/micro_ros_msgs/cmake/micro_ros_msgs__rosidl_typesupport_introspection_cppExport.cmake\n'}
[1.708813] (micro_ros_msgs) StdoutLine: {'line': b'-- Up-to-date: /home/epiibots/ros2_ws/install/micro_ros_msgs/share/micro_ros_msgs/cmake/micro_ros_msgs__rosidl_typesupport_introspection_cppExport-noconfig.cmake\n'}
[1.708893] (micro_ros_msgs) StdoutLine: {'line': b'-- Up-to-date: /home/epiibots/ros2_ws/install/micro_ros_msgs/share/micro_ros_msgs/cmake/micro_ros_msgs__rosidl_typesupport_cppExport.cmake\n'}
[1.708975] (micro_ros_msgs) StdoutLine: {'line': b'-- Up-to-date: /home/epiibots/ros2_ws/install/micro_ros_msgs/share/micro_ros_msgs/cmake/micro_ros_msgs__rosidl_typesupport_cppExport-noconfig.cmake\n'}
[1.709056] (micro_ros_msgs) StdoutLine: {'line': b'-- Up-to-date: /home/epiibots/ros2_ws/install/micro_ros_msgs/share/micro_ros_msgs/cmake/export_micro_ros_msgs__rosidl_generator_pyExport.cmake\n'}
[1.709135] (micro_ros_msgs) StdoutLine: {'line': b'-- Up-to-date: /home/epiibots/ros2_ws/install/micro_ros_msgs/share/micro_ros_msgs/cmake/export_micro_ros_msgs__rosidl_generator_pyExport-noconfig.cmake\n'}
[1.709211] (micro_ros_msgs) StdoutLine: {'line': b'-- Up-to-date: /home/epiibots/ros2_ws/install/micro_ros_msgs/share/micro_ros_msgs/cmake/rosidl_cmake-extras.cmake\n'}
[1.709493] (micro_ros_msgs) StdoutLine: {'line': b'-- Up-to-date: /home/epiibots/ros2_ws/install/micro_ros_msgs/share/micro_ros_msgs/cmake/ament_cmake_export_include_directories-extras.cmake\n'}
[1.709833] (micro_ros_msgs) StdoutLine: {'line': b'-- Up-to-date: /home/epiibots/ros2_ws/install/micro_ros_msgs/share/micro_ros_msgs/cmake/ament_cmake_export_libraries-extras.cmake\n'}
[1.709944] (micro_ros_msgs) StdoutLine: {'line': b'-- Up-to-date: /home/epiibots/ros2_ws/install/micro_ros_msgs/share/micro_ros_msgs/cmake/ament_cmake_export_targets-extras.cmake\n'}
[1.710038] (micro_ros_msgs) StdoutLine: {'line': b'-- Up-to-date: /home/epiibots/ros2_ws/install/micro_ros_msgs/share/micro_ros_msgs/cmake/rosidl_cmake_export_typesupport_targets-extras.cmake\n'}
[1.710130] (micro_ros_msgs) StdoutLine: {'line': b'-- Up-to-date: /home/epiibots/ros2_ws/install/micro_ros_msgs/share/micro_ros_msgs/cmake/ament_cmake_export_dependencies-extras.cmake\n'}
[1.710221] (micro_ros_msgs) StdoutLine: {'line': b'-- Up-to-date: /home/epiibots/ros2_ws/install/micro_ros_msgs/share/micro_ros_msgs/cmake/rosidl_cmake_export_typesupport_libraries-extras.cmake\n'}
[1.710452] (micro_ros_msgs) StdoutLine: {'line': b'-- Up-to-date: /home/epiibots/ros2_ws/install/micro_ros_msgs/share/micro_ros_msgs/cmake/micro_ros_msgsConfig.cmake\n'}
[1.710599] (micro_ros_msgs) StdoutLine: {'line': b'-- Up-to-date: /home/epiibots/ros2_ws/install/micro_ros_msgs/share/micro_ros_msgs/cmake/micro_ros_msgsConfig-version.cmake\n'}
[1.710696] (micro_ros_msgs) StdoutLine: {'line': b'-- Up-to-date: /home/epiibots/ros2_ws/install/micro_ros_msgs/share/micro_ros_msgs/package.xml\n'}
[1.710792] (micro_ros_msgs) CommandEnded: {'returncode': 0}
[1.754390] (micro_ros_msgs) JobEnded: {'identifier': 'micro_ros_msgs', 'rc': 0}
[1.755027] (detector) JobStarted: {'identifier': 'detector'}
[1.808107] (-) TimerEvent: {}
[1.909353] (-) TimerEvent: {}
[2.009851] (-) TimerEvent: {}
[2.111533] (-) TimerEvent: {}
[2.212169] (-) TimerEvent: {}
[2.275408] (calibration) Command: {'cmd': ['/usr/bin/python3', '-W', 'ignore:setup.py install is deprecated', '-W', 'ignore:easy_install command is deprecated', 'setup.py', 'egg_info', '--egg-base', '../../build/calibration', 'build', '--build-base', '/home/epiibots/ros2_ws/build/calibration/build', 'install', '--record', '/home/epiibots/ros2_ws/build/calibration/install.log', '--single-version-externally-managed', 'install_data'], 'cwd': '/home/epiibots/ros2_ws/src/calibration', 'env': {'LESSOPEN': '| /usr/bin/lesspipe %s', 'USER': 'epiibots', 'SSH_CLIENT': '192.168.0.101 63419 22', 'GZ_CONFIG_PATH': '/opt/ros/jazzy/opt/gz_sim_vendor/share/gz:/opt/ros/jazzy/opt/sdformat_vendor/share/gz:/opt/ros/jazzy/opt/gz_gui_vendor/share/gz:/opt/ros/jazzy/opt/gz_transport_vendor/share/gz:/opt/ros/jazzy/opt/gz_rendering_vendor/share/gz:/opt/ros/jazzy/opt/gz_plugin_vendor/share/gz:/opt/ros/jazzy/opt/gz_fuel_tools_vendor/share/gz:/opt/ros/jazzy/opt/gz_msgs_vendor/share/gz:/opt/ros/jazzy/opt/gz_common_vendor/share/gz', 'XDG_SESSION_TYPE': 'tty', 'SHLVL': '1', 'LD_LIBRARY_PATH': '/opt/ros/jazzy/opt/gz_sim_vendor/lib:/opt/ros/jazzy/opt/gz_sensors_vendor/lib:/opt/ros/jazzy/opt/gz_physics_vendor/lib:/opt/ros/jazzy/opt/sdformat_vendor/lib:/opt/ros/jazzy/opt/rviz_ogre_vendor/lib:/opt/ros/jazzy/lib/aarch64-linux-gnu:/opt/ros/jazzy/opt/gz_gui_vendor/lib:/opt/ros/jazzy/opt/gz_transport_vendor/lib:/opt/ros/jazzy/opt/gz_rendering_vendor/lib:/opt/ros/jazzy/opt/gz_plugin_vendor/lib:/opt/ros/jazzy/opt/gz_fuel_tools_vendor/lib:/opt/ros/jazzy/opt/gz_msgs_vendor/lib:/opt/ros/jazzy/opt/gz_common_vendor/lib:/opt/ros/jazzy/opt/gz_math_vendor/lib:/opt/ros/jazzy/opt/gz_utils_vendor/lib:/opt/ros/jazzy/opt/gz_tools_vendor/lib:/opt/ros/jazzy/opt/gz_ogre_next_vendor/lib:/opt/ros/jazzy/opt/gz_dartsim_vendor/lib:/opt/ros/jazzy/opt/gz_cmake_vendor/lib:/opt/ros/jazzy/lib', 'HOME': '/home/epiibots', 'OLDPWD': '/home/epiibots/ros2_ws/install', 'SSH_TTY': '/dev/pts/4', 'ROS_PYTHON_VERSION': '3', 'DBUS_SESSION_BUS_ADDRESS': 'unix:path=/run/user/1000/bus', 'DEBUGINFOD_URLS': 'https://debuginfod.ubuntu.com', 'ROS_DISTRO': 'jazzy', 'LOGNAME': 'epiibots', '_': '/usr/bin/colcon', 'ROS_VERSION': '2', 'XDG_SESSION_CLASS': 'user', 'TERM': 'xterm-256color', 'XDG_SESSION_ID': '11', 'PATH': '/opt/ros/jazzy/opt/gz_msgs_vendor/bin:/opt/ros/jazzy/opt/gz_tools_vendor/bin:/opt/ros/jazzy/opt/gz_ogre_next_vendor/bin:/opt/ros/jazzy/bin:/usr/local/sbin:/usr/local/bin:/usr/sbin:/usr/bin:/sbin:/bin:/usr/games:/usr/local/games:/snap/bin', 'XDG_RUNTIME_DIR': '/run/user/1000', 'LANG': 'en_US.UTF-8', 'LS_COLORS': 'rs=0:di=01;34:ln=01;36:mh=00:pi=40;33:so=01;35:do=01;35:bd=40;33;01:cd=40;33;01:or=40;31;01:mi=00:su=37;41:sg=30;43:ca=00:tw=30;42:ow=34;42:st=37;44:ex=01;32:*.tar=01;31:*.tgz=01;31:*.arc=01;31:*.arj=01;31:*.taz=01;31:*.lha=01;31:*.lz4=01;31:*.lzh=01;31:*.lzma=01;31:*.tlz=01;31:*.txz=01;31:*.tzo=01;31:*.t7z=01;31:*.zip=01;31:*.z=01;31:*.dz=01;31:*.gz=01;31:*.lrz=01;31:*.lz=01;31:*.lzo=01;31:*.xz=01;31:*.zst=01;31:*.tzst=01;31:*.bz2=01;31:*.bz=01;31:*.tbz=01;31:*.tbz2=01;31:*.tz=01;31:*.deb=01;31:*.rpm=01;31:*.jar=01;31:*.war=01;31:*.ear=01;31:*.sar=01;31:*.rar=01;31:*.alz=01;31:*.ace=01;31:*.zoo=01;31:*.cpio=01;31:*.7z=01;31:*.rz=01;31:*.cab=01;31:*.wim=01;31:*.swm=01;31:*.dwm=01;31:*.esd=01;31:*.avif=01;35:*.jpg=01;35:*.jpeg=01;35:*.mjpg=01;35:*.mjpeg=01;35:*.gif=01;35:*.bmp=01;35:*.pbm=01;35:*.pgm=01;35:*.ppm=01;35:*.tga=01;35:*.xbm=01;35:*.xpm=01;35:*.tif=01;35:*.tiff=01;35:*.png=01;35:*.svg=01;35:*.svgz=01;35:*.mng=01;35:*.pcx=01;35:*.mov=01;35:*.mpg=01;35:*.mpeg=01;35:*.m2v=01;35:*.mkv=01;35:*.webm=01;35:*.webp=01;35:*.ogm=01;35:*.mp4=01;35:*.m4v=01;35:*.mp4v=01;35:*.vob=01;35:*.qt=01;35:*.nuv=01;35:*.wmv=01;35:*.asf=01;35:*.rm=01;35:*.rmvb=01;35:*.flc=01;35:*.avi=01;35:*.fli=01;35:*.flv=01;35:*.gl=01;35:*.dl=01;35:*.xcf=01;35:*.xwd=01;35:*.yuv=01;35:*.cgm=01;35:*.emf=01;35:*.ogv=01;35:*.ogx=01;35:*.aac=00;36:*.au=00;36:*.flac=00;36:*.m4a=00;36:*.mid=00;36:*.midi=00;36:*.mka=00;36:*.mp3=00;36:*.mpc=00;36:*.ogg=00;36:*.ra=00;36:*.wav=00;36:*.oga=00;36:*.opus=00;36:*.spx=00;36:*.xspf=00;36:*~=00;90:*#=00;90:*.bak=00;90:*.crdownload=00;90:*.dpkg-dist=00;90:*.dpkg-new=00;90:*.dpkg-old=00;90:*.dpkg-tmp=00;90:*.old=00;90:*.orig=00;90:*.part=00;90:*.rej=00;90:*.rpmnew=00;90:*.rpmorig=00;90:*.rpmsave=00;90:*.swp=00;90:*.tmp=00;90:*.ucf-dist=00;90:*.ucf-new=00;90:*.ucf-old=00;90:', 'AMENT_PREFIX_PATH': '/opt/ros/jazzy', 'SHELL': '/bin/bash', 'LESSCLOSE': '/usr/bin/lesspipe %s %s', 'ROS_AUTOMATIC_DISCOVERY_RANGE': 'SUBNET', 'PWD': '/home/epiibots/ros2_ws/build/calibration', 'LC_ALL': 'en_US.UTF-8', 'SSH_CONNECTION': '192.168.0.101 63419 192.168.0.67 22', 'XDG_DATA_DIRS': '/usr/share/gnome:/usr/local/share:/usr/share:/var/lib/snapd/desktop', 'PYTHONPATH': '/home/epiibots/ros2_ws/build/calibration/prefix_override:/usr/lib/python3/dist-packages/colcon_core/task/python/colcon_distutils_commands:/home/epiibots/ros2_ws/install/calibration/lib/python3.12/site-packages:/opt/ros/jazzy/lib/python3.12/site-packages', 'COLCON': '1', 'CMAKE_PREFIX_PATH': '/opt/ros/jazzy/opt/gz_sim_vendor:/opt/ros/jazzy/opt/gz_sensors_vendor:/opt/ros/jazzy/opt/gz_physics_vendor:/opt/ros/jazzy/opt/sdformat_vendor:/opt/ros/jazzy/opt/gz_gui_vendor:/opt/ros/jazzy/opt/gz_transport_vendor:/opt/ros/jazzy/opt/gz_rendering_vendor:/opt/ros/jazzy/opt/gz_plugin_vendor:/opt/ros/jazzy/opt/gz_fuel_tools_vendor:/opt/ros/jazzy/opt/gz_msgs_vendor:/opt/ros/jazzy/opt/gz_common_vendor:/opt/ros/jazzy/opt/gz_math_vendor:/opt/ros/jazzy/opt/gz_utils_vendor:/opt/ros/jazzy/opt/gz_tools_vendor:/opt/ros/jazzy/opt/gz_ogre_next_vendor:/opt/ros/jazzy/opt/gz_dartsim_vendor:/opt/ros/jazzy/opt/gz_cmake_vendor'}, 'shell': False}
[2.278877] (bno055) Command: {'cmd': ['/usr/bin/python3', '-W', 'ignore:setup.py install is deprecated', '-W', 'ignore:easy_install command is deprecated', 'setup.py', 'egg_info', '--egg-base', '../../build/bno055', 'build', '--build-base', '/home/epiibots/ros2_ws/build/bno055/build', 'install', '--record', '/home/epiibots/ros2_ws/build/bno055/install.log', '--single-version-externally-managed', 'install_data'], 'cwd': '/home/epiibots/ros2_ws/src/bno055', 'env': {'LESSOPEN': '| /usr/bin/lesspipe %s', 'USER': 'epiibots', 'SSH_CLIENT': '192.168.0.101 63419 22', 'GZ_CONFIG_PATH': '/opt/ros/jazzy/opt/gz_sim_vendor/share/gz:/opt/ros/jazzy/opt/sdformat_vendor/share/gz:/opt/ros/jazzy/opt/gz_gui_vendor/share/gz:/opt/ros/jazzy/opt/gz_transport_vendor/share/gz:/opt/ros/jazzy/opt/gz_rendering_vendor/share/gz:/opt/ros/jazzy/opt/gz_plugin_vendor/share/gz:/opt/ros/jazzy/opt/gz_fuel_tools_vendor/share/gz:/opt/ros/jazzy/opt/gz_msgs_vendor/share/gz:/opt/ros/jazzy/opt/gz_common_vendor/share/gz', 'XDG_SESSION_TYPE': 'tty', 'SHLVL': '1', 'LD_LIBRARY_PATH': '/opt/ros/jazzy/opt/gz_sim_vendor/lib:/opt/ros/jazzy/opt/gz_sensors_vendor/lib:/opt/ros/jazzy/opt/gz_physics_vendor/lib:/opt/ros/jazzy/opt/sdformat_vendor/lib:/opt/ros/jazzy/opt/rviz_ogre_vendor/lib:/opt/ros/jazzy/lib/aarch64-linux-gnu:/opt/ros/jazzy/opt/gz_gui_vendor/lib:/opt/ros/jazzy/opt/gz_transport_vendor/lib:/opt/ros/jazzy/opt/gz_rendering_vendor/lib:/opt/ros/jazzy/opt/gz_plugin_vendor/lib:/opt/ros/jazzy/opt/gz_fuel_tools_vendor/lib:/opt/ros/jazzy/opt/gz_msgs_vendor/lib:/opt/ros/jazzy/opt/gz_common_vendor/lib:/opt/ros/jazzy/opt/gz_math_vendor/lib:/opt/ros/jazzy/opt/gz_utils_vendor/lib:/opt/ros/jazzy/opt/gz_tools_vendor/lib:/opt/ros/jazzy/opt/gz_ogre_next_vendor/lib:/opt/ros/jazzy/opt/gz_dartsim_vendor/lib:/opt/ros/jazzy/opt/gz_cmake_vendor/lib:/opt/ros/jazzy/lib', 'HOME': '/home/epiibots', 'OLDPWD': '/home/epiibots/ros2_ws/install', 'SSH_TTY': '/dev/pts/4', 'ROS_PYTHON_VERSION': '3', 'DBUS_SESSION_BUS_ADDRESS': 'unix:path=/run/user/1000/bus', 'DEBUGINFOD_URLS': 'https://debuginfod.ubuntu.com', 'ROS_DISTRO': 'jazzy', 'LOGNAME': 'epiibots', '_': '/usr/bin/colcon', 'ROS_VERSION': '2', 'XDG_SESSION_CLASS': 'user', 'TERM': 'xterm-256color', 'XDG_SESSION_ID': '11', 'PATH': '/opt/ros/jazzy/opt/gz_msgs_vendor/bin:/opt/ros/jazzy/opt/gz_tools_vendor/bin:/opt/ros/jazzy/opt/gz_ogre_next_vendor/bin:/opt/ros/jazzy/bin:/usr/local/sbin:/usr/local/bin:/usr/sbin:/usr/bin:/sbin:/bin:/usr/games:/usr/local/games:/snap/bin', 'XDG_RUNTIME_DIR': '/run/user/1000', 'LANG': 'en_US.UTF-8', 'LS_COLORS': 'rs=0:di=01;34:ln=01;36:mh=00:pi=40;33:so=01;35:do=01;35:bd=40;33;01:cd=40;33;01:or=40;31;01:mi=00:su=37;41:sg=30;43:ca=00:tw=30;42:ow=34;42:st=37;44:ex=01;32:*.tar=01;31:*.tgz=01;31:*.arc=01;31:*.arj=01;31:*.taz=01;31:*.lha=01;31:*.lz4=01;31:*.lzh=01;31:*.lzma=01;31:*.tlz=01;31:*.txz=01;31:*.tzo=01;31:*.t7z=01;31:*.zip=01;31:*.z=01;31:*.dz=01;31:*.gz=01;31:*.lrz=01;31:*.lz=01;31:*.lzo=01;31:*.xz=01;31:*.zst=01;31:*.tzst=01;31:*.bz2=01;31:*.bz=01;31:*.tbz=01;31:*.tbz2=01;31:*.tz=01;31:*.deb=01;31:*.rpm=01;31:*.jar=01;31:*.war=01;31:*.ear=01;31:*.sar=01;31:*.rar=01;31:*.alz=01;31:*.ace=01;31:*.zoo=01;31:*.cpio=01;31:*.7z=01;31:*.rz=01;31:*.cab=01;31:*.wim=01;31:*.swm=01;31:*.dwm=01;31:*.esd=01;31:*.avif=01;35:*.jpg=01;35:*.jpeg=01;35:*.mjpg=01;35:*.mjpeg=01;35:*.gif=01;35:*.bmp=01;35:*.pbm=01;35:*.pgm=01;35:*.ppm=01;35:*.tga=01;35:*.xbm=01;35:*.xpm=01;35:*.tif=01;35:*.tiff=01;35:*.png=01;35:*.svg=01;35:*.svgz=01;35:*.mng=01;35:*.pcx=01;35:*.mov=01;35:*.mpg=01;35:*.mpeg=01;35:*.m2v=01;35:*.mkv=01;35:*.webm=01;35:*.webp=01;35:*.ogm=01;35:*.mp4=01;35:*.m4v=01;35:*.mp4v=01;35:*.vob=01;35:*.qt=01;35:*.nuv=01;35:*.wmv=01;35:*.asf=01;35:*.rm=01;35:*.rmvb=01;35:*.flc=01;35:*.avi=01;35:*.fli=01;35:*.flv=01;35:*.gl=01;35:*.dl=01;35:*.xcf=01;35:*.xwd=01;35:*.yuv=01;35:*.cgm=01;35:*.emf=01;35:*.ogv=01;35:*.ogx=01;35:*.aac=00;36:*.au=00;36:*.flac=00;36:*.m4a=00;36:*.mid=00;36:*.midi=00;36:*.mka=00;36:*.mp3=00;36:*.mpc=00;36:*.ogg=00;36:*.ra=00;36:*.wav=00;36:*.oga=00;36:*.opus=00;36:*.spx=00;36:*.xspf=00;36:*~=00;90:*#=00;90:*.bak=00;90:*.crdownload=00;90:*.dpkg-dist=00;90:*.dpkg-new=00;90:*.dpkg-old=00;90:*.dpkg-tmp=00;90:*.old=00;90:*.orig=00;90:*.part=00;90:*.rej=00;90:*.rpmnew=00;90:*.rpmorig=00;90:*.rpmsave=00;90:*.swp=00;90:*.tmp=00;90:*.ucf-dist=00;90:*.ucf-new=00;90:*.ucf-old=00;90:', 'AMENT_PREFIX_PATH': '/opt/ros/jazzy', 'SHELL': '/bin/bash', 'LESSCLOSE': '/usr/bin/lesspipe %s %s', 'ROS_AUTOMATIC_DISCOVERY_RANGE': 'SUBNET', 'PWD': '/home/epiibots/ros2_ws/build/bno055', 'LC_ALL': 'en_US.UTF-8', 'SSH_CONNECTION': '192.168.0.101 63419 192.168.0.67 22', 'XDG_DATA_DIRS': '/usr/share/gnome:/usr/local/share:/usr/share:/var/lib/snapd/desktop', 'PYTHONPATH': '/home/epiibots/ros2_ws/build/bno055/prefix_override:/usr/lib/python3/dist-packages/colcon_core/task/python/colcon_distutils_commands:/home/epiibots/ros2_ws/install/bno055/lib/python3.12/site-packages:/opt/ros/jazzy/lib/python3.12/site-packages', 'COLCON': '1', 'CMAKE_PREFIX_PATH': '/opt/ros/jazzy/opt/gz_sim_vendor:/opt/ros/jazzy/opt/gz_sensors_vendor:/opt/ros/jazzy/opt/gz_physics_vendor:/opt/ros/jazzy/opt/sdformat_vendor:/opt/ros/jazzy/opt/gz_gui_vendor:/opt/ros/jazzy/opt/gz_transport_vendor:/opt/ros/jazzy/opt/gz_rendering_vendor:/opt/ros/jazzy/opt/gz_plugin_vendor:/opt/ros/jazzy/opt/gz_fuel_tools_vendor:/opt/ros/jazzy/opt/gz_msgs_vendor:/opt/ros/jazzy/opt/gz_common_vendor:/opt/ros/jazzy/opt/gz_math_vendor:/opt/ros/jazzy/opt/gz_utils_vendor:/opt/ros/jazzy/opt/gz_tools_vendor:/opt/ros/jazzy/opt/gz_ogre_next_vendor:/opt/ros/jazzy/opt/gz_dartsim_vendor:/opt/ros/jazzy/opt/gz_cmake_vendor'}, 'shell': False}
[2.313389] (-) TimerEvent: {}
[2.414133] (-) TimerEvent: {}
[2.514857] (-) TimerEvent: {}
[2.617134] (-) TimerEvent: {}
[2.723000] (-) TimerEvent: {}
[2.785334] (bno055) StdoutLine: {'line': b'running egg_info\n'}
[2.815153] (carrinho_base) Command: {'cmd': ['/usr/bin/python3', '-W', 'ignore:setup.py install is deprecated', '-W', 'ignore:easy_install command is deprecated', 'setup.py', 'egg_info', '--egg-base', '../../build/carrinho_base', 'build', '--build-base', '/home/epiibots/ros2_ws/build/carrinho_base/build', 'install', '--record', '/home/epiibots/ros2_ws/build/carrinho_base/install.log', '--single-version-externally-managed', 'install_data'], 'cwd': '/home/epiibots/ros2_ws/src/carrinho_base', 'env': {'LESSOPEN': '| /usr/bin/lesspipe %s', 'USER': 'epiibots', 'SSH_CLIENT': '192.168.0.101 63419 22', 'GZ_CONFIG_PATH': '/opt/ros/jazzy/opt/gz_sim_vendor/share/gz:/opt/ros/jazzy/opt/sdformat_vendor/share/gz:/opt/ros/jazzy/opt/gz_gui_vendor/share/gz:/opt/ros/jazzy/opt/gz_transport_vendor/share/gz:/opt/ros/jazzy/opt/gz_rendering_vendor/share/gz:/opt/ros/jazzy/opt/gz_plugin_vendor/share/gz:/opt/ros/jazzy/opt/gz_fuel_tools_vendor/share/gz:/opt/ros/jazzy/opt/gz_msgs_vendor/share/gz:/opt/ros/jazzy/opt/gz_common_vendor/share/gz', 'XDG_SESSION_TYPE': 'tty', 'SHLVL': '1', 'LD_LIBRARY_PATH': '/opt/ros/jazzy/opt/gz_sim_vendor/lib:/opt/ros/jazzy/opt/gz_sensors_vendor/lib:/opt/ros/jazzy/opt/gz_physics_vendor/lib:/opt/ros/jazzy/opt/sdformat_vendor/lib:/opt/ros/jazzy/opt/rviz_ogre_vendor/lib:/opt/ros/jazzy/lib/aarch64-linux-gnu:/opt/ros/jazzy/opt/gz_gui_vendor/lib:/opt/ros/jazzy/opt/gz_transport_vendor/lib:/opt/ros/jazzy/opt/gz_rendering_vendor/lib:/opt/ros/jazzy/opt/gz_plugin_vendor/lib:/opt/ros/jazzy/opt/gz_fuel_tools_vendor/lib:/opt/ros/jazzy/opt/gz_msgs_vendor/lib:/opt/ros/jazzy/opt/gz_common_vendor/lib:/opt/ros/jazzy/opt/gz_math_vendor/lib:/opt/ros/jazzy/opt/gz_utils_vendor/lib:/opt/ros/jazzy/opt/gz_tools_vendor/lib:/opt/ros/jazzy/opt/gz_ogre_next_vendor/lib:/opt/ros/jazzy/opt/gz_dartsim_vendor/lib:/opt/ros/jazzy/opt/gz_cmake_vendor/lib:/opt/ros/jazzy/lib', 'HOME': '/home/epiibots', 'OLDPWD': '/home/epiibots/ros2_ws/install', 'SSH_TTY': '/dev/pts/4', 'ROS_PYTHON_VERSION': '3', 'DBUS_SESSION_BUS_ADDRESS': 'unix:path=/run/user/1000/bus', 'DEBUGINFOD_URLS': 'https://debuginfod.ubuntu.com', 'ROS_DISTRO': 'jazzy', 'LOGNAME': 'epiibots', '_': '/usr/bin/colcon', 'ROS_VERSION': '2', 'XDG_SESSION_CLASS': 'user', 'TERM': 'xterm-256color', 'XDG_SESSION_ID': '11', 'PATH': '/opt/ros/jazzy/opt/gz_msgs_vendor/bin:/opt/ros/jazzy/opt/gz_tools_vendor/bin:/opt/ros/jazzy/opt/gz_ogre_next_vendor/bin:/opt/ros/jazzy/bin:/usr/local/sbin:/usr/local/bin:/usr/sbin:/usr/bin:/sbin:/bin:/usr/games:/usr/local/games:/snap/bin', 'XDG_RUNTIME_DIR': '/run/user/1000', 'LANG': 'en_US.UTF-8', 'LS_COLORS': 'rs=0:di=01;34:ln=01;36:mh=00:pi=40;33:so=01;35:do=01;35:bd=40;33;01:cd=40;33;01:or=40;31;01:mi=00:su=37;41:sg=30;43:ca=00:tw=30;42:ow=34;42:st=37;44:ex=01;32:*.tar=01;31:*.tgz=01;31:*.arc=01;31:*.arj=01;31:*.taz=01;31:*.lha=01;31:*.lz4=01;31:*.lzh=01;31:*.lzma=01;31:*.tlz=01;31:*.txz=01;31:*.tzo=01;31:*.t7z=01;31:*.zip=01;31:*.z=01;31:*.dz=01;31:*.gz=01;31:*.lrz=01;31:*.lz=01;31:*.lzo=01;31:*.xz=01;31:*.zst=01;31:*.tzst=01;31:*.bz2=01;31:*.bz=01;31:*.tbz=01;31:*.tbz2=01;31:*.tz=01;31:*.deb=01;31:*.rpm=01;31:*.jar=01;31:*.war=01;31:*.ear=01;31:*.sar=01;31:*.rar=01;31:*.alz=01;31:*.ace=01;31:*.zoo=01;31:*.cpio=01;31:*.7z=01;31:*.rz=01;31:*.cab=01;31:*.wim=01;31:*.swm=01;31:*.dwm=01;31:*.esd=01;31:*.avif=01;35:*.jpg=01;35:*.jpeg=01;35:*.mjpg=01;35:*.mjpeg=01;35:*.gif=01;35:*.bmp=01;35:*.pbm=01;35:*.pgm=01;35:*.ppm=01;35:*.tga=01;35:*.xbm=01;35:*.xpm=01;35:*.tif=01;35:*.tiff=01;35:*.png=01;35:*.svg=01;35:*.svgz=01;35:*.mng=01;35:*.pcx=01;35:*.mov=01;35:*.mpg=01;35:*.mpeg=01;35:*.m2v=01;35:*.mkv=01;35:*.webm=01;35:*.webp=01;35:*.ogm=01;35:*.mp4=01;35:*.m4v=01;35:*.mp4v=01;35:*.vob=01;35:*.qt=01;35:*.nuv=01;35:*.wmv=01;35:*.asf=01;35:*.rm=01;35:*.rmvb=01;35:*.flc=01;35:*.avi=01;35:*.fli=01;35:*.flv=01;35:*.gl=01;35:*.dl=01;35:*.xcf=01;35:*.xwd=01;35:*.yuv=01;35:*.cgm=01;35:*.emf=01;35:*.ogv=01;35:*.ogx=01;35:*.aac=00;36:*.au=00;36:*.flac=00;36:*.m4a=00;36:*.mid=00;36:*.midi=00;36:*.mka=00;36:*.mp3=00;36:*.mpc=00;36:*.ogg=00;36:*.ra=00;36:*.wav=00;36:*.oga=00;36:*.opus=00;36:*.spx=00;36:*.xspf=00;36:*~=00;90:*#=00;90:*.bak=00;90:*.crdownload=00;90:*.dpkg-dist=00;90:*.dpkg-new=00;90:*.dpkg-old=00;90:*.dpkg-tmp=00;90:*.old=00;90:*.orig=00;90:*.part=00;90:*.rej=00;90:*.rpmnew=00;90:*.rpmorig=00;90:*.rpmsave=00;90:*.swp=00;90:*.tmp=00;90:*.ucf-dist=00;90:*.ucf-new=00;90:*.ucf-old=00;90:', 'AMENT_PREFIX_PATH': '/opt/ros/jazzy', 'SHELL': '/bin/bash', 'LESSCLOSE': '/usr/bin/lesspipe %s %s', 'ROS_AUTOMATIC_DISCOVERY_RANGE': 'SUBNET', 'PWD': '/home/epiibots/ros2_ws/build/carrinho_base', 'LC_ALL': 'en_US.UTF-8', 'SSH_CONNECTION': '192.168.0.101 63419 192.168.0.67 22', 'XDG_DATA_DIRS': '/usr/share/gnome:/usr/local/share:/usr/share:/var/lib/snapd/desktop', 'PYTHONPATH': '/home/epiibots/ros2_ws/build/carrinho_base/prefix_override:/usr/lib/python3/dist-packages/colcon_core/task/python/colcon_distutils_commands:/home/epiibots/ros2_ws/install/carrinho_base/lib/python3.12/site-packages:/opt/ros/jazzy/lib/python3.12/site-packages', 'COLCON': '1', 'CMAKE_PREFIX_PATH': '/opt/ros/jazzy/opt/gz_sim_vendor:/opt/ros/jazzy/opt/gz_sensors_vendor:/opt/ros/jazzy/opt/gz_physics_vendor:/opt/ros/jazzy/opt/sdformat_vendor:/opt/ros/jazzy/opt/gz_gui_vendor:/opt/ros/jazzy/opt/gz_transport_vendor:/opt/ros/jazzy/opt/gz_rendering_vendor:/opt/ros/jazzy/opt/gz_plugin_vendor:/opt/ros/jazzy/opt/gz_fuel_tools_vendor:/opt/ros/jazzy/opt/gz_msgs_vendor:/opt/ros/jazzy/opt/gz_common_vendor:/opt/ros/jazzy/opt/gz_math_vendor:/opt/ros/jazzy/opt/gz_utils_vendor:/opt/ros/jazzy/opt/gz_tools_vendor:/opt/ros/jazzy/opt/gz_ogre_next_vendor:/opt/ros/jazzy/opt/gz_dartsim_vendor:/opt/ros/jazzy/opt/gz_cmake_vendor'}, 'shell': False}
[2.826348] (bno055) StdoutLine: {'line': b'writing ../../build/bno055/bno055.egg-info/PKG-INFO\n'}
[2.826643] (-) TimerEvent: {}
[2.826861] (bno055) StdoutLine: {'line': b'writing dependency_links to ../../build/bno055/bno055.egg-info/dependency_links.txt\n'}
[2.828445] (bno055) StdoutLine: {'line': b'writing entry points to ../../build/bno055/bno055.egg-info/entry_points.txt\n'}
[2.828950] (bno055) StdoutLine: {'line': b'writing requirements to ../../build/bno055/bno055.egg-info/requires.txt\n'}
[2.829785] (bno055) StdoutLine: {'line': b'writing top-level names to ../../build/bno055/bno055.egg-info/top_level.txt\n'}
[2.866545] (calibration) StdoutLine: {'line': b'running egg_info\n'}
[2.895838] (calibration) StdoutLine: {'line': b'writing ../../build/calibration/calibration.egg-info/PKG-INFO\n'}
[2.896252] (calibration) StdoutLine: {'line': b'writing dependency_links to ../../build/calibration/calibration.egg-info/dependency_links.txt\n'}
[2.899403] (calibration) StdoutLine: {'line': b'writing entry points to ../../build/calibration/calibration.egg-info/entry_points.txt\n'}
[2.900157] (calibration) StdoutLine: {'line': b'writing requirements to ../../build/calibration/calibration.egg-info/requires.txt\n'}
[2.901340] (calibration) StdoutLine: {'line': b'writing top-level names to ../../build/calibration/calibration.egg-info/top_level.txt\n'}
[2.920311] (bno055) StdoutLine: {'line': b"reading manifest file '../../build/bno055/bno055.egg-info/SOURCES.txt'\n"}
[2.920900] (bno055) StdoutLine: {'line': b"adding license file 'LICENSE'\n"}
[2.921052] (bno055) StdoutLine: {'line': b"adding license file 'AUTHORS'\n"}
[2.922019] (bno055) StdoutLine: {'line': b"writing manifest file '../../build/bno055/bno055.egg-info/SOURCES.txt'\n"}
[2.922314] (bno055) StdoutLine: {'line': b'running build\n'}
[2.924379] (bno055) StdoutLine: {'line': b'running build_py\n'}
[2.924688] (bno055) StdoutLine: {'line': b'running install\n'}
[2.926801] (-) TimerEvent: {}
[2.937551] (bno055) StdoutLine: {'line': b'running install_lib\n'}
[2.973426] (bno055) StdoutLine: {'line': b'running install_data\n'}
[2.973755] (bno055) StdoutLine: {'line': b'running install_egg_info\n'}
[2.982058] (calibration) StdoutLine: {'line': b"reading manifest file '../../build/calibration/calibration.egg-info/SOURCES.txt'\n"}
[2.982370] (calibration) StdoutLine: {'line': b"adding license file 'LICENSE'\n"}
[2.983920] (calibration) StdoutLine: {'line': b"writing manifest file '../../build/calibration/calibration.egg-info/SOURCES.txt'\n"}
[2.984165] (calibration) StdoutLine: {'line': b'running build\n'}
[2.985175] (calibration) StdoutLine: {'line': b'running build_py\n'}
[2.985477] (calibration) StdoutLine: {'line': b'running install\n'}
[2.996671] (calibration) StdoutLine: {'line': b'running install_lib\n'}
[3.008949] (bno055) StdoutLine: {'line': b"removing '/home/epiibots/ros2_ws/install/bno055/lib/python3.12/site-packages/bno055-0.5.0-py3.12.egg-info' (and everything under it)\n"}
[3.009355] (bno055) StdoutLine: {'line': b'Copying ../../build/bno055/bno055.egg-info to /home/epiibots/ros2_ws/install/bno055/lib/python3.12/site-packages/bno055-0.5.0-py3.12.egg-info\n'}
[3.010582] (bno055) StdoutLine: {'line': b'running install_scripts\n'}
[3.027842] (-) TimerEvent: {}
[3.028515] (calibration) StdoutLine: {'line': b'running install_data\n'}
[3.029195] (calibration) StdoutLine: {'line': b'running install_egg_info\n'}
[3.059954] (calibration) StdoutLine: {'line': b"removing '/home/epiibots/ros2_ws/install/calibration/lib/python3.12/site-packages/calibration-0.0.0-py3.12.egg-info' (and everything under it)\n"}
[3.061007] (calibration) StdoutLine: {'line': b'Copying ../../build/calibration/calibration.egg-info to /home/epiibots/ros2_ws/install/calibration/lib/python3.12/site-packages/calibration-0.0.0-py3.12.egg-info\n'}
[3.062816] (calibration) StdoutLine: {'line': b'running install_scripts\n'}
[3.130355] (-) TimerEvent: {}
[3.213891] (bno055) StdoutLine: {'line': b'Installing bno055 script to /home/epiibots/ros2_ws/install/bno055/lib/bno055\n'}
[3.215427] (bno055) StdoutLine: {'line': b"writing list of installed files to '/home/epiibots/ros2_ws/build/bno055/install.log'\n"}
[3.230533] (-) TimerEvent: {}
[3.270932] (calibration) StdoutLine: {'line': b'Installing imu_save script to /home/epiibots/ros2_ws/install/calibration/lib/calibration\n'}
[3.272635] (calibration) StdoutLine: {'line': b"writing list of installed files to '/home/epiibots/ros2_ws/build/calibration/install.log'\n"}
[3.307045] (carrinho_base) StdoutLine: {'line': b'running egg_info\n'}
[3.330694] (-) TimerEvent: {}
[3.372389] (carrinho_base) StdoutLine: {'line': b'writing ../../build/carrinho_base/carrinho_base.egg-info/PKG-INFO\n'}
[3.372824] (carrinho_base) StdoutLine: {'line': b'writing dependency_links to ../../build/carrinho_base/carrinho_base.egg-info/dependency_links.txt\n'}
[3.376113] (carrinho_base) StdoutLine: {'line': b'writing entry points to ../../build/carrinho_base/carrinho_base.egg-info/entry_points.txt\n'}
[3.377028] (carrinho_base) StdoutLine: {'line': b'writing requirements to ../../build/carrinho_base/carrinho_base.egg-info/requires.txt\n'}
[3.378215] (carrinho_base) StdoutLine: {'line': b'writing top-level names to ../../build/carrinho_base/carrinho_base.egg-info/top_level.txt\n'}
[3.395783] (bno055) CommandEnded: {'returncode': 0}
[3.415692] (bno055) JobEnded: {'identifier': 'bno055', 'rc': 0}
[3.419848] (drive_base_msgs) JobStarted: {'identifier': 'drive_base_msgs'}
[3.432593] (drive_base_msgs) JobProgress: {'identifier': 'drive_base_msgs', 'progress': 'cmake'}
[3.432748] (-) TimerEvent: {}
[3.436070] (drive_base_msgs) JobProgress: {'identifier': 'drive_base_msgs', 'progress': 'build'}
[3.436882] (drive_base_msgs) Command: {'cmd': ['/usr/bin/cmake', '--build', '/home/epiibots/ros2_ws/build/drive_base_msgs', '--', '-j4', '-l4'], 'cwd': '/home/epiibots/ros2_ws/build/drive_base_msgs', 'env': OrderedDict({'LESSOPEN': '| /usr/bin/lesspipe %s', 'USER': 'epiibots', 'SSH_CLIENT': '192.168.0.101 63419 22', 'GZ_CONFIG_PATH': '/opt/ros/jazzy/opt/gz_sim_vendor/share/gz:/opt/ros/jazzy/opt/sdformat_vendor/share/gz:/opt/ros/jazzy/opt/gz_gui_vendor/share/gz:/opt/ros/jazzy/opt/gz_transport_vendor/share/gz:/opt/ros/jazzy/opt/gz_rendering_vendor/share/gz:/opt/ros/jazzy/opt/gz_plugin_vendor/share/gz:/opt/ros/jazzy/opt/gz_fuel_tools_vendor/share/gz:/opt/ros/jazzy/opt/gz_msgs_vendor/share/gz:/opt/ros/jazzy/opt/gz_common_vendor/share/gz', 'XDG_SESSION_TYPE': 'tty', 'SHLVL': '1', 'LD_LIBRARY_PATH': '/opt/ros/jazzy/opt/gz_sim_vendor/lib:/opt/ros/jazzy/opt/gz_sensors_vendor/lib:/opt/ros/jazzy/opt/gz_physics_vendor/lib:/opt/ros/jazzy/opt/sdformat_vendor/lib:/opt/ros/jazzy/opt/rviz_ogre_vendor/lib:/opt/ros/jazzy/lib/aarch64-linux-gnu:/opt/ros/jazzy/opt/gz_gui_vendor/lib:/opt/ros/jazzy/opt/gz_transport_vendor/lib:/opt/ros/jazzy/opt/gz_rendering_vendor/lib:/opt/ros/jazzy/opt/gz_plugin_vendor/lib:/opt/ros/jazzy/opt/gz_fuel_tools_vendor/lib:/opt/ros/jazzy/opt/gz_msgs_vendor/lib:/opt/ros/jazzy/opt/gz_common_vendor/lib:/opt/ros/jazzy/opt/gz_math_vendor/lib:/opt/ros/jazzy/opt/gz_utils_vendor/lib:/opt/ros/jazzy/opt/gz_tools_vendor/lib:/opt/ros/jazzy/opt/gz_ogre_next_vendor/lib:/opt/ros/jazzy/opt/gz_dartsim_vendor/lib:/opt/ros/jazzy/opt/gz_cmake_vendor/lib:/opt/ros/jazzy/lib', 'HOME': '/home/epiibots', 'OLDPWD': '/home/epiibots/ros2_ws/install', 'SSH_TTY': '/dev/pts/4', 'ROS_PYTHON_VERSION': '3', 'DBUS_SESSION_BUS_ADDRESS': 'unix:path=/run/user/1000/bus', 'DEBUGINFOD_URLS': 'https://debuginfod.ubuntu.com', 'ROS_DISTRO': 'jazzy', 'LOGNAME': 'epiibots', '_': '/usr/bin/colcon', 'ROS_VERSION': '2', 'XDG_SESSION_CLASS': 'user', 'TERM': 'xterm-256color', 'XDG_SESSION_ID': '11', 'PATH': '/opt/ros/jazzy/opt/gz_msgs_vendor/bin:/opt/ros/jazzy/opt/gz_tools_vendor/bin:/opt/ros/jazzy/opt/gz_ogre_next_vendor/bin:/opt/ros/jazzy/bin:/usr/local/sbin:/usr/local/bin:/usr/sbin:/usr/bin:/sbin:/bin:/usr/games:/usr/local/games:/snap/bin', 'XDG_RUNTIME_DIR': '/run/user/1000', 'LANG': 'en_US.UTF-8', 'LS_COLORS': 'rs=0:di=01;34:ln=01;36:mh=00:pi=40;33:so=01;35:do=01;35:bd=40;33;01:cd=40;33;01:or=40;31;01:mi=00:su=37;41:sg=30;43:ca=00:tw=30;42:ow=34;42:st=37;44:ex=01;32:*.tar=01;31:*.tgz=01;31:*.arc=01;31:*.arj=01;31:*.taz=01;31:*.lha=01;31:*.lz4=01;31:*.lzh=01;31:*.lzma=01;31:*.tlz=01;31:*.txz=01;31:*.tzo=01;31:*.t7z=01;31:*.zip=01;31:*.z=01;31:*.dz=01;31:*.gz=01;31:*.lrz=01;31:*.lz=01;31:*.lzo=01;31:*.xz=01;31:*.zst=01;31:*.tzst=01;31:*.bz2=01;31:*.bz=01;31:*.tbz=01;31:*.tbz2=01;31:*.tz=01;31:*.deb=01;31:*.rpm=01;31:*.jar=01;31:*.war=01;31:*.ear=01;31:*.sar=01;31:*.rar=01;31:*.alz=01;31:*.ace=01;31:*.zoo=01;31:*.cpio=01;31:*.7z=01;31:*.rz=01;31:*.cab=01;31:*.wim=01;31:*.swm=01;31:*.dwm=01;31:*.esd=01;31:*.avif=01;35:*.jpg=01;35:*.jpeg=01;35:*.mjpg=01;35:*.mjpeg=01;35:*.gif=01;35:*.bmp=01;35:*.pbm=01;35:*.pgm=01;35:*.ppm=01;35:*.tga=01;35:*.xbm=01;35:*.xpm=01;35:*.tif=01;35:*.tiff=01;35:*.png=01;35:*.svg=01;35:*.svgz=01;35:*.mng=01;35:*.pcx=01;35:*.mov=01;35:*.mpg=01;35:*.mpeg=01;35:*.m2v=01;35:*.mkv=01;35:*.webm=01;35:*.webp=01;35:*.ogm=01;35:*.mp4=01;35:*.m4v=01;35:*.mp4v=01;35:*.vob=01;35:*.qt=01;35:*.nuv=01;35:*.wmv=01;35:*.asf=01;35:*.rm=01;35:*.rmvb=01;35:*.flc=01;35:*.avi=01;35:*.fli=01;35:*.flv=01;35:*.gl=01;35:*.dl=01;35:*.xcf=01;35:*.xwd=01;35:*.yuv=01;35:*.cgm=01;35:*.emf=01;35:*.ogv=01;35:*.ogx=01;35:*.aac=00;36:*.au=00;36:*.flac=00;36:*.m4a=00;36:*.mid=00;36:*.midi=00;36:*.mka=00;36:*.mp3=00;36:*.mpc=00;36:*.ogg=00;36:*.ra=00;36:*.wav=00;36:*.oga=00;36:*.opus=00;36:*.spx=00;36:*.xspf=00;36:*~=00;90:*#=00;90:*.bak=00;90:*.crdownload=00;90:*.dpkg-dist=00;90:*.dpkg-new=00;90:*.dpkg-old=00;90:*.dpkg-tmp=00;90:*.old=00;90:*.orig=00;90:*.part=00;90:*.rej=00;90:*.rpmnew=00;90:*.rpmorig=00;90:*.rpmsave=00;90:*.swp=00;90:*.tmp=00;90:*.ucf-dist=00;90:*.ucf-new=00;90:*.ucf-old=00;90:', 'AMENT_PREFIX_PATH': '/opt/ros/jazzy', 'SHELL': '/bin/bash', 'LESSCLOSE': '/usr/bin/lesspipe %s %s', 'ROS_AUTOMATIC_DISCOVERY_RANGE': 'SUBNET', 'PWD': '/home/epiibots/ros2_ws/build/drive_base_msgs', 'LC_ALL': 'en_US.UTF-8', 'SSH_CONNECTION': '192.168.0.101 63419 192.168.0.67 22', 'XDG_DATA_DIRS': '/usr/share/gnome:/usr/local/share:/usr/share:/var/lib/snapd/desktop', 'PYTHONPATH': '/opt/ros/jazzy/lib/python3.12/site-packages', 'COLCON': '1', 'CMAKE_PREFIX_PATH': '/opt/ros/jazzy/opt/gz_sim_vendor:/opt/ros/jazzy/opt/gz_sensors_vendor:/opt/ros/jazzy/opt/gz_physics_vendor:/opt/ros/jazzy/opt/sdformat_vendor:/opt/ros/jazzy/opt/gz_gui_vendor:/opt/ros/jazzy/opt/gz_transport_vendor:/opt/ros/jazzy/opt/gz_rendering_vendor:/opt/ros/jazzy/opt/gz_plugin_vendor:/opt/ros/jazzy/opt/gz_fuel_tools_vendor:/opt/ros/jazzy/opt/gz_msgs_vendor:/opt/ros/jazzy/opt/gz_common_vendor:/opt/ros/jazzy/opt/gz_math_vendor:/opt/ros/jazzy/opt/gz_utils_vendor:/opt/ros/jazzy/opt/gz_tools_vendor:/opt/ros/jazzy/opt/gz_ogre_next_vendor:/opt/ros/jazzy/opt/gz_dartsim_vendor:/opt/ros/jazzy/opt/gz_cmake_vendor:/opt/ros/jazzy'}), 'shell': False}
[3.464598] (calibration) CommandEnded: {'returncode': 0}
[3.479933] (calibration) JobEnded: {'identifier': 'calibration', 'rc': 0}
[3.484544] (lidar_teste) JobStarted: {'identifier': 'lidar_teste'}
[3.484699] (carrinho_base) StdoutLine: {'line': b"reading manifest file '../../build/carrinho_base/carrinho_base.egg-info/SOURCES.txt'\n"}
[3.488835] (carrinho_base) StdoutLine: {'line': b"writing manifest file '../../build/carrinho_base/carrinho_base.egg-info/SOURCES.txt'\n"}
[3.489089] (carrinho_base) StdoutLine: {'line': b'running build\n'}
[3.489218] (carrinho_base) StdoutLine: {'line': b'running build_py\n'}
[3.489367] (carrinho_base) StdoutLine: {'line': b'running install\n'}
[3.502080] (carrinho_base) StdoutLine: {'line': b'running install_lib\n'}
[3.532462] (carrinho_base) StdoutLine: {'line': b'running install_data\n'}
[3.532744] (-) TimerEvent: {}
[3.534533] (carrinho_base) StdoutLine: {'line': b'running install_egg_info\n'}
[3.573654] (carrinho_base) StdoutLine: {'line': b"removing '/home/epiibots/ros2_ws/install/carrinho_base/lib/python3.12/site-packages/carrinho_base-0.0.0-py3.12.egg-info' (and everything under it)\n"}
[3.576406] (carrinho_base) StdoutLine: {'line': b'Copying ../../build/carrinho_base/carrinho_base.egg-info to /home/epiibots/ros2_ws/install/carrinho_base/lib/python3.12/site-packages/carrinho_base-0.0.0-py3.12.egg-info\n'}
[3.576901] (carrinho_base) StdoutLine: {'line': b'running install_scripts\n'}
[3.585133] (drive_base_msgs) StdoutLine: {'line': b'[  1%] Built target drive_base_msgs__rs\n'}
[3.601412] (drive_base_msgs) StdoutLine: {'line': b'[  3%] Built target drive_base_msgs__rosidl_generator_type_description\n'}
[3.632889] (-) TimerEvent: {}
[3.659584] (drive_base_msgs) StdoutLine: {'line': b'[  3%] Built target ament_cmake_python_copy_drive_base_msgs\n'}
[3.676199] (drive_base_msgs) StdoutLine: {'line': b'[  4%] Built target drive_base_msgs__cpp\n'}
[3.690905] (drive_base_msgs) StdoutLine: {'line': b'[ 26%] Built target drive_base_msgs__rosidl_generator_c\n'}
[3.733021] (-) TimerEvent: {}
[3.758917] (drive_base_msgs) StdoutLine: {'line': b'[ 35%] Built target drive_base_msgs__rosidl_typesupport_fastrtps_cpp\n'}
[3.793294] (drive_base_msgs) StdoutLine: {'line': b'[ 44%] Built target drive_base_msgs__rosidl_typesupport_cpp\n'}
[3.806009] (drive_base_msgs) StdoutLine: {'line': b'[ 53%] Built target drive_base_msgs__rosidl_typesupport_fastrtps_c\n'}
[3.829144] (drive_base_msgs) StdoutLine: {'line': b'[ 63%] Built target drive_base_msgs__rosidl_typesupport_introspection_c\n'}
[3.833141] (-) TimerEvent: {}
[3.853529] (drive_base_msgs) StdoutLine: {'line': b'[ 72%] Built target drive_base_msgs__rosidl_typesupport_c\n'}
[3.878942] (drive_base_msgs) StdoutLine: {'line': b'[ 81%] Built target drive_base_msgs__rosidl_typesupport_introspection_cpp\n'}
[3.909374] (carrinho_base) StdoutLine: {'line': b'Installing checkpoint_player script to /home/epiibots/ros2_ws/install/carrinho_base/lib/carrinho_base\n'}
[3.909739] (carrinho_base) StdoutLine: {'line': b'Installing checkpoint_recorder script to /home/epiibots/ros2_ws/install/carrinho_base/lib/carrinho_base\n'}
[3.913054] (carrinho_base) StdoutLine: {'line': b'Installing motor_control script to /home/epiibots/ros2_ws/install/carrinho_base/lib/carrinho_base\n'}
[3.915179] (carrinho_base) StdoutLine: {'line': b"writing list of installed files to '/home/epiibots/ros2_ws/build/carrinho_base/install.log'\n"}
[3.934635] (-) TimerEvent: {}
[3.945540] (drive_base_msgs) StdoutLine: {'line': b'[ 81%] Built target drive_base_msgs\n'}
[4.018585] (drive_base_msgs) StdoutLine: {'line': b'[ 83%] Built target drive_base_msgs__py\n'}
[4.033184] (detector) Command: {'cmd': ['/usr/bin/python3', '-W', 'ignore:setup.py install is deprecated', '-W', 'ignore:easy_install command is deprecated', 'setup.py', 'egg_info', '--egg-base', '../../build/detector', 'build', '--build-base', '/home/epiibots/ros2_ws/build/detector/build', 'install', '--record', '/home/epiibots/ros2_ws/build/detector/install.log', '--single-version-externally-managed', 'install_data'], 'cwd': '/home/epiibots/ros2_ws/src/detector', 'env': {'LESSOPEN': '| /usr/bin/lesspipe %s', 'USER': 'epiibots', 'SSH_CLIENT': '192.168.0.101 63419 22', 'GZ_CONFIG_PATH': '/opt/ros/jazzy/opt/gz_sim_vendor/share/gz:/opt/ros/jazzy/opt/sdformat_vendor/share/gz:/opt/ros/jazzy/opt/gz_gui_vendor/share/gz:/opt/ros/jazzy/opt/gz_transport_vendor/share/gz:/opt/ros/jazzy/opt/gz_rendering_vendor/share/gz:/opt/ros/jazzy/opt/gz_plugin_vendor/share/gz:/opt/ros/jazzy/opt/gz_fuel_tools_vendor/share/gz:/opt/ros/jazzy/opt/gz_msgs_vendor/share/gz:/opt/ros/jazzy/opt/gz_common_vendor/share/gz', 'XDG_SESSION_TYPE': 'tty', 'SHLVL': '1', 'LD_LIBRARY_PATH': '/opt/ros/jazzy/opt/gz_sim_vendor/lib:/opt/ros/jazzy/opt/gz_sensors_vendor/lib:/opt/ros/jazzy/opt/gz_physics_vendor/lib:/opt/ros/jazzy/opt/sdformat_vendor/lib:/opt/ros/jazzy/opt/rviz_ogre_vendor/lib:/opt/ros/jazzy/lib/aarch64-linux-gnu:/opt/ros/jazzy/opt/gz_gui_vendor/lib:/opt/ros/jazzy/opt/gz_transport_vendor/lib:/opt/ros/jazzy/opt/gz_rendering_vendor/lib:/opt/ros/jazzy/opt/gz_plugin_vendor/lib:/opt/ros/jazzy/opt/gz_fuel_tools_vendor/lib:/opt/ros/jazzy/opt/gz_msgs_vendor/lib:/opt/ros/jazzy/opt/gz_common_vendor/lib:/opt/ros/jazzy/opt/gz_math_vendor/lib:/opt/ros/jazzy/opt/gz_utils_vendor/lib:/opt/ros/jazzy/opt/gz_tools_vendor/lib:/opt/ros/jazzy/opt/gz_ogre_next_vendor/lib:/opt/ros/jazzy/opt/gz_dartsim_vendor/lib:/opt/ros/jazzy/opt/gz_cmake_vendor/lib:/opt/ros/jazzy/lib', 'HOME': '/home/epiibots', 'OLDPWD': '/home/epiibots/ros2_ws/install', 'SSH_TTY': '/dev/pts/4', 'ROS_PYTHON_VERSION': '3', 'DBUS_SESSION_BUS_ADDRESS': 'unix:path=/run/user/1000/bus', 'DEBUGINFOD_URLS': 'https://debuginfod.ubuntu.com', 'ROS_DISTRO': 'jazzy', 'LOGNAME': 'epiibots', '_': '/usr/bin/colcon', 'ROS_VERSION': '2', 'XDG_SESSION_CLASS': 'user', 'TERM': 'xterm-256color', 'XDG_SESSION_ID': '11', 'PATH': '/opt/ros/jazzy/opt/gz_msgs_vendor/bin:/opt/ros/jazzy/opt/gz_tools_vendor/bin:/opt/ros/jazzy/opt/gz_ogre_next_vendor/bin:/opt/ros/jazzy/bin:/usr/local/sbin:/usr/local/bin:/usr/sbin:/usr/bin:/sbin:/bin:/usr/games:/usr/local/games:/snap/bin', 'XDG_RUNTIME_DIR': '/run/user/1000', 'LANG': 'en_US.UTF-8', 'LS_COLORS': 'rs=0:di=01;34:ln=01;36:mh=00:pi=40;33:so=01;35:do=01;35:bd=40;33;01:cd=40;33;01:or=40;31;01:mi=00:su=37;41:sg=30;43:ca=00:tw=30;42:ow=34;42:st=37;44:ex=01;32:*.tar=01;31:*.tgz=01;31:*.arc=01;31:*.arj=01;31:*.taz=01;31:*.lha=01;31:*.lz4=01;31:*.lzh=01;31:*.lzma=01;31:*.tlz=01;31:*.txz=01;31:*.tzo=01;31:*.t7z=01;31:*.zip=01;31:*.z=01;31:*.dz=01;31:*.gz=01;31:*.lrz=01;31:*.lz=01;31:*.lzo=01;31:*.xz=01;31:*.zst=01;31:*.tzst=01;31:*.bz2=01;31:*.bz=01;31:*.tbz=01;31:*.tbz2=01;31:*.tz=01;31:*.deb=01;31:*.rpm=01;31:*.jar=01;31:*.war=01;31:*.ear=01;31:*.sar=01;31:*.rar=01;31:*.alz=01;31:*.ace=01;31:*.zoo=01;31:*.cpio=01;31:*.7z=01;31:*.rz=01;31:*.cab=01;31:*.wim=01;31:*.swm=01;31:*.dwm=01;31:*.esd=01;31:*.avif=01;35:*.jpg=01;35:*.jpeg=01;35:*.mjpg=01;35:*.mjpeg=01;35:*.gif=01;35:*.bmp=01;35:*.pbm=01;35:*.pgm=01;35:*.ppm=01;35:*.tga=01;35:*.xbm=01;35:*.xpm=01;35:*.tif=01;35:*.tiff=01;35:*.png=01;35:*.svg=01;35:*.svgz=01;35:*.mng=01;35:*.pcx=01;35:*.mov=01;35:*.mpg=01;35:*.mpeg=01;35:*.m2v=01;35:*.mkv=01;35:*.webm=01;35:*.webp=01;35:*.ogm=01;35:*.mp4=01;35:*.m4v=01;35:*.mp4v=01;35:*.vob=01;35:*.qt=01;35:*.nuv=01;35:*.wmv=01;35:*.asf=01;35:*.rm=01;35:*.rmvb=01;35:*.flc=01;35:*.avi=01;35:*.fli=01;35:*.flv=01;35:*.gl=01;35:*.dl=01;35:*.xcf=01;35:*.xwd=01;35:*.yuv=01;35:*.cgm=01;35:*.emf=01;35:*.ogv=01;35:*.ogx=01;35:*.aac=00;36:*.au=00;36:*.flac=00;36:*.m4a=00;36:*.mid=00;36:*.midi=00;36:*.mka=00;36:*.mp3=00;36:*.mpc=00;36:*.ogg=00;36:*.ra=00;36:*.wav=00;36:*.oga=00;36:*.opus=00;36:*.spx=00;36:*.xspf=00;36:*~=00;90:*#=00;90:*.bak=00;90:*.crdownload=00;90:*.dpkg-dist=00;90:*.dpkg-new=00;90:*.dpkg-old=00;90:*.dpkg-tmp=00;90:*.old=00;90:*.orig=00;90:*.part=00;90:*.rej=00;90:*.rpmnew=00;90:*.rpmorig=00;90:*.rpmsave=00;90:*.swp=00;90:*.tmp=00;90:*.ucf-dist=00;90:*.ucf-new=00;90:*.ucf-old=00;90:', 'AMENT_PREFIX_PATH': '/opt/ros/jazzy', 'SHELL': '/bin/bash', 'LESSCLOSE': '/usr/bin/lesspipe %s %s', 'ROS_AUTOMATIC_DISCOVERY_RANGE': 'SUBNET', 'PWD': '/home/epiibots/ros2_ws/build/detector', 'LC_ALL': 'en_US.UTF-8', 'SSH_CONNECTION': '192.168.0.101 63419 192.168.0.67 22', 'XDG_DATA_DIRS': '/usr/share/gnome:/usr/local/share:/usr/share:/var/lib/snapd/desktop', 'PYTHONPATH': '/home/epiibots/ros2_ws/build/detector/prefix_override:/usr/lib/python3/dist-packages/colcon_core/task/python/colcon_distutils_commands:/home/epiibots/ros2_ws/install/detector/lib/python3.12/site-packages:/opt/ros/jazzy/lib/python3.12/site-packages', 'COLCON': '1', 'CMAKE_PREFIX_PATH': '/opt/ros/jazzy/opt/gz_sim_vendor:/opt/ros/jazzy/opt/gz_sensors_vendor:/opt/ros/jazzy/opt/gz_physics_vendor:/opt/ros/jazzy/opt/sdformat_vendor:/opt/ros/jazzy/opt/gz_gui_vendor:/opt/ros/jazzy/opt/gz_transport_vendor:/opt/ros/jazzy/opt/gz_rendering_vendor:/opt/ros/jazzy/opt/gz_plugin_vendor:/opt/ros/jazzy/opt/gz_fuel_tools_vendor:/opt/ros/jazzy/opt/gz_msgs_vendor:/opt/ros/jazzy/opt/gz_common_vendor:/opt/ros/jazzy/opt/gz_math_vendor:/opt/ros/jazzy/opt/gz_utils_vendor:/opt/ros/jazzy/opt/gz_tools_vendor:/opt/ros/jazzy/opt/gz_ogre_next_vendor:/opt/ros/jazzy/opt/gz_dartsim_vendor:/opt/ros/jazzy/opt/gz_cmake_vendor'}, 'shell': False}
[4.037406] (-) TimerEvent: {}
[4.084304] (drive_base_msgs) StdoutLine: {'line': b'[ 90%] Built target drive_base_msgs__rosidl_generator_py\n'}
[4.085789] (carrinho_base) CommandEnded: {'returncode': 0}
[4.111608] (carrinho_base) JobEnded: {'identifier': 'carrinho_base', 'rc': 0}
[4.119377] (micro_ros_setup) JobStarted: {'identifier': 'micro_ros_setup'}
[4.132106] (micro_ros_setup) JobProgress: {'identifier': 'micro_ros_setup', 'progress': 'cmake'}
[4.133313] (micro_ros_setup) JobProgress: {'identifier': 'micro_ros_setup', 'progress': 'build'}
[4.133833] (micro_ros_setup) Command: {'cmd': ['/usr/bin/cmake', '--build', '/home/epiibots/ros2_ws/build/micro_ros_setup', '--', '-j4', '-l4'], 'cwd': '/home/epiibots/ros2_ws/build/micro_ros_setup', 'env': OrderedDict({'LESSOPEN': '| /usr/bin/lesspipe %s', 'USER': 'epiibots', 'SSH_CLIENT': '192.168.0.101 63419 22', 'GZ_CONFIG_PATH': '/opt/ros/jazzy/opt/gz_sim_vendor/share/gz:/opt/ros/jazzy/opt/sdformat_vendor/share/gz:/opt/ros/jazzy/opt/gz_gui_vendor/share/gz:/opt/ros/jazzy/opt/gz_transport_vendor/share/gz:/opt/ros/jazzy/opt/gz_rendering_vendor/share/gz:/opt/ros/jazzy/opt/gz_plugin_vendor/share/gz:/opt/ros/jazzy/opt/gz_fuel_tools_vendor/share/gz:/opt/ros/jazzy/opt/gz_msgs_vendor/share/gz:/opt/ros/jazzy/opt/gz_common_vendor/share/gz', 'XDG_SESSION_TYPE': 'tty', 'SHLVL': '1', 'LD_LIBRARY_PATH': '/opt/ros/jazzy/opt/gz_sim_vendor/lib:/opt/ros/jazzy/opt/gz_sensors_vendor/lib:/opt/ros/jazzy/opt/gz_physics_vendor/lib:/opt/ros/jazzy/opt/sdformat_vendor/lib:/opt/ros/jazzy/opt/rviz_ogre_vendor/lib:/opt/ros/jazzy/lib/aarch64-linux-gnu:/opt/ros/jazzy/opt/gz_gui_vendor/lib:/opt/ros/jazzy/opt/gz_transport_vendor/lib:/opt/ros/jazzy/opt/gz_rendering_vendor/lib:/opt/ros/jazzy/opt/gz_plugin_vendor/lib:/opt/ros/jazzy/opt/gz_fuel_tools_vendor/lib:/opt/ros/jazzy/opt/gz_msgs_vendor/lib:/opt/ros/jazzy/opt/gz_common_vendor/lib:/opt/ros/jazzy/opt/gz_math_vendor/lib:/opt/ros/jazzy/opt/gz_utils_vendor/lib:/opt/ros/jazzy/opt/gz_tools_vendor/lib:/opt/ros/jazzy/opt/gz_ogre_next_vendor/lib:/opt/ros/jazzy/opt/gz_dartsim_vendor/lib:/opt/ros/jazzy/opt/gz_cmake_vendor/lib:/opt/ros/jazzy/lib', 'HOME': '/home/epiibots', 'OLDPWD': '/home/epiibots/ros2_ws/install', 'SSH_TTY': '/dev/pts/4', 'ROS_PYTHON_VERSION': '3', 'DBUS_SESSION_BUS_ADDRESS': 'unix:path=/run/user/1000/bus', 'DEBUGINFOD_URLS': 'https://debuginfod.ubuntu.com', 'ROS_DISTRO': 'jazzy', 'LOGNAME': 'epiibots', '_': '/usr/bin/colcon', 'ROS_VERSION': '2', 'XDG_SESSION_CLASS': 'user', 'TERM': 'xterm-256color', 'XDG_SESSION_ID': '11', 'PATH': '/opt/ros/jazzy/opt/gz_msgs_vendor/bin:/opt/ros/jazzy/opt/gz_tools_vendor/bin:/opt/ros/jazzy/opt/gz_ogre_next_vendor/bin:/opt/ros/jazzy/bin:/usr/local/sbin:/usr/local/bin:/usr/sbin:/usr/bin:/sbin:/bin:/usr/games:/usr/local/games:/snap/bin', 'XDG_RUNTIME_DIR': '/run/user/1000', 'LANG': 'en_US.UTF-8', 'LS_COLORS': 'rs=0:di=01;34:ln=01;36:mh=00:pi=40;33:so=01;35:do=01;35:bd=40;33;01:cd=40;33;01:or=40;31;01:mi=00:su=37;41:sg=30;43:ca=00:tw=30;42:ow=34;42:st=37;44:ex=01;32:*.tar=01;31:*.tgz=01;31:*.arc=01;31:*.arj=01;31:*.taz=01;31:*.lha=01;31:*.lz4=01;31:*.lzh=01;31:*.lzma=01;31:*.tlz=01;31:*.txz=01;31:*.tzo=01;31:*.t7z=01;31:*.zip=01;31:*.z=01;31:*.dz=01;31:*.gz=01;31:*.lrz=01;31:*.lz=01;31:*.lzo=01;31:*.xz=01;31:*.zst=01;31:*.tzst=01;31:*.bz2=01;31:*.bz=01;31:*.tbz=01;31:*.tbz2=01;31:*.tz=01;31:*.deb=01;31:*.rpm=01;31:*.jar=01;31:*.war=01;31:*.ear=01;31:*.sar=01;31:*.rar=01;31:*.alz=01;31:*.ace=01;31:*.zoo=01;31:*.cpio=01;31:*.7z=01;31:*.rz=01;31:*.cab=01;31:*.wim=01;31:*.swm=01;31:*.dwm=01;31:*.esd=01;31:*.avif=01;35:*.jpg=01;35:*.jpeg=01;35:*.mjpg=01;35:*.mjpeg=01;35:*.gif=01;35:*.bmp=01;35:*.pbm=01;35:*.pgm=01;35:*.ppm=01;35:*.tga=01;35:*.xbm=01;35:*.xpm=01;35:*.tif=01;35:*.tiff=01;35:*.png=01;35:*.svg=01;35:*.svgz=01;35:*.mng=01;35:*.pcx=01;35:*.mov=01;35:*.mpg=01;35:*.mpeg=01;35:*.m2v=01;35:*.mkv=01;35:*.webm=01;35:*.webp=01;35:*.ogm=01;35:*.mp4=01;35:*.m4v=01;35:*.mp4v=01;35:*.vob=01;35:*.qt=01;35:*.nuv=01;35:*.wmv=01;35:*.asf=01;35:*.rm=01;35:*.rmvb=01;35:*.flc=01;35:*.avi=01;35:*.fli=01;35:*.flv=01;35:*.gl=01;35:*.dl=01;35:*.xcf=01;35:*.xwd=01;35:*.yuv=01;35:*.cgm=01;35:*.emf=01;35:*.ogv=01;35:*.ogx=01;35:*.aac=00;36:*.au=00;36:*.flac=00;36:*.m4a=00;36:*.mid=00;36:*.midi=00;36:*.mka=00;36:*.mp3=00;36:*.mpc=00;36:*.ogg=00;36:*.ra=00;36:*.wav=00;36:*.oga=00;36:*.opus=00;36:*.spx=00;36:*.xspf=00;36:*~=00;90:*#=00;90:*.bak=00;90:*.crdownload=00;90:*.dpkg-dist=00;90:*.dpkg-new=00;90:*.dpkg-old=00;90:*.dpkg-tmp=00;90:*.old=00;90:*.orig=00;90:*.part=00;90:*.rej=00;90:*.rpmnew=00;90:*.rpmorig=00;90:*.rpmsave=00;90:*.swp=00;90:*.tmp=00;90:*.ucf-dist=00;90:*.ucf-new=00;90:*.ucf-old=00;90:', 'AMENT_PREFIX_PATH': '/opt/ros/jazzy', 'SHELL': '/bin/bash', 'LESSCLOSE': '/usr/bin/lesspipe %s %s', 'ROS_AUTOMATIC_DISCOVERY_RANGE': 'SUBNET', 'PWD': '/home/epiibots/ros2_ws/build/micro_ros_setup', 'LC_ALL': 'en_US.UTF-8', 'SSH_CONNECTION': '192.168.0.101 63419 192.168.0.67 22', 'XDG_DATA_DIRS': '/usr/share/gnome:/usr/local/share:/usr/share:/var/lib/snapd/desktop', 'PYTHONPATH': '/opt/ros/jazzy/lib/python3.12/site-packages', 'COLCON': '1', 'CMAKE_PREFIX_PATH': '/opt/ros/jazzy/opt/gz_sim_vendor:/opt/ros/jazzy/opt/gz_sensors_vendor:/opt/ros/jazzy/opt/gz_physics_vendor:/opt/ros/jazzy/opt/sdformat_vendor:/opt/ros/jazzy/opt/gz_gui_vendor:/opt/ros/jazzy/opt/gz_transport_vendor:/opt/ros/jazzy/opt/gz_rendering_vendor:/opt/ros/jazzy/opt/gz_plugin_vendor:/opt/ros/jazzy/opt/gz_fuel_tools_vendor:/opt/ros/jazzy/opt/gz_msgs_vendor:/opt/ros/jazzy/opt/gz_common_vendor:/opt/ros/jazzy/opt/gz_math_vendor:/opt/ros/jazzy/opt/gz_utils_vendor:/opt/ros/jazzy/opt/gz_tools_vendor:/opt/ros/jazzy/opt/gz_ogre_next_vendor:/opt/ros/jazzy/opt/gz_dartsim_vendor:/opt/ros/jazzy/opt/gz_cmake_vendor:/opt/ros/jazzy'}), 'shell': False}
[4.137518] (-) TimerEvent: {}
[4.178402] (drive_base_msgs) StdoutLine: {'line': b'[ 93%] Built target drive_base_msgs_s__rosidl_typesupport_introspection_c\n'}
[4.206591] (drive_base_msgs) StdoutLine: {'line': b'[ 96%] Built target drive_base_msgs_s__rosidl_typesupport_c\n'}
[4.210507] (drive_base_msgs) StdoutLine: {'line': b'[100%] Built target drive_base_msgs_s__rosidl_typesupport_fastrtps_c\n'}
[4.237632] (-) TimerEvent: {}
[4.277948] (micro_ros_setup) CommandEnded: {'returncode': 0}
[4.278964] (micro_ros_setup) JobProgress: {'identifier': 'micro_ros_setup', 'progress': 'install'}
[4.279395] (micro_ros_setup) Command: {'cmd': ['/usr/bin/cmake', '--install', '/home/epiibots/ros2_ws/build/micro_ros_setup'], 'cwd': '/home/epiibots/ros2_ws/build/micro_ros_setup', 'env': OrderedDict({'LESSOPEN': '| /usr/bin/lesspipe %s', 'USER': 'epiibots', 'SSH_CLIENT': '192.168.0.101 63419 22', 'GZ_CONFIG_PATH': '/opt/ros/jazzy/opt/gz_sim_vendor/share/gz:/opt/ros/jazzy/opt/sdformat_vendor/share/gz:/opt/ros/jazzy/opt/gz_gui_vendor/share/gz:/opt/ros/jazzy/opt/gz_transport_vendor/share/gz:/opt/ros/jazzy/opt/gz_rendering_vendor/share/gz:/opt/ros/jazzy/opt/gz_plugin_vendor/share/gz:/opt/ros/jazzy/opt/gz_fuel_tools_vendor/share/gz:/opt/ros/jazzy/opt/gz_msgs_vendor/share/gz:/opt/ros/jazzy/opt/gz_common_vendor/share/gz', 'XDG_SESSION_TYPE': 'tty', 'SHLVL': '1', 'LD_LIBRARY_PATH': '/opt/ros/jazzy/opt/gz_sim_vendor/lib:/opt/ros/jazzy/opt/gz_sensors_vendor/lib:/opt/ros/jazzy/opt/gz_physics_vendor/lib:/opt/ros/jazzy/opt/sdformat_vendor/lib:/opt/ros/jazzy/opt/rviz_ogre_vendor/lib:/opt/ros/jazzy/lib/aarch64-linux-gnu:/opt/ros/jazzy/opt/gz_gui_vendor/lib:/opt/ros/jazzy/opt/gz_transport_vendor/lib:/opt/ros/jazzy/opt/gz_rendering_vendor/lib:/opt/ros/jazzy/opt/gz_plugin_vendor/lib:/opt/ros/jazzy/opt/gz_fuel_tools_vendor/lib:/opt/ros/jazzy/opt/gz_msgs_vendor/lib:/opt/ros/jazzy/opt/gz_common_vendor/lib:/opt/ros/jazzy/opt/gz_math_vendor/lib:/opt/ros/jazzy/opt/gz_utils_vendor/lib:/opt/ros/jazzy/opt/gz_tools_vendor/lib:/opt/ros/jazzy/opt/gz_ogre_next_vendor/lib:/opt/ros/jazzy/opt/gz_dartsim_vendor/lib:/opt/ros/jazzy/opt/gz_cmake_vendor/lib:/opt/ros/jazzy/lib', 'HOME': '/home/epiibots', 'OLDPWD': '/home/epiibots/ros2_ws/install', 'SSH_TTY': '/dev/pts/4', 'ROS_PYTHON_VERSION': '3', 'DBUS_SESSION_BUS_ADDRESS': 'unix:path=/run/user/1000/bus', 'DEBUGINFOD_URLS': 'https://debuginfod.ubuntu.com', 'ROS_DISTRO': 'jazzy', 'LOGNAME': 'epiibots', '_': '/usr/bin/colcon', 'ROS_VERSION': '2', 'XDG_SESSION_CLASS': 'user', 'TERM': 'xterm-256color', 'XDG_SESSION_ID': '11', 'PATH': '/opt/ros/jazzy/opt/gz_msgs_vendor/bin:/opt/ros/jazzy/opt/gz_tools_vendor/bin:/opt/ros/jazzy/opt/gz_ogre_next_vendor/bin:/opt/ros/jazzy/bin:/usr/local/sbin:/usr/local/bin:/usr/sbin:/usr/bin:/sbin:/bin:/usr/games:/usr/local/games:/snap/bin', 'XDG_RUNTIME_DIR': '/run/user/1000', 'LANG': 'en_US.UTF-8', 'LS_COLORS': 'rs=0:di=01;34:ln=01;36:mh=00:pi=40;33:so=01;35:do=01;35:bd=40;33;01:cd=40;33;01:or=40;31;01:mi=00:su=37;41:sg=30;43:ca=00:tw=30;42:ow=34;42:st=37;44:ex=01;32:*.tar=01;31:*.tgz=01;31:*.arc=01;31:*.arj=01;31:*.taz=01;31:*.lha=01;31:*.lz4=01;31:*.lzh=01;31:*.lzma=01;31:*.tlz=01;31:*.txz=01;31:*.tzo=01;31:*.t7z=01;31:*.zip=01;31:*.z=01;31:*.dz=01;31:*.gz=01;31:*.lrz=01;31:*.lz=01;31:*.lzo=01;31:*.xz=01;31:*.zst=01;31:*.tzst=01;31:*.bz2=01;31:*.bz=01;31:*.tbz=01;31:*.tbz2=01;31:*.tz=01;31:*.deb=01;31:*.rpm=01;31:*.jar=01;31:*.war=01;31:*.ear=01;31:*.sar=01;31:*.rar=01;31:*.alz=01;31:*.ace=01;31:*.zoo=01;31:*.cpio=01;31:*.7z=01;31:*.rz=01;31:*.cab=01;31:*.wim=01;31:*.swm=01;31:*.dwm=01;31:*.esd=01;31:*.avif=01;35:*.jpg=01;35:*.jpeg=01;35:*.mjpg=01;35:*.mjpeg=01;35:*.gif=01;35:*.bmp=01;35:*.pbm=01;35:*.pgm=01;35:*.ppm=01;35:*.tga=01;35:*.xbm=01;35:*.xpm=01;35:*.tif=01;35:*.tiff=01;35:*.png=01;35:*.svg=01;35:*.svgz=01;35:*.mng=01;35:*.pcx=01;35:*.mov=01;35:*.mpg=01;35:*.mpeg=01;35:*.m2v=01;35:*.mkv=01;35:*.webm=01;35:*.webp=01;35:*.ogm=01;35:*.mp4=01;35:*.m4v=01;35:*.mp4v=01;35:*.vob=01;35:*.qt=01;35:*.nuv=01;35:*.wmv=01;35:*.asf=01;35:*.rm=01;35:*.rmvb=01;35:*.flc=01;35:*.avi=01;35:*.fli=01;35:*.flv=01;35:*.gl=01;35:*.dl=01;35:*.xcf=01;35:*.xwd=01;35:*.yuv=01;35:*.cgm=01;35:*.emf=01;35:*.ogv=01;35:*.ogx=01;35:*.aac=00;36:*.au=00;36:*.flac=00;36:*.m4a=00;36:*.mid=00;36:*.midi=00;36:*.mka=00;36:*.mp3=00;36:*.mpc=00;36:*.ogg=00;36:*.ra=00;36:*.wav=00;36:*.oga=00;36:*.opus=00;36:*.spx=00;36:*.xspf=00;36:*~=00;90:*#=00;90:*.bak=00;90:*.crdownload=00;90:*.dpkg-dist=00;90:*.dpkg-new=00;90:*.dpkg-old=00;90:*.dpkg-tmp=00;90:*.old=00;90:*.orig=00;90:*.part=00;90:*.rej=00;90:*.rpmnew=00;90:*.rpmorig=00;90:*.rpmsave=00;90:*.swp=00;90:*.tmp=00;90:*.ucf-dist=00;90:*.ucf-new=00;90:*.ucf-old=00;90:', 'AMENT_PREFIX_PATH': '/opt/ros/jazzy', 'SHELL': '/bin/bash', 'LESSCLOSE': '/usr/bin/lesspipe %s %s', 'ROS_AUTOMATIC_DISCOVERY_RANGE': 'SUBNET', 'PWD': '/home/epiibots/ros2_ws/build/micro_ros_setup', 'LC_ALL': 'en_US.UTF-8', 'SSH_CONNECTION': '192.168.0.101 63419 192.168.0.67 22', 'XDG_DATA_DIRS': '/usr/share/gnome:/usr/local/share:/usr/share:/var/lib/snapd/desktop', 'PYTHONPATH': '/opt/ros/jazzy/lib/python3.12/site-packages', 'COLCON': '1', 'CMAKE_PREFIX_PATH': '/opt/ros/jazzy/opt/gz_sim_vendor:/opt/ros/jazzy/opt/gz_sensors_vendor:/opt/ros/jazzy/opt/gz_physics_vendor:/opt/ros/jazzy/opt/sdformat_vendor:/opt/ros/jazzy/opt/gz_gui_vendor:/opt/ros/jazzy/opt/gz_transport_vendor:/opt/ros/jazzy/opt/gz_rendering_vendor:/opt/ros/jazzy/opt/gz_plugin_vendor:/opt/ros/jazzy/opt/gz_fuel_tools_vendor:/opt/ros/jazzy/opt/gz_msgs_vendor:/opt/ros/jazzy/opt/gz_common_vendor:/opt/ros/jazzy/opt/gz_math_vendor:/opt/ros/jazzy/opt/gz_utils_vendor:/opt/ros/jazzy/opt/gz_tools_vendor:/opt/ros/jazzy/opt/gz_ogre_next_vendor:/opt/ros/jazzy/opt/gz_dartsim_vendor:/opt/ros/jazzy/opt/gz_cmake_vendor:/opt/ros/jazzy'}), 'shell': False}
[4.304526] (micro_ros_setup) StdoutLine: {'line': b'-- Install configuration: ""\n'}
[4.305026] (micro_ros_setup) StdoutLine: {'line': b'-- Up-to-date: /home/epiibots/ros2_ws/install/micro_ros_setup/share/ament_index/resource_index/package_run_dependencies/micro_ros_setup\n'}
[4.305214] (micro_ros_setup) StdoutLine: {'line': b'-- Up-to-date: /home/epiibots/ros2_ws/install/micro_ros_setup/share/ament_index/resource_index/parent_prefix_path/micro_ros_setup\n'}
[4.305449] (micro_ros_setup) StdoutLine: {'line': b'-- Up-to-date: /home/epiibots/ros2_ws/install/micro_ros_setup/share/micro_ros_setup/environment/ament_prefix_path.sh\n'}
[4.305557] (micro_ros_setup) StdoutLine: {'line': b'-- Up-to-date: /home/epiibots/ros2_ws/install/micro_ros_setup/share/micro_ros_setup/environment/ament_prefix_path.dsv\n'}
[4.305641] (micro_ros_setup) StdoutLine: {'line': b'-- Up-to-date: /home/epiibots/ros2_ws/install/micro_ros_setup/share/micro_ros_setup/environment/path.sh\n'}
[4.305724] (micro_ros_setup) StdoutLine: {'line': b'-- Up-to-date: /home/epiibots/ros2_ws/install/micro_ros_setup/share/micro_ros_setup/environment/path.dsv\n'}
[4.305811] (micro_ros_setup) StdoutLine: {'line': b'-- Up-to-date: /home/epiibots/ros2_ws/install/micro_ros_setup/share/micro_ros_setup/local_setup.bash\n'}
[4.305895] (micro_ros_setup) StdoutLine: {'line': b'-- Up-to-date: /home/epiibots/ros2_ws/install/micro_ros_setup/share/micro_ros_setup/local_setup.sh\n'}
[4.305982] (micro_ros_setup) StdoutLine: {'line': b'-- Up-to-date: /home/epiibots/ros2_ws/install/micro_ros_setup/share/micro_ros_setup/local_setup.zsh\n'}
[4.306064] (micro_ros_setup) StdoutLine: {'line': b'-- Up-to-date: /home/epiibots/ros2_ws/install/micro_ros_setup/share/micro_ros_setup/local_setup.dsv\n'}
[4.306147] (micro_ros_setup) StdoutLine: {'line': b'-- Installing: /home/epiibots/ros2_ws/install/micro_ros_setup/share/micro_ros_setup/package.dsv\n'}
[4.306234] (micro_ros_setup) StdoutLine: {'line': b'-- Up-to-date: /home/epiibots/ros2_ws/install/micro_ros_setup/share/ament_index/resource_index/packages/micro_ros_setup\n'}
[4.306523] (micro_ros_setup) StdoutLine: {'line': b'-- Up-to-date: /home/epiibots/ros2_ws/install/micro_ros_setup/share/micro_ros_setup/cmake/micro_ros_setupConfig.cmake\n'}
[4.306731] (micro_ros_setup) StdoutLine: {'line': b'-- Up-to-date: /home/epiibots/ros2_ws/install/micro_ros_setup/share/micro_ros_setup/cmake/micro_ros_setupConfig-version.cmake\n'}
[4.306855] (micro_ros_setup) StdoutLine: {'line': b'-- Up-to-date: /home/epiibots/ros2_ws/install/micro_ros_setup/share/micro_ros_setup/package.xml\n'}
[4.306970] (micro_ros_setup) StdoutLine: {'line': b'-- Up-to-date: /home/epiibots/ros2_ws/install/micro_ros_setup/./config\n'}
[4.307079] (micro_ros_setup) StdoutLine: {'line': b'-- Up-to-date: /home/epiibots/ros2_ws/install/micro_ros_setup/./config/generate_lib\n'}
[4.307189] (micro_ros_setup) StdoutLine: {'line': b'-- Up-to-date: /home/epiibots/ros2_ws/install/micro_ros_setup/./config/generate_lib/generic\n'}
[4.309396] (micro_ros_setup) StdoutLine: {'line': b'-- Up-to-date: /home/epiibots/ros2_ws/install/micro_ros_setup/./config/generate_lib/generic/create.sh\n'}
[4.309980] (micro_ros_setup) StdoutLine: {'line': b'-- Up-to-date: /home/epiibots/ros2_ws/install/micro_ros_setup/./config/generate_lib/generic/package.xml\n'}
[4.310204] (micro_ros_setup) StdoutLine: {'line': b'-- Up-to-date: /home/epiibots/ros2_ws/install/micro_ros_setup/./config/generate_lib/generic/flash.sh\n'}
[4.310364] (micro_ros_setup) StdoutLine: {'line': b'-- Up-to-date: /home/epiibots/ros2_ws/install/micro_ros_setup/./config/generate_lib/generic/build.sh\n'}
[4.310485] (micro_ros_setup) StdoutLine: {'line': b'-- Up-to-date: /home/epiibots/ros2_ws/install/micro_ros_setup/./config/generate_lib/generic/demo_toolchain.cmake\n'}
[4.310594] (micro_ros_setup) StdoutLine: {'line': b'-- Up-to-date: /home/epiibots/ros2_ws/install/micro_ros_setup/./config/generate_lib/generic/client-colcon.meta\n'}
[4.310702] (micro_ros_setup) StdoutLine: {'line': b'-- Up-to-date: /home/epiibots/ros2_ws/install/micro_ros_setup/./config/generate_lib/generic/client_uros_packages.repos\n'}
[4.310809] (micro_ros_setup) StdoutLine: {'line': b'-- Up-to-date: /home/epiibots/ros2_ws/install/micro_ros_setup/./config/generate_lib/dev_uros_packages.repos\n'}
[4.310958] (micro_ros_setup) StdoutLine: {'line': b'-- Up-to-date: /home/epiibots/ros2_ws/install/micro_ros_setup/./config/generate_lib/dev_ros2_packages.txt\n'}
[4.311099] (micro_ros_setup) StdoutLine: {'line': b'-- Up-to-date: /home/epiibots/ros2_ws/install/micro_ros_setup/./config/raspbian\n'}
[4.311204] (micro_ros_setup) StdoutLine: {'line': b'-- Up-to-date: /home/epiibots/ros2_ws/install/micro_ros_setup/./config/raspbian/generic\n'}
[4.311358] (micro_ros_setup) StdoutLine: {'line': b'-- Up-to-date: /home/epiibots/ros2_ws/install/micro_ros_setup/./config/raspbian/generic/supported_platforms\n'}
[4.311484] (micro_ros_setup) StdoutLine: {'line': b'-- Up-to-date: /home/epiibots/ros2_ws/install/micro_ros_setup/./config/raspbian/generic/create.sh\n'}
[4.311599] (micro_ros_setup) StdoutLine: {'line': b'-- Up-to-date: /home/epiibots/ros2_ws/install/micro_ros_setup/./config/raspbian/generic/flash.sh\n'}
[4.311721] (micro_ros_setup) StdoutLine: {'line': b'-- Up-to-date: /home/epiibots/ros2_ws/install/micro_ros_setup/./config/raspbian/generic/build.sh\n'}
[4.311837] (micro_ros_setup) StdoutLine: {'line': b'-- Up-to-date: /home/epiibots/ros2_ws/install/micro_ros_setup/./config/raspbian/generic/client-colcon.meta\n'}
[4.311948] (micro_ros_setup) StdoutLine: {'line': b'-- Up-to-date: /home/epiibots/ros2_ws/install/micro_ros_setup/./config/raspbian/generic/client_uros_packages.repos\n'}
[4.312063] (micro_ros_setup) StdoutLine: {'line': b'-- Up-to-date: /home/epiibots/ros2_ws/install/micro_ros_setup/./config/raspbian/generic/configure.sh\n'}
[4.312183] (micro_ros_setup) StdoutLine: {'line': b'-- Up-to-date: /home/epiibots/ros2_ws/install/micro_ros_setup/./config/raspbian/dev_uros_packages.repos\n'}
[4.319631] (micro_ros_setup) StdoutLine: {'line': b'-- Up-to-date: /home/epiibots/ros2_ws/install/micro_ros_setup/./config/raspbian/dev_ros2_packages.txt\n'}
[4.319908] (micro_ros_setup) StdoutLine: {'line': b'-- Up-to-date: /home/epiibots/ros2_ws/install/micro_ros_setup/./config/agent_uros_packages.repos\n'}
[4.320098] (micro_ros_setup) StdoutLine: {'line': b'-- Up-to-date: /home/epiibots/ros2_ws/install/micro_ros_setup/./config/utils.sh\n'}
[4.320225] (micro_ros_setup) StdoutLine: {'line': b'-- Up-to-date: /home/epiibots/ros2_ws/install/micro_ros_setup/./config/client_ros2_packages.txt\n'}
[4.320438] (micro_ros_setup) StdoutLine: {'line': b'-- Up-to-date: /home/epiibots/ros2_ws/install/micro_ros_setup/./config/zephyr\n'}
[4.320531] (micro_ros_setup) StdoutLine: {'line': b'-- Up-to-date: /home/epiibots/ros2_ws/install/micro_ros_setup/./config/zephyr/generic\n'}
[4.320615] (micro_ros_setup) StdoutLine: {'line': b'-- Up-to-date: /home/epiibots/ros2_ws/install/micro_ros_setup/./config/zephyr/generic/supported_platforms\n'}
[4.320707] (micro_ros_setup) StdoutLine: {'line': b'-- Up-to-date: /home/epiibots/ros2_ws/install/micro_ros_setup/./config/zephyr/generic/board.repos\n'}
[4.320812] (micro_ros_setup) StdoutLine: {'line': b'-- Up-to-date: /home/epiibots/ros2_ws/install/micro_ros_setup/./config/zephyr/generic/create.sh\n'}
[4.320900] (micro_ros_setup) StdoutLine: {'line': b'-- Up-to-date: /home/epiibots/ros2_ws/install/micro_ros_setup/./config/zephyr/generic/package.xml\n'}
[4.320984] (micro_ros_setup) StdoutLine: {'line': b'-- Up-to-date: /home/epiibots/ros2_ws/install/micro_ros_setup/./config/zephyr/generic/flash.sh\n'}
[4.321070] (micro_ros_setup) StdoutLine: {'line': b'-- Up-to-date: /home/epiibots/ros2_ws/install/micro_ros_setup/./config/zephyr/generic/build.sh\n'}
[4.321154] (micro_ros_setup) StdoutLine: {'line': b'-- Up-to-date: /home/epiibots/ros2_ws/install/micro_ros_setup/./config/zephyr/generic/client-colcon.meta\n'}
[4.321236] (micro_ros_setup) StdoutLine: {'line': b'-- Up-to-date: /home/epiibots/ros2_ws/install/micro_ros_setup/./config/zephyr/generic/client_uros_packages.repos\n'}
[4.321378] (micro_ros_setup) StdoutLine: {'line': b'-- Up-to-date: /home/epiibots/ros2_ws/install/micro_ros_setup/./config/zephyr/generic/configure.sh\n'}
[4.321464] (micro_ros_setup) StdoutLine: {'line': b'-- Up-to-date: /home/epiibots/ros2_ws/install/micro_ros_setup/./config/zephyr/dev_uros_packages.repos\n'}
[4.321553] (micro_ros_setup) StdoutLine: {'line': b'-- Up-to-date: /home/epiibots/ros2_ws/install/micro_ros_setup/./config/zephyr/list_apps.sh\n'}
[4.321640] (micro_ros_setup) StdoutLine: {'line': b'-- Up-to-date: /home/epiibots/ros2_ws/install/micro_ros_setup/./config/zephyr/dev_ros2_packages.txt\n'}
[4.321720] (micro_ros_setup) StdoutLine: {'line': b'-- Up-to-date: /home/epiibots/ros2_ws/install/micro_ros_setup/./config/freertos\n'}
[4.321803] (micro_ros_setup) StdoutLine: {'line': b'-- Up-to-date: /home/epiibots/ros2_ws/install/micro_ros_setup/./config/freertos/esp32\n'}
[4.321884] (micro_ros_setup) StdoutLine: {'line': b'-- Up-to-date: /home/epiibots/ros2_ws/install/micro_ros_setup/./config/freertos/esp32/README.md\n'}
[4.321973] (micro_ros_setup) StdoutLine: {'line': b'-- Up-to-date: /home/epiibots/ros2_ws/install/micro_ros_setup/./config/freertos/esp32/board.repos\n'}
[4.322067] (micro_ros_setup) StdoutLine: {'line': b'-- Up-to-date: /home/epiibots/ros2_ws/install/micro_ros_setup/./config/freertos/esp32/create.sh\n'}
[4.322163] (micro_ros_setup) StdoutLine: {'line': b'-- Up-to-date: /home/epiibots/ros2_ws/install/micro_ros_setup/./config/freertos/esp32/package.xml\n'}
[4.322448] (micro_ros_setup) StdoutLine: {'line': b'-- Up-to-date: /home/epiibots/ros2_ws/install/micro_ros_setup/./config/freertos/esp32/flash.sh\n'}
[4.324261] (micro_ros_setup) StdoutLine: {'line': b'-- Up-to-date: /home/epiibots/ros2_ws/install/micro_ros_setup/./config/freertos/esp32/build.sh\n'}
[4.324414] (micro_ros_setup) StdoutLine: {'line': b'-- Up-to-date: /home/epiibots/ros2_ws/install/micro_ros_setup/./config/freertos/esp32/client-colcon.meta\n'}
[4.324518] (micro_ros_setup) StdoutLine: {'line': b'-- Up-to-date: /home/epiibots/ros2_ws/install/micro_ros_setup/./config/freertos/esp32/client_uros_packages.repos\n'}
[4.324606] (micro_ros_setup) StdoutLine: {'line': b'-- Up-to-date: /home/epiibots/ros2_ws/install/micro_ros_setup/./config/freertos/esp32/configure.sh\n'}
[4.324686] (micro_ros_setup) StdoutLine: {'line': b'-- Up-to-date: /home/epiibots/ros2_ws/install/micro_ros_setup/./config/freertos/crazyflie21\n'}
[4.324765] (micro_ros_setup) StdoutLine: {'line': b'-- Up-to-date: /home/epiibots/ros2_ws/install/micro_ros_setup/./config/freertos/crazyflie21/board.repos\n'}
[4.324858] (micro_ros_setup) StdoutLine: {'line': b'-- Up-to-date: /home/epiibots/ros2_ws/install/micro_ros_setup/./config/freertos/crazyflie21/create.sh\n'}
[4.324939] (micro_ros_setup) StdoutLine: {'line': b'-- Up-to-date: /home/epiibots/ros2_ws/install/micro_ros_setup/./config/freertos/crazyflie21/package.xml\n'}
[4.325019] (micro_ros_setup) StdoutLine: {'line': b'-- Up-to-date: /home/epiibots/ros2_ws/install/micro_ros_setup/./config/freertos/crazyflie21/flash.sh\n'}
[4.325098] (micro_ros_setup) StdoutLine: {'line': b'-- Up-to-date: /home/epiibots/ros2_ws/install/micro_ros_setup/./config/freertos/crazyflie21/build.sh\n'}
[4.325188] (micro_ros_setup) StdoutLine: {'line': b'-- Up-to-date: /home/epiibots/ros2_ws/install/micro_ros_setup/./config/freertos/crazyflie21/client-colcon.meta\n'}
[4.325280] (micro_ros_setup) StdoutLine: {'line': b'-- Up-to-date: /home/epiibots/ros2_ws/install/micro_ros_setup/./config/freertos/crazyflie21/client_uros_packages.repos\n'}
[4.325387] (micro_ros_setup) StdoutLine: {'line': b'-- Up-to-date: /home/epiibots/ros2_ws/install/micro_ros_setup/./config/freertos/crazyflie21/configure.sh\n'}
[4.325479] (micro_ros_setup) StdoutLine: {'line': b'-- Up-to-date: /home/epiibots/ros2_ws/install/micro_ros_setup/./config/freertos/nucleo_f446ze\n'}
[4.325562] (micro_ros_setup) StdoutLine: {'line': b'-- Up-to-date: /home/epiibots/ros2_ws/install/micro_ros_setup/./config/freertos/nucleo_f446ze/board.repos\n'}
[4.325671] (micro_ros_setup) StdoutLine: {'line': b'-- Up-to-date: /home/epiibots/ros2_ws/install/micro_ros_setup/./config/freertos/nucleo_f446ze/create.sh\n'}
[4.325756] (micro_ros_setup) StdoutLine: {'line': b'-- Up-to-date: /home/epiibots/ros2_ws/install/micro_ros_setup/./config/freertos/nucleo_f446ze/package.xml\n'}
[4.325837] (micro_ros_setup) StdoutLine: {'line': b'-- Up-to-date: /home/epiibots/ros2_ws/install/micro_ros_setup/./config/freertos/nucleo_f446ze/flash.sh\n'}
[4.325913] (micro_ros_setup) StdoutLine: {'line': b'-- Up-to-date: /home/epiibots/ros2_ws/install/micro_ros_setup/./config/freertos/nucleo_f446ze/build.sh\n'}
[4.326013] (micro_ros_setup) StdoutLine: {'line': b'-- Up-to-date: /home/epiibots/ros2_ws/install/micro_ros_setup/./config/freertos/nucleo_f446ze/client-colcon.meta\n'}
[4.326103] (micro_ros_setup) StdoutLine: {'line': b'-- Up-to-date: /home/epiibots/ros2_ws/install/micro_ros_setup/./config/freertos/nucleo_f446ze/client_uros_packages.repos\n'}
[4.326182] (micro_ros_setup) StdoutLine: {'line': b'-- Up-to-date: /home/epiibots/ros2_ws/install/micro_ros_setup/./config/freertos/nucleo_f446ze/configure.sh\n'}
[4.326265] (micro_ros_setup) StdoutLine: {'line': b'-- Up-to-date: /home/epiibots/ros2_ws/install/micro_ros_setup/./config/freertos/dev_uros_packages.repos\n'}
[4.326482] (micro_ros_setup) StdoutLine: {'line': b'-- Up-to-date: /home/epiibots/ros2_ws/install/micro_ros_setup/./config/freertos/list_apps.sh\n'}
[4.326580] (micro_ros_setup) StdoutLine: {'line': b'-- Up-to-date: /home/epiibots/ros2_ws/install/micro_ros_setup/./config/freertos/nucleo_f767zi\n'}
[4.326676] (micro_ros_setup) StdoutLine: {'line': b'-- Up-to-date: /home/epiibots/ros2_ws/install/micro_ros_setup/./config/freertos/nucleo_f767zi/board.repos\n'}
[4.326778] (micro_ros_setup) StdoutLine: {'line': b'-- Up-to-date: /home/epiibots/ros2_ws/install/micro_ros_setup/./config/freertos/nucleo_f767zi/create.sh\n'}
[4.326871] (micro_ros_setup) StdoutLine: {'line': b'-- Up-to-date: /home/epiibots/ros2_ws/install/micro_ros_setup/./config/freertos/nucleo_f767zi/package.xml\n'}
[4.326959] (micro_ros_setup) StdoutLine: {'line': b'-- Up-to-date: /home/epiibots/ros2_ws/install/micro_ros_setup/./config/freertos/nucleo_f767zi/flash.sh\n'}
[4.327041] (micro_ros_setup) StdoutLine: {'line': b'-- Up-to-date: /home/epiibots/ros2_ws/install/micro_ros_setup/./config/freertos/nucleo_f767zi/build.sh\n'}
[4.327120] (micro_ros_setup) StdoutLine: {'line': b'-- Up-to-date: /home/epiibots/ros2_ws/install/micro_ros_setup/./config/freertos/nucleo_f767zi/client-colcon.meta\n'}
[4.327203] (micro_ros_setup) StdoutLine: {'line': b'-- Up-to-date: /home/epiibots/ros2_ws/install/micro_ros_setup/./config/freertos/nucleo_f767zi/client_uros_packages.repos\n'}
[4.327339] (micro_ros_setup) StdoutLine: {'line': b'-- Up-to-date: /home/epiibots/ros2_ws/install/micro_ros_setup/./config/freertos/nucleo_f767zi/configure.sh\n'}
[4.327446] (micro_ros_setup) StdoutLine: {'line': b'-- Up-to-date: /home/epiibots/ros2_ws/install/micro_ros_setup/./config/freertos/nucleo_f746zg\n'}
[4.327535] (micro_ros_setup) StdoutLine: {'line': b'-- Up-to-date: /home/epiibots/ros2_ws/install/micro_ros_setup/./config/freertos/nucleo_f746zg/board.repos\n'}
[4.327646] (micro_ros_setup) StdoutLine: {'line': b'-- Up-to-date: /home/epiibots/ros2_ws/install/micro_ros_setup/./config/freertos/nucleo_f746zg/create.sh\n'}
[4.327729] (micro_ros_setup) StdoutLine: {'line': b'-- Up-to-date: /home/epiibots/ros2_ws/install/micro_ros_setup/./config/freertos/nucleo_f746zg/package.xml\n'}
[4.327810] (micro_ros_setup) StdoutLine: {'line': b'-- Up-to-date: /home/epiibots/ros2_ws/install/micro_ros_setup/./config/freertos/nucleo_f746zg/flash.sh\n'}
[4.327892] (micro_ros_setup) StdoutLine: {'line': b'-- Up-to-date: /home/epiibots/ros2_ws/install/micro_ros_setup/./config/freertos/nucleo_f746zg/build.sh\n'}
[4.327970] (micro_ros_setup) StdoutLine: {'line': b'-- Up-to-date: /home/epiibots/ros2_ws/install/micro_ros_setup/./config/freertos/nucleo_f746zg/client-colcon.meta\n'}
[4.328057] (micro_ros_setup) StdoutLine: {'line': b'-- Up-to-date: /home/epiibots/ros2_ws/install/micro_ros_setup/./config/freertos/nucleo_f746zg/client_uros_packages.repos\n'}
[4.328151] (micro_ros_setup) StdoutLine: {'line': b'-- Up-to-date: /home/epiibots/ros2_ws/install/micro_ros_setup/./config/freertos/nucleo_f746zg/configure.sh\n'}
[4.328235] (micro_ros_setup) StdoutLine: {'line': b'-- Up-to-date: /home/epiibots/ros2_ws/install/micro_ros_setup/./config/freertos/olimex-stm32-e407\n'}
[4.328376] (micro_ros_setup) StdoutLine: {'line': b'-- Up-to-date: /home/epiibots/ros2_ws/install/micro_ros_setup/./config/freertos/olimex-stm32-e407/board.repos\n'}
[4.328466] (micro_ros_setup) StdoutLine: {'line': b'-- Up-to-date: /home/epiibots/ros2_ws/install/micro_ros_setup/./config/freertos/olimex-stm32-e407/create.sh\n'}
[4.328544] (micro_ros_setup) StdoutLine: {'line': b'-- Up-to-date: /home/epiibots/ros2_ws/install/micro_ros_setup/./config/freertos/olimex-stm32-e407/package.xml\n'}
[4.328627] (micro_ros_setup) StdoutLine: {'line': b'-- Up-to-date: /home/epiibots/ros2_ws/install/micro_ros_setup/./config/freertos/olimex-stm32-e407/flash.sh\n'}
[4.328706] (micro_ros_setup) StdoutLine: {'line': b'-- Up-to-date: /home/epiibots/ros2_ws/install/micro_ros_setup/./config/freertos/olimex-stm32-e407/build.sh\n'}
[4.328786] (micro_ros_setup) StdoutLine: {'line': b'-- Up-to-date: /home/epiibots/ros2_ws/install/micro_ros_setup/./config/freertos/olimex-stm32-e407/client-colcon.meta\n'}
[4.328862] (micro_ros_setup) StdoutLine: {'line': b'-- Up-to-date: /home/epiibots/ros2_ws/install/micro_ros_setup/./config/freertos/olimex-stm32-e407/client_uros_packages.repos\n'}
[4.328939] (micro_ros_setup) StdoutLine: {'line': b'-- Up-to-date: /home/epiibots/ros2_ws/install/micro_ros_setup/./config/freertos/olimex-stm32-e407/configure.sh\n'}
[4.329015] (micro_ros_setup) StdoutLine: {'line': b'-- Up-to-date: /home/epiibots/ros2_ws/install/micro_ros_setup/./config/freertos/nucleo_f446re\n'}
[4.329095] (micro_ros_setup) StdoutLine: {'line': b'-- Up-to-date: /home/epiibots/ros2_ws/install/micro_ros_setup/./config/freertos/nucleo_f446re/board.repos\n'}
[4.329174] (micro_ros_setup) StdoutLine: {'line': b'-- Up-to-date: /home/epiibots/ros2_ws/install/micro_ros_setup/./config/freertos/nucleo_f446re/create.sh\n'}
[4.329254] (micro_ros_setup) StdoutLine: {'line': b'-- Up-to-date: /home/epiibots/ros2_ws/install/micro_ros_setup/./config/freertos/nucleo_f446re/package.xml\n'}
[4.329379] (micro_ros_setup) StdoutLine: {'line': b'-- Up-to-date: /home/epiibots/ros2_ws/install/micro_ros_setup/./config/freertos/nucleo_f446re/flash.sh\n'}
[4.329461] (micro_ros_setup) StdoutLine: {'line': b'-- Up-to-date: /home/epiibots/ros2_ws/install/micro_ros_setup/./config/freertos/nucleo_f446re/build.sh\n'}
[4.329561] (micro_ros_setup) StdoutLine: {'line': b'-- Up-to-date: /home/epiibots/ros2_ws/install/micro_ros_setup/./config/freertos/nucleo_f446re/client-colcon.meta\n'}
[4.329641] (micro_ros_setup) StdoutLine: {'line': b'-- Up-to-date: /home/epiibots/ros2_ws/install/micro_ros_setup/./config/freertos/nucleo_f446re/client_uros_packages.repos\n'}
[4.329716] (micro_ros_setup) StdoutLine: {'line': b'-- Up-to-date: /home/epiibots/ros2_ws/install/micro_ros_setup/./config/freertos/nucleo_f446re/configure.sh\n'}
[4.329800] (micro_ros_setup) StdoutLine: {'line': b'-- Up-to-date: /home/epiibots/ros2_ws/install/micro_ros_setup/./config/freertos/dev_ros2_packages.txt\n'}
[4.329877] (micro_ros_setup) StdoutLine: {'line': b'-- Up-to-date: /home/epiibots/ros2_ws/install/micro_ros_setup/./config/host\n'}
[4.329956] (micro_ros_setup) StdoutLine: {'line': b'-- Up-to-date: /home/epiibots/ros2_ws/install/micro_ros_setup/./config/host/generic\n'}
[4.330033] (micro_ros_setup) StdoutLine: {'line': b'-- Up-to-date: /home/epiibots/ros2_ws/install/micro_ros_setup/./config/host/generic/create.sh\n'}
[4.330115] (micro_ros_setup) StdoutLine: {'line': b'-- Up-to-date: /home/epiibots/ros2_ws/install/micro_ros_setup/./config/host/generic/package.xml\n'}
[4.330197] (micro_ros_setup) StdoutLine: {'line': b'-- Up-to-date: /home/epiibots/ros2_ws/install/micro_ros_setup/./config/host/generic/flash.sh\n'}
[4.330306] (micro_ros_setup) StdoutLine: {'line': b'-- Up-to-date: /home/epiibots/ros2_ws/install/micro_ros_setup/./config/host/generic/client_host_packages.repos\n'}
[4.330399] (micro_ros_setup) StdoutLine: {'line': b'-- Up-to-date: /home/epiibots/ros2_ws/install/micro_ros_setup/./config/host/generic/build.sh\n'}
[4.330476] (micro_ros_setup) StdoutLine: {'line': b'-- Up-to-date: /home/epiibots/ros2_ws/install/micro_ros_setup/./config/host/generic/client-host-colcon.meta\n'}
[4.330554] (micro_ros_setup) StdoutLine: {'line': b'-- Up-to-date: /home/epiibots/ros2_ws/install/micro_ros_setup/./config/host/client_ros2_packages.txt\n'}
[4.330633] (micro_ros_setup) StdoutLine: {'line': b'-- Up-to-date: /home/epiibots/ros2_ws/install/micro_ros_setup/./config/host/dev_uros_packages.repos\n'}
[4.330708] (micro_ros_setup) StdoutLine: {'line': b'-- Up-to-date: /home/epiibots/ros2_ws/install/micro_ros_setup/./config/host/dev_ros2_packages.txt\n'}
[4.330783] (micro_ros_setup) StdoutLine: {'line': b'-- Up-to-date: /home/epiibots/ros2_ws/install/micro_ros_setup/./config/android\n'}
[4.330861] (micro_ros_setup) StdoutLine: {'line': b'-- Up-to-date: /home/epiibots/ros2_ws/install/micro_ros_setup/./config/android/generic\n'}
[4.330935] (micro_ros_setup) StdoutLine: {'line': b'-- Up-to-date: /home/epiibots/ros2_ws/install/micro_ros_setup/./config/android/generic/create.sh\n'}
[4.331008] (micro_ros_setup) StdoutLine: {'line': b'-- Up-to-date: /home/epiibots/ros2_ws/install/micro_ros_setup/./config/android/generic/package.xml\n'}
[4.331082] (micro_ros_setup) StdoutLine: {'line': b'-- Up-to-date: /home/epiibots/ros2_ws/install/micro_ros_setup/./config/android/generic/flash.sh\n'}
[4.331153] (micro_ros_setup) StdoutLine: {'line': b'-- Up-to-date: /home/epiibots/ros2_ws/install/micro_ros_setup/./config/android/generic/build.sh\n'}
[4.331240] (micro_ros_setup) StdoutLine: {'line': b'-- Up-to-date: /home/epiibots/ros2_ws/install/micro_ros_setup/./config/android/generic/client-colcon.meta\n'}
[4.333545] (micro_ros_setup) StdoutLine: {'line': b'-- Up-to-date: /home/epiibots/ros2_ws/install/micro_ros_setup/./config/android/generic/client_uros_packages.repos\n'}
[4.333691] (micro_ros_setup) StdoutLine: {'line': b'-- Up-to-date: /home/epiibots/ros2_ws/install/micro_ros_setup/./config/android/dev_uros_packages.repos\n'}
[4.333779] (micro_ros_setup) StdoutLine: {'line': b'-- Up-to-date: /home/epiibots/ros2_ws/install/micro_ros_setup/./config/android/dev_ros2_packages.txt\n'}
[4.333856] (micro_ros_setup) StdoutLine: {'line': b'-- Up-to-date: /home/epiibots/ros2_ws/install/micro_ros_setup/./config/agent_ros2_packages.txt\n'}
[4.333931] (micro_ros_setup) StdoutLine: {'line': b'-- Up-to-date: /home/epiibots/ros2_ws/install/micro_ros_setup/./config/client_uros_packages.repos\n'}
[4.334006] (micro_ros_setup) StdoutLine: {'line': b'-- Up-to-date: /home/epiibots/ros2_ws/install/micro_ros_setup/lib/micro_ros_setup/create_ws.sh\n'}
[4.334080] (micro_ros_setup) StdoutLine: {'line': b'-- Up-to-date: /home/epiibots/ros2_ws/install/micro_ros_setup/lib/micro_ros_setup/create_agent_ws.sh\n'}
[4.334153] (micro_ros_setup) StdoutLine: {'line': b'-- Up-to-date: /home/epiibots/ros2_ws/install/micro_ros_setup/lib/micro_ros_setup/create_firmware_ws.sh\n'}
[4.334248] (micro_ros_setup) StdoutLine: {'line': b'-- Up-to-date: /home/epiibots/ros2_ws/install/micro_ros_setup/lib/micro_ros_setup/configure_firmware.sh\n'}
[4.336829] (micro_ros_setup) StdoutLine: {'line': b'-- Up-to-date: /home/epiibots/ros2_ws/install/micro_ros_setup/lib/micro_ros_setup/flash_firmware.sh\n'}
[4.336940] (micro_ros_setup) StdoutLine: {'line': b'-- Up-to-date: /home/epiibots/ros2_ws/install/micro_ros_setup/lib/micro_ros_setup/build_firmware.sh\n'}
[4.337020] (micro_ros_setup) StdoutLine: {'line': b'-- Up-to-date: /home/epiibots/ros2_ws/install/micro_ros_setup/lib/micro_ros_setup/build_agent.sh\n'}
[4.337098] (micro_ros_setup) StdoutLine: {'line': b'-- Up-to-date: /home/epiibots/ros2_ws/install/micro_ros_setup/lib/micro_ros_setup/yaml_filter.py\n'}
[4.337173] (micro_ros_setup) StdoutLine: {'line': b'-- Up-to-date: /home/epiibots/ros2_ws/install/micro_ros_setup/lib/micro_ros_setup/clean_env.sh\n'}
[4.337247] (micro_ros_setup) StdoutLine: {'line': b'-- Up-to-date: /home/epiibots/ros2_ws/install/micro_ros_setup/lib/micro_ros_setup/component\n'}
[4.337345] (micro_ros_setup) CommandEnded: {'returncode': 0}
[4.337607] (drive_base_msgs) StdoutLine: {'line': b'running egg_info\n'}
[4.337712] (-) TimerEvent: {}
[4.348797] (drive_base_msgs) StdoutLine: {'line': b'writing drive_base_msgs.egg-info/PKG-INFO\n'}
[4.349090] (drive_base_msgs) StdoutLine: {'line': b'writing dependency_links to drive_base_msgs.egg-info/dependency_links.txt\n'}
[4.350456] (drive_base_msgs) StdoutLine: {'line': b'writing top-level names to drive_base_msgs.egg-info/top_level.txt\n'}
[4.356188] (micro_ros_setup) JobEnded: {'identifier': 'micro_ros_setup', 'rc': 0}
[4.357244] (pwm_rec) JobStarted: {'identifier': 'pwm_rec'}
[4.435502] (drive_base_msgs) StdoutLine: {'line': b"reading manifest file 'drive_base_msgs.egg-info/SOURCES.txt'\n"}
[4.436682] (drive_base_msgs) StdoutLine: {'line': b"writing manifest file 'drive_base_msgs.egg-info/SOURCES.txt'\n"}
[4.439446] (-) TimerEvent: {}
[4.540071] (-) TimerEvent: {}
[4.559948] (drive_base_msgs) StdoutLine: {'line': b'[100%] Built target ament_cmake_python_build_drive_base_msgs_egg\n'}
[4.607388] (detector) StdoutLine: {'line': b'running egg_info\n'}
[4.630411] (detector) StdoutLine: {'line': b'writing ../../build/detector/detector.egg-info/PKG-INFO\n'}
[4.630802] (detector) StdoutLine: {'line': b'writing dependency_links to ../../build/detector/detector.egg-info/dependency_links.txt\n'}
[4.631095] (detector) StdoutLine: {'line': b'writing entry points to ../../build/detector/detector.egg-info/entry_points.txt\n'}
[4.631271] (detector) StdoutLine: {'line': b'writing requirements to ../../build/detector/detector.egg-info/requires.txt\n'}
[4.632321] (detector) StdoutLine: {'line': b'writing top-level names to ../../build/detector/detector.egg-info/top_level.txt\n'}
[4.640161] (-) TimerEvent: {}
[4.682648] (detector) StdoutLine: {'line': b"reading manifest file '../../build/detector/detector.egg-info/SOURCES.txt'\n"}
[4.683043] (detector) StdoutLine: {'line': b"adding license file 'LICENSE'\n"}
[4.683887] (detector) StdoutLine: {'line': b"writing manifest file '../../build/detector/detector.egg-info/SOURCES.txt'\n"}
[4.684152] (detector) StdoutLine: {'line': b'running build\n'}
[4.684253] (detector) StdoutLine: {'line': b'running build_py\n'}
[4.684650] (detector) StdoutLine: {'line': b'running install\n'}
[4.694470] (detector) StdoutLine: {'line': b'running install_lib\n'}
[4.721004] (detector) StdoutLine: {'line': b'running install_data\n'}
[4.721375] (detector) StdoutLine: {'line': b'running install_egg_info\n'}
[4.740326] (-) TimerEvent: {}
[4.752391] (detector) StdoutLine: {'line': b"removing '/home/epiibots/ros2_ws/install/detector/lib/python3.12/site-packages/detector-0.0.0-py3.12.egg-info' (and everything under it)\n"}
[4.752980] (detector) StdoutLine: {'line': b'Copying ../../build/detector/detector.egg-info to /home/epiibots/ros2_ws/install/detector/lib/python3.12/site-packages/detector-0.0.0-py3.12.egg-info\n'}
[4.754466] (detector) StdoutLine: {'line': b'running install_scripts\n'}
[4.802685] (drive_base_msgs) CommandEnded: {'returncode': 0}
[4.803134] (drive_base_msgs) JobProgress: {'identifier': 'drive_base_msgs', 'progress': 'install'}
[4.803164] (drive_base_msgs) Command: {'cmd': ['/usr/bin/cmake', '--install', '/home/epiibots/ros2_ws/build/drive_base_msgs'], 'cwd': '/home/epiibots/ros2_ws/build/drive_base_msgs', 'env': OrderedDict({'LESSOPEN': '| /usr/bin/lesspipe %s', 'USER': 'epiibots', 'SSH_CLIENT': '192.168.0.101 63419 22', 'GZ_CONFIG_PATH': '/opt/ros/jazzy/opt/gz_sim_vendor/share/gz:/opt/ros/jazzy/opt/sdformat_vendor/share/gz:/opt/ros/jazzy/opt/gz_gui_vendor/share/gz:/opt/ros/jazzy/opt/gz_transport_vendor/share/gz:/opt/ros/jazzy/opt/gz_rendering_vendor/share/gz:/opt/ros/jazzy/opt/gz_plugin_vendor/share/gz:/opt/ros/jazzy/opt/gz_fuel_tools_vendor/share/gz:/opt/ros/jazzy/opt/gz_msgs_vendor/share/gz:/opt/ros/jazzy/opt/gz_common_vendor/share/gz', 'XDG_SESSION_TYPE': 'tty', 'SHLVL': '1', 'LD_LIBRARY_PATH': '/opt/ros/jazzy/opt/gz_sim_vendor/lib:/opt/ros/jazzy/opt/gz_sensors_vendor/lib:/opt/ros/jazzy/opt/gz_physics_vendor/lib:/opt/ros/jazzy/opt/sdformat_vendor/lib:/opt/ros/jazzy/opt/rviz_ogre_vendor/lib:/opt/ros/jazzy/lib/aarch64-linux-gnu:/opt/ros/jazzy/opt/gz_gui_vendor/lib:/opt/ros/jazzy/opt/gz_transport_vendor/lib:/opt/ros/jazzy/opt/gz_rendering_vendor/lib:/opt/ros/jazzy/opt/gz_plugin_vendor/lib:/opt/ros/jazzy/opt/gz_fuel_tools_vendor/lib:/opt/ros/jazzy/opt/gz_msgs_vendor/lib:/opt/ros/jazzy/opt/gz_common_vendor/lib:/opt/ros/jazzy/opt/gz_math_vendor/lib:/opt/ros/jazzy/opt/gz_utils_vendor/lib:/opt/ros/jazzy/opt/gz_tools_vendor/lib:/opt/ros/jazzy/opt/gz_ogre_next_vendor/lib:/opt/ros/jazzy/opt/gz_dartsim_vendor/lib:/opt/ros/jazzy/opt/gz_cmake_vendor/lib:/opt/ros/jazzy/lib', 'HOME': '/home/epiibots', 'OLDPWD': '/home/epiibots/ros2_ws/install', 'SSH_TTY': '/dev/pts/4', 'ROS_PYTHON_VERSION': '3', 'DBUS_SESSION_BUS_ADDRESS': 'unix:path=/run/user/1000/bus', 'DEBUGINFOD_URLS': 'https://debuginfod.ubuntu.com', 'ROS_DISTRO': 'jazzy', 'LOGNAME': 'epiibots', '_': '/usr/bin/colcon', 'ROS_VERSION': '2', 'XDG_SESSION_CLASS': 'user', 'TERM': 'xterm-256color', 'XDG_SESSION_ID': '11', 'PATH': '/opt/ros/jazzy/opt/gz_msgs_vendor/bin:/opt/ros/jazzy/opt/gz_tools_vendor/bin:/opt/ros/jazzy/opt/gz_ogre_next_vendor/bin:/opt/ros/jazzy/bin:/usr/local/sbin:/usr/local/bin:/usr/sbin:/usr/bin:/sbin:/bin:/usr/games:/usr/local/games:/snap/bin', 'XDG_RUNTIME_DIR': '/run/user/1000', 'LANG': 'en_US.UTF-8', 'LS_COLORS': 'rs=0:di=01;34:ln=01;36:mh=00:pi=40;33:so=01;35:do=01;35:bd=40;33;01:cd=40;33;01:or=40;31;01:mi=00:su=37;41:sg=30;43:ca=00:tw=30;42:ow=34;42:st=37;44:ex=01;32:*.tar=01;31:*.tgz=01;31:*.arc=01;31:*.arj=01;31:*.taz=01;31:*.lha=01;31:*.lz4=01;31:*.lzh=01;31:*.lzma=01;31:*.tlz=01;31:*.txz=01;31:*.tzo=01;31:*.t7z=01;31:*.zip=01;31:*.z=01;31:*.dz=01;31:*.gz=01;31:*.lrz=01;31:*.lz=01;31:*.lzo=01;31:*.xz=01;31:*.zst=01;31:*.tzst=01;31:*.bz2=01;31:*.bz=01;31:*.tbz=01;31:*.tbz2=01;31:*.tz=01;31:*.deb=01;31:*.rpm=01;31:*.jar=01;31:*.war=01;31:*.ear=01;31:*.sar=01;31:*.rar=01;31:*.alz=01;31:*.ace=01;31:*.zoo=01;31:*.cpio=01;31:*.7z=01;31:*.rz=01;31:*.cab=01;31:*.wim=01;31:*.swm=01;31:*.dwm=01;31:*.esd=01;31:*.avif=01;35:*.jpg=01;35:*.jpeg=01;35:*.mjpg=01;35:*.mjpeg=01;35:*.gif=01;35:*.bmp=01;35:*.pbm=01;35:*.pgm=01;35:*.ppm=01;35:*.tga=01;35:*.xbm=01;35:*.xpm=01;35:*.tif=01;35:*.tiff=01;35:*.png=01;35:*.svg=01;35:*.svgz=01;35:*.mng=01;35:*.pcx=01;35:*.mov=01;35:*.mpg=01;35:*.mpeg=01;35:*.m2v=01;35:*.mkv=01;35:*.webm=01;35:*.webp=01;35:*.ogm=01;35:*.mp4=01;35:*.m4v=01;35:*.mp4v=01;35:*.vob=01;35:*.qt=01;35:*.nuv=01;35:*.wmv=01;35:*.asf=01;35:*.rm=01;35:*.rmvb=01;35:*.flc=01;35:*.avi=01;35:*.fli=01;35:*.flv=01;35:*.gl=01;35:*.dl=01;35:*.xcf=01;35:*.xwd=01;35:*.yuv=01;35:*.cgm=01;35:*.emf=01;35:*.ogv=01;35:*.ogx=01;35:*.aac=00;36:*.au=00;36:*.flac=00;36:*.m4a=00;36:*.mid=00;36:*.midi=00;36:*.mka=00;36:*.mp3=00;36:*.mpc=00;36:*.ogg=00;36:*.ra=00;36:*.wav=00;36:*.oga=00;36:*.opus=00;36:*.spx=00;36:*.xspf=00;36:*~=00;90:*#=00;90:*.bak=00;90:*.crdownload=00;90:*.dpkg-dist=00;90:*.dpkg-new=00;90:*.dpkg-old=00;90:*.dpkg-tmp=00;90:*.old=00;90:*.orig=00;90:*.part=00;90:*.rej=00;90:*.rpmnew=00;90:*.rpmorig=00;90:*.rpmsave=00;90:*.swp=00;90:*.tmp=00;90:*.ucf-dist=00;90:*.ucf-new=00;90:*.ucf-old=00;90:', 'AMENT_PREFIX_PATH': '/opt/ros/jazzy', 'SHELL': '/bin/bash', 'LESSCLOSE': '/usr/bin/lesspipe %s %s', 'ROS_AUTOMATIC_DISCOVERY_RANGE': 'SUBNET', 'PWD': '/home/epiibots/ros2_ws/build/drive_base_msgs', 'LC_ALL': 'en_US.UTF-8', 'SSH_CONNECTION': '192.168.0.101 63419 192.168.0.67 22', 'XDG_DATA_DIRS': '/usr/share/gnome:/usr/local/share:/usr/share:/var/lib/snapd/desktop', 'PYTHONPATH': '/opt/ros/jazzy/lib/python3.12/site-packages', 'COLCON': '1', 'CMAKE_PREFIX_PATH': '/opt/ros/jazzy/opt/gz_sim_vendor:/opt/ros/jazzy/opt/gz_sensors_vendor:/opt/ros/jazzy/opt/gz_physics_vendor:/opt/ros/jazzy/opt/sdformat_vendor:/opt/ros/jazzy/opt/gz_gui_vendor:/opt/ros/jazzy/opt/gz_transport_vendor:/opt/ros/jazzy/opt/gz_rendering_vendor:/opt/ros/jazzy/opt/gz_plugin_vendor:/opt/ros/jazzy/opt/gz_fuel_tools_vendor:/opt/ros/jazzy/opt/gz_msgs_vendor:/opt/ros/jazzy/opt/gz_common_vendor:/opt/ros/jazzy/opt/gz_math_vendor:/opt/ros/jazzy/opt/gz_utils_vendor:/opt/ros/jazzy/opt/gz_tools_vendor:/opt/ros/jazzy/opt/gz_ogre_next_vendor:/opt/ros/jazzy/opt/gz_dartsim_vendor:/opt/ros/jazzy/opt/gz_cmake_vendor:/opt/ros/jazzy'}), 'shell': False}
[4.823536] (drive_base_msgs) StdoutLine: {'line': b'-- Install configuration: ""\n'}
[4.823889] (drive_base_msgs) StdoutLine: {'line': b'-- Up-to-date: /home/epiibots/ros2_ws/install/drive_base_msgs/share/ament_index/resource_index/rosidl_interfaces/drive_base_msgs\n'}
[4.824012] (drive_base_msgs) StdoutLine: {'line': b'-- Up-to-date: /home/epiibots/ros2_ws/install/drive_base_msgs/share/drive_base_msgs/msg/CommandHeader.json\n'}
[4.824101] (drive_base_msgs) StdoutLine: {'line': b'-- Up-to-date: /home/epiibots/ros2_ws/install/drive_base_msgs/share/drive_base_msgs/msg/BaseInfo.json\n'}
[4.824187] (drive_base_msgs) StdoutLine: {'line': b'-- Up-to-date: /home/epiibots/ros2_ws/install/drive_base_msgs/share/drive_base_msgs/msg/CommandStatus.json\n'}
[4.824283] (drive_base_msgs) StdoutLine: {'line': b'-- Up-to-date: /home/epiibots/ros2_ws/install/drive_base_msgs/share/drive_base_msgs/msg/TRVCommand.json\n'}
[4.824466] (drive_base_msgs) StdoutLine: {'line': b'-- Up-to-date: /home/epiibots/ros2_ws/install/drive_base_msgs/include/drive_base_msgs/drive_base_msgs\n'}
[4.824573] (drive_base_msgs) StdoutLine: {'line': b'-- Up-to-date: /home/epiibots/ros2_ws/install/drive_base_msgs/include/drive_base_msgs/drive_base_msgs/msg\n'}
[4.824665] (drive_base_msgs) StdoutLine: {'line': b'-- Up-to-date: /home/epiibots/ros2_ws/install/drive_base_msgs/include/drive_base_msgs/drive_base_msgs/msg/trv_command.h\n'}
[4.824753] (drive_base_msgs) StdoutLine: {'line': b'-- Up-to-date: /home/epiibots/ros2_ws/install/drive_base_msgs/include/drive_base_msgs/drive_base_msgs/msg/command_status.h\n'}
[4.827601] (drive_base_msgs) StdoutLine: {'line': b'-- Up-to-date: /home/epiibots/ros2_ws/install/drive_base_msgs/include/drive_base_msgs/drive_base_msgs/msg/base_info.h\n'}
[4.827718] (drive_base_msgs) StdoutLine: {'line': b'-- Up-to-date: /home/epiibots/ros2_ws/install/drive_base_msgs/include/drive_base_msgs/drive_base_msgs/msg/rosidl_generator_c__visibility_control.h\n'}
[4.827810] (drive_base_msgs) StdoutLine: {'line': b'-- Up-to-date: /home/epiibots/ros2_ws/install/drive_base_msgs/include/drive_base_msgs/drive_base_msgs/msg/detail\n'}
[4.827893] (drive_base_msgs) StdoutLine: {'line': b'-- Up-to-date: /home/epiibots/ros2_ws/install/drive_base_msgs/include/drive_base_msgs/drive_base_msgs/msg/detail/command_header__functions.c\n'}
[4.827973] (drive_base_msgs) StdoutLine: {'line': b'-- Up-to-date: /home/epiibots/ros2_ws/install/drive_base_msgs/include/drive_base_msgs/drive_base_msgs/msg/detail/trv_command__type_support.h\n'}
[4.828071] (drive_base_msgs) StdoutLine: {'line': b'-- Up-to-date: /home/epiibots/ros2_ws/install/drive_base_msgs/include/drive_base_msgs/drive_base_msgs/msg/detail/trv_command__functions.c\n'}
[4.828156] (drive_base_msgs) StdoutLine: {'line': b'-- Up-to-date: /home/epiibots/ros2_ws/install/drive_base_msgs/include/drive_base_msgs/drive_base_msgs/msg/detail/base_info__functions.h\n'}
[4.828244] (drive_base_msgs) StdoutLine: {'line': b'-- Up-to-date: /home/epiibots/ros2_ws/install/drive_base_msgs/include/drive_base_msgs/drive_base_msgs/msg/detail/command_header__description.c\n'}
[4.828351] (drive_base_msgs) StdoutLine: {'line': b'-- Up-to-date: /home/epiibots/ros2_ws/install/drive_base_msgs/include/drive_base_msgs/drive_base_msgs/msg/detail/trv_command__functions.h\n'}
[4.828440] (drive_base_msgs) StdoutLine: {'line': b'-- Up-to-date: /home/epiibots/ros2_ws/install/drive_base_msgs/include/drive_base_msgs/drive_base_msgs/msg/detail/command_header__type_support.h\n'}
[4.828526] (drive_base_msgs) StdoutLine: {'line': b'-- Installing: /home/epiibots/ros2_ws/install/drive_base_msgs/include/drive_base_msgs/drive_base_msgs/msg/detail/command_status__type_support.c\n'}
[4.828990] (drive_base_msgs) StdoutLine: {'line': b'-- Up-to-date: /home/epiibots/ros2_ws/install/drive_base_msgs/include/drive_base_msgs/drive_base_msgs/msg/detail/command_status__functions.c\n'}
[4.829123] (drive_base_msgs) StdoutLine: {'line': b'-- Up-to-date: /home/epiibots/ros2_ws/install/drive_base_msgs/include/drive_base_msgs/drive_base_msgs/msg/detail/base_info__description.c\n'}
[4.829296] (drive_base_msgs) StdoutLine: {'line': b'-- Up-to-date: /home/epiibots/ros2_ws/install/drive_base_msgs/include/drive_base_msgs/drive_base_msgs/msg/detail/command_status__type_support.h\n'}
[4.829406] (drive_base_msgs) StdoutLine: {'line': b'-- Up-to-date: /home/epiibots/ros2_ws/install/drive_base_msgs/include/drive_base_msgs/drive_base_msgs/msg/detail/base_info__functions.c\n'}
[4.829679] (drive_base_msgs) StdoutLine: {'line': b'-- Up-to-date: /home/epiibots/ros2_ws/install/drive_base_msgs/include/drive_base_msgs/drive_base_msgs/msg/detail/base_info__type_support.h\n'}
[4.829810] (drive_base_msgs) StdoutLine: {'line': b'-- Up-to-date: /home/epiibots/ros2_ws/install/drive_base_msgs/include/drive_base_msgs/drive_base_msgs/msg/detail/trv_command__struct.h\n'}
[4.829925] (drive_base_msgs) StdoutLine: {'line': b'-- Up-to-date: /home/epiibots/ros2_ws/install/drive_base_msgs/include/drive_base_msgs/drive_base_msgs/msg/detail/command_status__functions.h\n'}
[4.830080] (drive_base_msgs) StdoutLine: {'line': b'-- Up-to-date: /home/epiibots/ros2_ws/install/drive_base_msgs/include/drive_base_msgs/drive_base_msgs/msg/detail/command_header__struct.h\n'}
[4.830393] (drive_base_msgs) StdoutLine: {'line': b'-- Installing: /home/epiibots/ros2_ws/install/drive_base_msgs/include/drive_base_msgs/drive_base_msgs/msg/detail/trv_command__type_support.c\n'}
[4.830953] (drive_base_msgs) StdoutLine: {'line': b'-- Up-to-date: /home/epiibots/ros2_ws/install/drive_base_msgs/include/drive_base_msgs/drive_base_msgs/msg/detail/command_status__description.c\n'}
[4.831080] (drive_base_msgs) StdoutLine: {'line': b'-- Installing: /home/epiibots/ros2_ws/install/drive_base_msgs/include/drive_base_msgs/drive_base_msgs/msg/detail/command_header__type_support.c\n'}
[4.831171] (drive_base_msgs) StdoutLine: {'line': b'-- Up-to-date: /home/epiibots/ros2_ws/install/drive_base_msgs/include/drive_base_msgs/drive_base_msgs/msg/detail/command_header__functions.h\n'}
[4.831252] (drive_base_msgs) StdoutLine: {'line': b'-- Up-to-date: /home/epiibots/ros2_ws/install/drive_base_msgs/include/drive_base_msgs/drive_base_msgs/msg/detail/trv_command__description.c\n'}
[4.832871] (drive_base_msgs) StdoutLine: {'line': b'-- Up-to-date: /home/epiibots/ros2_ws/install/drive_base_msgs/include/drive_base_msgs/drive_base_msgs/msg/detail/command_status__struct.h\n'}
[4.833166] (drive_base_msgs) StdoutLine: {'line': b'-- Installing: /home/epiibots/ros2_ws/install/drive_base_msgs/include/drive_base_msgs/drive_base_msgs/msg/detail/base_info__type_support.c\n'}
[4.833356] (drive_base_msgs) StdoutLine: {'line': b'-- Up-to-date: /home/epiibots/ros2_ws/install/drive_base_msgs/include/drive_base_msgs/drive_base_msgs/msg/detail/base_info__struct.h\n'}
[4.833764] (drive_base_msgs) StdoutLine: {'line': b'-- Up-to-date: /home/epiibots/ros2_ws/install/drive_base_msgs/include/drive_base_msgs/drive_base_msgs/msg/command_header.h\n'}
[4.834396] (drive_base_msgs) StdoutLine: {'line': b'-- Up-to-date: /home/epiibots/ros2_ws/install/drive_base_msgs/share/drive_base_msgs/environment/library_path.sh\n'}
[4.836606] (drive_base_msgs) StdoutLine: {'line': b'-- Up-to-date: /home/epiibots/ros2_ws/install/drive_base_msgs/share/drive_base_msgs/environment/library_path.dsv\n'}
[4.836748] (drive_base_msgs) StdoutLine: {'line': b'-- Up-to-date: /home/epiibots/ros2_ws/install/drive_base_msgs/lib/libdrive_base_msgs__rosidl_generator_c.so\n'}
[4.836843] (drive_base_msgs) StdoutLine: {'line': b'-- Up-to-date: /home/epiibots/ros2_ws/install/drive_base_msgs/include/drive_base_msgs/drive_base_msgs\n'}
[4.836934] (drive_base_msgs) StdoutLine: {'line': b'-- Up-to-date: /home/epiibots/ros2_ws/install/drive_base_msgs/include/drive_base_msgs/drive_base_msgs/msg\n'}
[4.837013] (drive_base_msgs) StdoutLine: {'line': b'-- Up-to-date: /home/epiibots/ros2_ws/install/drive_base_msgs/include/drive_base_msgs/drive_base_msgs/msg/rosidl_typesupport_fastrtps_c__visibility_control.h\n'}
[4.837113] (drive_base_msgs) StdoutLine: {'line': b'-- Up-to-date: /home/epiibots/ros2_ws/install/drive_base_msgs/include/drive_base_msgs/drive_base_msgs/msg/detail\n'}
[4.837211] (drive_base_msgs) StdoutLine: {'line': b'-- Up-to-date: /home/epiibots/ros2_ws/install/drive_base_msgs/include/drive_base_msgs/drive_base_msgs/msg/detail/trv_command__rosidl_typesupport_fastrtps_c.h\n'}
[4.837344] (drive_base_msgs) StdoutLine: {'line': b'-- Up-to-date: /home/epiibots/ros2_ws/install/drive_base_msgs/include/drive_base_msgs/drive_base_msgs/msg/detail/base_info__rosidl_typesupport_fastrtps_c.h\n'}
[4.837447] (drive_base_msgs) StdoutLine: {'line': b'-- Up-to-date: /home/epiibots/ros2_ws/install/drive_base_msgs/include/drive_base_msgs/drive_base_msgs/msg/detail/command_header__rosidl_typesupport_fastrtps_c.h\n'}
[4.837530] (drive_base_msgs) StdoutLine: {'line': b'-- Up-to-date: /home/epiibots/ros2_ws/install/drive_base_msgs/include/drive_base_msgs/drive_base_msgs/msg/detail/command_status__rosidl_typesupport_fastrtps_c.h\n'}
[4.837612] (drive_base_msgs) StdoutLine: {'line': b'-- Up-to-date: /home/epiibots/ros2_ws/install/drive_base_msgs/lib/libdrive_base_msgs__rosidl_typesupport_fastrtps_c.so\n'}
[4.837691] (drive_base_msgs) StdoutLine: {'line': b'-- Up-to-date: /home/epiibots/ros2_ws/install/drive_base_msgs/include/drive_base_msgs/drive_base_msgs\n'}
[4.837771] (drive_base_msgs) StdoutLine: {'line': b'-- Up-to-date: /home/epiibots/ros2_ws/install/drive_base_msgs/include/drive_base_msgs/drive_base_msgs/msg\n'}
[4.837848] (drive_base_msgs) StdoutLine: {'line': b'-- Up-to-date: /home/epiibots/ros2_ws/install/drive_base_msgs/include/drive_base_msgs/drive_base_msgs/msg/base_info.hpp\n'}
[4.837926] (drive_base_msgs) StdoutLine: {'line': b'-- Up-to-date: /home/epiibots/ros2_ws/install/drive_base_msgs/include/drive_base_msgs/drive_base_msgs/msg/command_header.hpp\n'}
[4.838026] (drive_base_msgs) StdoutLine: {'line': b'-- Up-to-date: /home/epiibots/ros2_ws/install/drive_base_msgs/include/drive_base_msgs/drive_base_msgs/msg/rosidl_generator_cpp__visibility_control.hpp\n'}
[4.838117] (drive_base_msgs) StdoutLine: {'line': b'-- Up-to-date: /home/epiibots/ros2_ws/install/drive_base_msgs/include/drive_base_msgs/drive_base_msgs/msg/trv_command.hpp\n'}
[4.838204] (drive_base_msgs) StdoutLine: {'line': b'-- Up-to-date: /home/epiibots/ros2_ws/install/drive_base_msgs/include/drive_base_msgs/drive_base_msgs/msg/detail\n'}
[4.839574] (drive_base_msgs) StdoutLine: {'line': b'-- Up-to-date: /home/epiibots/ros2_ws/install/drive_base_msgs/include/drive_base_msgs/drive_base_msgs/msg/detail/command_status__struct.hpp\n'}
[4.839766] (drive_base_msgs) StdoutLine: {'line': b'-- Up-to-date: /home/epiibots/ros2_ws/install/drive_base_msgs/include/drive_base_msgs/drive_base_msgs/msg/detail/base_info__builder.hpp\n'}
[4.839878] (drive_base_msgs) StdoutLine: {'line': b'-- Up-to-date: /home/epiibots/ros2_ws/install/drive_base_msgs/include/drive_base_msgs/drive_base_msgs/msg/detail/command_status__builder.hpp\n'}
[4.840003] (drive_base_msgs) StdoutLine: {'line': b'-- Up-to-date: /home/epiibots/ros2_ws/install/drive_base_msgs/include/drive_base_msgs/drive_base_msgs/msg/detail/command_status__traits.hpp\n'}
[4.840102] (drive_base_msgs) StdoutLine: {'line': b'-- Up-to-date: /home/epiibots/ros2_ws/install/drive_base_msgs/include/drive_base_msgs/drive_base_msgs/msg/detail/base_info__struct.hpp\n'}
[4.840203] (drive_base_msgs) StdoutLine: {'line': b'-- Up-to-date: /home/epiibots/ros2_ws/install/drive_base_msgs/include/drive_base_msgs/drive_base_msgs/msg/detail/command_status__type_support.hpp\n'}
[4.840330] (-) TimerEvent: {}
[4.842436] (drive_base_msgs) StdoutLine: {'line': b'-- Up-to-date: /home/epiibots/ros2_ws/install/drive_base_msgs/include/drive_base_msgs/drive_base_msgs/msg/detail/command_header__traits.hpp\n'}
[4.842714] (drive_base_msgs) StdoutLine: {'line': b'-- Up-to-date: /home/epiibots/ros2_ws/install/drive_base_msgs/include/drive_base_msgs/drive_base_msgs/msg/detail/trv_command__builder.hpp\n'}
[4.842826] (drive_base_msgs) StdoutLine: {'line': b'-- Up-to-date: /home/epiibots/ros2_ws/install/drive_base_msgs/include/drive_base_msgs/drive_base_msgs/msg/detail/trv_command__type_support.hpp\n'}
[4.842963] (drive_base_msgs) StdoutLine: {'line': b'-- Up-to-date: /home/epiibots/ros2_ws/install/drive_base_msgs/include/drive_base_msgs/drive_base_msgs/msg/detail/command_header__type_support.hpp\n'}
[4.843094] (drive_base_msgs) StdoutLine: {'line': b'-- Up-to-date: /home/epiibots/ros2_ws/install/drive_base_msgs/include/drive_base_msgs/drive_base_msgs/msg/detail/base_info__type_support.hpp\n'}
[4.843188] (drive_base_msgs) StdoutLine: {'line': b'-- Up-to-date: /home/epiibots/ros2_ws/install/drive_base_msgs/include/drive_base_msgs/drive_base_msgs/msg/detail/command_header__struct.hpp\n'}
[4.843288] (drive_base_msgs) StdoutLine: {'line': b'-- Up-to-date: /home/epiibots/ros2_ws/install/drive_base_msgs/include/drive_base_msgs/drive_base_msgs/msg/detail/base_info__traits.hpp\n'}
[4.843394] (drive_base_msgs) StdoutLine: {'line': b'-- Up-to-date: /home/epiibots/ros2_ws/install/drive_base_msgs/include/drive_base_msgs/drive_base_msgs/msg/detail/trv_command__struct.hpp\n'}
[4.843476] (drive_base_msgs) StdoutLine: {'line': b'-- Up-to-date: /home/epiibots/ros2_ws/install/drive_base_msgs/include/drive_base_msgs/drive_base_msgs/msg/detail/trv_command__traits.hpp\n'}
[4.843583] (drive_base_msgs) StdoutLine: {'line': b'-- Up-to-date: /home/epiibots/ros2_ws/install/drive_base_msgs/include/drive_base_msgs/drive_base_msgs/msg/detail/command_header__builder.hpp\n'}
[4.843673] (drive_base_msgs) StdoutLine: {'line': b'-- Up-to-date: /home/epiibots/ros2_ws/install/drive_base_msgs/include/drive_base_msgs/drive_base_msgs/msg/command_status.hpp\n'}
[4.843759] (drive_base_msgs) StdoutLine: {'line': b'-- Up-to-date: /home/epiibots/ros2_ws/install/drive_base_msgs/include/drive_base_msgs/drive_base_msgs\n'}
[4.843843] (drive_base_msgs) StdoutLine: {'line': b'-- Up-to-date: /home/epiibots/ros2_ws/install/drive_base_msgs/include/drive_base_msgs/drive_base_msgs/msg\n'}
[4.843931] (drive_base_msgs) StdoutLine: {'line': b'-- Up-to-date: /home/epiibots/ros2_ws/install/drive_base_msgs/include/drive_base_msgs/drive_base_msgs/msg/rosidl_typesupport_fastrtps_cpp__visibility_control.h\n'}
[4.844014] (drive_base_msgs) StdoutLine: {'line': b'-- Up-to-date: /home/epiibots/ros2_ws/install/drive_base_msgs/include/drive_base_msgs/drive_base_msgs/msg/detail\n'}
[4.844095] (drive_base_msgs) StdoutLine: {'line': b'-- Up-to-date: /home/epiibots/ros2_ws/install/drive_base_msgs/include/drive_base_msgs/drive_base_msgs/msg/detail/base_info__rosidl_typesupport_fastrtps_cpp.hpp\n'}
[4.844176] (drive_base_msgs) StdoutLine: {'line': b'-- Up-to-date: /home/epiibots/ros2_ws/install/drive_base_msgs/include/drive_base_msgs/drive_base_msgs/msg/detail/command_status__rosidl_typesupport_fastrtps_cpp.hpp\n'}
[4.844257] (drive_base_msgs) StdoutLine: {'line': b'-- Up-to-date: /home/epiibots/ros2_ws/install/drive_base_msgs/include/drive_base_msgs/drive_base_msgs/msg/detail/trv_command__rosidl_typesupport_fastrtps_cpp.hpp\n'}
[4.847648] (drive_base_msgs) StdoutLine: {'line': b'-- Up-to-date: /home/epiibots/ros2_ws/install/drive_base_msgs/include/drive_base_msgs/drive_base_msgs/msg/detail/dds_fastrtps\n'}
[4.847772] (drive_base_msgs) StdoutLine: {'line': b'-- Up-to-date: /home/epiibots/ros2_ws/install/drive_base_msgs/include/drive_base_msgs/drive_base_msgs/msg/detail/command_header__rosidl_typesupport_fastrtps_cpp.hpp\n'}
[4.847887] (drive_base_msgs) StdoutLine: {'line': b'-- Up-to-date: /home/epiibots/ros2_ws/install/drive_base_msgs/lib/libdrive_base_msgs__rosidl_typesupport_fastrtps_cpp.so\n'}
[4.847973] (drive_base_msgs) StdoutLine: {'line': b'-- Up-to-date: /home/epiibots/ros2_ws/install/drive_base_msgs/include/drive_base_msgs/drive_base_msgs\n'}
[4.848732] (drive_base_msgs) StdoutLine: {'line': b'-- Up-to-date: /home/epiibots/ros2_ws/install/drive_base_msgs/include/drive_base_msgs/drive_base_msgs/msg\n'}
[4.848866] (drive_base_msgs) StdoutLine: {'line': b'-- Up-to-date: /home/epiibots/ros2_ws/install/drive_base_msgs/include/drive_base_msgs/drive_base_msgs/msg/rosidl_typesupport_introspection_c__visibility_control.h\n'}
[4.848957] (drive_base_msgs) StdoutLine: {'line': b'-- Up-to-date: /home/epiibots/ros2_ws/install/drive_base_msgs/include/drive_base_msgs/drive_base_msgs/msg/detail\n'}
[4.849038] (drive_base_msgs) StdoutLine: {'line': b'-- Up-to-date: /home/epiibots/ros2_ws/install/drive_base_msgs/include/drive_base_msgs/drive_base_msgs/msg/detail/command_status__rosidl_typesupport_introspection_c.h\n'}
[4.849119] (drive_base_msgs) StdoutLine: {'line': b'-- Installing: /home/epiibots/ros2_ws/install/drive_base_msgs/include/drive_base_msgs/drive_base_msgs/msg/detail/command_status__type_support.c\n'}
[4.849202] (drive_base_msgs) StdoutLine: {'line': b'-- Up-to-date: /home/epiibots/ros2_ws/install/drive_base_msgs/include/drive_base_msgs/drive_base_msgs/msg/detail/command_header__rosidl_typesupport_introspection_c.h\n'}
[4.849308] (drive_base_msgs) StdoutLine: {'line': b'-- Up-to-date: /home/epiibots/ros2_ws/install/drive_base_msgs/include/drive_base_msgs/drive_base_msgs/msg/detail/base_info__rosidl_typesupport_introspection_c.h\n'}
[4.849407] (drive_base_msgs) StdoutLine: {'line': b'-- Installing: /home/epiibots/ros2_ws/install/drive_base_msgs/include/drive_base_msgs/drive_base_msgs/msg/detail/trv_command__type_support.c\n'}
[4.849493] (drive_base_msgs) StdoutLine: {'line': b'-- Installing: /home/epiibots/ros2_ws/install/drive_base_msgs/include/drive_base_msgs/drive_base_msgs/msg/detail/command_header__type_support.c\n'}
[4.849582] (drive_base_msgs) StdoutLine: {'line': b'-- Installing: /home/epiibots/ros2_ws/install/drive_base_msgs/include/drive_base_msgs/drive_base_msgs/msg/detail/base_info__type_support.c\n'}
[4.849668] (drive_base_msgs) StdoutLine: {'line': b'-- Up-to-date: /home/epiibots/ros2_ws/install/drive_base_msgs/include/drive_base_msgs/drive_base_msgs/msg/detail/trv_command__rosidl_typesupport_introspection_c.h\n'}
[4.849753] (drive_base_msgs) StdoutLine: {'line': b'-- Up-to-date: /home/epiibots/ros2_ws/install/drive_base_msgs/lib/libdrive_base_msgs__rosidl_typesupport_introspection_c.so\n'}
[4.849833] (drive_base_msgs) StdoutLine: {'line': b'-- Up-to-date: /home/epiibots/ros2_ws/install/drive_base_msgs/lib/libdrive_base_msgs__rosidl_typesupport_c.so\n'}
[4.849920] (drive_base_msgs) StdoutLine: {'line': b'-- Up-to-date: /home/epiibots/ros2_ws/install/drive_base_msgs/include/drive_base_msgs/drive_base_msgs\n'}
[4.850019] (drive_base_msgs) StdoutLine: {'line': b'-- Up-to-date: /home/epiibots/ros2_ws/install/drive_base_msgs/include/drive_base_msgs/drive_base_msgs/msg\n'}
[4.850135] (drive_base_msgs) StdoutLine: {'line': b'-- Up-to-date: /home/epiibots/ros2_ws/install/drive_base_msgs/include/drive_base_msgs/drive_base_msgs/msg/detail\n'}
[4.850224] (drive_base_msgs) StdoutLine: {'line': b'-- Up-to-date: /home/epiibots/ros2_ws/install/drive_base_msgs/include/drive_base_msgs/drive_base_msgs/msg/detail/base_info__type_support.cpp\n'}
[4.853560] (drive_base_msgs) StdoutLine: {'line': b'-- Up-to-date: /home/epiibots/ros2_ws/install/drive_base_msgs/include/drive_base_msgs/drive_base_msgs/msg/detail/trv_command__rosidl_typesupport_introspection_cpp.hpp\n'}
[4.853695] (drive_base_msgs) StdoutLine: {'line': b'-- Up-to-date: /home/epiibots/ros2_ws/install/drive_base_msgs/include/drive_base_msgs/drive_base_msgs/msg/detail/base_info__rosidl_typesupport_introspection_cpp.hpp\n'}
[4.853784] (drive_base_msgs) StdoutLine: {'line': b'-- Up-to-date: /home/epiibots/ros2_ws/install/drive_base_msgs/include/drive_base_msgs/drive_base_msgs/msg/detail/trv_command__type_support.cpp\n'}
[4.853868] (drive_base_msgs) StdoutLine: {'line': b'-- Up-to-date: /home/epiibots/ros2_ws/install/drive_base_msgs/include/drive_base_msgs/drive_base_msgs/msg/detail/command_header__rosidl_typesupport_introspection_cpp.hpp\n'}
[4.853950] (drive_base_msgs) StdoutLine: {'line': b'-- Up-to-date: /home/epiibots/ros2_ws/install/drive_base_msgs/include/drive_base_msgs/drive_base_msgs/msg/detail/command_status__rosidl_typesupport_introspection_cpp.hpp\n'}
[4.854033] (drive_base_msgs) StdoutLine: {'line': b'-- Up-to-date: /home/epiibots/ros2_ws/install/drive_base_msgs/include/drive_base_msgs/drive_base_msgs/msg/detail/command_header__type_support.cpp\n'}
[4.854117] (drive_base_msgs) StdoutLine: {'line': b'-- Up-to-date: /home/epiibots/ros2_ws/install/drive_base_msgs/include/drive_base_msgs/drive_base_msgs/msg/detail/command_status__type_support.cpp\n'}
[4.854198] (drive_base_msgs) StdoutLine: {'line': b'-- Up-to-date: /home/epiibots/ros2_ws/install/drive_base_msgs/lib/libdrive_base_msgs__rosidl_typesupport_introspection_cpp.so\n'}
[4.854296] (drive_base_msgs) StdoutLine: {'line': b'-- Up-to-date: /home/epiibots/ros2_ws/install/drive_base_msgs/lib/libdrive_base_msgs__rosidl_typesupport_cpp.so\n'}
[4.854396] (drive_base_msgs) StdoutLine: {'line': b'-- Up-to-date: /home/epiibots/ros2_ws/install/drive_base_msgs/share/drive_base_msgs/environment/pythonpath.sh\n'}
[4.854478] (drive_base_msgs) StdoutLine: {'line': b'-- Up-to-date: /home/epiibots/ros2_ws/install/drive_base_msgs/share/drive_base_msgs/environment/pythonpath.dsv\n'}
[4.854580] (drive_base_msgs) StdoutLine: {'line': b'-- Up-to-date: /home/epiibots/ros2_ws/install/drive_base_msgs/lib/python3.12/site-packages/drive_base_msgs-0.0.0-py3.12.egg-info\n'}
[4.854660] (drive_base_msgs) StdoutLine: {'line': b'-- Installing: /home/epiibots/ros2_ws/install/drive_base_msgs/lib/python3.12/site-packages/drive_base_msgs-0.0.0-py3.12.egg-info/top_level.txt\n'}
[4.854744] (drive_base_msgs) StdoutLine: {'line': b'-- Installing: /home/epiibots/ros2_ws/install/drive_base_msgs/lib/python3.12/site-packages/drive_base_msgs-0.0.0-py3.12.egg-info/PKG-INFO\n'}
[4.854824] (drive_base_msgs) StdoutLine: {'line': b'-- Installing: /home/epiibots/ros2_ws/install/drive_base_msgs/lib/python3.12/site-packages/drive_base_msgs-0.0.0-py3.12.egg-info/SOURCES.txt\n'}
[4.854902] (drive_base_msgs) StdoutLine: {'line': b'-- Installing: /home/epiibots/ros2_ws/install/drive_base_msgs/lib/python3.12/site-packages/drive_base_msgs-0.0.0-py3.12.egg-info/dependency_links.txt\n'}
[4.854982] (drive_base_msgs) StdoutLine: {'line': b'-- Up-to-date: /home/epiibots/ros2_ws/install/drive_base_msgs/lib/python3.12/site-packages/drive_base_msgs\n'}
[4.855065] (drive_base_msgs) StdoutLine: {'line': b'-- Up-to-date: /home/epiibots/ros2_ws/install/drive_base_msgs/lib/python3.12/site-packages/drive_base_msgs/msg\n'}
[4.855145] (drive_base_msgs) StdoutLine: {'line': b'-- Up-to-date: /home/epiibots/ros2_ws/install/drive_base_msgs/lib/python3.12/site-packages/drive_base_msgs/msg/_command_header_s.c\n'}
[4.855225] (drive_base_msgs) StdoutLine: {'line': b'-- Up-to-date: /home/epiibots/ros2_ws/install/drive_base_msgs/lib/python3.12/site-packages/drive_base_msgs/msg/_trv_command.py\n'}
[4.855372] (drive_base_msgs) StdoutLine: {'line': b'-- Up-to-date: /home/epiibots/ros2_ws/install/drive_base_msgs/lib/python3.12/site-packages/drive_base_msgs/msg/_trv_command_s.c\n'}
[4.855483] (drive_base_msgs) StdoutLine: {'line': b'-- Up-to-date: /home/epiibots/ros2_ws/install/drive_base_msgs/lib/python3.12/site-packages/drive_base_msgs/msg/__init__.py\n'}
[4.855568] (drive_base_msgs) StdoutLine: {'line': b'-- Up-to-date: /home/epiibots/ros2_ws/install/drive_base_msgs/lib/python3.12/site-packages/drive_base_msgs/msg/_base_info.py\n'}
[4.855652] (drive_base_msgs) StdoutLine: {'line': b'-- Up-to-date: /home/epiibots/ros2_ws/install/drive_base_msgs/lib/python3.12/site-packages/drive_base_msgs/msg/_command_status.py\n'}
[4.855732] (drive_base_msgs) StdoutLine: {'line': b'-- Up-to-date: /home/epiibots/ros2_ws/install/drive_base_msgs/lib/python3.12/site-packages/drive_base_msgs/msg/_command_header.py\n'}
[4.855811] (drive_base_msgs) StdoutLine: {'line': b'-- Up-to-date: /home/epiibots/ros2_ws/install/drive_base_msgs/lib/python3.12/site-packages/drive_base_msgs/msg/_base_info_s.c\n'}
[4.855890] (drive_base_msgs) StdoutLine: {'line': b'-- Up-to-date: /home/epiibots/ros2_ws/install/drive_base_msgs/lib/python3.12/site-packages/drive_base_msgs/msg/_command_status_s.c\n'}
[4.855976] (drive_base_msgs) StdoutLine: {'line': b'-- Up-to-date: /home/epiibots/ros2_ws/install/drive_base_msgs/lib/python3.12/site-packages/drive_base_msgs/__init__.py\n'}
[4.856057] (drive_base_msgs) StdoutLine: {'line': b'-- Up-to-date: /home/epiibots/ros2_ws/install/drive_base_msgs/lib/python3.12/site-packages/drive_base_msgs/_drive_base_msgs_s.ep.rosidl_typesupport_introspection_c.c\n'}
[4.856138] (drive_base_msgs) StdoutLine: {'line': b'-- Up-to-date: /home/epiibots/ros2_ws/install/drive_base_msgs/lib/python3.12/site-packages/drive_base_msgs/drive_base_msgs_s__rosidl_typesupport_fastrtps_c.so\n'}
[4.856215] (drive_base_msgs) StdoutLine: {'line': b'-- Up-to-date: /home/epiibots/ros2_ws/install/drive_base_msgs/lib/python3.12/site-packages/drive_base_msgs/_drive_base_msgs_s.ep.rosidl_typesupport_fastrtps_c.c\n'}
[4.859523] (drive_base_msgs) StdoutLine: {'line': b'-- Up-to-date: /home/epiibots/ros2_ws/install/drive_base_msgs/lib/python3.12/site-packages/drive_base_msgs/_drive_base_msgs_s.ep.rosidl_typesupport_c.c\n'}
[4.859674] (drive_base_msgs) StdoutLine: {'line': b'-- Up-to-date: /home/epiibots/ros2_ws/install/drive_base_msgs/lib/python3.12/site-packages/drive_base_msgs/drive_base_msgs_s__rosidl_typesupport_introspection_c.so\n'}
[4.859766] (drive_base_msgs) StdoutLine: {'line': b'-- Up-to-date: /home/epiibots/ros2_ws/install/drive_base_msgs/lib/python3.12/site-packages/drive_base_msgs/drive_base_msgs_s__rosidl_typesupport_c.so\n'}
[4.899132] (drive_base_msgs) StdoutLine: {'line': b"Listing '/home/epiibots/ros2_ws/install/drive_base_msgs/lib/python3.12/site-packages/drive_base_msgs'...\n"}
[4.899495] (drive_base_msgs) StdoutLine: {'line': b"Listing '/home/epiibots/ros2_ws/install/drive_base_msgs/lib/python3.12/site-packages/drive_base_msgs/msg'...\n"}
[4.923254] (drive_base_msgs) StdoutLine: {'line': b'-- Up-to-date: /home/epiibots/ros2_ws/install/drive_base_msgs/lib/python3.12/site-packages/drive_base_msgs/drive_base_msgs_s__rosidl_typesupport_fastrtps_c.so\n'}
[4.923745] (drive_base_msgs) StdoutLine: {'line': b'-- Up-to-date: /home/epiibots/ros2_ws/install/drive_base_msgs/lib/python3.12/site-packages/drive_base_msgs/drive_base_msgs_s__rosidl_typesupport_introspection_c.so\n'}
[4.924328] (drive_base_msgs) StdoutLine: {'line': b'-- Up-to-date: /home/epiibots/ros2_ws/install/drive_base_msgs/lib/python3.12/site-packages/drive_base_msgs/drive_base_msgs_s__rosidl_typesupport_c.so\n'}
[4.924852] (drive_base_msgs) StdoutLine: {'line': b'-- Up-to-date: /home/epiibots/ros2_ws/install/drive_base_msgs/lib/libdrive_base_msgs__rosidl_generator_py.so\n'}
[4.925191] (drive_base_msgs) StdoutLine: {'line': b'-- Up-to-date: /home/epiibots/ros2_ws/install/drive_base_msgs/share/ament_index/resource_index/rust_packages/drive_base_msgs\n'}
[4.925484] (drive_base_msgs) StdoutLine: {'line': b'-- Up-to-date: /home/epiibots/ros2_ws/install/drive_base_msgs/share/drive_base_msgs/rust\n'}
[4.926497] (drive_base_msgs) StdoutLine: {'line': b'-- Up-to-date: /home/epiibots/ros2_ws/install/drive_base_msgs/share/drive_base_msgs/rust/build.rs\n'}
[4.927729] (drive_base_msgs) StdoutLine: {'line': b'-- Up-to-date: /home/epiibots/ros2_ws/install/drive_base_msgs/share/drive_base_msgs/rust/src\n'}
[4.927964] (drive_base_msgs) StdoutLine: {'line': b'-- Up-to-date: /home/epiibots/ros2_ws/install/drive_base_msgs/share/drive_base_msgs/rust/src/msg\n'}
[4.928110] (drive_base_msgs) StdoutLine: {'line': b'-- Up-to-date: /home/epiibots/ros2_ws/install/drive_base_msgs/share/drive_base_msgs/rust/src/msg/rmw.rs\n'}
[4.928218] (drive_base_msgs) StdoutLine: {'line': b'-- Up-to-date: /home/epiibots/ros2_ws/install/drive_base_msgs/share/drive_base_msgs/rust/src/lib.rs\n'}
[4.928342] (drive_base_msgs) StdoutLine: {'line': b'-- Up-to-date: /home/epiibots/ros2_ws/install/drive_base_msgs/share/drive_base_msgs/rust/src/msg.rs\n'}
[4.928446] (drive_base_msgs) StdoutLine: {'line': b'-- Up-to-date: /home/epiibots/ros2_ws/install/drive_base_msgs/share/drive_base_msgs/rust/Cargo.toml\n'}
[4.928537] (drive_base_msgs) StdoutLine: {'line': b'-- Up-to-date: /home/epiibots/ros2_ws/install/drive_base_msgs/share/drive_base_msgs/msg/CommandHeader.idl\n'}
[4.928626] (drive_base_msgs) StdoutLine: {'line': b'-- Up-to-date: /home/epiibots/ros2_ws/install/drive_base_msgs/share/drive_base_msgs/msg/BaseInfo.idl\n'}
[4.928729] (drive_base_msgs) StdoutLine: {'line': b'-- Up-to-date: /home/epiibots/ros2_ws/install/drive_base_msgs/share/drive_base_msgs/msg/CommandStatus.idl\n'}
[4.928824] (drive_base_msgs) StdoutLine: {'line': b'-- Up-to-date: /home/epiibots/ros2_ws/install/drive_base_msgs/share/drive_base_msgs/msg/TRVCommand.idl\n'}
[4.928914] (drive_base_msgs) StdoutLine: {'line': b'-- Up-to-date: /home/epiibots/ros2_ws/install/drive_base_msgs/share/drive_base_msgs/msg/CommandHeader.msg\n'}
[4.929012] (drive_base_msgs) StdoutLine: {'line': b'-- Up-to-date: /home/epiibots/ros2_ws/install/drive_base_msgs/share/drive_base_msgs/msg/BaseInfo.msg\n'}
[4.929104] (drive_base_msgs) StdoutLine: {'line': b'-- Up-to-date: /home/epiibots/ros2_ws/install/drive_base_msgs/share/drive_base_msgs/msg/CommandStatus.msg\n'}
[4.929201] (drive_base_msgs) StdoutLine: {'line': b'-- Up-to-date: /home/epiibots/ros2_ws/install/drive_base_msgs/share/drive_base_msgs/msg/TRVCommand.msg\n'}
[4.932502] (drive_base_msgs) StdoutLine: {'line': b'-- Up-to-date: /home/epiibots/ros2_ws/install/drive_base_msgs/share/ament_index/resource_index/package_run_dependencies/drive_base_msgs\n'}
[4.932761] (drive_base_msgs) StdoutLine: {'line': b'-- Up-to-date: /home/epiibots/ros2_ws/install/drive_base_msgs/share/ament_index/resource_index/parent_prefix_path/drive_base_msgs\n'}
[4.932875] (drive_base_msgs) StdoutLine: {'line': b'-- Up-to-date: /home/epiibots/ros2_ws/install/drive_base_msgs/share/drive_base_msgs/environment/ament_prefix_path.sh\n'}
[4.932968] (drive_base_msgs) StdoutLine: {'line': b'-- Up-to-date: /home/epiibots/ros2_ws/install/drive_base_msgs/share/drive_base_msgs/environment/ament_prefix_path.dsv\n'}
[4.933056] (drive_base_msgs) StdoutLine: {'line': b'-- Up-to-date: /home/epiibots/ros2_ws/install/drive_base_msgs/share/drive_base_msgs/environment/path.sh\n'}
[4.933146] (drive_base_msgs) StdoutLine: {'line': b'-- Up-to-date: /home/epiibots/ros2_ws/install/drive_base_msgs/share/drive_base_msgs/environment/path.dsv\n'}
[4.933236] (drive_base_msgs) StdoutLine: {'line': b'-- Up-to-date: /home/epiibots/ros2_ws/install/drive_base_msgs/share/drive_base_msgs/local_setup.bash\n'}
[4.933381] (drive_base_msgs) StdoutLine: {'line': b'-- Up-to-date: /home/epiibots/ros2_ws/install/drive_base_msgs/share/drive_base_msgs/local_setup.sh\n'}
[4.933475] (drive_base_msgs) StdoutLine: {'line': b'-- Up-to-date: /home/epiibots/ros2_ws/install/drive_base_msgs/share/drive_base_msgs/local_setup.zsh\n'}
[4.933564] (drive_base_msgs) StdoutLine: {'line': b'-- Up-to-date: /home/epiibots/ros2_ws/install/drive_base_msgs/share/drive_base_msgs/local_setup.dsv\n'}
[4.933661] (drive_base_msgs) StdoutLine: {'line': b'-- Installing: /home/epiibots/ros2_ws/install/drive_base_msgs/share/drive_base_msgs/package.dsv\n'}
[4.933837] (drive_base_msgs) StdoutLine: {'line': b'-- Up-to-date: /home/epiibots/ros2_ws/install/drive_base_msgs/share/ament_index/resource_index/packages/drive_base_msgs\n'}
[4.933976] (drive_base_msgs) StdoutLine: {'line': b'-- Up-to-date: /home/epiibots/ros2_ws/install/drive_base_msgs/share/drive_base_msgs/cmake/export_drive_base_msgs__rosidl_generator_cExport.cmake\n'}
[4.934093] (drive_base_msgs) StdoutLine: {'line': b'-- Up-to-date: /home/epiibots/ros2_ws/install/drive_base_msgs/share/drive_base_msgs/cmake/export_drive_base_msgs__rosidl_generator_cExport-noconfig.cmake\n'}
[4.934197] (drive_base_msgs) StdoutLine: {'line': b'-- Up-to-date: /home/epiibots/ros2_ws/install/drive_base_msgs/share/drive_base_msgs/cmake/export_drive_base_msgs__rosidl_typesupport_fastrtps_cExport.cmake\n'}
[4.934334] (drive_base_msgs) StdoutLine: {'line': b'-- Up-to-date: /home/epiibots/ros2_ws/install/drive_base_msgs/share/drive_base_msgs/cmake/export_drive_base_msgs__rosidl_typesupport_fastrtps_cExport-noconfig.cmake\n'}
[4.934493] (drive_base_msgs) StdoutLine: {'line': b'-- Up-to-date: /home/epiibots/ros2_ws/install/drive_base_msgs/share/drive_base_msgs/cmake/export_drive_base_msgs__rosidl_generator_cppExport.cmake\n'}
[4.934687] (drive_base_msgs) StdoutLine: {'line': b'-- Up-to-date: /home/epiibots/ros2_ws/install/drive_base_msgs/share/drive_base_msgs/cmake/export_drive_base_msgs__rosidl_typesupport_fastrtps_cppExport.cmake\n'}
[4.934851] (drive_base_msgs) StdoutLine: {'line': b'-- Up-to-date: /home/epiibots/ros2_ws/install/drive_base_msgs/share/drive_base_msgs/cmake/export_drive_base_msgs__rosidl_typesupport_fastrtps_cppExport-noconfig.cmake\n'}
[4.934954] (drive_base_msgs) StdoutLine: {'line': b'-- Up-to-date: /home/epiibots/ros2_ws/install/drive_base_msgs/share/drive_base_msgs/cmake/drive_base_msgs__rosidl_typesupport_introspection_cExport.cmake\n'}
[4.935094] (drive_base_msgs) StdoutLine: {'line': b'-- Up-to-date: /home/epiibots/ros2_ws/install/drive_base_msgs/share/drive_base_msgs/cmake/drive_base_msgs__rosidl_typesupport_introspection_cExport-noconfig.cmake\n'}
[4.935203] (drive_base_msgs) StdoutLine: {'line': b'-- Up-to-date: /home/epiibots/ros2_ws/install/drive_base_msgs/share/drive_base_msgs/cmake/drive_base_msgs__rosidl_typesupport_cExport.cmake\n'}
[4.939647] (drive_base_msgs) StdoutLine: {'line': b'-- Up-to-date: /home/epiibots/ros2_ws/install/drive_base_msgs/share/drive_base_msgs/cmake/drive_base_msgs__rosidl_typesupport_cExport-noconfig.cmake\n'}
[4.939888] (drive_base_msgs) StdoutLine: {'line': b'-- Up-to-date: /home/epiibots/ros2_ws/install/drive_base_msgs/share/drive_base_msgs/cmake/drive_base_msgs__rosidl_typesupport_introspection_cppExport.cmake\n'}
[4.939996] (drive_base_msgs) StdoutLine: {'line': b'-- Up-to-date: /home/epiibots/ros2_ws/install/drive_base_msgs/share/drive_base_msgs/cmake/drive_base_msgs__rosidl_typesupport_introspection_cppExport-noconfig.cmake\n'}
[4.940086] (drive_base_msgs) StdoutLine: {'line': b'-- Up-to-date: /home/epiibots/ros2_ws/install/drive_base_msgs/share/drive_base_msgs/cmake/drive_base_msgs__rosidl_typesupport_cppExport.cmake\n'}
[4.940176] (drive_base_msgs) StdoutLine: {'line': b'-- Up-to-date: /home/epiibots/ros2_ws/install/drive_base_msgs/share/drive_base_msgs/cmake/drive_base_msgs__rosidl_typesupport_cppExport-noconfig.cmake\n'}
[4.940263] (drive_base_msgs) StdoutLine: {'line': b'-- Up-to-date: /home/epiibots/ros2_ws/install/drive_base_msgs/share/drive_base_msgs/cmake/export_drive_base_msgs__rosidl_generator_pyExport.cmake\n'}
[4.940829] (-) TimerEvent: {}
[4.942577] (drive_base_msgs) StdoutLine: {'line': b'-- Up-to-date: /home/epiibots/ros2_ws/install/drive_base_msgs/share/drive_base_msgs/cmake/export_drive_base_msgs__rosidl_generator_pyExport-noconfig.cmake\n'}
[4.943633] (drive_base_msgs) StdoutLine: {'line': b'-- Up-to-date: /home/epiibots/ros2_ws/install/drive_base_msgs/share/drive_base_msgs/cmake/rosidl_cmake-extras.cmake\n'}
[4.943797] (drive_base_msgs) StdoutLine: {'line': b'-- Up-to-date: /home/epiibots/ros2_ws/install/drive_base_msgs/share/drive_base_msgs/cmake/ament_cmake_export_dependencies-extras.cmake\n'}
[4.943919] (drive_base_msgs) StdoutLine: {'line': b'-- Up-to-date: /home/epiibots/ros2_ws/install/drive_base_msgs/share/drive_base_msgs/cmake/ament_cmake_export_include_directories-extras.cmake\n'}
[4.944022] (drive_base_msgs) StdoutLine: {'line': b'-- Up-to-date: /home/epiibots/ros2_ws/install/drive_base_msgs/share/drive_base_msgs/cmake/ament_cmake_export_libraries-extras.cmake\n'}
[4.944116] (drive_base_msgs) StdoutLine: {'line': b'-- Up-to-date: /home/epiibots/ros2_ws/install/drive_base_msgs/share/drive_base_msgs/cmake/ament_cmake_export_targets-extras.cmake\n'}
[4.944202] (drive_base_msgs) StdoutLine: {'line': b'-- Up-to-date: /home/epiibots/ros2_ws/install/drive_base_msgs/share/drive_base_msgs/cmake/rosidl_cmake_export_typesupport_targets-extras.cmake\n'}
[4.944305] (drive_base_msgs) StdoutLine: {'line': b'-- Up-to-date: /home/epiibots/ros2_ws/install/drive_base_msgs/share/drive_base_msgs/cmake/rosidl_cmake_export_typesupport_libraries-extras.cmake\n'}
[4.947489] (drive_base_msgs) StdoutLine: {'line': b'-- Up-to-date: /home/epiibots/ros2_ws/install/drive_base_msgs/share/drive_base_msgs/cmake/drive_base_msgsConfig.cmake\n'}
[4.947616] (drive_base_msgs) StdoutLine: {'line': b'-- Up-to-date: /home/epiibots/ros2_ws/install/drive_base_msgs/share/drive_base_msgs/cmake/drive_base_msgsConfig-version.cmake\n'}
[4.947700] (drive_base_msgs) StdoutLine: {'line': b'-- Up-to-date: /home/epiibots/ros2_ws/install/drive_base_msgs/share/drive_base_msgs/package.xml\n'}
[4.947781] (drive_base_msgs) CommandEnded: {'returncode': 0}
[4.982821] (detector) StdoutLine: {'line': b'Installing apriltags script to /home/epiibots/ros2_ws/install/detector/lib/detector\n'}
[4.983567] (detector) StdoutLine: {'line': b"writing list of installed files to '/home/epiibots/ros2_ws/build/detector/install.log'\n"}
[4.985398] (drive_base_msgs) JobEnded: {'identifier': 'drive_base_msgs', 'rc': 0}
[4.987987] (servo_steering) JobStarted: {'identifier': 'servo_steering'}
[5.041056] (-) TimerEvent: {}
[5.141703] (-) TimerEvent: {}
[5.245365] (-) TimerEvent: {}
[5.345842] (-) TimerEvent: {}
[5.446224] (-) TimerEvent: {}
[5.480844] (lidar_teste) Command: {'cmd': ['/usr/bin/python3', '-W', 'ignore:setup.py install is deprecated', '-W', 'ignore:easy_install command is deprecated', 'setup.py', 'egg_info', '--egg-base', '../../build/lidar_teste', 'build', '--build-base', '/home/epiibots/ros2_ws/build/lidar_teste/build', 'install', '--record', '/home/epiibots/ros2_ws/build/lidar_teste/install.log', '--single-version-externally-managed', 'install_data'], 'cwd': '/home/epiibots/ros2_ws/src/lidar_teste', 'env': {'LESSOPEN': '| /usr/bin/lesspipe %s', 'USER': 'epiibots', 'SSH_CLIENT': '192.168.0.101 63419 22', 'GZ_CONFIG_PATH': '/opt/ros/jazzy/opt/gz_sim_vendor/share/gz:/opt/ros/jazzy/opt/sdformat_vendor/share/gz:/opt/ros/jazzy/opt/gz_gui_vendor/share/gz:/opt/ros/jazzy/opt/gz_transport_vendor/share/gz:/opt/ros/jazzy/opt/gz_rendering_vendor/share/gz:/opt/ros/jazzy/opt/gz_plugin_vendor/share/gz:/opt/ros/jazzy/opt/gz_fuel_tools_vendor/share/gz:/opt/ros/jazzy/opt/gz_msgs_vendor/share/gz:/opt/ros/jazzy/opt/gz_common_vendor/share/gz', 'XDG_SESSION_TYPE': 'tty', 'SHLVL': '1', 'LD_LIBRARY_PATH': '/opt/ros/jazzy/opt/gz_sim_vendor/lib:/opt/ros/jazzy/opt/gz_sensors_vendor/lib:/opt/ros/jazzy/opt/gz_physics_vendor/lib:/opt/ros/jazzy/opt/sdformat_vendor/lib:/opt/ros/jazzy/opt/rviz_ogre_vendor/lib:/opt/ros/jazzy/lib/aarch64-linux-gnu:/opt/ros/jazzy/opt/gz_gui_vendor/lib:/opt/ros/jazzy/opt/gz_transport_vendor/lib:/opt/ros/jazzy/opt/gz_rendering_vendor/lib:/opt/ros/jazzy/opt/gz_plugin_vendor/lib:/opt/ros/jazzy/opt/gz_fuel_tools_vendor/lib:/opt/ros/jazzy/opt/gz_msgs_vendor/lib:/opt/ros/jazzy/opt/gz_common_vendor/lib:/opt/ros/jazzy/opt/gz_math_vendor/lib:/opt/ros/jazzy/opt/gz_utils_vendor/lib:/opt/ros/jazzy/opt/gz_tools_vendor/lib:/opt/ros/jazzy/opt/gz_ogre_next_vendor/lib:/opt/ros/jazzy/opt/gz_dartsim_vendor/lib:/opt/ros/jazzy/opt/gz_cmake_vendor/lib:/opt/ros/jazzy/lib', 'HOME': '/home/epiibots', 'OLDPWD': '/home/epiibots/ros2_ws/install', 'SSH_TTY': '/dev/pts/4', 'ROS_PYTHON_VERSION': '3', 'DBUS_SESSION_BUS_ADDRESS': 'unix:path=/run/user/1000/bus', 'DEBUGINFOD_URLS': 'https://debuginfod.ubuntu.com', 'ROS_DISTRO': 'jazzy', 'LOGNAME': 'epiibots', '_': '/usr/bin/colcon', 'ROS_VERSION': '2', 'XDG_SESSION_CLASS': 'user', 'TERM': 'xterm-256color', 'XDG_SESSION_ID': '11', 'PATH': '/opt/ros/jazzy/opt/gz_msgs_vendor/bin:/opt/ros/jazzy/opt/gz_tools_vendor/bin:/opt/ros/jazzy/opt/gz_ogre_next_vendor/bin:/opt/ros/jazzy/bin:/usr/local/sbin:/usr/local/bin:/usr/sbin:/usr/bin:/sbin:/bin:/usr/games:/usr/local/games:/snap/bin', 'XDG_RUNTIME_DIR': '/run/user/1000', 'LANG': 'en_US.UTF-8', 'LS_COLORS': 'rs=0:di=01;34:ln=01;36:mh=00:pi=40;33:so=01;35:do=01;35:bd=40;33;01:cd=40;33;01:or=40;31;01:mi=00:su=37;41:sg=30;43:ca=00:tw=30;42:ow=34;42:st=37;44:ex=01;32:*.tar=01;31:*.tgz=01;31:*.arc=01;31:*.arj=01;31:*.taz=01;31:*.lha=01;31:*.lz4=01;31:*.lzh=01;31:*.lzma=01;31:*.tlz=01;31:*.txz=01;31:*.tzo=01;31:*.t7z=01;31:*.zip=01;31:*.z=01;31:*.dz=01;31:*.gz=01;31:*.lrz=01;31:*.lz=01;31:*.lzo=01;31:*.xz=01;31:*.zst=01;31:*.tzst=01;31:*.bz2=01;31:*.bz=01;31:*.tbz=01;31:*.tbz2=01;31:*.tz=01;31:*.deb=01;31:*.rpm=01;31:*.jar=01;31:*.war=01;31:*.ear=01;31:*.sar=01;31:*.rar=01;31:*.alz=01;31:*.ace=01;31:*.zoo=01;31:*.cpio=01;31:*.7z=01;31:*.rz=01;31:*.cab=01;31:*.wim=01;31:*.swm=01;31:*.dwm=01;31:*.esd=01;31:*.avif=01;35:*.jpg=01;35:*.jpeg=01;35:*.mjpg=01;35:*.mjpeg=01;35:*.gif=01;35:*.bmp=01;35:*.pbm=01;35:*.pgm=01;35:*.ppm=01;35:*.tga=01;35:*.xbm=01;35:*.xpm=01;35:*.tif=01;35:*.tiff=01;35:*.png=01;35:*.svg=01;35:*.svgz=01;35:*.mng=01;35:*.pcx=01;35:*.mov=01;35:*.mpg=01;35:*.mpeg=01;35:*.m2v=01;35:*.mkv=01;35:*.webm=01;35:*.webp=01;35:*.ogm=01;35:*.mp4=01;35:*.m4v=01;35:*.mp4v=01;35:*.vob=01;35:*.qt=01;35:*.nuv=01;35:*.wmv=01;35:*.asf=01;35:*.rm=01;35:*.rmvb=01;35:*.flc=01;35:*.avi=01;35:*.fli=01;35:*.flv=01;35:*.gl=01;35:*.dl=01;35:*.xcf=01;35:*.xwd=01;35:*.yuv=01;35:*.cgm=01;35:*.emf=01;35:*.ogv=01;35:*.ogx=01;35:*.aac=00;36:*.au=00;36:*.flac=00;36:*.m4a=00;36:*.mid=00;36:*.midi=00;36:*.mka=00;36:*.mp3=00;36:*.mpc=00;36:*.ogg=00;36:*.ra=00;36:*.wav=00;36:*.oga=00;36:*.opus=00;36:*.spx=00;36:*.xspf=00;36:*~=00;90:*#=00;90:*.bak=00;90:*.crdownload=00;90:*.dpkg-dist=00;90:*.dpkg-new=00;90:*.dpkg-old=00;90:*.dpkg-tmp=00;90:*.old=00;90:*.orig=00;90:*.part=00;90:*.rej=00;90:*.rpmnew=00;90:*.rpmorig=00;90:*.rpmsave=00;90:*.swp=00;90:*.tmp=00;90:*.ucf-dist=00;90:*.ucf-new=00;90:*.ucf-old=00;90:', 'AMENT_PREFIX_PATH': '/opt/ros/jazzy', 'SHELL': '/bin/bash', 'LESSCLOSE': '/usr/bin/lesspipe %s %s', 'ROS_AUTOMATIC_DISCOVERY_RANGE': 'SUBNET', 'PWD': '/home/epiibots/ros2_ws/build/lidar_teste', 'LC_ALL': 'en_US.UTF-8', 'SSH_CONNECTION': '192.168.0.101 63419 192.168.0.67 22', 'XDG_DATA_DIRS': '/usr/share/gnome:/usr/local/share:/usr/share:/var/lib/snapd/desktop', 'PYTHONPATH': '/home/epiibots/ros2_ws/build/lidar_teste/prefix_override:/usr/lib/python3/dist-packages/colcon_core/task/python/colcon_distutils_commands:/home/epiibots/ros2_ws/install/lidar_teste/lib/python3.12/site-packages:/opt/ros/jazzy/lib/python3.12/site-packages', 'COLCON': '1', 'CMAKE_PREFIX_PATH': '/opt/ros/jazzy/opt/gz_sim_vendor:/opt/ros/jazzy/opt/gz_sensors_vendor:/opt/ros/jazzy/opt/gz_physics_vendor:/opt/ros/jazzy/opt/sdformat_vendor:/opt/ros/jazzy/opt/gz_gui_vendor:/opt/ros/jazzy/opt/gz_transport_vendor:/opt/ros/jazzy/opt/gz_rendering_vendor:/opt/ros/jazzy/opt/gz_plugin_vendor:/opt/ros/jazzy/opt/gz_fuel_tools_vendor:/opt/ros/jazzy/opt/gz_msgs_vendor:/opt/ros/jazzy/opt/gz_common_vendor:/opt/ros/jazzy/opt/gz_math_vendor:/opt/ros/jazzy/opt/gz_utils_vendor:/opt/ros/jazzy/opt/gz_tools_vendor:/opt/ros/jazzy/opt/gz_ogre_next_vendor:/opt/ros/jazzy/opt/gz_dartsim_vendor:/opt/ros/jazzy/opt/gz_cmake_vendor'}, 'shell': False}
[5.483067] (detector) CommandEnded: {'returncode': 0}
[5.493854] (detector) JobEnded: {'identifier': 'detector', 'rc': 0}
[5.495708] (controlegeral_carrinho) JobStarted: {'identifier': 'controlegeral_carrinho'}
[5.547400] (-) TimerEvent: {}
[5.647908] (-) TimerEvent: {}
[5.750332] (-) TimerEvent: {}
[5.850762] (-) TimerEvent: {}
[5.951294] (-) TimerEvent: {}
[5.986457] (lidar_teste) StdoutLine: {'line': b'running egg_info\n'}
[6.031419] (lidar_teste) StdoutLine: {'line': b'writing ../../build/lidar_teste/lidar_teste.egg-info/PKG-INFO\n'}
[6.032116] (lidar_teste) StdoutLine: {'line': b'writing dependency_links to ../../build/lidar_teste/lidar_teste.egg-info/dependency_links.txt\n'}
[6.035639] (lidar_teste) StdoutLine: {'line': b'writing entry points to ../../build/lidar_teste/lidar_teste.egg-info/entry_points.txt\n'}
[6.036198] (lidar_teste) StdoutLine: {'line': b'writing requirements to ../../build/lidar_teste/lidar_teste.egg-info/requires.txt\n'}
[6.037065] (lidar_teste) StdoutLine: {'line': b'writing top-level names to ../../build/lidar_teste/lidar_teste.egg-info/top_level.txt\n'}
[6.051399] (-) TimerEvent: {}
[6.088606] (pwm_rec) Command: {'cmd': ['/usr/bin/python3', '-W', 'ignore:setup.py install is deprecated', '-W', 'ignore:easy_install command is deprecated', 'setup.py', 'egg_info', '--egg-base', '../../build/pwm_rec', 'build', '--build-base', '/home/epiibots/ros2_ws/build/pwm_rec/build', 'install', '--record', '/home/epiibots/ros2_ws/build/pwm_rec/install.log', '--single-version-externally-managed', 'install_data'], 'cwd': '/home/epiibots/ros2_ws/src/pwm_rec', 'env': {'LESSOPEN': '| /usr/bin/lesspipe %s', 'USER': 'epiibots', 'SSH_CLIENT': '192.168.0.101 63419 22', 'GZ_CONFIG_PATH': '/opt/ros/jazzy/opt/gz_sim_vendor/share/gz:/opt/ros/jazzy/opt/sdformat_vendor/share/gz:/opt/ros/jazzy/opt/gz_gui_vendor/share/gz:/opt/ros/jazzy/opt/gz_transport_vendor/share/gz:/opt/ros/jazzy/opt/gz_rendering_vendor/share/gz:/opt/ros/jazzy/opt/gz_plugin_vendor/share/gz:/opt/ros/jazzy/opt/gz_fuel_tools_vendor/share/gz:/opt/ros/jazzy/opt/gz_msgs_vendor/share/gz:/opt/ros/jazzy/opt/gz_common_vendor/share/gz', 'XDG_SESSION_TYPE': 'tty', 'SHLVL': '1', 'LD_LIBRARY_PATH': '/opt/ros/jazzy/opt/gz_sim_vendor/lib:/opt/ros/jazzy/opt/gz_sensors_vendor/lib:/opt/ros/jazzy/opt/gz_physics_vendor/lib:/opt/ros/jazzy/opt/sdformat_vendor/lib:/opt/ros/jazzy/opt/rviz_ogre_vendor/lib:/opt/ros/jazzy/lib/aarch64-linux-gnu:/opt/ros/jazzy/opt/gz_gui_vendor/lib:/opt/ros/jazzy/opt/gz_transport_vendor/lib:/opt/ros/jazzy/opt/gz_rendering_vendor/lib:/opt/ros/jazzy/opt/gz_plugin_vendor/lib:/opt/ros/jazzy/opt/gz_fuel_tools_vendor/lib:/opt/ros/jazzy/opt/gz_msgs_vendor/lib:/opt/ros/jazzy/opt/gz_common_vendor/lib:/opt/ros/jazzy/opt/gz_math_vendor/lib:/opt/ros/jazzy/opt/gz_utils_vendor/lib:/opt/ros/jazzy/opt/gz_tools_vendor/lib:/opt/ros/jazzy/opt/gz_ogre_next_vendor/lib:/opt/ros/jazzy/opt/gz_dartsim_vendor/lib:/opt/ros/jazzy/opt/gz_cmake_vendor/lib:/opt/ros/jazzy/lib', 'HOME': '/home/epiibots', 'OLDPWD': '/home/epiibots/ros2_ws/install', 'SSH_TTY': '/dev/pts/4', 'ROS_PYTHON_VERSION': '3', 'DBUS_SESSION_BUS_ADDRESS': 'unix:path=/run/user/1000/bus', 'DEBUGINFOD_URLS': 'https://debuginfod.ubuntu.com', 'ROS_DISTRO': 'jazzy', 'LOGNAME': 'epiibots', '_': '/usr/bin/colcon', 'ROS_VERSION': '2', 'XDG_SESSION_CLASS': 'user', 'TERM': 'xterm-256color', 'XDG_SESSION_ID': '11', 'PATH': '/opt/ros/jazzy/opt/gz_msgs_vendor/bin:/opt/ros/jazzy/opt/gz_tools_vendor/bin:/opt/ros/jazzy/opt/gz_ogre_next_vendor/bin:/opt/ros/jazzy/bin:/usr/local/sbin:/usr/local/bin:/usr/sbin:/usr/bin:/sbin:/bin:/usr/games:/usr/local/games:/snap/bin', 'XDG_RUNTIME_DIR': '/run/user/1000', 'LANG': 'en_US.UTF-8', 'LS_COLORS': 'rs=0:di=01;34:ln=01;36:mh=00:pi=40;33:so=01;35:do=01;35:bd=40;33;01:cd=40;33;01:or=40;31;01:mi=00:su=37;41:sg=30;43:ca=00:tw=30;42:ow=34;42:st=37;44:ex=01;32:*.tar=01;31:*.tgz=01;31:*.arc=01;31:*.arj=01;31:*.taz=01;31:*.lha=01;31:*.lz4=01;31:*.lzh=01;31:*.lzma=01;31:*.tlz=01;31:*.txz=01;31:*.tzo=01;31:*.t7z=01;31:*.zip=01;31:*.z=01;31:*.dz=01;31:*.gz=01;31:*.lrz=01;31:*.lz=01;31:*.lzo=01;31:*.xz=01;31:*.zst=01;31:*.tzst=01;31:*.bz2=01;31:*.bz=01;31:*.tbz=01;31:*.tbz2=01;31:*.tz=01;31:*.deb=01;31:*.rpm=01;31:*.jar=01;31:*.war=01;31:*.ear=01;31:*.sar=01;31:*.rar=01;31:*.alz=01;31:*.ace=01;31:*.zoo=01;31:*.cpio=01;31:*.7z=01;31:*.rz=01;31:*.cab=01;31:*.wim=01;31:*.swm=01;31:*.dwm=01;31:*.esd=01;31:*.avif=01;35:*.jpg=01;35:*.jpeg=01;35:*.mjpg=01;35:*.mjpeg=01;35:*.gif=01;35:*.bmp=01;35:*.pbm=01;35:*.pgm=01;35:*.ppm=01;35:*.tga=01;35:*.xbm=01;35:*.xpm=01;35:*.tif=01;35:*.tiff=01;35:*.png=01;35:*.svg=01;35:*.svgz=01;35:*.mng=01;35:*.pcx=01;35:*.mov=01;35:*.mpg=01;35:*.mpeg=01;35:*.m2v=01;35:*.mkv=01;35:*.webm=01;35:*.webp=01;35:*.ogm=01;35:*.mp4=01;35:*.m4v=01;35:*.mp4v=01;35:*.vob=01;35:*.qt=01;35:*.nuv=01;35:*.wmv=01;35:*.asf=01;35:*.rm=01;35:*.rmvb=01;35:*.flc=01;35:*.avi=01;35:*.fli=01;35:*.flv=01;35:*.gl=01;35:*.dl=01;35:*.xcf=01;35:*.xwd=01;35:*.yuv=01;35:*.cgm=01;35:*.emf=01;35:*.ogv=01;35:*.ogx=01;35:*.aac=00;36:*.au=00;36:*.flac=00;36:*.m4a=00;36:*.mid=00;36:*.midi=00;36:*.mka=00;36:*.mp3=00;36:*.mpc=00;36:*.ogg=00;36:*.ra=00;36:*.wav=00;36:*.oga=00;36:*.opus=00;36:*.spx=00;36:*.xspf=00;36:*~=00;90:*#=00;90:*.bak=00;90:*.crdownload=00;90:*.dpkg-dist=00;90:*.dpkg-new=00;90:*.dpkg-old=00;90:*.dpkg-tmp=00;90:*.old=00;90:*.orig=00;90:*.part=00;90:*.rej=00;90:*.rpmnew=00;90:*.rpmorig=00;90:*.rpmsave=00;90:*.swp=00;90:*.tmp=00;90:*.ucf-dist=00;90:*.ucf-new=00;90:*.ucf-old=00;90:', 'AMENT_PREFIX_PATH': '/opt/ros/jazzy', 'SHELL': '/bin/bash', 'LESSCLOSE': '/usr/bin/lesspipe %s %s', 'ROS_AUTOMATIC_DISCOVERY_RANGE': 'SUBNET', 'PWD': '/home/epiibots/ros2_ws/build/pwm_rec', 'LC_ALL': 'en_US.UTF-8', 'SSH_CONNECTION': '192.168.0.101 63419 192.168.0.67 22', 'XDG_DATA_DIRS': '/usr/share/gnome:/usr/local/share:/usr/share:/var/lib/snapd/desktop', 'PYTHONPATH': '/home/epiibots/ros2_ws/build/pwm_rec/prefix_override:/usr/lib/python3/dist-packages/colcon_core/task/python/colcon_distutils_commands:/home/epiibots/ros2_ws/install/pwm_rec/lib/python3.12/site-packages:/opt/ros/jazzy/lib/python3.12/site-packages', 'COLCON': '1', 'CMAKE_PREFIX_PATH': '/opt/ros/jazzy/opt/gz_sim_vendor:/opt/ros/jazzy/opt/gz_sensors_vendor:/opt/ros/jazzy/opt/gz_physics_vendor:/opt/ros/jazzy/opt/sdformat_vendor:/opt/ros/jazzy/opt/gz_gui_vendor:/opt/ros/jazzy/opt/gz_transport_vendor:/opt/ros/jazzy/opt/gz_rendering_vendor:/opt/ros/jazzy/opt/gz_plugin_vendor:/opt/ros/jazzy/opt/gz_fuel_tools_vendor:/opt/ros/jazzy/opt/gz_msgs_vendor:/opt/ros/jazzy/opt/gz_common_vendor:/opt/ros/jazzy/opt/gz_math_vendor:/opt/ros/jazzy/opt/gz_utils_vendor:/opt/ros/jazzy/opt/gz_tools_vendor:/opt/ros/jazzy/opt/gz_ogre_next_vendor:/opt/ros/jazzy/opt/gz_dartsim_vendor:/opt/ros/jazzy/opt/gz_cmake_vendor'}, 'shell': False}
[6.116312] (lidar_teste) StdoutLine: {'line': b"reading manifest file '../../build/lidar_teste/lidar_teste.egg-info/SOURCES.txt'\n"}
[6.116749] (lidar_teste) StdoutLine: {'line': b"adding license file 'LICENSE'\n"}
[6.116965] (lidar_teste) StdoutLine: {'line': b"writing manifest file '../../build/lidar_teste/lidar_teste.egg-info/SOURCES.txt'\n"}
[6.117156] (lidar_teste) StdoutLine: {'line': b'running build\n'}
[6.117287] (lidar_teste) StdoutLine: {'line': b'running build_py\n'}
[6.118346] (lidar_teste) StdoutLine: {'line': b'running install\n'}
[6.130234] (lidar_teste) StdoutLine: {'line': b'running install_lib\n'}
[6.154385] (-) TimerEvent: {}
[6.169914] (lidar_teste) StdoutLine: {'line': b'running install_data\n'}
[6.170306] (lidar_teste) StdoutLine: {'line': b'running install_egg_info\n'}
[6.207424] (lidar_teste) StdoutLine: {'line': b"removing '/home/epiibots/ros2_ws/install/lidar_teste/lib/python3.12/site-packages/lidar_teste-0.0.0-py3.12.egg-info' (and everything under it)\n"}
[6.207912] (lidar_teste) StdoutLine: {'line': b'Copying ../../build/lidar_teste/lidar_teste.egg-info to /home/epiibots/ros2_ws/install/lidar_teste/lib/python3.12/site-packages/lidar_teste-0.0.0-py3.12.egg-info\n'}
[6.209980] (lidar_teste) StdoutLine: {'line': b'running install_scripts\n'}
[6.254509] (-) TimerEvent: {}
[6.354946] (-) TimerEvent: {}
[6.410530] (lidar_teste) StdoutLine: {'line': b'Installing save_lidar script to /home/epiibots/ros2_ws/install/lidar_teste/lib/lidar_teste\n'}
[6.411748] (lidar_teste) StdoutLine: {'line': b"writing list of installed files to '/home/epiibots/ros2_ws/build/lidar_teste/install.log'\n"}
[6.455067] (-) TimerEvent: {}
[6.555843] (-) TimerEvent: {}
[6.567438] (lidar_teste) CommandEnded: {'returncode': 0}
[6.590841] (lidar_teste) JobEnded: {'identifier': 'lidar_teste', 'rc': 0}
[6.594715] (micro_ros_agent) JobStarted: {'identifier': 'micro_ros_agent'}
[6.607092] (pwm_rec) StdoutLine: {'line': b'running egg_info\n'}
[6.613114] (micro_ros_agent) JobProgress: {'identifier': 'micro_ros_agent', 'progress': 'cmake'}
[6.617216] (micro_ros_agent) JobProgress: {'identifier': 'micro_ros_agent', 'progress': 'build'}
[6.617366] (micro_ros_agent) Command: {'cmd': ['/usr/bin/cmake', '--build', '/home/epiibots/ros2_ws/build/micro_ros_agent', '--', '-j4', '-l4'], 'cwd': '/home/epiibots/ros2_ws/build/micro_ros_agent', 'env': OrderedDict({'LESSOPEN': '| /usr/bin/lesspipe %s', 'USER': 'epiibots', 'SSH_CLIENT': '192.168.0.101 63419 22', 'GZ_CONFIG_PATH': '/opt/ros/jazzy/opt/gz_sim_vendor/share/gz:/opt/ros/jazzy/opt/sdformat_vendor/share/gz:/opt/ros/jazzy/opt/gz_gui_vendor/share/gz:/opt/ros/jazzy/opt/gz_transport_vendor/share/gz:/opt/ros/jazzy/opt/gz_rendering_vendor/share/gz:/opt/ros/jazzy/opt/gz_plugin_vendor/share/gz:/opt/ros/jazzy/opt/gz_fuel_tools_vendor/share/gz:/opt/ros/jazzy/opt/gz_msgs_vendor/share/gz:/opt/ros/jazzy/opt/gz_common_vendor/share/gz', 'XDG_SESSION_TYPE': 'tty', 'SHLVL': '1', 'LD_LIBRARY_PATH': '/home/epiibots/ros2_ws/install/micro_ros_msgs/lib:/opt/ros/jazzy/opt/gz_sim_vendor/lib:/opt/ros/jazzy/opt/gz_sensors_vendor/lib:/opt/ros/jazzy/opt/gz_physics_vendor/lib:/opt/ros/jazzy/opt/sdformat_vendor/lib:/opt/ros/jazzy/opt/rviz_ogre_vendor/lib:/opt/ros/jazzy/lib/aarch64-linux-gnu:/opt/ros/jazzy/opt/gz_gui_vendor/lib:/opt/ros/jazzy/opt/gz_transport_vendor/lib:/opt/ros/jazzy/opt/gz_rendering_vendor/lib:/opt/ros/jazzy/opt/gz_plugin_vendor/lib:/opt/ros/jazzy/opt/gz_fuel_tools_vendor/lib:/opt/ros/jazzy/opt/gz_msgs_vendor/lib:/opt/ros/jazzy/opt/gz_common_vendor/lib:/opt/ros/jazzy/opt/gz_math_vendor/lib:/opt/ros/jazzy/opt/gz_utils_vendor/lib:/opt/ros/jazzy/opt/gz_tools_vendor/lib:/opt/ros/jazzy/opt/gz_ogre_next_vendor/lib:/opt/ros/jazzy/opt/gz_dartsim_vendor/lib:/opt/ros/jazzy/opt/gz_cmake_vendor/lib:/opt/ros/jazzy/lib', 'HOME': '/home/epiibots', 'OLDPWD': '/home/epiibots/ros2_ws/install', 'SSH_TTY': '/dev/pts/4', 'ROS_PYTHON_VERSION': '3', 'DBUS_SESSION_BUS_ADDRESS': 'unix:path=/run/user/1000/bus', 'DEBUGINFOD_URLS': 'https://debuginfod.ubuntu.com', 'ROS_DISTRO': 'jazzy', 'LOGNAME': 'epiibots', '_': '/usr/bin/colcon', 'ROS_VERSION': '2', 'XDG_SESSION_CLASS': 'user', 'TERM': 'xterm-256color', 'XDG_SESSION_ID': '11', 'PATH': '/opt/ros/jazzy/opt/gz_msgs_vendor/bin:/opt/ros/jazzy/opt/gz_tools_vendor/bin:/opt/ros/jazzy/opt/gz_ogre_next_vendor/bin:/opt/ros/jazzy/bin:/usr/local/sbin:/usr/local/bin:/usr/sbin:/usr/bin:/sbin:/bin:/usr/games:/usr/local/games:/snap/bin', 'XDG_RUNTIME_DIR': '/run/user/1000', 'LANG': 'en_US.UTF-8', 'LS_COLORS': 'rs=0:di=01;34:ln=01;36:mh=00:pi=40;33:so=01;35:do=01;35:bd=40;33;01:cd=40;33;01:or=40;31;01:mi=00:su=37;41:sg=30;43:ca=00:tw=30;42:ow=34;42:st=37;44:ex=01;32:*.tar=01;31:*.tgz=01;31:*.arc=01;31:*.arj=01;31:*.taz=01;31:*.lha=01;31:*.lz4=01;31:*.lzh=01;31:*.lzma=01;31:*.tlz=01;31:*.txz=01;31:*.tzo=01;31:*.t7z=01;31:*.zip=01;31:*.z=01;31:*.dz=01;31:*.gz=01;31:*.lrz=01;31:*.lz=01;31:*.lzo=01;31:*.xz=01;31:*.zst=01;31:*.tzst=01;31:*.bz2=01;31:*.bz=01;31:*.tbz=01;31:*.tbz2=01;31:*.tz=01;31:*.deb=01;31:*.rpm=01;31:*.jar=01;31:*.war=01;31:*.ear=01;31:*.sar=01;31:*.rar=01;31:*.alz=01;31:*.ace=01;31:*.zoo=01;31:*.cpio=01;31:*.7z=01;31:*.rz=01;31:*.cab=01;31:*.wim=01;31:*.swm=01;31:*.dwm=01;31:*.esd=01;31:*.avif=01;35:*.jpg=01;35:*.jpeg=01;35:*.mjpg=01;35:*.mjpeg=01;35:*.gif=01;35:*.bmp=01;35:*.pbm=01;35:*.pgm=01;35:*.ppm=01;35:*.tga=01;35:*.xbm=01;35:*.xpm=01;35:*.tif=01;35:*.tiff=01;35:*.png=01;35:*.svg=01;35:*.svgz=01;35:*.mng=01;35:*.pcx=01;35:*.mov=01;35:*.mpg=01;35:*.mpeg=01;35:*.m2v=01;35:*.mkv=01;35:*.webm=01;35:*.webp=01;35:*.ogm=01;35:*.mp4=01;35:*.m4v=01;35:*.mp4v=01;35:*.vob=01;35:*.qt=01;35:*.nuv=01;35:*.wmv=01;35:*.asf=01;35:*.rm=01;35:*.rmvb=01;35:*.flc=01;35:*.avi=01;35:*.fli=01;35:*.flv=01;35:*.gl=01;35:*.dl=01;35:*.xcf=01;35:*.xwd=01;35:*.yuv=01;35:*.cgm=01;35:*.emf=01;35:*.ogv=01;35:*.ogx=01;35:*.aac=00;36:*.au=00;36:*.flac=00;36:*.m4a=00;36:*.mid=00;36:*.midi=00;36:*.mka=00;36:*.mp3=00;36:*.mpc=00;36:*.ogg=00;36:*.ra=00;36:*.wav=00;36:*.oga=00;36:*.opus=00;36:*.spx=00;36:*.xspf=00;36:*~=00;90:*#=00;90:*.bak=00;90:*.crdownload=00;90:*.dpkg-dist=00;90:*.dpkg-new=00;90:*.dpkg-old=00;90:*.dpkg-tmp=00;90:*.old=00;90:*.orig=00;90:*.part=00;90:*.rej=00;90:*.rpmnew=00;90:*.rpmorig=00;90:*.rpmsave=00;90:*.swp=00;90:*.tmp=00;90:*.ucf-dist=00;90:*.ucf-new=00;90:*.ucf-old=00;90:', 'AMENT_PREFIX_PATH': '/home/epiibots/ros2_ws/install/micro_ros_msgs:/opt/ros/jazzy', 'SHELL': '/bin/bash', 'LESSCLOSE': '/usr/bin/lesspipe %s %s', 'ROS_AUTOMATIC_DISCOVERY_RANGE': 'SUBNET', 'PWD': '/home/epiibots/ros2_ws/build/micro_ros_agent', 'LC_ALL': 'en_US.UTF-8', 'SSH_CONNECTION': '192.168.0.101 63419 192.168.0.67 22', 'XDG_DATA_DIRS': '/usr/share/gnome:/usr/local/share:/usr/share:/var/lib/snapd/desktop', 'PYTHONPATH': '/home/epiibots/ros2_ws/install/micro_ros_msgs/lib/python3.12/site-packages:/opt/ros/jazzy/lib/python3.12/site-packages', 'COLCON': '1', 'CMAKE_PREFIX_PATH': '/home/epiibots/ros2_ws/install/micro_ros_msgs:/opt/ros/jazzy/opt/gz_sim_vendor:/opt/ros/jazzy/opt/gz_sensors_vendor:/opt/ros/jazzy/opt/gz_physics_vendor:/opt/ros/jazzy/opt/sdformat_vendor:/opt/ros/jazzy/opt/gz_gui_vendor:/opt/ros/jazzy/opt/gz_transport_vendor:/opt/ros/jazzy/opt/gz_rendering_vendor:/opt/ros/jazzy/opt/gz_plugin_vendor:/opt/ros/jazzy/opt/gz_fuel_tools_vendor:/opt/ros/jazzy/opt/gz_msgs_vendor:/opt/ros/jazzy/opt/gz_common_vendor:/opt/ros/jazzy/opt/gz_math_vendor:/opt/ros/jazzy/opt/gz_utils_vendor:/opt/ros/jazzy/opt/gz_tools_vendor:/opt/ros/jazzy/opt/gz_ogre_next_vendor:/opt/ros/jazzy/opt/gz_dartsim_vendor:/opt/ros/jazzy/opt/gz_cmake_vendor:/opt/ros/jazzy'}), 'shell': False}
[6.652469] (pwm_rec) StdoutLine: {'line': b'writing ../../build/pwm_rec/pwm_rec.egg-info/PKG-INFO\n'}
[6.654203] (pwm_rec) StdoutLine: {'line': b'writing dependency_links to ../../build/pwm_rec/pwm_rec.egg-info/dependency_links.txt\n'}
[6.656005] (-) TimerEvent: {}
[6.657996] (pwm_rec) StdoutLine: {'line': b'writing entry points to ../../build/pwm_rec/pwm_rec.egg-info/entry_points.txt\n'}
[6.660889] (pwm_rec) StdoutLine: {'line': b'writing requirements to ../../build/pwm_rec/pwm_rec.egg-info/requires.txt\n'}
[6.661325] (pwm_rec) StdoutLine: {'line': b'writing top-level names to ../../build/pwm_rec/pwm_rec.egg-info/top_level.txt\n'}
[6.690367] (servo_steering) Command: {'cmd': ['/usr/bin/python3', '-W', 'ignore:setup.py install is deprecated', '-W', 'ignore:easy_install command is deprecated', 'setup.py', 'egg_info', '--egg-base', '../../build/servo_steering', 'build', '--build-base', '/home/epiibots/ros2_ws/build/servo_steering/build', 'install', '--record', '/home/epiibots/ros2_ws/build/servo_steering/install.log', '--single-version-externally-managed', 'install_data'], 'cwd': '/home/epiibots/ros2_ws/src/servo_steering', 'env': {'LESSOPEN': '| /usr/bin/lesspipe %s', 'USER': 'epiibots', 'SSH_CLIENT': '192.168.0.101 63419 22', 'GZ_CONFIG_PATH': '/opt/ros/jazzy/opt/gz_sim_vendor/share/gz:/opt/ros/jazzy/opt/sdformat_vendor/share/gz:/opt/ros/jazzy/opt/gz_gui_vendor/share/gz:/opt/ros/jazzy/opt/gz_transport_vendor/share/gz:/opt/ros/jazzy/opt/gz_rendering_vendor/share/gz:/opt/ros/jazzy/opt/gz_plugin_vendor/share/gz:/opt/ros/jazzy/opt/gz_fuel_tools_vendor/share/gz:/opt/ros/jazzy/opt/gz_msgs_vendor/share/gz:/opt/ros/jazzy/opt/gz_common_vendor/share/gz', 'XDG_SESSION_TYPE': 'tty', 'SHLVL': '1', 'LD_LIBRARY_PATH': '/opt/ros/jazzy/opt/gz_sim_vendor/lib:/opt/ros/jazzy/opt/gz_sensors_vendor/lib:/opt/ros/jazzy/opt/gz_physics_vendor/lib:/opt/ros/jazzy/opt/sdformat_vendor/lib:/opt/ros/jazzy/opt/rviz_ogre_vendor/lib:/opt/ros/jazzy/lib/aarch64-linux-gnu:/opt/ros/jazzy/opt/gz_gui_vendor/lib:/opt/ros/jazzy/opt/gz_transport_vendor/lib:/opt/ros/jazzy/opt/gz_rendering_vendor/lib:/opt/ros/jazzy/opt/gz_plugin_vendor/lib:/opt/ros/jazzy/opt/gz_fuel_tools_vendor/lib:/opt/ros/jazzy/opt/gz_msgs_vendor/lib:/opt/ros/jazzy/opt/gz_common_vendor/lib:/opt/ros/jazzy/opt/gz_math_vendor/lib:/opt/ros/jazzy/opt/gz_utils_vendor/lib:/opt/ros/jazzy/opt/gz_tools_vendor/lib:/opt/ros/jazzy/opt/gz_ogre_next_vendor/lib:/opt/ros/jazzy/opt/gz_dartsim_vendor/lib:/opt/ros/jazzy/opt/gz_cmake_vendor/lib:/opt/ros/jazzy/lib', 'HOME': '/home/epiibots', 'OLDPWD': '/home/epiibots/ros2_ws/install', 'SSH_TTY': '/dev/pts/4', 'ROS_PYTHON_VERSION': '3', 'DBUS_SESSION_BUS_ADDRESS': 'unix:path=/run/user/1000/bus', 'DEBUGINFOD_URLS': 'https://debuginfod.ubuntu.com', 'ROS_DISTRO': 'jazzy', 'LOGNAME': 'epiibots', '_': '/usr/bin/colcon', 'ROS_VERSION': '2', 'XDG_SESSION_CLASS': 'user', 'TERM': 'xterm-256color', 'XDG_SESSION_ID': '11', 'PATH': '/opt/ros/jazzy/opt/gz_msgs_vendor/bin:/opt/ros/jazzy/opt/gz_tools_vendor/bin:/opt/ros/jazzy/opt/gz_ogre_next_vendor/bin:/opt/ros/jazzy/bin:/usr/local/sbin:/usr/local/bin:/usr/sbin:/usr/bin:/sbin:/bin:/usr/games:/usr/local/games:/snap/bin', 'XDG_RUNTIME_DIR': '/run/user/1000', 'LANG': 'en_US.UTF-8', 'LS_COLORS': 'rs=0:di=01;34:ln=01;36:mh=00:pi=40;33:so=01;35:do=01;35:bd=40;33;01:cd=40;33;01:or=40;31;01:mi=00:su=37;41:sg=30;43:ca=00:tw=30;42:ow=34;42:st=37;44:ex=01;32:*.tar=01;31:*.tgz=01;31:*.arc=01;31:*.arj=01;31:*.taz=01;31:*.lha=01;31:*.lz4=01;31:*.lzh=01;31:*.lzma=01;31:*.tlz=01;31:*.txz=01;31:*.tzo=01;31:*.t7z=01;31:*.zip=01;31:*.z=01;31:*.dz=01;31:*.gz=01;31:*.lrz=01;31:*.lz=01;31:*.lzo=01;31:*.xz=01;31:*.zst=01;31:*.tzst=01;31:*.bz2=01;31:*.bz=01;31:*.tbz=01;31:*.tbz2=01;31:*.tz=01;31:*.deb=01;31:*.rpm=01;31:*.jar=01;31:*.war=01;31:*.ear=01;31:*.sar=01;31:*.rar=01;31:*.alz=01;31:*.ace=01;31:*.zoo=01;31:*.cpio=01;31:*.7z=01;31:*.rz=01;31:*.cab=01;31:*.wim=01;31:*.swm=01;31:*.dwm=01;31:*.esd=01;31:*.avif=01;35:*.jpg=01;35:*.jpeg=01;35:*.mjpg=01;35:*.mjpeg=01;35:*.gif=01;35:*.bmp=01;35:*.pbm=01;35:*.pgm=01;35:*.ppm=01;35:*.tga=01;35:*.xbm=01;35:*.xpm=01;35:*.tif=01;35:*.tiff=01;35:*.png=01;35:*.svg=01;35:*.svgz=01;35:*.mng=01;35:*.pcx=01;35:*.mov=01;35:*.mpg=01;35:*.mpeg=01;35:*.m2v=01;35:*.mkv=01;35:*.webm=01;35:*.webp=01;35:*.ogm=01;35:*.mp4=01;35:*.m4v=01;35:*.mp4v=01;35:*.vob=01;35:*.qt=01;35:*.nuv=01;35:*.wmv=01;35:*.asf=01;35:*.rm=01;35:*.rmvb=01;35:*.flc=01;35:*.avi=01;35:*.fli=01;35:*.flv=01;35:*.gl=01;35:*.dl=01;35:*.xcf=01;35:*.xwd=01;35:*.yuv=01;35:*.cgm=01;35:*.emf=01;35:*.ogv=01;35:*.ogx=01;35:*.aac=00;36:*.au=00;36:*.flac=00;36:*.m4a=00;36:*.mid=00;36:*.midi=00;36:*.mka=00;36:*.mp3=00;36:*.mpc=00;36:*.ogg=00;36:*.ra=00;36:*.wav=00;36:*.oga=00;36:*.opus=00;36:*.spx=00;36:*.xspf=00;36:*~=00;90:*#=00;90:*.bak=00;90:*.crdownload=00;90:*.dpkg-dist=00;90:*.dpkg-new=00;90:*.dpkg-old=00;90:*.dpkg-tmp=00;90:*.old=00;90:*.orig=00;90:*.part=00;90:*.rej=00;90:*.rpmnew=00;90:*.rpmorig=00;90:*.rpmsave=00;90:*.swp=00;90:*.tmp=00;90:*.ucf-dist=00;90:*.ucf-new=00;90:*.ucf-old=00;90:', 'AMENT_PREFIX_PATH': '/opt/ros/jazzy', 'SHELL': '/bin/bash', 'LESSCLOSE': '/usr/bin/lesspipe %s %s', 'ROS_AUTOMATIC_DISCOVERY_RANGE': 'SUBNET', 'PWD': '/home/epiibots/ros2_ws/build/servo_steering', 'LC_ALL': 'en_US.UTF-8', 'SSH_CONNECTION': '192.168.0.101 63419 192.168.0.67 22', 'XDG_DATA_DIRS': '/usr/share/gnome:/usr/local/share:/usr/share:/var/lib/snapd/desktop', 'PYTHONPATH': '/home/epiibots/ros2_ws/build/servo_steering/prefix_override:/usr/lib/python3/dist-packages/colcon_core/task/python/colcon_distutils_commands:/home/epiibots/ros2_ws/install/servo_steering/lib/python3.12/site-packages:/opt/ros/jazzy/lib/python3.12/site-packages', 'COLCON': '1', 'CMAKE_PREFIX_PATH': '/opt/ros/jazzy/opt/gz_sim_vendor:/opt/ros/jazzy/opt/gz_sensors_vendor:/opt/ros/jazzy/opt/gz_physics_vendor:/opt/ros/jazzy/opt/sdformat_vendor:/opt/ros/jazzy/opt/gz_gui_vendor:/opt/ros/jazzy/opt/gz_transport_vendor:/opt/ros/jazzy/opt/gz_rendering_vendor:/opt/ros/jazzy/opt/gz_plugin_vendor:/opt/ros/jazzy/opt/gz_fuel_tools_vendor:/opt/ros/jazzy/opt/gz_msgs_vendor:/opt/ros/jazzy/opt/gz_common_vendor:/opt/ros/jazzy/opt/gz_math_vendor:/opt/ros/jazzy/opt/gz_utils_vendor:/opt/ros/jazzy/opt/gz_tools_vendor:/opt/ros/jazzy/opt/gz_ogre_next_vendor:/opt/ros/jazzy/opt/gz_dartsim_vendor:/opt/ros/jazzy/opt/gz_cmake_vendor'}, 'shell': False}
[6.737553] (pwm_rec) StdoutLine: {'line': b"reading manifest file '../../build/pwm_rec/pwm_rec.egg-info/SOURCES.txt'\n"}
[6.741434] (pwm_rec) StdoutLine: {'line': b"adding license file 'LICENSE'\n"}
[6.741762] (pwm_rec) StdoutLine: {'line': b"writing manifest file '../../build/pwm_rec/pwm_rec.egg-info/SOURCES.txt'\n"}
[6.741885] (pwm_rec) StdoutLine: {'line': b'running build\n'}
[6.741990] (pwm_rec) StdoutLine: {'line': b'running build_py\n'}
[6.742088] (pwm_rec) StdoutLine: {'line': b'running install\n'}
[6.754194] (pwm_rec) StdoutLine: {'line': b'running install_lib\n'}
[6.756097] (-) TimerEvent: {}
[6.772877] (micro_ros_agent) StdoutLine: {'line': b'[100%] Built target micro_ros_agent\n'}
[6.791585] (pwm_rec) StdoutLine: {'line': b'running install_data\n'}
[6.792442] (pwm_rec) StdoutLine: {'line': b'running install_egg_info\n'}
[6.799808] (micro_ros_agent) CommandEnded: {'returncode': 0}
[6.800697] (micro_ros_agent) JobProgress: {'identifier': 'micro_ros_agent', 'progress': 'install'}
[6.801099] (micro_ros_agent) Command: {'cmd': ['/usr/bin/cmake', '--install', '/home/epiibots/ros2_ws/build/micro_ros_agent'], 'cwd': '/home/epiibots/ros2_ws/build/micro_ros_agent', 'env': OrderedDict({'LESSOPEN': '| /usr/bin/lesspipe %s', 'USER': 'epiibots', 'SSH_CLIENT': '192.168.0.101 63419 22', 'GZ_CONFIG_PATH': '/opt/ros/jazzy/opt/gz_sim_vendor/share/gz:/opt/ros/jazzy/opt/sdformat_vendor/share/gz:/opt/ros/jazzy/opt/gz_gui_vendor/share/gz:/opt/ros/jazzy/opt/gz_transport_vendor/share/gz:/opt/ros/jazzy/opt/gz_rendering_vendor/share/gz:/opt/ros/jazzy/opt/gz_plugin_vendor/share/gz:/opt/ros/jazzy/opt/gz_fuel_tools_vendor/share/gz:/opt/ros/jazzy/opt/gz_msgs_vendor/share/gz:/opt/ros/jazzy/opt/gz_common_vendor/share/gz', 'XDG_SESSION_TYPE': 'tty', 'SHLVL': '1', 'LD_LIBRARY_PATH': '/home/epiibots/ros2_ws/install/micro_ros_msgs/lib:/opt/ros/jazzy/opt/gz_sim_vendor/lib:/opt/ros/jazzy/opt/gz_sensors_vendor/lib:/opt/ros/jazzy/opt/gz_physics_vendor/lib:/opt/ros/jazzy/opt/sdformat_vendor/lib:/opt/ros/jazzy/opt/rviz_ogre_vendor/lib:/opt/ros/jazzy/lib/aarch64-linux-gnu:/opt/ros/jazzy/opt/gz_gui_vendor/lib:/opt/ros/jazzy/opt/gz_transport_vendor/lib:/opt/ros/jazzy/opt/gz_rendering_vendor/lib:/opt/ros/jazzy/opt/gz_plugin_vendor/lib:/opt/ros/jazzy/opt/gz_fuel_tools_vendor/lib:/opt/ros/jazzy/opt/gz_msgs_vendor/lib:/opt/ros/jazzy/opt/gz_common_vendor/lib:/opt/ros/jazzy/opt/gz_math_vendor/lib:/opt/ros/jazzy/opt/gz_utils_vendor/lib:/opt/ros/jazzy/opt/gz_tools_vendor/lib:/opt/ros/jazzy/opt/gz_ogre_next_vendor/lib:/opt/ros/jazzy/opt/gz_dartsim_vendor/lib:/opt/ros/jazzy/opt/gz_cmake_vendor/lib:/opt/ros/jazzy/lib', 'HOME': '/home/epiibots', 'OLDPWD': '/home/epiibots/ros2_ws/install', 'SSH_TTY': '/dev/pts/4', 'ROS_PYTHON_VERSION': '3', 'DBUS_SESSION_BUS_ADDRESS': 'unix:path=/run/user/1000/bus', 'DEBUGINFOD_URLS': 'https://debuginfod.ubuntu.com', 'ROS_DISTRO': 'jazzy', 'LOGNAME': 'epiibots', '_': '/usr/bin/colcon', 'ROS_VERSION': '2', 'XDG_SESSION_CLASS': 'user', 'TERM': 'xterm-256color', 'XDG_SESSION_ID': '11', 'PATH': '/opt/ros/jazzy/opt/gz_msgs_vendor/bin:/opt/ros/jazzy/opt/gz_tools_vendor/bin:/opt/ros/jazzy/opt/gz_ogre_next_vendor/bin:/opt/ros/jazzy/bin:/usr/local/sbin:/usr/local/bin:/usr/sbin:/usr/bin:/sbin:/bin:/usr/games:/usr/local/games:/snap/bin', 'XDG_RUNTIME_DIR': '/run/user/1000', 'LANG': 'en_US.UTF-8', 'LS_COLORS': 'rs=0:di=01;34:ln=01;36:mh=00:pi=40;33:so=01;35:do=01;35:bd=40;33;01:cd=40;33;01:or=40;31;01:mi=00:su=37;41:sg=30;43:ca=00:tw=30;42:ow=34;42:st=37;44:ex=01;32:*.tar=01;31:*.tgz=01;31:*.arc=01;31:*.arj=01;31:*.taz=01;31:*.lha=01;31:*.lz4=01;31:*.lzh=01;31:*.lzma=01;31:*.tlz=01;31:*.txz=01;31:*.tzo=01;31:*.t7z=01;31:*.zip=01;31:*.z=01;31:*.dz=01;31:*.gz=01;31:*.lrz=01;31:*.lz=01;31:*.lzo=01;31:*.xz=01;31:*.zst=01;31:*.tzst=01;31:*.bz2=01;31:*.bz=01;31:*.tbz=01;31:*.tbz2=01;31:*.tz=01;31:*.deb=01;31:*.rpm=01;31:*.jar=01;31:*.war=01;31:*.ear=01;31:*.sar=01;31:*.rar=01;31:*.alz=01;31:*.ace=01;31:*.zoo=01;31:*.cpio=01;31:*.7z=01;31:*.rz=01;31:*.cab=01;31:*.wim=01;31:*.swm=01;31:*.dwm=01;31:*.esd=01;31:*.avif=01;35:*.jpg=01;35:*.jpeg=01;35:*.mjpg=01;35:*.mjpeg=01;35:*.gif=01;35:*.bmp=01;35:*.pbm=01;35:*.pgm=01;35:*.ppm=01;35:*.tga=01;35:*.xbm=01;35:*.xpm=01;35:*.tif=01;35:*.tiff=01;35:*.png=01;35:*.svg=01;35:*.svgz=01;35:*.mng=01;35:*.pcx=01;35:*.mov=01;35:*.mpg=01;35:*.mpeg=01;35:*.m2v=01;35:*.mkv=01;35:*.webm=01;35:*.webp=01;35:*.ogm=01;35:*.mp4=01;35:*.m4v=01;35:*.mp4v=01;35:*.vob=01;35:*.qt=01;35:*.nuv=01;35:*.wmv=01;35:*.asf=01;35:*.rm=01;35:*.rmvb=01;35:*.flc=01;35:*.avi=01;35:*.fli=01;35:*.flv=01;35:*.gl=01;35:*.dl=01;35:*.xcf=01;35:*.xwd=01;35:*.yuv=01;35:*.cgm=01;35:*.emf=01;35:*.ogv=01;35:*.ogx=01;35:*.aac=00;36:*.au=00;36:*.flac=00;36:*.m4a=00;36:*.mid=00;36:*.midi=00;36:*.mka=00;36:*.mp3=00;36:*.mpc=00;36:*.ogg=00;36:*.ra=00;36:*.wav=00;36:*.oga=00;36:*.opus=00;36:*.spx=00;36:*.xspf=00;36:*~=00;90:*#=00;90:*.bak=00;90:*.crdownload=00;90:*.dpkg-dist=00;90:*.dpkg-new=00;90:*.dpkg-old=00;90:*.dpkg-tmp=00;90:*.old=00;90:*.orig=00;90:*.part=00;90:*.rej=00;90:*.rpmnew=00;90:*.rpmorig=00;90:*.rpmsave=00;90:*.swp=00;90:*.tmp=00;90:*.ucf-dist=00;90:*.ucf-new=00;90:*.ucf-old=00;90:', 'AMENT_PREFIX_PATH': '/home/epiibots/ros2_ws/install/micro_ros_msgs:/opt/ros/jazzy', 'SHELL': '/bin/bash', 'LESSCLOSE': '/usr/bin/lesspipe %s %s', 'ROS_AUTOMATIC_DISCOVERY_RANGE': 'SUBNET', 'PWD': '/home/epiibots/ros2_ws/build/micro_ros_agent', 'LC_ALL': 'en_US.UTF-8', 'SSH_CONNECTION': '192.168.0.101 63419 192.168.0.67 22', 'XDG_DATA_DIRS': '/usr/share/gnome:/usr/local/share:/usr/share:/var/lib/snapd/desktop', 'PYTHONPATH': '/home/epiibots/ros2_ws/install/micro_ros_msgs/lib/python3.12/site-packages:/opt/ros/jazzy/lib/python3.12/site-packages', 'COLCON': '1', 'CMAKE_PREFIX_PATH': '/home/epiibots/ros2_ws/install/micro_ros_msgs:/opt/ros/jazzy/opt/gz_sim_vendor:/opt/ros/jazzy/opt/gz_sensors_vendor:/opt/ros/jazzy/opt/gz_physics_vendor:/opt/ros/jazzy/opt/sdformat_vendor:/opt/ros/jazzy/opt/gz_gui_vendor:/opt/ros/jazzy/opt/gz_transport_vendor:/opt/ros/jazzy/opt/gz_rendering_vendor:/opt/ros/jazzy/opt/gz_plugin_vendor:/opt/ros/jazzy/opt/gz_fuel_tools_vendor:/opt/ros/jazzy/opt/gz_msgs_vendor:/opt/ros/jazzy/opt/gz_common_vendor:/opt/ros/jazzy/opt/gz_math_vendor:/opt/ros/jazzy/opt/gz_utils_vendor:/opt/ros/jazzy/opt/gz_tools_vendor:/opt/ros/jazzy/opt/gz_ogre_next_vendor:/opt/ros/jazzy/opt/gz_dartsim_vendor:/opt/ros/jazzy/opt/gz_cmake_vendor:/opt/ros/jazzy'}), 'shell': False}
[6.823357] (micro_ros_agent) StdoutLine: {'line': b'-- Install configuration: ""\n'}
[6.823710] (micro_ros_agent) StdoutLine: {'line': b'-- Up-to-date: /home/epiibots/ros2_ws/install/micro_ros_agent/share/ament_index/resource_index/package_run_dependencies/micro_ros_agent\n'}
[6.823859] (micro_ros_agent) StdoutLine: {'line': b'-- Up-to-date: /home/epiibots/ros2_ws/install/micro_ros_agent/share/ament_index/resource_index/parent_prefix_path/micro_ros_agent\n'}
[6.823969] (micro_ros_agent) StdoutLine: {'line': b'-- Up-to-date: /home/epiibots/ros2_ws/install/micro_ros_agent/share/micro_ros_agent/environment/ament_prefix_path.sh\n'}
[6.824069] (micro_ros_agent) StdoutLine: {'line': b'-- Up-to-date: /home/epiibots/ros2_ws/install/micro_ros_agent/share/micro_ros_agent/environment/ament_prefix_path.dsv\n'}
[6.824193] (micro_ros_agent) StdoutLine: {'line': b'-- Up-to-date: /home/epiibots/ros2_ws/install/micro_ros_agent/share/micro_ros_agent/environment/path.sh\n'}
[6.824351] (micro_ros_agent) StdoutLine: {'line': b'-- Up-to-date: /home/epiibots/ros2_ws/install/micro_ros_agent/share/micro_ros_agent/environment/path.dsv\n'}
[6.824474] (micro_ros_agent) StdoutLine: {'line': b'-- Up-to-date: /home/epiibots/ros2_ws/install/micro_ros_agent/share/micro_ros_agent/local_setup.bash\n'}
[6.824562] (micro_ros_agent) StdoutLine: {'line': b'-- Up-to-date: /home/epiibots/ros2_ws/install/micro_ros_agent/share/micro_ros_agent/local_setup.sh\n'}
[6.824642] (micro_ros_agent) StdoutLine: {'line': b'-- Up-to-date: /home/epiibots/ros2_ws/install/micro_ros_agent/share/micro_ros_agent/local_setup.zsh\n'}
[6.824719] (micro_ros_agent) StdoutLine: {'line': b'-- Up-to-date: /home/epiibots/ros2_ws/install/micro_ros_agent/share/micro_ros_agent/local_setup.dsv\n'}
[6.824794] (micro_ros_agent) StdoutLine: {'line': b'-- Installing: /home/epiibots/ros2_ws/install/micro_ros_agent/share/micro_ros_agent/package.dsv\n'}
[6.824883] (micro_ros_agent) StdoutLine: {'line': b'-- Up-to-date: /home/epiibots/ros2_ws/install/micro_ros_agent/share/ament_index/resource_index/packages/micro_ros_agent\n'}
[6.824959] (micro_ros_agent) StdoutLine: {'line': b'-- Up-to-date: /home/epiibots/ros2_ws/install/micro_ros_agent/share/micro_ros_agent/cmake/ament_cmake_export_dependencies-extras.cmake\n'}
[6.825035] (micro_ros_agent) StdoutLine: {'line': b'-- Up-to-date: /home/epiibots/ros2_ws/install/micro_ros_agent/share/micro_ros_agent/cmake/micro_ros_agentConfig.cmake\n'}
[6.825111] (micro_ros_agent) StdoutLine: {'line': b'-- Up-to-date: /home/epiibots/ros2_ws/install/micro_ros_agent/share/micro_ros_agent/cmake/micro_ros_agentConfig-version.cmake\n'}
[6.825187] (micro_ros_agent) StdoutLine: {'line': b'-- Up-to-date: /home/epiibots/ros2_ws/install/micro_ros_agent/share/micro_ros_agent/package.xml\n'}
[6.828364] (micro_ros_agent) StdoutLine: {'line': b'-- Up-to-date: /home/epiibots/ros2_ws/install/micro_ros_agent/lib/micro_ros_agent/micro_ros_agent\n'}
[6.828701] (micro_ros_agent) StdoutLine: {'line': b'-- Up-to-date: /home/epiibots/ros2_ws/install/micro_ros_agent/share/micro_ros_agent/launch\n'}
[6.828813] (micro_ros_agent) StdoutLine: {'line': b'-- Up-to-date: /home/epiibots/ros2_ws/install/micro_ros_agent/share/micro_ros_agent/launch/micro_ros_agent_launch.py\n'}
[6.830553] (micro_ros_agent) CommandEnded: {'returncode': 0}
[6.833221] (pwm_rec) StdoutLine: {'line': b"removing '/home/epiibots/ros2_ws/install/pwm_rec/lib/python3.12/site-packages/pwm_rec-0.0.0-py3.12.egg-info' (and everything under it)\n"}
[6.833530] (pwm_rec) StdoutLine: {'line': b'Copying ../../build/pwm_rec/pwm_rec.egg-info to /home/epiibots/ros2_ws/install/pwm_rec/lib/python3.12/site-packages/pwm_rec-0.0.0-py3.12.egg-info\n'}
[6.834739] (pwm_rec) StdoutLine: {'line': b'running install_scripts\n'}
[6.856663] (-) TimerEvent: {}
[6.863904] (micro_ros_agent) JobEnded: {'identifier': 'micro_ros_agent', 'rc': 0}
[6.956774] (-) TimerEvent: {}
[7.031045] (pwm_rec) StdoutLine: {'line': b'Installing rpm_saver script to /home/epiibots/ros2_ws/install/pwm_rec/lib/pwm_rec\n'}
[7.032439] (pwm_rec) StdoutLine: {'line': b"writing list of installed files to '/home/epiibots/ros2_ws/build/pwm_rec/install.log'\n"}
[7.056914] (-) TimerEvent: {}
[7.149682] (servo_steering) StdoutLine: {'line': b'running egg_info\n'}
[7.157294] (-) TimerEvent: {}
[7.164541] (controlegeral_carrinho) Command: {'cmd': ['/usr/bin/python3', '-W', 'ignore:setup.py install is deprecated', '-W', 'ignore:easy_install command is deprecated', 'setup.py', 'egg_info', '--egg-base', '../../build/controlegeral_carrinho', 'build', '--build-base', '/home/epiibots/ros2_ws/build/controlegeral_carrinho/build', 'install', '--record', '/home/epiibots/ros2_ws/build/controlegeral_carrinho/install.log', '--single-version-externally-managed', 'install_data'], 'cwd': '/home/epiibots/ros2_ws/src/controlegeral_carrinho', 'env': {'LESSOPEN': '| /usr/bin/lesspipe %s', 'USER': 'epiibots', 'SSH_CLIENT': '192.168.0.101 63419 22', 'GZ_CONFIG_PATH': '/opt/ros/jazzy/opt/gz_sim_vendor/share/gz:/opt/ros/jazzy/opt/sdformat_vendor/share/gz:/opt/ros/jazzy/opt/gz_gui_vendor/share/gz:/opt/ros/jazzy/opt/gz_transport_vendor/share/gz:/opt/ros/jazzy/opt/gz_rendering_vendor/share/gz:/opt/ros/jazzy/opt/gz_plugin_vendor/share/gz:/opt/ros/jazzy/opt/gz_fuel_tools_vendor/share/gz:/opt/ros/jazzy/opt/gz_msgs_vendor/share/gz:/opt/ros/jazzy/opt/gz_common_vendor/share/gz', 'XDG_SESSION_TYPE': 'tty', 'SHLVL': '1', 'LD_LIBRARY_PATH': '/opt/ros/jazzy/opt/gz_sim_vendor/lib:/opt/ros/jazzy/opt/gz_sensors_vendor/lib:/opt/ros/jazzy/opt/gz_physics_vendor/lib:/opt/ros/jazzy/opt/sdformat_vendor/lib:/opt/ros/jazzy/opt/rviz_ogre_vendor/lib:/opt/ros/jazzy/lib/aarch64-linux-gnu:/opt/ros/jazzy/opt/gz_gui_vendor/lib:/opt/ros/jazzy/opt/gz_transport_vendor/lib:/opt/ros/jazzy/opt/gz_rendering_vendor/lib:/opt/ros/jazzy/opt/gz_plugin_vendor/lib:/opt/ros/jazzy/opt/gz_fuel_tools_vendor/lib:/opt/ros/jazzy/opt/gz_msgs_vendor/lib:/opt/ros/jazzy/opt/gz_common_vendor/lib:/opt/ros/jazzy/opt/gz_math_vendor/lib:/opt/ros/jazzy/opt/gz_utils_vendor/lib:/opt/ros/jazzy/opt/gz_tools_vendor/lib:/opt/ros/jazzy/opt/gz_ogre_next_vendor/lib:/opt/ros/jazzy/opt/gz_dartsim_vendor/lib:/opt/ros/jazzy/opt/gz_cmake_vendor/lib:/opt/ros/jazzy/lib', 'HOME': '/home/epiibots', 'OLDPWD': '/home/epiibots/ros2_ws/install', 'SSH_TTY': '/dev/pts/4', 'ROS_PYTHON_VERSION': '3', 'DBUS_SESSION_BUS_ADDRESS': 'unix:path=/run/user/1000/bus', 'DEBUGINFOD_URLS': 'https://debuginfod.ubuntu.com', 'ROS_DISTRO': 'jazzy', 'LOGNAME': 'epiibots', '_': '/usr/bin/colcon', 'ROS_VERSION': '2', 'XDG_SESSION_CLASS': 'user', 'TERM': 'xterm-256color', 'XDG_SESSION_ID': '11', 'PATH': '/opt/ros/jazzy/opt/gz_msgs_vendor/bin:/opt/ros/jazzy/opt/gz_tools_vendor/bin:/opt/ros/jazzy/opt/gz_ogre_next_vendor/bin:/opt/ros/jazzy/bin:/usr/local/sbin:/usr/local/bin:/usr/sbin:/usr/bin:/sbin:/bin:/usr/games:/usr/local/games:/snap/bin', 'XDG_RUNTIME_DIR': '/run/user/1000', 'LANG': 'en_US.UTF-8', 'LS_COLORS': 'rs=0:di=01;34:ln=01;36:mh=00:pi=40;33:so=01;35:do=01;35:bd=40;33;01:cd=40;33;01:or=40;31;01:mi=00:su=37;41:sg=30;43:ca=00:tw=30;42:ow=34;42:st=37;44:ex=01;32:*.tar=01;31:*.tgz=01;31:*.arc=01;31:*.arj=01;31:*.taz=01;31:*.lha=01;31:*.lz4=01;31:*.lzh=01;31:*.lzma=01;31:*.tlz=01;31:*.txz=01;31:*.tzo=01;31:*.t7z=01;31:*.zip=01;31:*.z=01;31:*.dz=01;31:*.gz=01;31:*.lrz=01;31:*.lz=01;31:*.lzo=01;31:*.xz=01;31:*.zst=01;31:*.tzst=01;31:*.bz2=01;31:*.bz=01;31:*.tbz=01;31:*.tbz2=01;31:*.tz=01;31:*.deb=01;31:*.rpm=01;31:*.jar=01;31:*.war=01;31:*.ear=01;31:*.sar=01;31:*.rar=01;31:*.alz=01;31:*.ace=01;31:*.zoo=01;31:*.cpio=01;31:*.7z=01;31:*.rz=01;31:*.cab=01;31:*.wim=01;31:*.swm=01;31:*.dwm=01;31:*.esd=01;31:*.avif=01;35:*.jpg=01;35:*.jpeg=01;35:*.mjpg=01;35:*.mjpeg=01;35:*.gif=01;35:*.bmp=01;35:*.pbm=01;35:*.pgm=01;35:*.ppm=01;35:*.tga=01;35:*.xbm=01;35:*.xpm=01;35:*.tif=01;35:*.tiff=01;35:*.png=01;35:*.svg=01;35:*.svgz=01;35:*.mng=01;35:*.pcx=01;35:*.mov=01;35:*.mpg=01;35:*.mpeg=01;35:*.m2v=01;35:*.mkv=01;35:*.webm=01;35:*.webp=01;35:*.ogm=01;35:*.mp4=01;35:*.m4v=01;35:*.mp4v=01;35:*.vob=01;35:*.qt=01;35:*.nuv=01;35:*.wmv=01;35:*.asf=01;35:*.rm=01;35:*.rmvb=01;35:*.flc=01;35:*.avi=01;35:*.fli=01;35:*.flv=01;35:*.gl=01;35:*.dl=01;35:*.xcf=01;35:*.xwd=01;35:*.yuv=01;35:*.cgm=01;35:*.emf=01;35:*.ogv=01;35:*.ogx=01;35:*.aac=00;36:*.au=00;36:*.flac=00;36:*.m4a=00;36:*.mid=00;36:*.midi=00;36:*.mka=00;36:*.mp3=00;36:*.mpc=00;36:*.ogg=00;36:*.ra=00;36:*.wav=00;36:*.oga=00;36:*.opus=00;36:*.spx=00;36:*.xspf=00;36:*~=00;90:*#=00;90:*.bak=00;90:*.crdownload=00;90:*.dpkg-dist=00;90:*.dpkg-new=00;90:*.dpkg-old=00;90:*.dpkg-tmp=00;90:*.old=00;90:*.orig=00;90:*.part=00;90:*.rej=00;90:*.rpmnew=00;90:*.rpmorig=00;90:*.rpmsave=00;90:*.swp=00;90:*.tmp=00;90:*.ucf-dist=00;90:*.ucf-new=00;90:*.ucf-old=00;90:', 'AMENT_PREFIX_PATH': '/home/epiibots/ros2_ws/install/sllidar_ros2:/home/epiibots/ros2_ws/install/bno055:/opt/ros/jazzy', 'SHELL': '/bin/bash', 'LESSCLOSE': '/usr/bin/lesspipe %s %s', 'ROS_AUTOMATIC_DISCOVERY_RANGE': 'SUBNET', 'PWD': '/home/epiibots/ros2_ws/build/controlegeral_carrinho', 'LC_ALL': 'en_US.UTF-8', 'SSH_CONNECTION': '192.168.0.101 63419 192.168.0.67 22', 'XDG_DATA_DIRS': '/usr/share/gnome:/usr/local/share:/usr/share:/var/lib/snapd/desktop', 'PYTHONPATH': '/home/epiibots/ros2_ws/build/controlegeral_carrinho/prefix_override:/usr/lib/python3/dist-packages/colcon_core/task/python/colcon_distutils_commands:/home/epiibots/ros2_ws/install/controlegeral_carrinho/lib/python3.12/site-packages:/home/epiibots/ros2_ws/install/bno055/lib/python3.12/site-packages:/opt/ros/jazzy/lib/python3.12/site-packages', 'COLCON': '1', 'CMAKE_PREFIX_PATH': '/home/epiibots/ros2_ws/install/sllidar_ros2:/opt/ros/jazzy/opt/gz_sim_vendor:/opt/ros/jazzy/opt/gz_sensors_vendor:/opt/ros/jazzy/opt/gz_physics_vendor:/opt/ros/jazzy/opt/sdformat_vendor:/opt/ros/jazzy/opt/gz_gui_vendor:/opt/ros/jazzy/opt/gz_transport_vendor:/opt/ros/jazzy/opt/gz_rendering_vendor:/opt/ros/jazzy/opt/gz_plugin_vendor:/opt/ros/jazzy/opt/gz_fuel_tools_vendor:/opt/ros/jazzy/opt/gz_msgs_vendor:/opt/ros/jazzy/opt/gz_common_vendor:/opt/ros/jazzy/opt/gz_math_vendor:/opt/ros/jazzy/opt/gz_utils_vendor:/opt/ros/jazzy/opt/gz_tools_vendor:/opt/ros/jazzy/opt/gz_ogre_next_vendor:/opt/ros/jazzy/opt/gz_dartsim_vendor:/opt/ros/jazzy/opt/gz_cmake_vendor'}, 'shell': False}
[7.170901] (pwm_rec) CommandEnded: {'returncode': 0}
[7.183346] (servo_steering) StdoutLine: {'line': b'writing ../../build/servo_steering/servo_steering.egg-info/PKG-INFO\n'}
[7.183794] (servo_steering) StdoutLine: {'line': b'writing dependency_links to ../../build/servo_steering/servo_steering.egg-info/dependency_links.txt\n'}
[7.184151] (servo_steering) StdoutLine: {'line': b'writing entry points to ../../build/servo_steering/servo_steering.egg-info/entry_points.txt\n'}
[7.184379] (servo_steering) StdoutLine: {'line': b'writing requirements to ../../build/servo_steering/servo_steering.egg-info/requires.txt\n'}
[7.184540] (servo_steering) StdoutLine: {'line': b'writing top-level names to ../../build/servo_steering/servo_steering.egg-info/top_level.txt\n'}
[7.188014] (pwm_rec) JobEnded: {'identifier': 'pwm_rec', 'rc': 0}
[7.236638] (servo_steering) StdoutLine: {'line': b"reading manifest file '../../build/servo_steering/servo_steering.egg-info/SOURCES.txt'\n"}
[7.237842] (servo_steering) StdoutLine: {'line': b"writing manifest file '../../build/servo_steering/servo_steering.egg-info/SOURCES.txt'\n"}
[7.238107] (servo_steering) StdoutLine: {'line': b'running build\n'}
[7.238236] (servo_steering) StdoutLine: {'line': b'running build_py\n'}
[7.238587] (servo_steering) StdoutLine: {'line': b'copying servo_steering/motor_node.py -> /home/epiibots/ros2_ws/build/servo_steering/build/lib/servo_steering\n'}
[7.239345] (servo_steering) StdoutLine: {'line': b'running install\n'}
[7.249030] (servo_steering) StdoutLine: {'line': b'running install_lib\n'}
[7.257281] (-) TimerEvent: {}
[7.274538] (servo_steering) StdoutLine: {'line': b'copying /home/epiibots/ros2_ws/build/servo_steering/build/lib/servo_steering/motor_node.py -> /home/epiibots/ros2_ws/install/servo_steering/lib/python3.12/site-packages/servo_steering\n'}
[7.275780] (servo_steering) StdoutLine: {'line': b'byte-compiling /home/epiibots/ros2_ws/install/servo_steering/lib/python3.12/site-packages/servo_steering/motor_node.py to motor_node.cpython-312.pyc\n'}
[7.278373] (servo_steering) StdoutLine: {'line': b'running install_data\n'}
[7.278553] (servo_steering) StdoutLine: {'line': b'running install_egg_info\n'}
[7.306993] (servo_steering) StdoutLine: {'line': b"removing '/home/epiibots/ros2_ws/install/servo_steering/lib/python3.12/site-packages/servo_steering-0.1.0-py3.12.egg-info' (and everything under it)\n"}
[7.307710] (servo_steering) StdoutLine: {'line': b'Copying ../../build/servo_steering/servo_steering.egg-info to /home/epiibots/ros2_ws/install/servo_steering/lib/python3.12/site-packages/servo_steering-0.1.0-py3.12.egg-info\n'}
[7.309372] (servo_steering) StdoutLine: {'line': b'running install_scripts\n'}
[7.357362] (-) TimerEvent: {}
[7.457639] (-) TimerEvent: {}
[7.477814] (servo_steering) StdoutLine: {'line': b'Installing motor_node script to /home/epiibots/ros2_ws/install/servo_steering/lib/servo_steering\n'}
[7.478140] (servo_steering) StdoutLine: {'line': b'Installing motor_node_pwm script to /home/epiibots/ros2_ws/install/servo_steering/lib/servo_steering\n'}
[7.481101] (servo_steering) StdoutLine: {'line': b'Installing servo_node script to /home/epiibots/ros2_ws/install/servo_steering/lib/servo_steering\n'}
[7.481856] (servo_steering) StdoutLine: {'line': b'Installing teleop_kei script to /home/epiibots/ros2_ws/install/servo_steering/lib/servo_steering\n'}
[7.482710] (servo_steering) StdoutLine: {'line': b'Installing teleop_key script to /home/epiibots/ros2_ws/install/servo_steering/lib/servo_steering\n'}
[7.483801] (servo_steering) StdoutLine: {'line': b"writing list of installed files to '/home/epiibots/ros2_ws/build/servo_steering/install.log'\n"}
[7.540884] (controlegeral_carrinho) StdoutLine: {'line': b'running egg_info\n'}
[7.557778] (-) TimerEvent: {}
[7.584601] (controlegeral_carrinho) StdoutLine: {'line': b'writing ../../build/controlegeral_carrinho/controlegeral_carrinho.egg-info/PKG-INFO\n'}
[7.585226] (controlegeral_carrinho) StdoutLine: {'line': b'writing dependency_links to ../../build/controlegeral_carrinho/controlegeral_carrinho.egg-info/dependency_links.txt\n'}
[7.588763] (controlegeral_carrinho) StdoutLine: {'line': b'writing requirements to ../../build/controlegeral_carrinho/controlegeral_carrinho.egg-info/requires.txt\n'}
[7.589426] (controlegeral_carrinho) StdoutLine: {'line': b'writing top-level names to ../../build/controlegeral_carrinho/controlegeral_carrinho.egg-info/top_level.txt\n'}
[7.597129] (servo_steering) CommandEnded: {'returncode': 0}
[7.613395] (servo_steering) JobEnded: {'identifier': 'servo_steering', 'rc': 0}
[7.646715] (controlegeral_carrinho) StdoutLine: {'line': b"reading manifest file '../../build/controlegeral_carrinho/controlegeral_carrinho.egg-info/SOURCES.txt'\n"}
[7.646997] (controlegeral_carrinho) StdoutLine: {'line': b"adding license file 'LICENSE'\n"}
[7.647788] (controlegeral_carrinho) StdoutLine: {'line': b"writing manifest file '../../build/controlegeral_carrinho/controlegeral_carrinho.egg-info/SOURCES.txt'\n"}
[7.648003] (controlegeral_carrinho) StdoutLine: {'line': b'running build\n'}
[7.648139] (controlegeral_carrinho) StdoutLine: {'line': b'running build_py\n'}
[7.648412] (controlegeral_carrinho) StdoutLine: {'line': b'running install\n'}
[7.657439] (controlegeral_carrinho) StdoutLine: {'line': b'running install_lib\n'}
[7.657832] (-) TimerEvent: {}
[7.682745] (controlegeral_carrinho) StdoutLine: {'line': b'running install_data\n'}
[7.683012] (controlegeral_carrinho) StdoutLine: {'line': b'running install_egg_info\n'}
[7.708686] (controlegeral_carrinho) StdoutLine: {'line': b"removing '/home/epiibots/ros2_ws/install/controlegeral_carrinho/lib/python3.12/site-packages/controlegeral_carrinho-0.0.0-py3.12.egg-info' (and everything under it)\n"}
[7.709100] (controlegeral_carrinho) StdoutLine: {'line': b'Copying ../../build/controlegeral_carrinho/controlegeral_carrinho.egg-info to /home/epiibots/ros2_ws/install/controlegeral_carrinho/lib/python3.12/site-packages/controlegeral_carrinho-0.0.0-py3.12.egg-info\n'}
[7.710146] (controlegeral_carrinho) StdoutLine: {'line': b'running install_scripts\n'}
[7.757945] (-) TimerEvent: {}
[7.858203] (-) TimerEvent: {}
[7.875310] (controlegeral_carrinho) StdoutLine: {'line': b"writing list of installed files to '/home/epiibots/ros2_ws/build/controlegeral_carrinho/install.log'\n"}
[7.955112] (controlegeral_carrinho) CommandEnded: {'returncode': 0}
[7.958329] (-) TimerEvent: {}
[7.968978] (controlegeral_carrinho) JobEnded: {'identifier': 'controlegeral_carrinho', 'rc': 0}
[7.970133] (-) EventReactorShutdown: {}
