[0.382s] DEBUG:colcon:Command line arguments: ['/usr/bin/colcon', 'build']
[0.383s] DEBUG:colcon:Parsed command line arguments: Namespace(log_base=None, log_level=None, verb_name='build', build_base='build', install_base='install', merge_install=False, symlink_install=False, test_result_base=None, continue_on_error=False, executor='parallel', parallel_workers=4, event_handlers=None, ignore_user_meta=False, metas=['./colcon.meta'], base_paths=['.'], packages_ignore=None, packages_ignore_regex=None, paths=None, packages_up_to=None, packages_up_to_regex=None, packages_above=None, packages_above_and_dependencies=None, packages_above_depth=None, packages_select_by_dep=None, packages_skip_by_dep=None, packages_skip_up_to=None, packages_select_build_failed=False, packages_skip_build_finished=False, packages_select_test_failures=False, packages_skip_test_passed=False, packages_select=None, packages_skip=None, packages_select_regex=None, packages_skip_regex=None, packages_start=None, packages_end=None, allow_overriding=[], cmake_args=None, cmake_target=None, cmake_target_skip_unavailable=False, cmake_clean_cache=False, cmake_clean_first=False, cmake_force_configure=False, ament_cmake_args=None, catkin_cmake_args=None, catkin_skip_building_tests=False, mixin_files=None, mixin=None, verb_parser=<colcon_mixin.mixin.mixin_argument.MixinArgumentDecorator object at 0xffff87c10c50>, verb_extension=<colcon_core.verb.build.BuildVerb object at 0xffff87dc22d0>, main=<bound method BuildVerb.main of <colcon_core.verb.build.BuildVerb object at 0xffff87dc22d0>>, mixin_verb=('build',))
[0.518s] Level 1:colcon.colcon_core.package_discovery:discover_packages(colcon_meta) check parameters
[0.518s] Level 1:colcon.colcon_core.package_discovery:discover_packages(recursive) check parameters
[0.518s] Level 1:colcon.colcon_core.package_discovery:discover_packages(ignore) check parameters
[0.518s] Level 1:colcon.colcon_core.package_discovery:discover_packages(path) check parameters
[0.518s] Level 1:colcon.colcon_core.package_discovery:discover_packages(colcon_meta) discover
[0.518s] Level 1:colcon.colcon_core.package_discovery:discover_packages(recursive) discover
[0.518s] INFO:colcon.colcon_core.package_discovery:Crawling recursively for packages in '/home/epiibots/ros2_ws'
[0.518s] Level 1:colcon.colcon_core.package_identification:_identify(.) by extensions ['ignore', 'ignore_ament_install']
[0.519s] Level 1:colcon.colcon_core.package_identification:_identify(.) by extension 'ignore'
[0.519s] Level 1:colcon.colcon_core.package_identification:_identify(.) by extension 'ignore_ament_install'
[0.519s] Level 1:colcon.colcon_core.package_identification:_identify(.) by extensions ['colcon_pkg']
[0.519s] Level 1:colcon.colcon_core.package_identification:_identify(.) by extension 'colcon_pkg'
[0.519s] Level 1:colcon.colcon_core.package_identification:_identify(.) by extensions ['colcon_meta']
[0.519s] Level 1:colcon.colcon_core.package_identification:_identify(.) by extension 'colcon_meta'
[0.519s] Level 1:colcon.colcon_core.package_identification:_identify(.) by extensions ['ros']
[0.519s] Level 1:colcon.colcon_core.package_identification:_identify(.) by extension 'ros'
[0.582s] Level 1:colcon.colcon_core.package_identification:_identify(.) by extensions ['cmake', 'python']
[0.582s] Level 1:colcon.colcon_core.package_identification:_identify(.) by extension 'cmake'
[0.582s] Level 1:colcon.colcon_core.package_identification:_identify(.) by extension 'python'
[0.582s] Level 1:colcon.colcon_core.package_identification:_identify(.) by extensions ['python_setup_py']
[0.582s] Level 1:colcon.colcon_core.package_identification:_identify(.) by extension 'python_setup_py'
[0.582s] Level 1:colcon.colcon_core.package_identification:_identify(build) by extensions ['ignore', 'ignore_ament_install']
[0.582s] Level 1:colcon.colcon_core.package_identification:_identify(build) by extension 'ignore'
[0.582s] Level 1:colcon.colcon_core.package_identification:_identify(build) ignored
[0.583s] Level 1:colcon.colcon_core.package_identification:_identify(install) by extensions ['ignore', 'ignore_ament_install']
[0.583s] Level 1:colcon.colcon_core.package_identification:_identify(install) by extension 'ignore'
[0.583s] Level 1:colcon.colcon_core.package_identification:_identify(install) ignored
[0.583s] Level 1:colcon.colcon_core.package_identification:_identify(log) by extensions ['ignore', 'ignore_ament_install']
[0.583s] Level 1:colcon.colcon_core.package_identification:_identify(log) by extension 'ignore'
[0.583s] Level 1:colcon.colcon_core.package_identification:_identify(log) ignored
[0.583s] Level 1:colcon.colcon_core.package_identification:_identify(src) by extensions ['ignore', 'ignore_ament_install']
[0.584s] Level 1:colcon.colcon_core.package_identification:_identify(src) by extension 'ignore'
[0.584s] Level 1:colcon.colcon_core.package_identification:_identify(src) by extension 'ignore_ament_install'
[0.584s] Level 1:colcon.colcon_core.package_identification:_identify(src) by extensions ['colcon_pkg']
[0.584s] Level 1:colcon.colcon_core.package_identification:_identify(src) by extension 'colcon_pkg'
[0.584s] Level 1:colcon.colcon_core.package_identification:_identify(src) by extensions ['colcon_meta']
[0.584s] Level 1:colcon.colcon_core.package_identification:_identify(src) by extension 'colcon_meta'
[0.584s] Level 1:colcon.colcon_core.package_identification:_identify(src) by extensions ['ros']
[0.584s] Level 1:colcon.colcon_core.package_identification:_identify(src) by extension 'ros'
[0.584s] Level 1:colcon.colcon_core.package_identification:_identify(src) by extensions ['cmake', 'python']
[0.584s] Level 1:colcon.colcon_core.package_identification:_identify(src) by extension 'cmake'
[0.584s] Level 1:colcon.colcon_core.package_identification:_identify(src) by extension 'python'
[0.584s] Level 1:colcon.colcon_core.package_identification:_identify(src) by extensions ['python_setup_py']
[0.584s] Level 1:colcon.colcon_core.package_identification:_identify(src) by extension 'python_setup_py'
[0.587s] Level 1:colcon.colcon_core.package_identification:_identify(src/bno055) by extensions ['ignore', 'ignore_ament_install']
[0.587s] Level 1:colcon.colcon_core.package_identification:_identify(src/bno055) by extension 'ignore'
[0.587s] Level 1:colcon.colcon_core.package_identification:_identify(src/bno055) by extension 'ignore_ament_install'
[0.587s] Level 1:colcon.colcon_core.package_identification:_identify(src/bno055) by extensions ['colcon_pkg']
[0.587s] Level 1:colcon.colcon_core.package_identification:_identify(src/bno055) by extension 'colcon_pkg'
[0.587s] Level 1:colcon.colcon_core.package_identification:_identify(src/bno055) by extensions ['colcon_meta']
[0.587s] Level 1:colcon.colcon_core.package_identification:_identify(src/bno055) by extension 'colcon_meta'
[0.587s] Level 1:colcon.colcon_core.package_identification:_identify(src/bno055) by extensions ['ros']
[0.587s] Level 1:colcon.colcon_core.package_identification:_identify(src/bno055) by extension 'ros'
[0.594s] DEBUG:colcon.colcon_core.package_identification:Package 'src/bno055' with type 'ros.ament_python' and name 'bno055'
[0.594s] Level 1:colcon.colcon_core.package_identification:_identify(src/calibration) by extensions ['ignore', 'ignore_ament_install']
[0.595s] Level 1:colcon.colcon_core.package_identification:_identify(src/calibration) by extension 'ignore'
[0.595s] Level 1:colcon.colcon_core.package_identification:_identify(src/calibration) by extension 'ignore_ament_install'
[0.595s] Level 1:colcon.colcon_core.package_identification:_identify(src/calibration) by extensions ['colcon_pkg']
[0.595s] Level 1:colcon.colcon_core.package_identification:_identify(src/calibration) by extension 'colcon_pkg'
[0.595s] Level 1:colcon.colcon_core.package_identification:_identify(src/calibration) by extensions ['colcon_meta']
[0.595s] Level 1:colcon.colcon_core.package_identification:_identify(src/calibration) by extension 'colcon_meta'
[0.595s] Level 1:colcon.colcon_core.package_identification:_identify(src/calibration) by extensions ['ros']
[0.595s] Level 1:colcon.colcon_core.package_identification:_identify(src/calibration) by extension 'ros'
[0.596s] DEBUG:colcon.colcon_core.package_identification:Package 'src/calibration' with type 'ros.ament_python' and name 'calibration'
[0.597s] Level 1:colcon.colcon_core.package_identification:_identify(src/carrinho_base) by extensions ['ignore', 'ignore_ament_install']
[0.597s] Level 1:colcon.colcon_core.package_identification:_identify(src/carrinho_base) by extension 'ignore'
[0.597s] Level 1:colcon.colcon_core.package_identification:_identify(src/carrinho_base) by extension 'ignore_ament_install'
[0.597s] Level 1:colcon.colcon_core.package_identification:_identify(src/carrinho_base) by extensions ['colcon_pkg']
[0.597s] Level 1:colcon.colcon_core.package_identification:_identify(src/carrinho_base) by extension 'colcon_pkg'
[0.597s] Level 1:colcon.colcon_core.package_identification:_identify(src/carrinho_base) by extensions ['colcon_meta']
[0.597s] Level 1:colcon.colcon_core.package_identification:_identify(src/carrinho_base) by extension 'colcon_meta'
[0.597s] Level 1:colcon.colcon_core.package_identification:_identify(src/carrinho_base) by extensions ['ros']
[0.597s] Level 1:colcon.colcon_core.package_identification:_identify(src/carrinho_base) by extension 'ros'
[0.599s] DEBUG:colcon.colcon_core.package_identification:Package 'src/carrinho_base' with type 'ros.ament_python' and name 'carrinho_base'
[0.599s] Level 1:colcon.colcon_core.package_identification:_identify(src/computervision) by extensions ['ignore', 'ignore_ament_install']
[0.599s] Level 1:colcon.colcon_core.package_identification:_identify(src/computervision) by extension 'ignore'
[0.599s] Level 1:colcon.colcon_core.package_identification:_identify(src/computervision) by extension 'ignore_ament_install'
[0.600s] Level 1:colcon.colcon_core.package_identification:_identify(src/computervision) by extensions ['colcon_pkg']
[0.600s] Level 1:colcon.colcon_core.package_identification:_identify(src/computervision) by extension 'colcon_pkg'
[0.600s] Level 1:colcon.colcon_core.package_identification:_identify(src/computervision) by extensions ['colcon_meta']
[0.600s] Level 1:colcon.colcon_core.package_identification:_identify(src/computervision) by extension 'colcon_meta'
[0.600s] Level 1:colcon.colcon_core.package_identification:_identify(src/computervision) by extensions ['ros']
[0.600s] Level 1:colcon.colcon_core.package_identification:_identify(src/computervision) by extension 'ros'
[0.600s] Level 1:colcon.colcon_core.package_identification:_identify(src/computervision) by extensions ['cmake', 'python']
[0.600s] Level 1:colcon.colcon_core.package_identification:_identify(src/computervision) by extension 'cmake'
[0.600s] Level 1:colcon.colcon_core.package_identification:_identify(src/computervision) by extension 'python'
[0.600s] Level 1:colcon.colcon_core.package_identification:_identify(src/computervision) by extensions ['python_setup_py']
[0.600s] Level 1:colcon.colcon_core.package_identification:_identify(src/computervision) by extension 'python_setup_py'
[0.601s] Level 1:colcon.colcon_core.package_identification:_identify(src/computervision/aruco) by extensions ['ignore', 'ignore_ament_install']
[0.601s] Level 1:colcon.colcon_core.package_identification:_identify(src/computervision/aruco) by extension 'ignore'
[0.601s] Level 1:colcon.colcon_core.package_identification:_identify(src/computervision/aruco) by extension 'ignore_ament_install'
[0.601s] Level 1:colcon.colcon_core.package_identification:_identify(src/computervision/aruco) by extensions ['colcon_pkg']
[0.601s] Level 1:colcon.colcon_core.package_identification:_identify(src/computervision/aruco) by extension 'colcon_pkg'
[0.601s] Level 1:colcon.colcon_core.package_identification:_identify(src/computervision/aruco) by extensions ['colcon_meta']
[0.601s] Level 1:colcon.colcon_core.package_identification:_identify(src/computervision/aruco) by extension 'colcon_meta'
[0.601s] Level 1:colcon.colcon_core.package_identification:_identify(src/computervision/aruco) by extensions ['ros']
[0.601s] Level 1:colcon.colcon_core.package_identification:_identify(src/computervision/aruco) by extension 'ros'
[0.601s] Level 1:colcon.colcon_core.package_identification:_identify(src/computervision/aruco) by extensions ['cmake', 'python']
[0.601s] Level 1:colcon.colcon_core.package_identification:_identify(src/computervision/aruco) by extension 'cmake'
[0.601s] Level 1:colcon.colcon_core.package_identification:_identify(src/computervision/aruco) by extension 'python'
[0.601s] Level 1:colcon.colcon_core.package_identification:_identify(src/computervision/aruco) by extensions ['python_setup_py']
[0.601s] Level 1:colcon.colcon_core.package_identification:_identify(src/computervision/aruco) by extension 'python_setup_py'
[0.602s] Level 1:colcon.colcon_core.package_identification:_identify(src/controlegeral_carrinho) by extensions ['ignore', 'ignore_ament_install']
[0.602s] Level 1:colcon.colcon_core.package_identification:_identify(src/controlegeral_carrinho) by extension 'ignore'
[0.602s] Level 1:colcon.colcon_core.package_identification:_identify(src/controlegeral_carrinho) by extension 'ignore_ament_install'
[0.602s] Level 1:colcon.colcon_core.package_identification:_identify(src/controlegeral_carrinho) by extensions ['colcon_pkg']
[0.602s] Level 1:colcon.colcon_core.package_identification:_identify(src/controlegeral_carrinho) by extension 'colcon_pkg'
[0.602s] Level 1:colcon.colcon_core.package_identification:_identify(src/controlegeral_carrinho) by extensions ['colcon_meta']
[0.602s] Level 1:colcon.colcon_core.package_identification:_identify(src/controlegeral_carrinho) by extension 'colcon_meta'
[0.602s] Level 1:colcon.colcon_core.package_identification:_identify(src/controlegeral_carrinho) by extensions ['ros']
[0.602s] Level 1:colcon.colcon_core.package_identification:_identify(src/controlegeral_carrinho) by extension 'ros'
[0.604s] DEBUG:colcon.colcon_core.package_identification:Package 'src/controlegeral_carrinho' with type 'ros.ament_python' and name 'controlegeral_carrinho'
[0.604s] Level 1:colcon.colcon_core.package_identification:_identify(src/detector) by extensions ['ignore', 'ignore_ament_install']
[0.605s] Level 1:colcon.colcon_core.package_identification:_identify(src/detector) by extension 'ignore'
[0.605s] Level 1:colcon.colcon_core.package_identification:_identify(src/detector) by extension 'ignore_ament_install'
[0.605s] Level 1:colcon.colcon_core.package_identification:_identify(src/detector) by extensions ['colcon_pkg']
[0.605s] Level 1:colcon.colcon_core.package_identification:_identify(src/detector) by extension 'colcon_pkg'
[0.605s] Level 1:colcon.colcon_core.package_identification:_identify(src/detector) by extensions ['colcon_meta']
[0.605s] Level 1:colcon.colcon_core.package_identification:_identify(src/detector) by extension 'colcon_meta'
[0.605s] Level 1:colcon.colcon_core.package_identification:_identify(src/detector) by extensions ['ros']
[0.605s] Level 1:colcon.colcon_core.package_identification:_identify(src/detector) by extension 'ros'
[0.606s] DEBUG:colcon.colcon_core.package_identification:Package 'src/detector' with type 'ros.ament_python' and name 'detector'
[0.606s] Level 1:colcon.colcon_core.package_identification:_identify(src/lidar_teste) by extensions ['ignore', 'ignore_ament_install']
[0.607s] Level 1:colcon.colcon_core.package_identification:_identify(src/lidar_teste) by extension 'ignore'
[0.607s] Level 1:colcon.colcon_core.package_identification:_identify(src/lidar_teste) by extension 'ignore_ament_install'
[0.607s] Level 1:colcon.colcon_core.package_identification:_identify(src/lidar_teste) by extensions ['colcon_pkg']
[0.607s] Level 1:colcon.colcon_core.package_identification:_identify(src/lidar_teste) by extension 'colcon_pkg'
[0.607s] Level 1:colcon.colcon_core.package_identification:_identify(src/lidar_teste) by extensions ['colcon_meta']
[0.607s] Level 1:colcon.colcon_core.package_identification:_identify(src/lidar_teste) by extension 'colcon_meta'
[0.607s] Level 1:colcon.colcon_core.package_identification:_identify(src/lidar_teste) by extensions ['ros']
[0.607s] Level 1:colcon.colcon_core.package_identification:_identify(src/lidar_teste) by extension 'ros'
[0.608s] DEBUG:colcon.colcon_core.package_identification:Package 'src/lidar_teste' with type 'ros.ament_python' and name 'lidar_teste'
[0.609s] Level 1:colcon.colcon_core.package_identification:_identify(src/micro_ros_setup) by extensions ['ignore', 'ignore_ament_install']
[0.609s] Level 1:colcon.colcon_core.package_identification:_identify(src/micro_ros_setup) by extension 'ignore'
[0.609s] Level 1:colcon.colcon_core.package_identification:_identify(src/micro_ros_setup) by extension 'ignore_ament_install'
[0.609s] Level 1:colcon.colcon_core.package_identification:_identify(src/micro_ros_setup) by extensions ['colcon_pkg']
[0.609s] Level 1:colcon.colcon_core.package_identification:_identify(src/micro_ros_setup) by extension 'colcon_pkg'
[0.609s] Level 1:colcon.colcon_core.package_identification:_identify(src/micro_ros_setup) by extensions ['colcon_meta']
[0.609s] Level 1:colcon.colcon_core.package_identification:_identify(src/micro_ros_setup) by extension 'colcon_meta'
[0.609s] Level 1:colcon.colcon_core.package_identification:_identify(src/micro_ros_setup) by extensions ['ros']
[0.609s] Level 1:colcon.colcon_core.package_identification:_identify(src/micro_ros_setup) by extension 'ros'
[0.610s] DEBUG:colcon.colcon_core.package_identification:Package 'src/micro_ros_setup' with type 'ros.ament_cmake' and name 'micro_ros_setup'
[0.611s] Level 1:colcon.colcon_core.package_identification:_identify(src/pwm_rec) by extensions ['ignore', 'ignore_ament_install']
[0.611s] Level 1:colcon.colcon_core.package_identification:_identify(src/pwm_rec) by extension 'ignore'
[0.611s] Level 1:colcon.colcon_core.package_identification:_identify(src/pwm_rec) by extension 'ignore_ament_install'
[0.611s] Level 1:colcon.colcon_core.package_identification:_identify(src/pwm_rec) by extensions ['colcon_pkg']
[0.611s] Level 1:colcon.colcon_core.package_identification:_identify(src/pwm_rec) by extension 'colcon_pkg'
[0.611s] Level 1:colcon.colcon_core.package_identification:_identify(src/pwm_rec) by extensions ['colcon_meta']
[0.611s] Level 1:colcon.colcon_core.package_identification:_identify(src/pwm_rec) by extension 'colcon_meta'
[0.611s] Level 1:colcon.colcon_core.package_identification:_identify(src/pwm_rec) by extensions ['ros']
[0.611s] Level 1:colcon.colcon_core.package_identification:_identify(src/pwm_rec) by extension 'ros'
[0.612s] DEBUG:colcon.colcon_core.package_identification:Package 'src/pwm_rec' with type 'ros.ament_python' and name 'pwm_rec'
[0.613s] Level 1:colcon.colcon_core.package_identification:_identify(src/servo_steering) by extensions ['ignore', 'ignore_ament_install']
[0.613s] Level 1:colcon.colcon_core.package_identification:_identify(src/servo_steering) by extension 'ignore'
[0.613s] Level 1:colcon.colcon_core.package_identification:_identify(src/servo_steering) by extension 'ignore_ament_install'
[0.613s] Level 1:colcon.colcon_core.package_identification:_identify(src/servo_steering) by extensions ['colcon_pkg']
[0.613s] Level 1:colcon.colcon_core.package_identification:_identify(src/servo_steering) by extension 'colcon_pkg'
[0.613s] Level 1:colcon.colcon_core.package_identification:_identify(src/servo_steering) by extensions ['colcon_meta']
[0.613s] Level 1:colcon.colcon_core.package_identification:_identify(src/servo_steering) by extension 'colcon_meta'
[0.613s] Level 1:colcon.colcon_core.package_identification:_identify(src/servo_steering) by extensions ['ros']
[0.613s] Level 1:colcon.colcon_core.package_identification:_identify(src/servo_steering) by extension 'ros'
[0.614s] DEBUG:colcon.colcon_core.package_identification:Package 'src/servo_steering' with type 'ros.ament_python' and name 'servo_steering'
[0.615s] Level 1:colcon.colcon_core.package_identification:_identify(src/sllidar_ros2) by extensions ['ignore', 'ignore_ament_install']
[0.615s] Level 1:colcon.colcon_core.package_identification:_identify(src/sllidar_ros2) by extension 'ignore'
[0.615s] Level 1:colcon.colcon_core.package_identification:_identify(src/sllidar_ros2) by extension 'ignore_ament_install'
[0.615s] Level 1:colcon.colcon_core.package_identification:_identify(src/sllidar_ros2) by extensions ['colcon_pkg']
[0.615s] Level 1:colcon.colcon_core.package_identification:_identify(src/sllidar_ros2) by extension 'colcon_pkg'
[0.615s] Level 1:colcon.colcon_core.package_identification:_identify(src/sllidar_ros2) by extensions ['colcon_meta']
[0.615s] Level 1:colcon.colcon_core.package_identification:_identify(src/sllidar_ros2) by extension 'colcon_meta'
[0.616s] Level 1:colcon.colcon_core.package_identification:_identify(src/sllidar_ros2) by extensions ['ros']
[0.616s] Level 1:colcon.colcon_core.package_identification:_identify(src/sllidar_ros2) by extension 'ros'
[0.617s] DEBUG:colcon.colcon_core.package_identification:Package 'src/sllidar_ros2' with type 'ros.ament_cmake' and name 'sllidar_ros2'
[0.617s] Level 1:colcon.colcon_core.package_identification:_identify(src/uros) by extensions ['ignore', 'ignore_ament_install']
[0.617s] Level 1:colcon.colcon_core.package_identification:_identify(src/uros) by extension 'ignore'
[0.617s] Level 1:colcon.colcon_core.package_identification:_identify(src/uros) by extension 'ignore_ament_install'
[0.617s] Level 1:colcon.colcon_core.package_identification:_identify(src/uros) by extensions ['colcon_pkg']
[0.618s] Level 1:colcon.colcon_core.package_identification:_identify(src/uros) by extension 'colcon_pkg'
[0.618s] Level 1:colcon.colcon_core.package_identification:_identify(src/uros) by extensions ['colcon_meta']
[0.618s] Level 1:colcon.colcon_core.package_identification:_identify(src/uros) by extension 'colcon_meta'
[0.618s] Level 1:colcon.colcon_core.package_identification:_identify(src/uros) by extensions ['ros']
[0.618s] Level 1:colcon.colcon_core.package_identification:_identify(src/uros) by extension 'ros'
[0.618s] Level 1:colcon.colcon_core.package_identification:_identify(src/uros) by extensions ['cmake', 'python']
[0.618s] Level 1:colcon.colcon_core.package_identification:_identify(src/uros) by extension 'cmake'
[0.618s] Level 1:colcon.colcon_core.package_identification:_identify(src/uros) by extension 'python'
[0.618s] Level 1:colcon.colcon_core.package_identification:_identify(src/uros) by extensions ['python_setup_py']
[0.618s] Level 1:colcon.colcon_core.package_identification:_identify(src/uros) by extension 'python_setup_py'
[0.618s] Level 1:colcon.colcon_core.package_identification:_identify(src/uros/drive_base) by extensions ['ignore', 'ignore_ament_install']
[0.619s] Level 1:colcon.colcon_core.package_identification:_identify(src/uros/drive_base) by extension 'ignore'
[0.619s] Level 1:colcon.colcon_core.package_identification:_identify(src/uros/drive_base) by extension 'ignore_ament_install'
[0.619s] Level 1:colcon.colcon_core.package_identification:_identify(src/uros/drive_base) by extensions ['colcon_pkg']
[0.619s] Level 1:colcon.colcon_core.package_identification:_identify(src/uros/drive_base) by extension 'colcon_pkg'
[0.619s] Level 1:colcon.colcon_core.package_identification:_identify(src/uros/drive_base) by extensions ['colcon_meta']
[0.619s] Level 1:colcon.colcon_core.package_identification:_identify(src/uros/drive_base) by extension 'colcon_meta'
[0.619s] Level 1:colcon.colcon_core.package_identification:_identify(src/uros/drive_base) by extensions ['ros']
[0.619s] Level 1:colcon.colcon_core.package_identification:_identify(src/uros/drive_base) by extension 'ros'
[0.619s] Level 1:colcon.colcon_core.package_identification:_identify(src/uros/drive_base) by extensions ['cmake', 'python']
[0.619s] Level 1:colcon.colcon_core.package_identification:_identify(src/uros/drive_base) by extension 'cmake'
[0.619s] Level 1:colcon.colcon_core.package_identification:_identify(src/uros/drive_base) by extension 'python'
[0.619s] Level 1:colcon.colcon_core.package_identification:_identify(src/uros/drive_base) by extensions ['python_setup_py']
[0.619s] Level 1:colcon.colcon_core.package_identification:_identify(src/uros/drive_base) by extension 'python_setup_py'
[0.620s] Level 1:colcon.colcon_core.package_identification:_identify(src/uros/drive_base/drive_base_msgs) by extensions ['ignore', 'ignore_ament_install']
[0.620s] Level 1:colcon.colcon_core.package_identification:_identify(src/uros/drive_base/drive_base_msgs) by extension 'ignore'
[0.620s] Level 1:colcon.colcon_core.package_identification:_identify(src/uros/drive_base/drive_base_msgs) by extension 'ignore_ament_install'
[0.620s] Level 1:colcon.colcon_core.package_identification:_identify(src/uros/drive_base/drive_base_msgs) by extensions ['colcon_pkg']
[0.620s] Level 1:colcon.colcon_core.package_identification:_identify(src/uros/drive_base/drive_base_msgs) by extension 'colcon_pkg'
[0.620s] Level 1:colcon.colcon_core.package_identification:_identify(src/uros/drive_base/drive_base_msgs) by extensions ['colcon_meta']
[0.620s] Level 1:colcon.colcon_core.package_identification:_identify(src/uros/drive_base/drive_base_msgs) by extension 'colcon_meta'
[0.620s] Level 1:colcon.colcon_core.package_identification:_identify(src/uros/drive_base/drive_base_msgs) by extensions ['ros']
[0.620s] Level 1:colcon.colcon_core.package_identification:_identify(src/uros/drive_base/drive_base_msgs) by extension 'ros'
[0.622s] DEBUG:colcon.colcon_core.package_identification:Package 'src/uros/drive_base/drive_base_msgs' with type 'ros.ament_cmake' and name 'drive_base_msgs'
[0.622s] Level 1:colcon.colcon_core.package_identification:_identify(src/uros/micro-ROS-Agent) by extensions ['ignore', 'ignore_ament_install']
[0.623s] Level 1:colcon.colcon_core.package_identification:_identify(src/uros/micro-ROS-Agent) by extension 'ignore'
[0.623s] Level 1:colcon.colcon_core.package_identification:_identify(src/uros/micro-ROS-Agent) by extension 'ignore_ament_install'
[0.623s] Level 1:colcon.colcon_core.package_identification:_identify(src/uros/micro-ROS-Agent) by extensions ['colcon_pkg']
[0.623s] Level 1:colcon.colcon_core.package_identification:_identify(src/uros/micro-ROS-Agent) by extension 'colcon_pkg'
[0.623s] Level 1:colcon.colcon_core.package_identification:_identify(src/uros/micro-ROS-Agent) by extensions ['colcon_meta']
[0.623s] Level 1:colcon.colcon_core.package_identification:_identify(src/uros/micro-ROS-Agent) by extension 'colcon_meta'
[0.623s] Level 1:colcon.colcon_core.package_identification:_identify(src/uros/micro-ROS-Agent) by extensions ['ros']
[0.623s] Level 1:colcon.colcon_core.package_identification:_identify(src/uros/micro-ROS-Agent) by extension 'ros'
[0.623s] Level 1:colcon.colcon_core.package_identification:_identify(src/uros/micro-ROS-Agent) by extensions ['cmake', 'python']
[0.623s] Level 1:colcon.colcon_core.package_identification:_identify(src/uros/micro-ROS-Agent) by extension 'cmake'
[0.623s] Level 1:colcon.colcon_core.package_identification:_identify(src/uros/micro-ROS-Agent) by extension 'python'
[0.623s] Level 1:colcon.colcon_core.package_identification:_identify(src/uros/micro-ROS-Agent) by extensions ['python_setup_py']
[0.623s] Level 1:colcon.colcon_core.package_identification:_identify(src/uros/micro-ROS-Agent) by extension 'python_setup_py'
[0.624s] Level 1:colcon.colcon_core.package_identification:_identify(src/uros/micro-ROS-Agent/micro_ros_agent) by extensions ['ignore', 'ignore_ament_install']
[0.624s] Level 1:colcon.colcon_core.package_identification:_identify(src/uros/micro-ROS-Agent/micro_ros_agent) by extension 'ignore'
[0.624s] Level 1:colcon.colcon_core.package_identification:_identify(src/uros/micro-ROS-Agent/micro_ros_agent) by extension 'ignore_ament_install'
[0.624s] Level 1:colcon.colcon_core.package_identification:_identify(src/uros/micro-ROS-Agent/micro_ros_agent) by extensions ['colcon_pkg']
[0.624s] Level 1:colcon.colcon_core.package_identification:_identify(src/uros/micro-ROS-Agent/micro_ros_agent) by extension 'colcon_pkg'
[0.624s] Level 1:colcon.colcon_core.package_identification:_identify(src/uros/micro-ROS-Agent/micro_ros_agent) by extensions ['colcon_meta']
[0.624s] Level 1:colcon.colcon_core.package_identification:_identify(src/uros/micro-ROS-Agent/micro_ros_agent) by extension 'colcon_meta'
[0.624s] Level 1:colcon.colcon_core.package_identification:_identify(src/uros/micro-ROS-Agent/micro_ros_agent) by extensions ['ros']
[0.624s] Level 1:colcon.colcon_core.package_identification:_identify(src/uros/micro-ROS-Agent/micro_ros_agent) by extension 'ros'
[0.626s] DEBUG:colcon.colcon_core.package_identification:Package 'src/uros/micro-ROS-Agent/micro_ros_agent' with type 'ros.ament_cmake' and name 'micro_ros_agent'
[0.627s] Level 1:colcon.colcon_core.package_identification:_identify(src/uros/micro-ROS-Agent/snap) by extensions ['ignore', 'ignore_ament_install']
[0.627s] Level 1:colcon.colcon_core.package_identification:_identify(src/uros/micro-ROS-Agent/snap) by extension 'ignore'
[0.627s] Level 1:colcon.colcon_core.package_identification:_identify(src/uros/micro-ROS-Agent/snap) by extension 'ignore_ament_install'
[0.627s] Level 1:colcon.colcon_core.package_identification:_identify(src/uros/micro-ROS-Agent/snap) by extensions ['colcon_pkg']
[0.627s] Level 1:colcon.colcon_core.package_identification:_identify(src/uros/micro-ROS-Agent/snap) by extension 'colcon_pkg'
[0.627s] Level 1:colcon.colcon_core.package_identification:_identify(src/uros/micro-ROS-Agent/snap) by extensions ['colcon_meta']
[0.627s] Level 1:colcon.colcon_core.package_identification:_identify(src/uros/micro-ROS-Agent/snap) by extension 'colcon_meta'
[0.627s] Level 1:colcon.colcon_core.package_identification:_identify(src/uros/micro-ROS-Agent/snap) by extensions ['ros']
[0.627s] Level 1:colcon.colcon_core.package_identification:_identify(src/uros/micro-ROS-Agent/snap) by extension 'ros'
[0.627s] Level 1:colcon.colcon_core.package_identification:_identify(src/uros/micro-ROS-Agent/snap) by extensions ['cmake', 'python']
[0.627s] Level 1:colcon.colcon_core.package_identification:_identify(src/uros/micro-ROS-Agent/snap) by extension 'cmake'
[0.627s] Level 1:colcon.colcon_core.package_identification:_identify(src/uros/micro-ROS-Agent/snap) by extension 'python'
[0.627s] Level 1:colcon.colcon_core.package_identification:_identify(src/uros/micro-ROS-Agent/snap) by extensions ['python_setup_py']
[0.627s] Level 1:colcon.colcon_core.package_identification:_identify(src/uros/micro-ROS-Agent/snap) by extension 'python_setup_py'
[0.628s] Level 1:colcon.colcon_core.package_identification:_identify(src/uros/micro-ROS-Agent/snap/hooks) by extensions ['ignore', 'ignore_ament_install']
[0.628s] Level 1:colcon.colcon_core.package_identification:_identify(src/uros/micro-ROS-Agent/snap/hooks) by extension 'ignore'
[0.628s] Level 1:colcon.colcon_core.package_identification:_identify(src/uros/micro-ROS-Agent/snap/hooks) by extension 'ignore_ament_install'
[0.628s] Level 1:colcon.colcon_core.package_identification:_identify(src/uros/micro-ROS-Agent/snap/hooks) by extensions ['colcon_pkg']
[0.628s] Level 1:colcon.colcon_core.package_identification:_identify(src/uros/micro-ROS-Agent/snap/hooks) by extension 'colcon_pkg'
[0.628s] Level 1:colcon.colcon_core.package_identification:_identify(src/uros/micro-ROS-Agent/snap/hooks) by extensions ['colcon_meta']
[0.628s] Level 1:colcon.colcon_core.package_identification:_identify(src/uros/micro-ROS-Agent/snap/hooks) by extension 'colcon_meta'
[0.628s] Level 1:colcon.colcon_core.package_identification:_identify(src/uros/micro-ROS-Agent/snap/hooks) by extensions ['ros']
[0.628s] Level 1:colcon.colcon_core.package_identification:_identify(src/uros/micro-ROS-Agent/snap/hooks) by extension 'ros'
[0.629s] Level 1:colcon.colcon_core.package_identification:_identify(src/uros/micro-ROS-Agent/snap/hooks) by extensions ['cmake', 'python']
[0.629s] Level 1:colcon.colcon_core.package_identification:_identify(src/uros/micro-ROS-Agent/snap/hooks) by extension 'cmake'
[0.629s] Level 1:colcon.colcon_core.package_identification:_identify(src/uros/micro-ROS-Agent/snap/hooks) by extension 'python'
[0.629s] Level 1:colcon.colcon_core.package_identification:_identify(src/uros/micro-ROS-Agent/snap/hooks) by extensions ['python_setup_py']
[0.629s] Level 1:colcon.colcon_core.package_identification:_identify(src/uros/micro-ROS-Agent/snap/hooks) by extension 'python_setup_py'
[0.629s] Level 1:colcon.colcon_core.package_identification:_identify(src/uros/micro-ROS-Agent/snap/local) by extensions ['ignore', 'ignore_ament_install']
[0.629s] Level 1:colcon.colcon_core.package_identification:_identify(src/uros/micro-ROS-Agent/snap/local) by extension 'ignore'
[0.629s] Level 1:colcon.colcon_core.package_identification:_identify(src/uros/micro-ROS-Agent/snap/local) by extension 'ignore_ament_install'
[0.630s] Level 1:colcon.colcon_core.package_identification:_identify(src/uros/micro-ROS-Agent/snap/local) by extensions ['colcon_pkg']
[0.630s] Level 1:colcon.colcon_core.package_identification:_identify(src/uros/micro-ROS-Agent/snap/local) by extension 'colcon_pkg'
[0.630s] Level 1:colcon.colcon_core.package_identification:_identify(src/uros/micro-ROS-Agent/snap/local) by extensions ['colcon_meta']
[0.630s] Level 1:colcon.colcon_core.package_identification:_identify(src/uros/micro-ROS-Agent/snap/local) by extension 'colcon_meta'
[0.630s] Level 1:colcon.colcon_core.package_identification:_identify(src/uros/micro-ROS-Agent/snap/local) by extensions ['ros']
[0.630s] Level 1:colcon.colcon_core.package_identification:_identify(src/uros/micro-ROS-Agent/snap/local) by extension 'ros'
[0.630s] Level 1:colcon.colcon_core.package_identification:_identify(src/uros/micro-ROS-Agent/snap/local) by extensions ['cmake', 'python']
[0.630s] Level 1:colcon.colcon_core.package_identification:_identify(src/uros/micro-ROS-Agent/snap/local) by extension 'cmake'
[0.630s] Level 1:colcon.colcon_core.package_identification:_identify(src/uros/micro-ROS-Agent/snap/local) by extension 'python'
[0.630s] Level 1:colcon.colcon_core.package_identification:_identify(src/uros/micro-ROS-Agent/snap/local) by extensions ['python_setup_py']
[0.630s] Level 1:colcon.colcon_core.package_identification:_identify(src/uros/micro-ROS-Agent/snap/local) by extension 'python_setup_py'
[0.630s] Level 1:colcon.colcon_core.package_identification:_identify(src/uros/micro_ros_msgs) by extensions ['ignore', 'ignore_ament_install']
[0.631s] Level 1:colcon.colcon_core.package_identification:_identify(src/uros/micro_ros_msgs) by extension 'ignore'
[0.631s] Level 1:colcon.colcon_core.package_identification:_identify(src/uros/micro_ros_msgs) by extension 'ignore_ament_install'
[0.631s] Level 1:colcon.colcon_core.package_identification:_identify(src/uros/micro_ros_msgs) by extensions ['colcon_pkg']
[0.631s] Level 1:colcon.colcon_core.package_identification:_identify(src/uros/micro_ros_msgs) by extension 'colcon_pkg'
[0.631s] Level 1:colcon.colcon_core.package_identification:_identify(src/uros/micro_ros_msgs) by extensions ['colcon_meta']
[0.631s] Level 1:colcon.colcon_core.package_identification:_identify(src/uros/micro_ros_msgs) by extension 'colcon_meta'
[0.631s] Level 1:colcon.colcon_core.package_identification:_identify(src/uros/micro_ros_msgs) by extensions ['ros']
[0.631s] Level 1:colcon.colcon_core.package_identification:_identify(src/uros/micro_ros_msgs) by extension 'ros'
[0.632s] DEBUG:colcon.colcon_core.package_identification:Package 'src/uros/micro_ros_msgs' with type 'ros.ament_cmake' and name 'micro_ros_msgs'
[0.632s] Level 1:colcon.colcon_core.package_discovery:discover_packages(recursive) using defaults
[0.632s] Level 1:colcon.colcon_core.package_discovery:discover_packages(ignore) discover
[0.632s] Level 1:colcon.colcon_core.package_discovery:discover_packages(ignore) using defaults
[0.632s] Level 1:colcon.colcon_core.package_discovery:discover_packages(path) discover
[0.632s] Level 1:colcon.colcon_core.package_discovery:discover_packages(path) using defaults
[0.689s] Level 1:colcon.colcon_core.package_discovery:discover_packages(prefix_path) check parameters
[0.689s] Level 1:colcon.colcon_core.package_discovery:discover_packages(prefix_path) discover
[0.697s] DEBUG:colcon.colcon_installed_package_information.package_discovery:Found 14 installed packages in /home/epiibots/ros2_ws/install
[0.700s] DEBUG:colcon.colcon_installed_package_information.package_discovery:Found 310 installed packages in /opt/ros/jazzy
[0.703s] Level 1:colcon.colcon_core.package_discovery:discover_packages(prefix_path) using defaults
[0.777s] Level 5:colcon.colcon_core.verb:set package 'bno055' build argument 'cmake_args' from command line to 'None'
[0.777s] Level 5:colcon.colcon_core.verb:set package 'bno055' build argument 'cmake_target' from command line to 'None'
[0.777s] Level 5:colcon.colcon_core.verb:set package 'bno055' build argument 'cmake_target_skip_unavailable' from command line to 'False'
[0.777s] Level 5:colcon.colcon_core.verb:set package 'bno055' build argument 'cmake_clean_cache' from command line to 'False'
[0.777s] Level 5:colcon.colcon_core.verb:set package 'bno055' build argument 'cmake_clean_first' from command line to 'False'
[0.777s] Level 5:colcon.colcon_core.verb:set package 'bno055' build argument 'cmake_force_configure' from command line to 'False'
[0.777s] Level 5:colcon.colcon_core.verb:set package 'bno055' build argument 'ament_cmake_args' from command line to 'None'
[0.777s] Level 5:colcon.colcon_core.verb:set package 'bno055' build argument 'catkin_cmake_args' from command line to 'None'
[0.777s] Level 5:colcon.colcon_core.verb:set package 'bno055' build argument 'catkin_skip_building_tests' from command line to 'False'
[0.777s] DEBUG:colcon.colcon_core.verb:Building package 'bno055' with the following arguments: {'ament_cmake_args': None, 'build_base': '/home/epiibots/ros2_ws/build/bno055', 'catkin_cmake_args': None, 'catkin_skip_building_tests': False, 'cmake_args': None, 'cmake_clean_cache': False, 'cmake_clean_first': False, 'cmake_force_configure': False, 'cmake_target': None, 'cmake_target_skip_unavailable': False, 'install_base': '/home/epiibots/ros2_ws/install/bno055', 'merge_install': False, 'path': '/home/epiibots/ros2_ws/src/bno055', 'symlink_install': False, 'test_result_base': None}
[0.778s] Level 5:colcon.colcon_core.verb:set package 'calibration' build argument 'cmake_args' from command line to 'None'
[0.778s] Level 5:colcon.colcon_core.verb:set package 'calibration' build argument 'cmake_target' from command line to 'None'
[0.778s] Level 5:colcon.colcon_core.verb:set package 'calibration' build argument 'cmake_target_skip_unavailable' from command line to 'False'
[0.778s] Level 5:colcon.colcon_core.verb:set package 'calibration' build argument 'cmake_clean_cache' from command line to 'False'
[0.778s] Level 5:colcon.colcon_core.verb:set package 'calibration' build argument 'cmake_clean_first' from command line to 'False'
[0.778s] Level 5:colcon.colcon_core.verb:set package 'calibration' build argument 'cmake_force_configure' from command line to 'False'
[0.778s] Level 5:colcon.colcon_core.verb:set package 'calibration' build argument 'ament_cmake_args' from command line to 'None'
[0.778s] Level 5:colcon.colcon_core.verb:set package 'calibration' build argument 'catkin_cmake_args' from command line to 'None'
[0.778s] Level 5:colcon.colcon_core.verb:set package 'calibration' build argument 'catkin_skip_building_tests' from command line to 'False'
[0.778s] DEBUG:colcon.colcon_core.verb:Building package 'calibration' with the following arguments: {'ament_cmake_args': None, 'build_base': '/home/epiibots/ros2_ws/build/calibration', 'catkin_cmake_args': None, 'catkin_skip_building_tests': False, 'cmake_args': None, 'cmake_clean_cache': False, 'cmake_clean_first': False, 'cmake_force_configure': False, 'cmake_target': None, 'cmake_target_skip_unavailable': False, 'install_base': '/home/epiibots/ros2_ws/install/calibration', 'merge_install': False, 'path': '/home/epiibots/ros2_ws/src/calibration', 'symlink_install': False, 'test_result_base': None}
[0.778s] Level 5:colcon.colcon_core.verb:set package 'carrinho_base' build argument 'cmake_args' from command line to 'None'
[0.778s] Level 5:colcon.colcon_core.verb:set package 'carrinho_base' build argument 'cmake_target' from command line to 'None'
[0.778s] Level 5:colcon.colcon_core.verb:set package 'carrinho_base' build argument 'cmake_target_skip_unavailable' from command line to 'False'
[0.778s] Level 5:colcon.colcon_core.verb:set package 'carrinho_base' build argument 'cmake_clean_cache' from command line to 'False'
[0.778s] Level 5:colcon.colcon_core.verb:set package 'carrinho_base' build argument 'cmake_clean_first' from command line to 'False'
[0.778s] Level 5:colcon.colcon_core.verb:set package 'carrinho_base' build argument 'cmake_force_configure' from command line to 'False'
[0.779s] Level 5:colcon.colcon_core.verb:set package 'carrinho_base' build argument 'ament_cmake_args' from command line to 'None'
[0.779s] Level 5:colcon.colcon_core.verb:set package 'carrinho_base' build argument 'catkin_cmake_args' from command line to 'None'
[0.779s] Level 5:colcon.colcon_core.verb:set package 'carrinho_base' build argument 'catkin_skip_building_tests' from command line to 'False'
[0.779s] DEBUG:colcon.colcon_core.verb:Building package 'carrinho_base' with the following arguments: {'ament_cmake_args': None, 'build_base': '/home/epiibots/ros2_ws/build/carrinho_base', 'catkin_cmake_args': None, 'catkin_skip_building_tests': False, 'cmake_args': None, 'cmake_clean_cache': False, 'cmake_clean_first': False, 'cmake_force_configure': False, 'cmake_target': None, 'cmake_target_skip_unavailable': False, 'install_base': '/home/epiibots/ros2_ws/install/carrinho_base', 'merge_install': False, 'path': '/home/epiibots/ros2_ws/src/carrinho_base', 'symlink_install': False, 'test_result_base': None}
[0.779s] Level 5:colcon.colcon_core.verb:set package 'detector' build argument 'cmake_args' from command line to 'None'
[0.779s] Level 5:colcon.colcon_core.verb:set package 'detector' build argument 'cmake_target' from command line to 'None'
[0.779s] Level 5:colcon.colcon_core.verb:set package 'detector' build argument 'cmake_target_skip_unavailable' from command line to 'False'
[0.779s] Level 5:colcon.colcon_core.verb:set package 'detector' build argument 'cmake_clean_cache' from command line to 'False'
[0.779s] Level 5:colcon.colcon_core.verb:set package 'detector' build argument 'cmake_clean_first' from command line to 'False'
[0.779s] Level 5:colcon.colcon_core.verb:set package 'detector' build argument 'cmake_force_configure' from command line to 'False'
[0.779s] Level 5:colcon.colcon_core.verb:set package 'detector' build argument 'ament_cmake_args' from command line to 'None'
[0.779s] Level 5:colcon.colcon_core.verb:set package 'detector' build argument 'catkin_cmake_args' from command line to 'None'
[0.779s] Level 5:colcon.colcon_core.verb:set package 'detector' build argument 'catkin_skip_building_tests' from command line to 'False'
[0.779s] DEBUG:colcon.colcon_core.verb:Building package 'detector' with the following arguments: {'ament_cmake_args': None, 'build_base': '/home/epiibots/ros2_ws/build/detector', 'catkin_cmake_args': None, 'catkin_skip_building_tests': False, 'cmake_args': None, 'cmake_clean_cache': False, 'cmake_clean_first': False, 'cmake_force_configure': False, 'cmake_target': None, 'cmake_target_skip_unavailable': False, 'install_base': '/home/epiibots/ros2_ws/install/detector', 'merge_install': False, 'path': '/home/epiibots/ros2_ws/src/detector', 'symlink_install': False, 'test_result_base': None}
[0.779s] Level 5:colcon.colcon_core.verb:set package 'drive_base_msgs' build argument 'cmake_args' from command line to 'None'
[0.779s] Level 5:colcon.colcon_core.verb:set package 'drive_base_msgs' build argument 'cmake_target' from command line to 'None'
[0.779s] Level 5:colcon.colcon_core.verb:set package 'drive_base_msgs' build argument 'cmake_target_skip_unavailable' from command line to 'False'
[0.779s] Level 5:colcon.colcon_core.verb:set package 'drive_base_msgs' build argument 'cmake_clean_cache' from command line to 'False'
[0.779s] Level 5:colcon.colcon_core.verb:set package 'drive_base_msgs' build argument 'cmake_clean_first' from command line to 'False'
[0.779s] Level 5:colcon.colcon_core.verb:set package 'drive_base_msgs' build argument 'cmake_force_configure' from command line to 'False'
[0.780s] Level 5:colcon.colcon_core.verb:set package 'drive_base_msgs' build argument 'ament_cmake_args' from command line to 'None'
[0.780s] Level 5:colcon.colcon_core.verb:set package 'drive_base_msgs' build argument 'catkin_cmake_args' from command line to 'None'
[0.780s] Level 5:colcon.colcon_core.verb:set package 'drive_base_msgs' build argument 'catkin_skip_building_tests' from command line to 'False'
[0.780s] DEBUG:colcon.colcon_core.verb:Building package 'drive_base_msgs' with the following arguments: {'ament_cmake_args': None, 'build_base': '/home/epiibots/ros2_ws/build/drive_base_msgs', 'catkin_cmake_args': None, 'catkin_skip_building_tests': False, 'cmake_args': None, 'cmake_clean_cache': False, 'cmake_clean_first': False, 'cmake_force_configure': False, 'cmake_target': None, 'cmake_target_skip_unavailable': False, 'install_base': '/home/epiibots/ros2_ws/install/drive_base_msgs', 'merge_install': False, 'path': '/home/epiibots/ros2_ws/src/uros/drive_base/drive_base_msgs', 'symlink_install': False, 'test_result_base': None}
[0.780s] Level 5:colcon.colcon_core.verb:set package 'lidar_teste' build argument 'cmake_args' from command line to 'None'
[0.780s] Level 5:colcon.colcon_core.verb:set package 'lidar_teste' build argument 'cmake_target' from command line to 'None'
[0.780s] Level 5:colcon.colcon_core.verb:set package 'lidar_teste' build argument 'cmake_target_skip_unavailable' from command line to 'False'
[0.780s] Level 5:colcon.colcon_core.verb:set package 'lidar_teste' build argument 'cmake_clean_cache' from command line to 'False'
[0.780s] Level 5:colcon.colcon_core.verb:set package 'lidar_teste' build argument 'cmake_clean_first' from command line to 'False'
[0.780s] Level 5:colcon.colcon_core.verb:set package 'lidar_teste' build argument 'cmake_force_configure' from command line to 'False'
[0.780s] Level 5:colcon.colcon_core.verb:set package 'lidar_teste' build argument 'ament_cmake_args' from command line to 'None'
[0.780s] Level 5:colcon.colcon_core.verb:set package 'lidar_teste' build argument 'catkin_cmake_args' from command line to 'None'
[0.780s] Level 5:colcon.colcon_core.verb:set package 'lidar_teste' build argument 'catkin_skip_building_tests' from command line to 'False'
[0.780s] DEBUG:colcon.colcon_core.verb:Building package 'lidar_teste' with the following arguments: {'ament_cmake_args': None, 'build_base': '/home/epiibots/ros2_ws/build/lidar_teste', 'catkin_cmake_args': None, 'catkin_skip_building_tests': False, 'cmake_args': None, 'cmake_clean_cache': False, 'cmake_clean_first': False, 'cmake_force_configure': False, 'cmake_target': None, 'cmake_target_skip_unavailable': False, 'install_base': '/home/epiibots/ros2_ws/install/lidar_teste', 'merge_install': False, 'path': '/home/epiibots/ros2_ws/src/lidar_teste', 'symlink_install': False, 'test_result_base': None}
[0.780s] Level 5:colcon.colcon_core.verb:set package 'micro_ros_msgs' build argument 'cmake_args' from command line to 'None'
[0.780s] Level 5:colcon.colcon_core.verb:set package 'micro_ros_msgs' build argument 'cmake_target' from command line to 'None'
[0.780s] Level 5:colcon.colcon_core.verb:set package 'micro_ros_msgs' build argument 'cmake_target_skip_unavailable' from command line to 'False'
[0.780s] Level 5:colcon.colcon_core.verb:set package 'micro_ros_msgs' build argument 'cmake_clean_cache' from command line to 'False'
[0.780s] Level 5:colcon.colcon_core.verb:set package 'micro_ros_msgs' build argument 'cmake_clean_first' from command line to 'False'
[0.780s] Level 5:colcon.colcon_core.verb:set package 'micro_ros_msgs' build argument 'cmake_force_configure' from command line to 'False'
[0.781s] Level 5:colcon.colcon_core.verb:set package 'micro_ros_msgs' build argument 'ament_cmake_args' from command line to 'None'
[0.781s] Level 5:colcon.colcon_core.verb:set package 'micro_ros_msgs' build argument 'catkin_cmake_args' from command line to 'None'
[0.781s] Level 5:colcon.colcon_core.verb:set package 'micro_ros_msgs' build argument 'catkin_skip_building_tests' from command line to 'False'
[0.781s] DEBUG:colcon.colcon_core.verb:Building package 'micro_ros_msgs' with the following arguments: {'ament_cmake_args': None, 'build_base': '/home/epiibots/ros2_ws/build/micro_ros_msgs', 'catkin_cmake_args': None, 'catkin_skip_building_tests': False, 'cmake_args': None, 'cmake_clean_cache': False, 'cmake_clean_first': False, 'cmake_force_configure': False, 'cmake_target': None, 'cmake_target_skip_unavailable': False, 'install_base': '/home/epiibots/ros2_ws/install/micro_ros_msgs', 'merge_install': False, 'path': '/home/epiibots/ros2_ws/src/uros/micro_ros_msgs', 'symlink_install': False, 'test_result_base': None}
[0.781s] Level 5:colcon.colcon_core.verb:set package 'micro_ros_setup' build argument 'cmake_args' from command line to 'None'
[0.781s] Level 5:colcon.colcon_core.verb:set package 'micro_ros_setup' build argument 'cmake_target' from command line to 'None'
[0.781s] Level 5:colcon.colcon_core.verb:set package 'micro_ros_setup' build argument 'cmake_target_skip_unavailable' from command line to 'False'
[0.781s] Level 5:colcon.colcon_core.verb:set package 'micro_ros_setup' build argument 'cmake_clean_cache' from command line to 'False'
[0.781s] Level 5:colcon.colcon_core.verb:set package 'micro_ros_setup' build argument 'cmake_clean_first' from command line to 'False'
[0.781s] Level 5:colcon.colcon_core.verb:set package 'micro_ros_setup' build argument 'cmake_force_configure' from command line to 'False'
[0.781s] Level 5:colcon.colcon_core.verb:set package 'micro_ros_setup' build argument 'ament_cmake_args' from command line to 'None'
[0.781s] Level 5:colcon.colcon_core.verb:set package 'micro_ros_setup' build argument 'catkin_cmake_args' from command line to 'None'
[0.781s] Level 5:colcon.colcon_core.verb:set package 'micro_ros_setup' build argument 'catkin_skip_building_tests' from command line to 'False'
[0.781s] DEBUG:colcon.colcon_core.verb:Building package 'micro_ros_setup' with the following arguments: {'ament_cmake_args': None, 'build_base': '/home/epiibots/ros2_ws/build/micro_ros_setup', 'catkin_cmake_args': None, 'catkin_skip_building_tests': False, 'cmake_args': None, 'cmake_clean_cache': False, 'cmake_clean_first': False, 'cmake_force_configure': False, 'cmake_target': None, 'cmake_target_skip_unavailable': False, 'install_base': '/home/epiibots/ros2_ws/install/micro_ros_setup', 'merge_install': False, 'path': '/home/epiibots/ros2_ws/src/micro_ros_setup', 'symlink_install': False, 'test_result_base': None}
[0.781s] Level 5:colcon.colcon_core.verb:set package 'pwm_rec' build argument 'cmake_args' from command line to 'None'
[0.781s] Level 5:colcon.colcon_core.verb:set package 'pwm_rec' build argument 'cmake_target' from command line to 'None'
[0.781s] Level 5:colcon.colcon_core.verb:set package 'pwm_rec' build argument 'cmake_target_skip_unavailable' from command line to 'False'
[0.781s] Level 5:colcon.colcon_core.verb:set package 'pwm_rec' build argument 'cmake_clean_cache' from command line to 'False'
[0.781s] Level 5:colcon.colcon_core.verb:set package 'pwm_rec' build argument 'cmake_clean_first' from command line to 'False'
[0.781s] Level 5:colcon.colcon_core.verb:set package 'pwm_rec' build argument 'cmake_force_configure' from command line to 'False'
[0.781s] Level 5:colcon.colcon_core.verb:set package 'pwm_rec' build argument 'ament_cmake_args' from command line to 'None'
[0.782s] Level 5:colcon.colcon_core.verb:set package 'pwm_rec' build argument 'catkin_cmake_args' from command line to 'None'
[0.782s] Level 5:colcon.colcon_core.verb:set package 'pwm_rec' build argument 'catkin_skip_building_tests' from command line to 'False'
[0.782s] DEBUG:colcon.colcon_core.verb:Building package 'pwm_rec' with the following arguments: {'ament_cmake_args': None, 'build_base': '/home/epiibots/ros2_ws/build/pwm_rec', 'catkin_cmake_args': None, 'catkin_skip_building_tests': False, 'cmake_args': None, 'cmake_clean_cache': False, 'cmake_clean_first': False, 'cmake_force_configure': False, 'cmake_target': None, 'cmake_target_skip_unavailable': False, 'install_base': '/home/epiibots/ros2_ws/install/pwm_rec', 'merge_install': False, 'path': '/home/epiibots/ros2_ws/src/pwm_rec', 'symlink_install': False, 'test_result_base': None}
[0.782s] Level 5:colcon.colcon_core.verb:set package 'servo_steering' build argument 'cmake_args' from command line to 'None'
[0.782s] Level 5:colcon.colcon_core.verb:set package 'servo_steering' build argument 'cmake_target' from command line to 'None'
[0.782s] Level 5:colcon.colcon_core.verb:set package 'servo_steering' build argument 'cmake_target_skip_unavailable' from command line to 'False'
[0.782s] Level 5:colcon.colcon_core.verb:set package 'servo_steering' build argument 'cmake_clean_cache' from command line to 'False'
[0.782s] Level 5:colcon.colcon_core.verb:set package 'servo_steering' build argument 'cmake_clean_first' from command line to 'False'
[0.782s] Level 5:colcon.colcon_core.verb:set package 'servo_steering' build argument 'cmake_force_configure' from command line to 'False'
[0.782s] Level 5:colcon.colcon_core.verb:set package 'servo_steering' build argument 'ament_cmake_args' from command line to 'None'
[0.782s] Level 5:colcon.colcon_core.verb:set package 'servo_steering' build argument 'catkin_cmake_args' from command line to 'None'
[0.782s] Level 5:colcon.colcon_core.verb:set package 'servo_steering' build argument 'catkin_skip_building_tests' from command line to 'False'
[0.782s] DEBUG:colcon.colcon_core.verb:Building package 'servo_steering' with the following arguments: {'ament_cmake_args': None, 'build_base': '/home/epiibots/ros2_ws/build/servo_steering', 'catkin_cmake_args': None, 'catkin_skip_building_tests': False, 'cmake_args': None, 'cmake_clean_cache': False, 'cmake_clean_first': False, 'cmake_force_configure': False, 'cmake_target': None, 'cmake_target_skip_unavailable': False, 'install_base': '/home/epiibots/ros2_ws/install/servo_steering', 'merge_install': False, 'path': '/home/epiibots/ros2_ws/src/servo_steering', 'symlink_install': False, 'test_result_base': None}
[0.782s] Level 5:colcon.colcon_core.verb:set package 'sllidar_ros2' build argument 'cmake_args' from command line to 'None'
[0.782s] Level 5:colcon.colcon_core.verb:set package 'sllidar_ros2' build argument 'cmake_target' from command line to 'None'
[0.782s] Level 5:colcon.colcon_core.verb:set package 'sllidar_ros2' build argument 'cmake_target_skip_unavailable' from command line to 'False'
[0.782s] Level 5:colcon.colcon_core.verb:set package 'sllidar_ros2' build argument 'cmake_clean_cache' from command line to 'False'
[0.782s] Level 5:colcon.colcon_core.verb:set package 'sllidar_ros2' build argument 'cmake_clean_first' from command line to 'False'
[0.782s] Level 5:colcon.colcon_core.verb:set package 'sllidar_ros2' build argument 'cmake_force_configure' from command line to 'False'
[0.782s] Level 5:colcon.colcon_core.verb:set package 'sllidar_ros2' build argument 'ament_cmake_args' from command line to 'None'
[0.782s] Level 5:colcon.colcon_core.verb:set package 'sllidar_ros2' build argument 'catkin_cmake_args' from command line to 'None'
[0.782s] Level 5:colcon.colcon_core.verb:set package 'sllidar_ros2' build argument 'catkin_skip_building_tests' from command line to 'False'
[0.783s] DEBUG:colcon.colcon_core.verb:Building package 'sllidar_ros2' with the following arguments: {'ament_cmake_args': None, 'build_base': '/home/epiibots/ros2_ws/build/sllidar_ros2', 'catkin_cmake_args': None, 'catkin_skip_building_tests': False, 'cmake_args': None, 'cmake_clean_cache': False, 'cmake_clean_first': False, 'cmake_force_configure': False, 'cmake_target': None, 'cmake_target_skip_unavailable': False, 'install_base': '/home/epiibots/ros2_ws/install/sllidar_ros2', 'merge_install': False, 'path': '/home/epiibots/ros2_ws/src/sllidar_ros2', 'symlink_install': False, 'test_result_base': None}
[0.783s] Level 5:colcon.colcon_core.verb:set package 'controlegeral_carrinho' build argument 'cmake_args' from command line to 'None'
[0.783s] Level 5:colcon.colcon_core.verb:set package 'controlegeral_carrinho' build argument 'cmake_target' from command line to 'None'
[0.783s] Level 5:colcon.colcon_core.verb:set package 'controlegeral_carrinho' build argument 'cmake_target_skip_unavailable' from command line to 'False'
[0.783s] Level 5:colcon.colcon_core.verb:set package 'controlegeral_carrinho' build argument 'cmake_clean_cache' from command line to 'False'
[0.783s] Level 5:colcon.colcon_core.verb:set package 'controlegeral_carrinho' build argument 'cmake_clean_first' from command line to 'False'
[0.783s] Level 5:colcon.colcon_core.verb:set package 'controlegeral_carrinho' build argument 'cmake_force_configure' from command line to 'False'
[0.783s] Level 5:colcon.colcon_core.verb:set package 'controlegeral_carrinho' build argument 'ament_cmake_args' from command line to 'None'
[0.783s] Level 5:colcon.colcon_core.verb:set package 'controlegeral_carrinho' build argument 'catkin_cmake_args' from command line to 'None'
[0.783s] Level 5:colcon.colcon_core.verb:set package 'controlegeral_carrinho' build argument 'catkin_skip_building_tests' from command line to 'False'
[0.783s] DEBUG:colcon.colcon_core.verb:Building package 'controlegeral_carrinho' with the following arguments: {'ament_cmake_args': None, 'build_base': '/home/epiibots/ros2_ws/build/controlegeral_carrinho', 'catkin_cmake_args': None, 'catkin_skip_building_tests': False, 'cmake_args': None, 'cmake_clean_cache': False, 'cmake_clean_first': False, 'cmake_force_configure': False, 'cmake_target': None, 'cmake_target_skip_unavailable': False, 'install_base': '/home/epiibots/ros2_ws/install/controlegeral_carrinho', 'merge_install': False, 'path': '/home/epiibots/ros2_ws/src/controlegeral_carrinho', 'symlink_install': False, 'test_result_base': None}
[0.783s] Level 5:colcon.colcon_core.verb:set package 'micro_ros_agent' build argument 'cmake_args' from command line to 'None'
[0.783s] Level 5:colcon.colcon_core.verb:set package 'micro_ros_agent' build argument 'cmake_target' from command line to 'None'
[0.783s] Level 5:colcon.colcon_core.verb:set package 'micro_ros_agent' build argument 'cmake_target_skip_unavailable' from command line to 'False'
[0.783s] Level 5:colcon.colcon_core.verb:set package 'micro_ros_agent' build argument 'cmake_clean_cache' from command line to 'False'
[0.783s] Level 5:colcon.colcon_core.verb:set package 'micro_ros_agent' build argument 'cmake_clean_first' from command line to 'False'
[0.783s] Level 5:colcon.colcon_core.verb:set package 'micro_ros_agent' build argument 'cmake_force_configure' from command line to 'False'
[0.783s] Level 5:colcon.colcon_core.verb:set package 'micro_ros_agent' build argument 'ament_cmake_args' from command line to 'None'
[0.783s] Level 5:colcon.colcon_core.verb:set package 'micro_ros_agent' build argument 'catkin_cmake_args' from command line to 'None'
[0.783s] Level 5:colcon.colcon_core.verb:set package 'micro_ros_agent' build argument 'catkin_skip_building_tests' from command line to 'False'
[0.784s] DEBUG:colcon.colcon_core.verb:Building package 'micro_ros_agent' with the following arguments: {'ament_cmake_args': None, 'build_base': '/home/epiibots/ros2_ws/build/micro_ros_agent', 'catkin_cmake_args': None, 'catkin_skip_building_tests': False, 'cmake_args': None, 'cmake_clean_cache': False, 'cmake_clean_first': False, 'cmake_force_configure': False, 'cmake_target': None, 'cmake_target_skip_unavailable': False, 'install_base': '/home/epiibots/ros2_ws/install/micro_ros_agent', 'merge_install': False, 'path': '/home/epiibots/ros2_ws/src/uros/micro-ROS-Agent/micro_ros_agent', 'symlink_install': False, 'test_result_base': None}
[0.784s] INFO:colcon.colcon_core.executor:Executing jobs using 'parallel' executor
[0.785s] DEBUG:colcon.colcon_parallel_executor.executor.parallel:run_until_complete
[0.785s] INFO:colcon.colcon_ros.task.ament_python.build:Building ROS package in '/home/epiibots/ros2_ws/src/bno055' with build type 'ament_python'
[0.786s] Level 1:colcon.colcon_core.shell:create_environment_hook('bno055', 'ament_prefix_path')
[0.799s] INFO:colcon.colcon_core.plugin_system:Skipping extension 'colcon_core.shell.bat': Not used on non-Windows systems
[0.799s] INFO:colcon.colcon_core.shell:Creating environment hook '/home/epiibots/ros2_ws/install/bno055/share/bno055/hook/ament_prefix_path.ps1'
[0.801s] INFO:colcon.colcon_core.shell:Creating environment descriptor '/home/epiibots/ros2_ws/install/bno055/share/bno055/hook/ament_prefix_path.dsv'
[0.804s] INFO:colcon.colcon_core.shell:Creating environment hook '/home/epiibots/ros2_ws/install/bno055/share/bno055/hook/ament_prefix_path.sh'
[0.808s] INFO:colcon.colcon_core.shell:Skip shell extension 'powershell' for command environment: Not usable outside of PowerShell
[0.808s] DEBUG:colcon.colcon_core.shell:Skip shell extension 'dsv' for command environment
[0.816s] INFO:colcon.colcon_ros.task.ament_cmake.build:Building ROS package in '/home/epiibots/ros2_ws/src/uros/micro_ros_msgs' with build type 'ament_cmake'
[0.817s] INFO:colcon.colcon_cmake.task.cmake.build:Building CMake package in '/home/epiibots/ros2_ws/src/uros/micro_ros_msgs'
[0.817s] INFO:colcon.colcon_core.shell:Skip shell extension 'powershell' for command environment: Not usable outside of PowerShell
[0.817s] DEBUG:colcon.colcon_core.shell:Skip shell extension 'dsv' for command environment
[0.826s] INFO:colcon.colcon_ros.task.ament_cmake.build:Building ROS package in '/home/epiibots/ros2_ws/src/sllidar_ros2' with build type 'ament_cmake'
[0.826s] INFO:colcon.colcon_cmake.task.cmake.build:Building CMake package in '/home/epiibots/ros2_ws/src/sllidar_ros2'
[0.827s] INFO:colcon.colcon_core.shell:Skip shell extension 'powershell' for command environment: Not usable outside of PowerShell
[0.827s] DEBUG:colcon.colcon_core.shell:Skip shell extension 'dsv' for command environment
[0.833s] INFO:colcon.colcon_ros.task.ament_python.build:Building ROS package in '/home/epiibots/ros2_ws/src/calibration' with build type 'ament_python'
[0.833s] Level 1:colcon.colcon_core.shell:create_environment_hook('calibration', 'ament_prefix_path')
[0.834s] INFO:colcon.colcon_core.shell:Creating environment hook '/home/epiibots/ros2_ws/install/calibration/share/calibration/hook/ament_prefix_path.ps1'
[0.835s] INFO:colcon.colcon_core.shell:Creating environment descriptor '/home/epiibots/ros2_ws/install/calibration/share/calibration/hook/ament_prefix_path.dsv'
[0.835s] INFO:colcon.colcon_core.shell:Creating environment hook '/home/epiibots/ros2_ws/install/calibration/share/calibration/hook/ament_prefix_path.sh'
[0.837s] INFO:colcon.colcon_core.shell:Skip shell extension 'powershell' for command environment: Not usable outside of PowerShell
[0.837s] DEBUG:colcon.colcon_core.shell:Skip shell extension 'dsv' for command environment
[1.246s] INFO:colcon.colcon_core.task.python.build:Building Python package in '/home/epiibots/ros2_ws/src/bno055'
[1.247s] INFO:colcon.colcon_core.shell:Skip shell extension 'powershell' for command environment: Not usable outside of PowerShell
[1.247s] DEBUG:colcon.colcon_core.shell:Skip shell extension 'dsv' for command environment
[1.264s] DEBUG:colcon.colcon_core.event_handler.log_command:Invoking command in '/home/epiibots/ros2_ws/build/micro_ros_msgs': CMAKE_PREFIX_PATH=${CMAKE_PREFIX_PATH}:/home/epiibots/ros2_ws/install/controlegeral_carrinho:/home/epiibots/ros2_ws/install/servo_steering:/home/epiibots/ros2_ws/install/pwm_rec:/home/epiibots/ros2_ws/install/lidar_teste:/home/epiibots/ros2_ws/install/detector:/home/epiibots/ros2_ws/install/carrinho_base:/home/epiibots/ros2_ws/install/calibration:/home/epiibots/ros2_ws/install/bno055:/opt/ros/jazzy DEBUGINFOD_URLS=https://debuginfod.ubuntu.com /usr/bin/cmake --build /home/epiibots/ros2_ws/build/micro_ros_msgs -- -j4 -l4
[1.279s] DEBUG:colcon.colcon_core.event_handler.log_command:Invoking command in '/home/epiibots/ros2_ws/build/sllidar_ros2': CMAKE_PREFIX_PATH=${CMAKE_PREFIX_PATH}:/home/epiibots/ros2_ws/install/controlegeral_carrinho:/home/epiibots/ros2_ws/install/servo_steering:/home/epiibots/ros2_ws/install/pwm_rec:/home/epiibots/ros2_ws/install/lidar_teste:/home/epiibots/ros2_ws/install/detector:/home/epiibots/ros2_ws/install/carrinho_base:/home/epiibots/ros2_ws/install/calibration:/home/epiibots/ros2_ws/install/bno055:/opt/ros/jazzy DEBUGINFOD_URLS=https://debuginfod.ubuntu.com /usr/bin/cmake --build /home/epiibots/ros2_ws/build/sllidar_ros2 -- -j4 -l4
[1.813s] INFO:colcon.colcon_core.task.python.build:Building Python package in '/home/epiibots/ros2_ws/src/calibration'
[1.814s] INFO:colcon.colcon_core.shell:Skip shell extension 'powershell' for command environment: Not usable outside of PowerShell
[1.814s] DEBUG:colcon.colcon_core.shell:Skip shell extension 'dsv' for command environment
[2.084s] DEBUG:colcon.colcon_core.event_handler.log_command:Invoked command in '/home/epiibots/ros2_ws/build/sllidar_ros2' returned '0': CMAKE_PREFIX_PATH=${CMAKE_PREFIX_PATH}:/home/epiibots/ros2_ws/install/controlegeral_carrinho:/home/epiibots/ros2_ws/install/servo_steering:/home/epiibots/ros2_ws/install/pwm_rec:/home/epiibots/ros2_ws/install/lidar_teste:/home/epiibots/ros2_ws/install/detector:/home/epiibots/ros2_ws/install/carrinho_base:/home/epiibots/ros2_ws/install/calibration:/home/epiibots/ros2_ws/install/bno055:/opt/ros/jazzy DEBUGINFOD_URLS=https://debuginfod.ubuntu.com /usr/bin/cmake --build /home/epiibots/ros2_ws/build/sllidar_ros2 -- -j4 -l4
[2.155s] DEBUG:colcon.colcon_core.event_handler.log_command:Invoking command in '/home/epiibots/ros2_ws/build/sllidar_ros2': CMAKE_PREFIX_PATH=${CMAKE_PREFIX_PATH}:/home/epiibots/ros2_ws/install/controlegeral_carrinho:/home/epiibots/ros2_ws/install/servo_steering:/home/epiibots/ros2_ws/install/pwm_rec:/home/epiibots/ros2_ws/install/lidar_teste:/home/epiibots/ros2_ws/install/detector:/home/epiibots/ros2_ws/install/carrinho_base:/home/epiibots/ros2_ws/install/calibration:/home/epiibots/ros2_ws/install/bno055:/opt/ros/jazzy DEBUGINFOD_URLS=https://debuginfod.ubuntu.com /usr/bin/cmake --install /home/epiibots/ros2_ws/build/sllidar_ros2
[2.414s] Level 1:colcon.colcon_core.environment:create_environment_scripts_only(sllidar_ros2)
[2.418s] DEBUG:colcon.colcon_core.event_handler.log_command:Invoked command in '/home/epiibots/ros2_ws/build/sllidar_ros2' returned '0': CMAKE_PREFIX_PATH=${CMAKE_PREFIX_PATH}:/home/epiibots/ros2_ws/install/controlegeral_carrinho:/home/epiibots/ros2_ws/install/servo_steering:/home/epiibots/ros2_ws/install/pwm_rec:/home/epiibots/ros2_ws/install/lidar_teste:/home/epiibots/ros2_ws/install/detector:/home/epiibots/ros2_ws/install/carrinho_base:/home/epiibots/ros2_ws/install/calibration:/home/epiibots/ros2_ws/install/bno055:/opt/ros/jazzy DEBUGINFOD_URLS=https://debuginfod.ubuntu.com /usr/bin/cmake --install /home/epiibots/ros2_ws/build/sllidar_ros2
[2.445s] Level 1:colcon.colcon_core.environment:checking '/home/epiibots/ros2_ws/install/sllidar_ros2' for CMake module files
[2.447s] Level 1:colcon.colcon_core.environment:checking '/home/epiibots/ros2_ws/install/sllidar_ros2' for CMake config files
[2.452s] Level 1:colcon.colcon_core.shell:create_environment_hook('sllidar_ros2', 'cmake_prefix_path')
[2.453s] INFO:colcon.colcon_core.shell:Creating environment hook '/home/epiibots/ros2_ws/install/sllidar_ros2/share/sllidar_ros2/hook/cmake_prefix_path.ps1'
[2.460s] INFO:colcon.colcon_core.shell:Creating environment descriptor '/home/epiibots/ros2_ws/install/sllidar_ros2/share/sllidar_ros2/hook/cmake_prefix_path.dsv'
[2.461s] INFO:colcon.colcon_core.shell:Creating environment hook '/home/epiibots/ros2_ws/install/sllidar_ros2/share/sllidar_ros2/hook/cmake_prefix_path.sh'
[2.464s] Level 1:colcon.colcon_core.environment:checking '/home/epiibots/ros2_ws/install/sllidar_ros2/lib'
[2.466s] Level 1:colcon.colcon_core.environment:checking '/home/epiibots/ros2_ws/install/sllidar_ros2/bin'
[2.466s] Level 1:colcon.colcon_core.environment:checking '/home/epiibots/ros2_ws/install/sllidar_ros2/lib/pkgconfig/sllidar_ros2.pc'
[2.466s] Level 1:colcon.colcon_core.environment:checking '/home/epiibots/ros2_ws/install/sllidar_ros2/lib/python3.12/site-packages'
[2.470s] Level 1:colcon.colcon_core.environment:checking '/home/epiibots/ros2_ws/install/sllidar_ros2/bin'
[2.471s] INFO:colcon.colcon_core.shell:Creating package script '/home/epiibots/ros2_ws/install/sllidar_ros2/share/sllidar_ros2/package.ps1'
[2.476s] INFO:colcon.colcon_core.shell:Creating package descriptor '/home/epiibots/ros2_ws/install/sllidar_ros2/share/sllidar_ros2/package.dsv'
[2.481s] INFO:colcon.colcon_core.shell:Creating package script '/home/epiibots/ros2_ws/install/sllidar_ros2/share/sllidar_ros2/package.sh'
[2.483s] INFO:colcon.colcon_core.shell:Creating package script '/home/epiibots/ros2_ws/install/sllidar_ros2/share/sllidar_ros2/package.bash'
[2.490s] INFO:colcon.colcon_core.shell:Creating package script '/home/epiibots/ros2_ws/install/sllidar_ros2/share/sllidar_ros2/package.zsh'
[2.493s] Level 1:colcon.colcon_core.environment:create_file_with_runtime_dependencies(/home/epiibots/ros2_ws/install/sllidar_ros2/share/colcon-core/packages/sllidar_ros2)
[2.494s] Level 1:colcon.colcon_core.environment:create_environment_scripts_only(sllidar_ros2)
[2.495s] Level 1:colcon.colcon_core.environment:checking '/home/epiibots/ros2_ws/install/sllidar_ros2' for CMake module files
[2.496s] Level 1:colcon.colcon_core.environment:checking '/home/epiibots/ros2_ws/install/sllidar_ros2' for CMake config files
[2.496s] Level 1:colcon.colcon_core.shell:create_environment_hook('sllidar_ros2', 'cmake_prefix_path')
[2.497s] INFO:colcon.colcon_core.shell:Creating environment hook '/home/epiibots/ros2_ws/install/sllidar_ros2/share/sllidar_ros2/hook/cmake_prefix_path.ps1'
[2.497s] INFO:colcon.colcon_core.shell:Creating environment descriptor '/home/epiibots/ros2_ws/install/sllidar_ros2/share/sllidar_ros2/hook/cmake_prefix_path.dsv'
[2.500s] INFO:colcon.colcon_core.shell:Creating environment hook '/home/epiibots/ros2_ws/install/sllidar_ros2/share/sllidar_ros2/hook/cmake_prefix_path.sh'
[2.503s] Level 1:colcon.colcon_core.environment:checking '/home/epiibots/ros2_ws/install/sllidar_ros2/lib'
[2.503s] Level 1:colcon.colcon_core.environment:checking '/home/epiibots/ros2_ws/install/sllidar_ros2/bin'
[2.503s] Level 1:colcon.colcon_core.environment:checking '/home/epiibots/ros2_ws/install/sllidar_ros2/lib/pkgconfig/sllidar_ros2.pc'
[2.504s] Level 1:colcon.colcon_core.environment:checking '/home/epiibots/ros2_ws/install/sllidar_ros2/lib/python3.12/site-packages'
[2.504s] Level 1:colcon.colcon_core.environment:checking '/home/epiibots/ros2_ws/install/sllidar_ros2/bin'
[2.504s] INFO:colcon.colcon_core.shell:Creating package script '/home/epiibots/ros2_ws/install/sllidar_ros2/share/sllidar_ros2/package.ps1'
[2.509s] INFO:colcon.colcon_core.shell:Creating package descriptor '/home/epiibots/ros2_ws/install/sllidar_ros2/share/sllidar_ros2/package.dsv'
[2.512s] INFO:colcon.colcon_core.shell:Creating package script '/home/epiibots/ros2_ws/install/sllidar_ros2/share/sllidar_ros2/package.sh'
[2.513s] INFO:colcon.colcon_core.shell:Creating package script '/home/epiibots/ros2_ws/install/sllidar_ros2/share/sllidar_ros2/package.bash'
[2.514s] INFO:colcon.colcon_core.shell:Creating package script '/home/epiibots/ros2_ws/install/sllidar_ros2/share/sllidar_ros2/package.zsh'
[2.517s] Level 1:colcon.colcon_core.environment:create_file_with_runtime_dependencies(/home/epiibots/ros2_ws/install/sllidar_ros2/share/colcon-core/packages/sllidar_ros2)
[2.521s] INFO:colcon.colcon_ros.task.ament_python.build:Building ROS package in '/home/epiibots/ros2_ws/src/carrinho_base' with build type 'ament_python'
[2.522s] Level 1:colcon.colcon_core.shell:create_environment_hook('carrinho_base', 'ament_prefix_path')
[2.522s] INFO:colcon.colcon_core.shell:Creating environment hook '/home/epiibots/ros2_ws/install/carrinho_base/share/carrinho_base/hook/ament_prefix_path.ps1'
[2.526s] INFO:colcon.colcon_core.shell:Creating environment descriptor '/home/epiibots/ros2_ws/install/carrinho_base/share/carrinho_base/hook/ament_prefix_path.dsv'
[2.528s] INFO:colcon.colcon_core.shell:Creating environment hook '/home/epiibots/ros2_ws/install/carrinho_base/share/carrinho_base/hook/ament_prefix_path.sh'
[2.529s] INFO:colcon.colcon_core.shell:Skip shell extension 'powershell' for command environment: Not usable outside of PowerShell
[2.529s] DEBUG:colcon.colcon_core.shell:Skip shell extension 'dsv' for command environment
[3.245s] INFO:colcon.colcon_core.task.python.build:Building Python package in '/home/epiibots/ros2_ws/src/carrinho_base'
[3.246s] INFO:colcon.colcon_core.shell:Skip shell extension 'powershell' for command environment: Not usable outside of PowerShell
[3.246s] DEBUG:colcon.colcon_core.shell:Skip shell extension 'dsv' for command environment
[3.255s] DEBUG:colcon.colcon_core.event_handler.log_command:Invoked command in '/home/epiibots/ros2_ws/build/micro_ros_msgs' returned '0': CMAKE_PREFIX_PATH=${CMAKE_PREFIX_PATH}:/home/epiibots/ros2_ws/install/controlegeral_carrinho:/home/epiibots/ros2_ws/install/servo_steering:/home/epiibots/ros2_ws/install/pwm_rec:/home/epiibots/ros2_ws/install/lidar_teste:/home/epiibots/ros2_ws/install/detector:/home/epiibots/ros2_ws/install/carrinho_base:/home/epiibots/ros2_ws/install/calibration:/home/epiibots/ros2_ws/install/bno055:/opt/ros/jazzy DEBUGINFOD_URLS=https://debuginfod.ubuntu.com /usr/bin/cmake --build /home/epiibots/ros2_ws/build/micro_ros_msgs -- -j4 -l4
[3.265s] DEBUG:colcon.colcon_core.event_handler.log_command:Invoking command in '/home/epiibots/ros2_ws/build/micro_ros_msgs': CMAKE_PREFIX_PATH=${CMAKE_PREFIX_PATH}:/home/epiibots/ros2_ws/install/controlegeral_carrinho:/home/epiibots/ros2_ws/install/servo_steering:/home/epiibots/ros2_ws/install/pwm_rec:/home/epiibots/ros2_ws/install/lidar_teste:/home/epiibots/ros2_ws/install/detector:/home/epiibots/ros2_ws/install/carrinho_base:/home/epiibots/ros2_ws/install/calibration:/home/epiibots/ros2_ws/install/bno055:/opt/ros/jazzy DEBUGINFOD_URLS=https://debuginfod.ubuntu.com /usr/bin/cmake --install /home/epiibots/ros2_ws/build/micro_ros_msgs
[3.559s] Level 1:colcon.colcon_core.environment:create_environment_scripts_only(micro_ros_msgs)
[3.560s] Level 1:colcon.colcon_core.environment:checking '/home/epiibots/ros2_ws/install/micro_ros_msgs' for CMake module files
[3.561s] DEBUG:colcon.colcon_core.event_handler.log_command:Invoked command in '/home/epiibots/ros2_ws/build/micro_ros_msgs' returned '0': CMAKE_PREFIX_PATH=${CMAKE_PREFIX_PATH}:/home/epiibots/ros2_ws/install/controlegeral_carrinho:/home/epiibots/ros2_ws/install/servo_steering:/home/epiibots/ros2_ws/install/pwm_rec:/home/epiibots/ros2_ws/install/lidar_teste:/home/epiibots/ros2_ws/install/detector:/home/epiibots/ros2_ws/install/carrinho_base:/home/epiibots/ros2_ws/install/calibration:/home/epiibots/ros2_ws/install/bno055:/opt/ros/jazzy DEBUGINFOD_URLS=https://debuginfod.ubuntu.com /usr/bin/cmake --install /home/epiibots/ros2_ws/build/micro_ros_msgs
[3.563s] Level 1:colcon.colcon_core.environment:checking '/home/epiibots/ros2_ws/install/micro_ros_msgs' for CMake config files
[3.564s] Level 1:colcon.colcon_core.shell:create_environment_hook('micro_ros_msgs', 'cmake_prefix_path')
[3.564s] INFO:colcon.colcon_core.shell:Creating environment hook '/home/epiibots/ros2_ws/install/micro_ros_msgs/share/micro_ros_msgs/hook/cmake_prefix_path.ps1'
[3.566s] INFO:colcon.colcon_core.shell:Creating environment descriptor '/home/epiibots/ros2_ws/install/micro_ros_msgs/share/micro_ros_msgs/hook/cmake_prefix_path.dsv'
[3.567s] INFO:colcon.colcon_core.shell:Creating environment hook '/home/epiibots/ros2_ws/install/micro_ros_msgs/share/micro_ros_msgs/hook/cmake_prefix_path.sh'
[3.569s] Level 1:colcon.colcon_core.environment:checking '/home/epiibots/ros2_ws/install/micro_ros_msgs/lib'
[3.569s] Level 1:colcon.colcon_core.shell:create_environment_hook('micro_ros_msgs', 'ld_library_path_lib')
[3.569s] INFO:colcon.colcon_core.shell:Creating environment hook '/home/epiibots/ros2_ws/install/micro_ros_msgs/share/micro_ros_msgs/hook/ld_library_path_lib.ps1'
[3.571s] INFO:colcon.colcon_core.shell:Creating environment descriptor '/home/epiibots/ros2_ws/install/micro_ros_msgs/share/micro_ros_msgs/hook/ld_library_path_lib.dsv'
[3.572s] INFO:colcon.colcon_core.shell:Creating environment hook '/home/epiibots/ros2_ws/install/micro_ros_msgs/share/micro_ros_msgs/hook/ld_library_path_lib.sh'
[3.573s] Level 1:colcon.colcon_core.environment:checking '/home/epiibots/ros2_ws/install/micro_ros_msgs/bin'
[3.573s] Level 1:colcon.colcon_core.environment:checking '/home/epiibots/ros2_ws/install/micro_ros_msgs/lib/pkgconfig/micro_ros_msgs.pc'
[3.574s] Level 1:colcon.colcon_core.environment:checking '/home/epiibots/ros2_ws/install/micro_ros_msgs/lib/python3.12/site-packages'
[3.574s] Level 1:colcon.colcon_core.shell:create_environment_hook('micro_ros_msgs', 'pythonpath')
[3.574s] INFO:colcon.colcon_core.shell:Creating environment hook '/home/epiibots/ros2_ws/install/micro_ros_msgs/share/micro_ros_msgs/hook/pythonpath.ps1'
[3.576s] INFO:colcon.colcon_core.shell:Creating environment descriptor '/home/epiibots/ros2_ws/install/micro_ros_msgs/share/micro_ros_msgs/hook/pythonpath.dsv'
[3.577s] INFO:colcon.colcon_core.shell:Creating environment hook '/home/epiibots/ros2_ws/install/micro_ros_msgs/share/micro_ros_msgs/hook/pythonpath.sh'
[3.579s] Level 1:colcon.colcon_core.environment:checking '/home/epiibots/ros2_ws/install/micro_ros_msgs/bin'
[3.580s] INFO:colcon.colcon_core.shell:Creating package script '/home/epiibots/ros2_ws/install/micro_ros_msgs/share/micro_ros_msgs/package.ps1'
[3.582s] INFO:colcon.colcon_core.shell:Creating package descriptor '/home/epiibots/ros2_ws/install/micro_ros_msgs/share/micro_ros_msgs/package.dsv'
[3.584s] INFO:colcon.colcon_core.shell:Creating package script '/home/epiibots/ros2_ws/install/micro_ros_msgs/share/micro_ros_msgs/package.sh'
[3.585s] INFO:colcon.colcon_core.shell:Creating package script '/home/epiibots/ros2_ws/install/micro_ros_msgs/share/micro_ros_msgs/package.bash'
[3.586s] INFO:colcon.colcon_core.shell:Creating package script '/home/epiibots/ros2_ws/install/micro_ros_msgs/share/micro_ros_msgs/package.zsh'
[3.588s] Level 1:colcon.colcon_core.environment:create_file_with_runtime_dependencies(/home/epiibots/ros2_ws/install/micro_ros_msgs/share/colcon-core/packages/micro_ros_msgs)
[3.590s] Level 1:colcon.colcon_core.environment:create_environment_scripts_only(micro_ros_msgs)
[3.590s] Level 1:colcon.colcon_core.environment:checking '/home/epiibots/ros2_ws/install/micro_ros_msgs' for CMake module files
[3.592s] Level 1:colcon.colcon_core.environment:checking '/home/epiibots/ros2_ws/install/micro_ros_msgs' for CMake config files
[3.593s] Level 1:colcon.colcon_core.shell:create_environment_hook('micro_ros_msgs', 'cmake_prefix_path')
[3.594s] INFO:colcon.colcon_core.shell:Creating environment hook '/home/epiibots/ros2_ws/install/micro_ros_msgs/share/micro_ros_msgs/hook/cmake_prefix_path.ps1'
[3.595s] INFO:colcon.colcon_core.shell:Creating environment descriptor '/home/epiibots/ros2_ws/install/micro_ros_msgs/share/micro_ros_msgs/hook/cmake_prefix_path.dsv'
[3.596s] INFO:colcon.colcon_core.shell:Creating environment hook '/home/epiibots/ros2_ws/install/micro_ros_msgs/share/micro_ros_msgs/hook/cmake_prefix_path.sh'
[3.598s] Level 1:colcon.colcon_core.environment:checking '/home/epiibots/ros2_ws/install/micro_ros_msgs/lib'
[3.598s] Level 1:colcon.colcon_core.shell:create_environment_hook('micro_ros_msgs', 'ld_library_path_lib')
[3.599s] INFO:colcon.colcon_core.shell:Creating environment hook '/home/epiibots/ros2_ws/install/micro_ros_msgs/share/micro_ros_msgs/hook/ld_library_path_lib.ps1'
[3.600s] INFO:colcon.colcon_core.shell:Creating environment descriptor '/home/epiibots/ros2_ws/install/micro_ros_msgs/share/micro_ros_msgs/hook/ld_library_path_lib.dsv'
[3.601s] INFO:colcon.colcon_core.shell:Creating environment hook '/home/epiibots/ros2_ws/install/micro_ros_msgs/share/micro_ros_msgs/hook/ld_library_path_lib.sh'
[3.602s] Level 1:colcon.colcon_core.environment:checking '/home/epiibots/ros2_ws/install/micro_ros_msgs/bin'
[3.602s] Level 1:colcon.colcon_core.environment:checking '/home/epiibots/ros2_ws/install/micro_ros_msgs/lib/pkgconfig/micro_ros_msgs.pc'
[3.603s] Level 1:colcon.colcon_core.environment:checking '/home/epiibots/ros2_ws/install/micro_ros_msgs/lib/python3.12/site-packages'
[3.603s] Level 1:colcon.colcon_core.shell:create_environment_hook('micro_ros_msgs', 'pythonpath')
[3.604s] INFO:colcon.colcon_core.shell:Creating environment hook '/home/epiibots/ros2_ws/install/micro_ros_msgs/share/micro_ros_msgs/hook/pythonpath.ps1'
[3.606s] INFO:colcon.colcon_core.shell:Creating environment descriptor '/home/epiibots/ros2_ws/install/micro_ros_msgs/share/micro_ros_msgs/hook/pythonpath.dsv'
[3.607s] INFO:colcon.colcon_core.shell:Creating environment hook '/home/epiibots/ros2_ws/install/micro_ros_msgs/share/micro_ros_msgs/hook/pythonpath.sh'
[3.609s] Level 1:colcon.colcon_core.environment:checking '/home/epiibots/ros2_ws/install/micro_ros_msgs/bin'
[3.610s] INFO:colcon.colcon_core.shell:Creating package script '/home/epiibots/ros2_ws/install/micro_ros_msgs/share/micro_ros_msgs/package.ps1'
[3.612s] INFO:colcon.colcon_core.shell:Creating package descriptor '/home/epiibots/ros2_ws/install/micro_ros_msgs/share/micro_ros_msgs/package.dsv'
[3.614s] INFO:colcon.colcon_core.shell:Creating package script '/home/epiibots/ros2_ws/install/micro_ros_msgs/share/micro_ros_msgs/package.sh'
[3.616s] INFO:colcon.colcon_core.shell:Creating package script '/home/epiibots/ros2_ws/install/micro_ros_msgs/share/micro_ros_msgs/package.bash'
[3.618s] INFO:colcon.colcon_core.shell:Creating package script '/home/epiibots/ros2_ws/install/micro_ros_msgs/share/micro_ros_msgs/package.zsh'
[3.619s] Level 1:colcon.colcon_core.environment:create_file_with_runtime_dependencies(/home/epiibots/ros2_ws/install/micro_ros_msgs/share/colcon-core/packages/micro_ros_msgs)
[3.620s] INFO:colcon.colcon_ros.task.ament_python.build:Building ROS package in '/home/epiibots/ros2_ws/src/detector' with build type 'ament_python'
[3.620s] Level 1:colcon.colcon_core.shell:create_environment_hook('detector', 'ament_prefix_path')
[3.621s] INFO:colcon.colcon_core.shell:Creating environment hook '/home/epiibots/ros2_ws/install/detector/share/detector/hook/ament_prefix_path.ps1'
[3.625s] INFO:colcon.colcon_core.shell:Creating environment descriptor '/home/epiibots/ros2_ws/install/detector/share/detector/hook/ament_prefix_path.dsv'
[3.626s] INFO:colcon.colcon_core.shell:Creating environment hook '/home/epiibots/ros2_ws/install/detector/share/detector/hook/ament_prefix_path.sh'
[3.628s] INFO:colcon.colcon_core.shell:Skip shell extension 'powershell' for command environment: Not usable outside of PowerShell
[3.628s] DEBUG:colcon.colcon_core.shell:Skip shell extension 'dsv' for command environment
[4.241s] INFO:colcon.colcon_core.task.python.build:Building Python package in '/home/epiibots/ros2_ws/src/detector'
[4.242s] INFO:colcon.colcon_core.shell:Skip shell extension 'powershell' for command environment: Not usable outside of PowerShell
[4.242s] DEBUG:colcon.colcon_core.shell:Skip shell extension 'dsv' for command environment
[4.792s] DEBUG:colcon.colcon_core.event_handler.log_command:Invoking command in '/home/epiibots/ros2_ws/src/bno055': DEBUGINFOD_URLS=https://debuginfod.ubuntu.com PYTHONPATH=/home/epiibots/ros2_ws/build/bno055/prefix_override:/usr/lib/python3/dist-packages/colcon_core/task/python/colcon_distutils_commands:/home/epiibots/ros2_ws/install/bno055/lib/python3.12/site-packages:${PYTHONPATH} /usr/bin/python3 -W ignore:setup.py install is deprecated -W ignore:easy_install command is deprecated setup.py egg_info --egg-base ../../build/bno055 build --build-base /home/epiibots/ros2_ws/build/bno055/build install --record /home/epiibots/ros2_ws/build/bno055/install.log --single-version-externally-managed install_data
[4.808s] DEBUG:colcon.colcon_core.event_handler.log_command:Invoking command in '/home/epiibots/ros2_ws/src/calibration': DEBUGINFOD_URLS=https://debuginfod.ubuntu.com PYTHONPATH=/home/epiibots/ros2_ws/build/calibration/prefix_override:/usr/lib/python3/dist-packages/colcon_core/task/python/colcon_distutils_commands:/home/epiibots/ros2_ws/install/calibration/lib/python3.12/site-packages:${PYTHONPATH} /usr/bin/python3 -W ignore:setup.py install is deprecated -W ignore:easy_install command is deprecated setup.py egg_info --egg-base ../../build/calibration build --build-base /home/epiibots/ros2_ws/build/calibration/build install --record /home/epiibots/ros2_ws/build/calibration/install.log --single-version-externally-managed install_data
[5.002s] DEBUG:colcon.colcon_core.event_handler.log_command:Invoking command in '/home/epiibots/ros2_ws/src/carrinho_base': DEBUGINFOD_URLS=https://debuginfod.ubuntu.com PYTHONPATH=/home/epiibots/ros2_ws/build/carrinho_base/prefix_override:/usr/lib/python3/dist-packages/colcon_core/task/python/colcon_distutils_commands:/home/epiibots/ros2_ws/install/carrinho_base/lib/python3.12/site-packages:${PYTHONPATH} /usr/bin/python3 -W ignore:setup.py install is deprecated -W ignore:easy_install command is deprecated setup.py egg_info --egg-base ../../build/carrinho_base build --build-base /home/epiibots/ros2_ws/build/carrinho_base/build install --record /home/epiibots/ros2_ws/build/carrinho_base/install.log --single-version-externally-managed install_data
[6.114s] DEBUG:colcon.colcon_core.event_handler.log_command:Invoking command in '/home/epiibots/ros2_ws/src/detector': DEBUGINFOD_URLS=https://debuginfod.ubuntu.com PYTHONPATH=/home/epiibots/ros2_ws/build/detector/prefix_override:/usr/lib/python3/dist-packages/colcon_core/task/python/colcon_distutils_commands:/home/epiibots/ros2_ws/install/detector/lib/python3.12/site-packages:${PYTHONPATH} /usr/bin/python3 -W ignore:setup.py install is deprecated -W ignore:easy_install command is deprecated setup.py egg_info --egg-base ../../build/detector build --build-base /home/epiibots/ros2_ws/build/detector/build install --record /home/epiibots/ros2_ws/build/detector/install.log --single-version-externally-managed install_data
[6.413s] Level 1:colcon.colcon_core.environment:checking '/home/epiibots/ros2_ws/install/bno055' for CMake module files
[6.414s] Level 1:colcon.colcon_core.environment:checking '/home/epiibots/ros2_ws/install/bno055' for CMake config files
[6.415s] Level 1:colcon.colcon_core.environment:checking '/home/epiibots/ros2_ws/install/bno055/lib'
[6.418s] Level 1:colcon.colcon_core.environment:checking '/home/epiibots/ros2_ws/install/bno055/bin'
[6.419s] Level 1:colcon.colcon_core.environment:checking '/home/epiibots/ros2_ws/install/bno055/lib/pkgconfig/bno055.pc'
[6.419s] Level 1:colcon.colcon_core.environment:checking '/home/epiibots/ros2_ws/install/bno055/lib/python3.12/site-packages'
[6.419s] Level 1:colcon.colcon_core.shell:create_environment_hook('bno055', 'pythonpath')
[6.420s] INFO:colcon.colcon_core.shell:Creating environment hook '/home/epiibots/ros2_ws/install/bno055/share/bno055/hook/pythonpath.ps1'
[6.421s] INFO:colcon.colcon_core.shell:Creating environment descriptor '/home/epiibots/ros2_ws/install/bno055/share/bno055/hook/pythonpath.dsv'
[6.415s] DEBUG:colcon.colcon_core.event_handler.log_command:Invoked command in '/home/epiibots/ros2_ws/src/bno055' returned '0': DEBUGINFOD_URLS=https://debuginfod.ubuntu.com PYTHONPATH=/home/epiibots/ros2_ws/build/bno055/prefix_override:/usr/lib/python3/dist-packages/colcon_core/task/python/colcon_distutils_commands:/home/epiibots/ros2_ws/install/bno055/lib/python3.12/site-packages:${PYTHONPATH} /usr/bin/python3 -W ignore:setup.py install is deprecated -W ignore:easy_install command is deprecated setup.py egg_info --egg-base ../../build/bno055 build --build-base /home/epiibots/ros2_ws/build/bno055/build install --record /home/epiibots/ros2_ws/build/bno055/install.log --single-version-externally-managed install_data
[6.425s] INFO:colcon.colcon_core.shell:Creating environment hook '/home/epiibots/ros2_ws/install/bno055/share/bno055/hook/pythonpath.sh'
[6.428s] Level 1:colcon.colcon_core.environment:checking '/home/epiibots/ros2_ws/install/bno055/bin'
[6.428s] Level 1:colcon.colcon_core.environment:create_environment_scripts_only(bno055)
[6.429s] INFO:colcon.colcon_core.shell:Creating package script '/home/epiibots/ros2_ws/install/bno055/share/bno055/package.ps1'
[6.431s] INFO:colcon.colcon_core.shell:Creating package descriptor '/home/epiibots/ros2_ws/install/bno055/share/bno055/package.dsv'
[6.434s] INFO:colcon.colcon_core.shell:Creating package script '/home/epiibots/ros2_ws/install/bno055/share/bno055/package.sh'
[6.436s] INFO:colcon.colcon_core.shell:Creating package script '/home/epiibots/ros2_ws/install/bno055/share/bno055/package.bash'
[6.439s] INFO:colcon.colcon_core.shell:Creating package script '/home/epiibots/ros2_ws/install/bno055/share/bno055/package.zsh'
[6.444s] Level 1:colcon.colcon_core.environment:create_file_with_runtime_dependencies(/home/epiibots/ros2_ws/install/bno055/share/colcon-core/packages/bno055)
[6.447s] INFO:colcon.colcon_ros.task.ament_cmake.build:Building ROS package in '/home/epiibots/ros2_ws/src/uros/drive_base/drive_base_msgs' with build type 'ament_cmake'
[6.447s] INFO:colcon.colcon_cmake.task.cmake.build:Building CMake package in '/home/epiibots/ros2_ws/src/uros/drive_base/drive_base_msgs'
[6.448s] INFO:colcon.colcon_core.shell:Skip shell extension 'powershell' for command environment: Not usable outside of PowerShell
[6.449s] DEBUG:colcon.colcon_core.shell:Skip shell extension 'dsv' for command environment
[6.500s] DEBUG:colcon.colcon_core.event_handler.log_command:Invoking command in '/home/epiibots/ros2_ws/build/drive_base_msgs': CMAKE_PREFIX_PATH=${CMAKE_PREFIX_PATH}:/home/epiibots/ros2_ws/install/controlegeral_carrinho:/home/epiibots/ros2_ws/install/servo_steering:/home/epiibots/ros2_ws/install/pwm_rec:/home/epiibots/ros2_ws/install/lidar_teste:/home/epiibots/ros2_ws/install/detector:/home/epiibots/ros2_ws/install/carrinho_base:/home/epiibots/ros2_ws/install/calibration:/home/epiibots/ros2_ws/install/bno055:/opt/ros/jazzy DEBUGINFOD_URLS=https://debuginfod.ubuntu.com /usr/bin/cmake --build /home/epiibots/ros2_ws/build/drive_base_msgs -- -j4 -l4
[6.541s] Level 1:colcon.colcon_core.environment:checking '/home/epiibots/ros2_ws/install/calibration' for CMake module files
[6.542s] Level 1:colcon.colcon_core.environment:checking '/home/epiibots/ros2_ws/install/calibration' for CMake config files
[6.544s] DEBUG:colcon.colcon_core.event_handler.log_command:Invoked command in '/home/epiibots/ros2_ws/src/calibration' returned '0': DEBUGINFOD_URLS=https://debuginfod.ubuntu.com PYTHONPATH=/home/epiibots/ros2_ws/build/calibration/prefix_override:/usr/lib/python3/dist-packages/colcon_core/task/python/colcon_distutils_commands:/home/epiibots/ros2_ws/install/calibration/lib/python3.12/site-packages:${PYTHONPATH} /usr/bin/python3 -W ignore:setup.py install is deprecated -W ignore:easy_install command is deprecated setup.py egg_info --egg-base ../../build/calibration build --build-base /home/epiibots/ros2_ws/build/calibration/build install --record /home/epiibots/ros2_ws/build/calibration/install.log --single-version-externally-managed install_data
[6.545s] Level 1:colcon.colcon_core.environment:checking '/home/epiibots/ros2_ws/install/calibration/lib'
[6.545s] Level 1:colcon.colcon_core.environment:checking '/home/epiibots/ros2_ws/install/calibration/bin'
[6.545s] Level 1:colcon.colcon_core.environment:checking '/home/epiibots/ros2_ws/install/calibration/lib/pkgconfig/calibration.pc'
[6.546s] Level 1:colcon.colcon_core.environment:checking '/home/epiibots/ros2_ws/install/calibration/lib/python3.12/site-packages'
[6.546s] Level 1:colcon.colcon_core.shell:create_environment_hook('calibration', 'pythonpath')
[6.547s] INFO:colcon.colcon_core.shell:Creating environment hook '/home/epiibots/ros2_ws/install/calibration/share/calibration/hook/pythonpath.ps1'
[6.548s] INFO:colcon.colcon_core.shell:Creating environment descriptor '/home/epiibots/ros2_ws/install/calibration/share/calibration/hook/pythonpath.dsv'
[6.549s] INFO:colcon.colcon_core.shell:Creating environment hook '/home/epiibots/ros2_ws/install/calibration/share/calibration/hook/pythonpath.sh'
[6.552s] Level 1:colcon.colcon_core.environment:checking '/home/epiibots/ros2_ws/install/calibration/bin'
[6.552s] Level 1:colcon.colcon_core.environment:create_environment_scripts_only(calibration)
[6.553s] INFO:colcon.colcon_core.shell:Creating package script '/home/epiibots/ros2_ws/install/calibration/share/calibration/package.ps1'
[6.554s] INFO:colcon.colcon_core.shell:Creating package descriptor '/home/epiibots/ros2_ws/install/calibration/share/calibration/package.dsv'
[6.555s] INFO:colcon.colcon_core.shell:Creating package script '/home/epiibots/ros2_ws/install/calibration/share/calibration/package.sh'
[6.556s] INFO:colcon.colcon_core.shell:Creating package script '/home/epiibots/ros2_ws/install/calibration/share/calibration/package.bash'
[6.557s] INFO:colcon.colcon_core.shell:Creating package script '/home/epiibots/ros2_ws/install/calibration/share/calibration/package.zsh'
[6.558s] Level 1:colcon.colcon_core.environment:create_file_with_runtime_dependencies(/home/epiibots/ros2_ws/install/calibration/share/colcon-core/packages/calibration)
[6.559s] INFO:colcon.colcon_ros.task.ament_python.build:Building ROS package in '/home/epiibots/ros2_ws/src/lidar_teste' with build type 'ament_python'
[6.560s] Level 1:colcon.colcon_core.shell:create_environment_hook('lidar_teste', 'ament_prefix_path')
[6.560s] INFO:colcon.colcon_core.shell:Creating environment hook '/home/epiibots/ros2_ws/install/lidar_teste/share/lidar_teste/hook/ament_prefix_path.ps1'
[6.562s] INFO:colcon.colcon_core.shell:Creating environment descriptor '/home/epiibots/ros2_ws/install/lidar_teste/share/lidar_teste/hook/ament_prefix_path.dsv'
[6.564s] INFO:colcon.colcon_core.shell:Creating environment hook '/home/epiibots/ros2_ws/install/lidar_teste/share/lidar_teste/hook/ament_prefix_path.sh'
[6.566s] INFO:colcon.colcon_core.shell:Skip shell extension 'powershell' for command environment: Not usable outside of PowerShell
[6.567s] DEBUG:colcon.colcon_core.shell:Skip shell extension 'dsv' for command environment
[7.406s] INFO:colcon.colcon_core.task.python.build:Building Python package in '/home/epiibots/ros2_ws/src/lidar_teste'
[7.407s] INFO:colcon.colcon_core.shell:Skip shell extension 'powershell' for command environment: Not usable outside of PowerShell
[7.407s] DEBUG:colcon.colcon_core.shell:Skip shell extension 'dsv' for command environment
[7.425s] Level 1:colcon.colcon_core.environment:checking '/home/epiibots/ros2_ws/install/carrinho_base' for CMake module files
[7.427s] Level 1:colcon.colcon_core.environment:checking '/home/epiibots/ros2_ws/install/carrinho_base' for CMake config files
[7.428s] DEBUG:colcon.colcon_core.event_handler.log_command:Invoked command in '/home/epiibots/ros2_ws/src/carrinho_base' returned '0': DEBUGINFOD_URLS=https://debuginfod.ubuntu.com PYTHONPATH=/home/epiibots/ros2_ws/build/carrinho_base/prefix_override:/usr/lib/python3/dist-packages/colcon_core/task/python/colcon_distutils_commands:/home/epiibots/ros2_ws/install/carrinho_base/lib/python3.12/site-packages:${PYTHONPATH} /usr/bin/python3 -W ignore:setup.py install is deprecated -W ignore:easy_install command is deprecated setup.py egg_info --egg-base ../../build/carrinho_base build --build-base /home/epiibots/ros2_ws/build/carrinho_base/build install --record /home/epiibots/ros2_ws/build/carrinho_base/install.log --single-version-externally-managed install_data
[7.430s] Level 1:colcon.colcon_core.environment:checking '/home/epiibots/ros2_ws/install/carrinho_base/lib'
[7.430s] Level 1:colcon.colcon_core.environment:checking '/home/epiibots/ros2_ws/install/carrinho_base/bin'
[7.431s] Level 1:colcon.colcon_core.environment:checking '/home/epiibots/ros2_ws/install/carrinho_base/lib/pkgconfig/carrinho_base.pc'
[7.431s] Level 1:colcon.colcon_core.environment:checking '/home/epiibots/ros2_ws/install/carrinho_base/lib/python3.12/site-packages'
[7.432s] Level 1:colcon.colcon_core.shell:create_environment_hook('carrinho_base', 'pythonpath')
[7.432s] INFO:colcon.colcon_core.shell:Creating environment hook '/home/epiibots/ros2_ws/install/carrinho_base/share/carrinho_base/hook/pythonpath.ps1'
[7.436s] INFO:colcon.colcon_core.shell:Creating environment descriptor '/home/epiibots/ros2_ws/install/carrinho_base/share/carrinho_base/hook/pythonpath.dsv'
[7.437s] INFO:colcon.colcon_core.shell:Creating environment hook '/home/epiibots/ros2_ws/install/carrinho_base/share/carrinho_base/hook/pythonpath.sh'
[7.440s] Level 1:colcon.colcon_core.environment:checking '/home/epiibots/ros2_ws/install/carrinho_base/bin'
[7.441s] Level 1:colcon.colcon_core.environment:create_environment_scripts_only(carrinho_base)
[7.442s] INFO:colcon.colcon_core.shell:Creating package script '/home/epiibots/ros2_ws/install/carrinho_base/share/carrinho_base/package.ps1'
[7.444s] INFO:colcon.colcon_core.shell:Creating package descriptor '/home/epiibots/ros2_ws/install/carrinho_base/share/carrinho_base/package.dsv'
[7.446s] INFO:colcon.colcon_core.shell:Creating package script '/home/epiibots/ros2_ws/install/carrinho_base/share/carrinho_base/package.sh'
[7.447s] INFO:colcon.colcon_core.shell:Creating package script '/home/epiibots/ros2_ws/install/carrinho_base/share/carrinho_base/package.bash'
[7.448s] INFO:colcon.colcon_core.shell:Creating package script '/home/epiibots/ros2_ws/install/carrinho_base/share/carrinho_base/package.zsh'
[7.450s] Level 1:colcon.colcon_core.environment:create_file_with_runtime_dependencies(/home/epiibots/ros2_ws/install/carrinho_base/share/colcon-core/packages/carrinho_base)
[7.453s] INFO:colcon.colcon_ros.task.ament_cmake.build:Building ROS package in '/home/epiibots/ros2_ws/src/micro_ros_setup' with build type 'ament_cmake'
[7.453s] INFO:colcon.colcon_cmake.task.cmake.build:Building CMake package in '/home/epiibots/ros2_ws/src/micro_ros_setup'
[7.454s] INFO:colcon.colcon_core.shell:Skip shell extension 'powershell' for command environment: Not usable outside of PowerShell
[7.454s] DEBUG:colcon.colcon_core.shell:Skip shell extension 'dsv' for command environment
[7.486s] DEBUG:colcon.colcon_core.event_handler.log_command:Invoking command in '/home/epiibots/ros2_ws/build/micro_ros_setup': CMAKE_PREFIX_PATH=${CMAKE_PREFIX_PATH}:/home/epiibots/ros2_ws/install/controlegeral_carrinho:/home/epiibots/ros2_ws/install/servo_steering:/home/epiibots/ros2_ws/install/pwm_rec:/home/epiibots/ros2_ws/install/lidar_teste:/home/epiibots/ros2_ws/install/detector:/home/epiibots/ros2_ws/install/carrinho_base:/home/epiibots/ros2_ws/install/calibration:/home/epiibots/ros2_ws/install/bno055:/opt/ros/jazzy DEBUGINFOD_URLS=https://debuginfod.ubuntu.com /usr/bin/cmake --build /home/epiibots/ros2_ws/build/micro_ros_setup -- -j4 -l4
[7.784s] DEBUG:colcon.colcon_core.event_handler.log_command:Invoked command in '/home/epiibots/ros2_ws/build/micro_ros_setup' returned '0': CMAKE_PREFIX_PATH=${CMAKE_PREFIX_PATH}:/home/epiibots/ros2_ws/install/controlegeral_carrinho:/home/epiibots/ros2_ws/install/servo_steering:/home/epiibots/ros2_ws/install/pwm_rec:/home/epiibots/ros2_ws/install/lidar_teste:/home/epiibots/ros2_ws/install/detector:/home/epiibots/ros2_ws/install/carrinho_base:/home/epiibots/ros2_ws/install/calibration:/home/epiibots/ros2_ws/install/bno055:/opt/ros/jazzy DEBUGINFOD_URLS=https://debuginfod.ubuntu.com /usr/bin/cmake --build /home/epiibots/ros2_ws/build/micro_ros_setup -- -j4 -l4
[7.826s] DEBUG:colcon.colcon_core.event_handler.log_command:Invoking command in '/home/epiibots/ros2_ws/build/micro_ros_setup': CMAKE_PREFIX_PATH=${CMAKE_PREFIX_PATH}:/home/epiibots/ros2_ws/install/controlegeral_carrinho:/home/epiibots/ros2_ws/install/servo_steering:/home/epiibots/ros2_ws/install/pwm_rec:/home/epiibots/ros2_ws/install/lidar_teste:/home/epiibots/ros2_ws/install/detector:/home/epiibots/ros2_ws/install/carrinho_base:/home/epiibots/ros2_ws/install/calibration:/home/epiibots/ros2_ws/install/bno055:/opt/ros/jazzy DEBUGINFOD_URLS=https://debuginfod.ubuntu.com /usr/bin/cmake --install /home/epiibots/ros2_ws/build/micro_ros_setup
[8.021s] Level 1:colcon.colcon_core.environment:checking '/home/epiibots/ros2_ws/install/detector' for CMake module files
[8.022s] Level 1:colcon.colcon_core.environment:checking '/home/epiibots/ros2_ws/install/detector' for CMake config files
[8.023s] DEBUG:colcon.colcon_core.event_handler.log_command:Invoked command in '/home/epiibots/ros2_ws/src/detector' returned '0': DEBUGINFOD_URLS=https://debuginfod.ubuntu.com PYTHONPATH=/home/epiibots/ros2_ws/build/detector/prefix_override:/usr/lib/python3/dist-packages/colcon_core/task/python/colcon_distutils_commands:/home/epiibots/ros2_ws/install/detector/lib/python3.12/site-packages:${PYTHONPATH} /usr/bin/python3 -W ignore:setup.py install is deprecated -W ignore:easy_install command is deprecated setup.py egg_info --egg-base ../../build/detector build --build-base /home/epiibots/ros2_ws/build/detector/build install --record /home/epiibots/ros2_ws/build/detector/install.log --single-version-externally-managed install_data
[8.027s] Level 1:colcon.colcon_core.environment:checking '/home/epiibots/ros2_ws/install/detector/lib'
[8.027s] Level 1:colcon.colcon_core.environment:checking '/home/epiibots/ros2_ws/install/detector/bin'
[8.027s] Level 1:colcon.colcon_core.environment:checking '/home/epiibots/ros2_ws/install/detector/lib/pkgconfig/detector.pc'
[8.028s] Level 1:colcon.colcon_core.environment:checking '/home/epiibots/ros2_ws/install/detector/lib/python3.12/site-packages'
[8.028s] Level 1:colcon.colcon_core.shell:create_environment_hook('detector', 'pythonpath')
[8.028s] INFO:colcon.colcon_core.shell:Creating environment hook '/home/epiibots/ros2_ws/install/detector/share/detector/hook/pythonpath.ps1'
[8.033s] INFO:colcon.colcon_core.shell:Creating environment descriptor '/home/epiibots/ros2_ws/install/detector/share/detector/hook/pythonpath.dsv'
[8.034s] INFO:colcon.colcon_core.shell:Creating environment hook '/home/epiibots/ros2_ws/install/detector/share/detector/hook/pythonpath.sh'
[8.038s] Level 1:colcon.colcon_core.environment:checking '/home/epiibots/ros2_ws/install/detector/bin'
[8.039s] Level 1:colcon.colcon_core.environment:create_environment_scripts_only(detector)
[8.039s] INFO:colcon.colcon_core.shell:Creating package script '/home/epiibots/ros2_ws/install/detector/share/detector/package.ps1'
[8.042s] INFO:colcon.colcon_core.shell:Creating package descriptor '/home/epiibots/ros2_ws/install/detector/share/detector/package.dsv'
[8.046s] INFO:colcon.colcon_core.shell:Creating package script '/home/epiibots/ros2_ws/install/detector/share/detector/package.sh'
[8.048s] INFO:colcon.colcon_core.shell:Creating package script '/home/epiibots/ros2_ws/install/detector/share/detector/package.bash'
[8.049s] INFO:colcon.colcon_core.shell:Creating package script '/home/epiibots/ros2_ws/install/detector/share/detector/package.zsh'
[8.050s] Level 1:colcon.colcon_core.environment:create_file_with_runtime_dependencies(/home/epiibots/ros2_ws/install/detector/share/colcon-core/packages/detector)
[8.051s] INFO:colcon.colcon_ros.task.ament_python.build:Building ROS package in '/home/epiibots/ros2_ws/src/pwm_rec' with build type 'ament_python'
[8.051s] Level 1:colcon.colcon_core.shell:create_environment_hook('pwm_rec', 'ament_prefix_path')
[8.051s] INFO:colcon.colcon_core.shell:Creating environment hook '/home/epiibots/ros2_ws/install/pwm_rec/share/pwm_rec/hook/ament_prefix_path.ps1'
[8.054s] INFO:colcon.colcon_core.shell:Creating environment descriptor '/home/epiibots/ros2_ws/install/pwm_rec/share/pwm_rec/hook/ament_prefix_path.dsv'
[8.055s] INFO:colcon.colcon_core.shell:Creating environment hook '/home/epiibots/ros2_ws/install/pwm_rec/share/pwm_rec/hook/ament_prefix_path.sh'
[8.056s] INFO:colcon.colcon_core.shell:Skip shell extension 'powershell' for command environment: Not usable outside of PowerShell
[8.056s] DEBUG:colcon.colcon_core.shell:Skip shell extension 'dsv' for command environment
[8.066s] Level 1:colcon.colcon_core.environment:create_environment_scripts_only(micro_ros_setup)
[8.067s] Level 1:colcon.colcon_core.environment:checking '/home/epiibots/ros2_ws/install/micro_ros_setup' for CMake module files
[8.068s] DEBUG:colcon.colcon_core.event_handler.log_command:Invoked command in '/home/epiibots/ros2_ws/build/micro_ros_setup' returned '0': CMAKE_PREFIX_PATH=${CMAKE_PREFIX_PATH}:/home/epiibots/ros2_ws/install/controlegeral_carrinho:/home/epiibots/ros2_ws/install/servo_steering:/home/epiibots/ros2_ws/install/pwm_rec:/home/epiibots/ros2_ws/install/lidar_teste:/home/epiibots/ros2_ws/install/detector:/home/epiibots/ros2_ws/install/carrinho_base:/home/epiibots/ros2_ws/install/calibration:/home/epiibots/ros2_ws/install/bno055:/opt/ros/jazzy DEBUGINFOD_URLS=https://debuginfod.ubuntu.com /usr/bin/cmake --install /home/epiibots/ros2_ws/build/micro_ros_setup
[8.070s] Level 1:colcon.colcon_core.environment:checking '/home/epiibots/ros2_ws/install/micro_ros_setup' for CMake config files
[8.070s] Level 1:colcon.colcon_core.shell:create_environment_hook('micro_ros_setup', 'cmake_prefix_path')
[8.071s] INFO:colcon.colcon_core.shell:Creating environment hook '/home/epiibots/ros2_ws/install/micro_ros_setup/share/micro_ros_setup/hook/cmake_prefix_path.ps1'
[8.072s] INFO:colcon.colcon_core.shell:Creating environment descriptor '/home/epiibots/ros2_ws/install/micro_ros_setup/share/micro_ros_setup/hook/cmake_prefix_path.dsv'
[8.073s] INFO:colcon.colcon_core.shell:Creating environment hook '/home/epiibots/ros2_ws/install/micro_ros_setup/share/micro_ros_setup/hook/cmake_prefix_path.sh'
[8.075s] Level 1:colcon.colcon_core.environment:checking '/home/epiibots/ros2_ws/install/micro_ros_setup/lib'
[8.076s] Level 1:colcon.colcon_core.environment:checking '/home/epiibots/ros2_ws/install/micro_ros_setup/bin'
[8.076s] Level 1:colcon.colcon_core.environment:checking '/home/epiibots/ros2_ws/install/micro_ros_setup/lib/pkgconfig/micro_ros_setup.pc'
[8.076s] Level 1:colcon.colcon_core.environment:checking '/home/epiibots/ros2_ws/install/micro_ros_setup/lib/python3.12/site-packages'
[8.078s] Level 1:colcon.colcon_core.environment:checking '/home/epiibots/ros2_ws/install/micro_ros_setup/bin'
[8.079s] INFO:colcon.colcon_core.shell:Creating package script '/home/epiibots/ros2_ws/install/micro_ros_setup/share/micro_ros_setup/package.ps1'
[8.081s] INFO:colcon.colcon_core.shell:Creating package descriptor '/home/epiibots/ros2_ws/install/micro_ros_setup/share/micro_ros_setup/package.dsv'
[8.082s] INFO:colcon.colcon_core.shell:Creating package script '/home/epiibots/ros2_ws/install/micro_ros_setup/share/micro_ros_setup/package.sh'
[8.084s] INFO:colcon.colcon_core.shell:Creating package script '/home/epiibots/ros2_ws/install/micro_ros_setup/share/micro_ros_setup/package.bash'
[8.085s] INFO:colcon.colcon_core.shell:Creating package script '/home/epiibots/ros2_ws/install/micro_ros_setup/share/micro_ros_setup/package.zsh'
[8.086s] Level 1:colcon.colcon_core.environment:create_file_with_runtime_dependencies(/home/epiibots/ros2_ws/install/micro_ros_setup/share/colcon-core/packages/micro_ros_setup)
[8.089s] Level 1:colcon.colcon_core.environment:create_environment_scripts_only(micro_ros_setup)
[8.089s] Level 1:colcon.colcon_core.environment:checking '/home/epiibots/ros2_ws/install/micro_ros_setup' for CMake module files
[8.092s] Level 1:colcon.colcon_core.environment:checking '/home/epiibots/ros2_ws/install/micro_ros_setup' for CMake config files
[8.093s] Level 1:colcon.colcon_core.shell:create_environment_hook('micro_ros_setup', 'cmake_prefix_path')
[8.093s] INFO:colcon.colcon_core.shell:Creating environment hook '/home/epiibots/ros2_ws/install/micro_ros_setup/share/micro_ros_setup/hook/cmake_prefix_path.ps1'
[8.095s] INFO:colcon.colcon_core.shell:Creating environment descriptor '/home/epiibots/ros2_ws/install/micro_ros_setup/share/micro_ros_setup/hook/cmake_prefix_path.dsv'
[8.096s] INFO:colcon.colcon_core.shell:Creating environment hook '/home/epiibots/ros2_ws/install/micro_ros_setup/share/micro_ros_setup/hook/cmake_prefix_path.sh'
[8.098s] Level 1:colcon.colcon_core.environment:checking '/home/epiibots/ros2_ws/install/micro_ros_setup/lib'
[8.098s] Level 1:colcon.colcon_core.environment:checking '/home/epiibots/ros2_ws/install/micro_ros_setup/bin'
[8.098s] Level 1:colcon.colcon_core.environment:checking '/home/epiibots/ros2_ws/install/micro_ros_setup/lib/pkgconfig/micro_ros_setup.pc'
[8.099s] Level 1:colcon.colcon_core.environment:checking '/home/epiibots/ros2_ws/install/micro_ros_setup/lib/python3.12/site-packages'
[8.100s] Level 1:colcon.colcon_core.environment:checking '/home/epiibots/ros2_ws/install/micro_ros_setup/bin'
[8.101s] INFO:colcon.colcon_core.shell:Creating package script '/home/epiibots/ros2_ws/install/micro_ros_setup/share/micro_ros_setup/package.ps1'
[8.103s] INFO:colcon.colcon_core.shell:Creating package descriptor '/home/epiibots/ros2_ws/install/micro_ros_setup/share/micro_ros_setup/package.dsv'
[8.105s] INFO:colcon.colcon_core.shell:Creating package script '/home/epiibots/ros2_ws/install/micro_ros_setup/share/micro_ros_setup/package.sh'
[8.106s] INFO:colcon.colcon_core.shell:Creating package script '/home/epiibots/ros2_ws/install/micro_ros_setup/share/micro_ros_setup/package.bash'
[8.108s] INFO:colcon.colcon_core.shell:Creating package script '/home/epiibots/ros2_ws/install/micro_ros_setup/share/micro_ros_setup/package.zsh'
[8.109s] Level 1:colcon.colcon_core.environment:create_file_with_runtime_dependencies(/home/epiibots/ros2_ws/install/micro_ros_setup/share/colcon-core/packages/micro_ros_setup)
[8.112s] INFO:colcon.colcon_ros.task.ament_python.build:Building ROS package in '/home/epiibots/ros2_ws/src/servo_steering' with build type 'ament_python'
[8.113s] Level 1:colcon.colcon_core.shell:create_environment_hook('servo_steering', 'ament_prefix_path')
[8.113s] INFO:colcon.colcon_core.shell:Creating environment hook '/home/epiibots/ros2_ws/install/servo_steering/share/servo_steering/hook/ament_prefix_path.ps1'
[8.116s] INFO:colcon.colcon_core.shell:Creating environment descriptor '/home/epiibots/ros2_ws/install/servo_steering/share/servo_steering/hook/ament_prefix_path.dsv'
[8.117s] INFO:colcon.colcon_core.shell:Creating environment hook '/home/epiibots/ros2_ws/install/servo_steering/share/servo_steering/hook/ament_prefix_path.sh'
[8.119s] INFO:colcon.colcon_core.shell:Skip shell extension 'powershell' for command environment: Not usable outside of PowerShell
[8.119s] DEBUG:colcon.colcon_core.shell:Skip shell extension 'dsv' for command environment
[8.611s] INFO:colcon.colcon_core.task.python.build:Building Python package in '/home/epiibots/ros2_ws/src/pwm_rec'
[8.612s] INFO:colcon.colcon_core.shell:Skip shell extension 'powershell' for command environment: Not usable outside of PowerShell
[8.612s] DEBUG:colcon.colcon_core.shell:Skip shell extension 'dsv' for command environment
[9.082s] INFO:colcon.colcon_core.task.python.build:Building Python package in '/home/epiibots/ros2_ws/src/servo_steering'
[9.082s] INFO:colcon.colcon_core.shell:Skip shell extension 'powershell' for command environment: Not usable outside of PowerShell
[9.082s] DEBUG:colcon.colcon_core.shell:Skip shell extension 'dsv' for command environment
[9.090s] DEBUG:colcon.colcon_core.event_handler.log_command:Invoked command in '/home/epiibots/ros2_ws/build/drive_base_msgs' returned '0': CMAKE_PREFIX_PATH=${CMAKE_PREFIX_PATH}:/home/epiibots/ros2_ws/install/controlegeral_carrinho:/home/epiibots/ros2_ws/install/servo_steering:/home/epiibots/ros2_ws/install/pwm_rec:/home/epiibots/ros2_ws/install/lidar_teste:/home/epiibots/ros2_ws/install/detector:/home/epiibots/ros2_ws/install/carrinho_base:/home/epiibots/ros2_ws/install/calibration:/home/epiibots/ros2_ws/install/bno055:/opt/ros/jazzy DEBUGINFOD_URLS=https://debuginfod.ubuntu.com /usr/bin/cmake --build /home/epiibots/ros2_ws/build/drive_base_msgs -- -j4 -l4
[9.097s] DEBUG:colcon.colcon_core.event_handler.log_command:Invoking command in '/home/epiibots/ros2_ws/build/drive_base_msgs': CMAKE_PREFIX_PATH=${CMAKE_PREFIX_PATH}:/home/epiibots/ros2_ws/install/controlegeral_carrinho:/home/epiibots/ros2_ws/install/servo_steering:/home/epiibots/ros2_ws/install/pwm_rec:/home/epiibots/ros2_ws/install/lidar_teste:/home/epiibots/ros2_ws/install/detector:/home/epiibots/ros2_ws/install/carrinho_base:/home/epiibots/ros2_ws/install/calibration:/home/epiibots/ros2_ws/install/bno055:/opt/ros/jazzy DEBUGINFOD_URLS=https://debuginfod.ubuntu.com /usr/bin/cmake --install /home/epiibots/ros2_ws/build/drive_base_msgs
[9.106s] DEBUG:colcon.colcon_core.event_handler.log_command:Invoking command in '/home/epiibots/ros2_ws/src/lidar_teste': DEBUGINFOD_URLS=https://debuginfod.ubuntu.com PYTHONPATH=/home/epiibots/ros2_ws/build/lidar_teste/prefix_override:/usr/lib/python3/dist-packages/colcon_core/task/python/colcon_distutils_commands:/home/epiibots/ros2_ws/install/lidar_teste/lib/python3.12/site-packages:${PYTHONPATH} /usr/bin/python3 -W ignore:setup.py install is deprecated -W ignore:easy_install command is deprecated setup.py egg_info --egg-base ../../build/lidar_teste build --build-base /home/epiibots/ros2_ws/build/lidar_teste/build install --record /home/epiibots/ros2_ws/build/lidar_teste/install.log --single-version-externally-managed install_data
[9.493s] Level 1:colcon.colcon_core.environment:create_environment_scripts_only(drive_base_msgs)
[9.493s] Level 1:colcon.colcon_core.environment:checking '/home/epiibots/ros2_ws/install/drive_base_msgs' for CMake module files
[9.494s] Level 1:colcon.colcon_core.environment:checking '/home/epiibots/ros2_ws/install/drive_base_msgs' for CMake config files
[9.495s] Level 1:colcon.colcon_core.shell:create_environment_hook('drive_base_msgs', 'cmake_prefix_path')
[9.495s] INFO:colcon.colcon_core.shell:Creating environment hook '/home/epiibots/ros2_ws/install/drive_base_msgs/share/drive_base_msgs/hook/cmake_prefix_path.ps1'
[9.496s] DEBUG:colcon.colcon_core.event_handler.log_command:Invoked command in '/home/epiibots/ros2_ws/build/drive_base_msgs' returned '0': CMAKE_PREFIX_PATH=${CMAKE_PREFIX_PATH}:/home/epiibots/ros2_ws/install/controlegeral_carrinho:/home/epiibots/ros2_ws/install/servo_steering:/home/epiibots/ros2_ws/install/pwm_rec:/home/epiibots/ros2_ws/install/lidar_teste:/home/epiibots/ros2_ws/install/detector:/home/epiibots/ros2_ws/install/carrinho_base:/home/epiibots/ros2_ws/install/calibration:/home/epiibots/ros2_ws/install/bno055:/opt/ros/jazzy DEBUGINFOD_URLS=https://debuginfod.ubuntu.com /usr/bin/cmake --install /home/epiibots/ros2_ws/build/drive_base_msgs
[9.497s] INFO:colcon.colcon_core.shell:Creating environment descriptor '/home/epiibots/ros2_ws/install/drive_base_msgs/share/drive_base_msgs/hook/cmake_prefix_path.dsv'
[9.500s] INFO:colcon.colcon_core.shell:Creating environment hook '/home/epiibots/ros2_ws/install/drive_base_msgs/share/drive_base_msgs/hook/cmake_prefix_path.sh'
[9.502s] Level 1:colcon.colcon_core.environment:checking '/home/epiibots/ros2_ws/install/drive_base_msgs/lib'
[9.502s] Level 1:colcon.colcon_core.shell:create_environment_hook('drive_base_msgs', 'ld_library_path_lib')
[9.502s] INFO:colcon.colcon_core.shell:Creating environment hook '/home/epiibots/ros2_ws/install/drive_base_msgs/share/drive_base_msgs/hook/ld_library_path_lib.ps1'
[9.503s] INFO:colcon.colcon_core.shell:Creating environment descriptor '/home/epiibots/ros2_ws/install/drive_base_msgs/share/drive_base_msgs/hook/ld_library_path_lib.dsv'
[9.503s] INFO:colcon.colcon_core.shell:Creating environment hook '/home/epiibots/ros2_ws/install/drive_base_msgs/share/drive_base_msgs/hook/ld_library_path_lib.sh'
[9.505s] Level 1:colcon.colcon_core.environment:checking '/home/epiibots/ros2_ws/install/drive_base_msgs/bin'
[9.505s] Level 1:colcon.colcon_core.environment:checking '/home/epiibots/ros2_ws/install/drive_base_msgs/lib/pkgconfig/drive_base_msgs.pc'
[9.505s] Level 1:colcon.colcon_core.environment:checking '/home/epiibots/ros2_ws/install/drive_base_msgs/lib/python3.12/site-packages'
[9.505s] Level 1:colcon.colcon_core.shell:create_environment_hook('drive_base_msgs', 'pythonpath')
[9.506s] INFO:colcon.colcon_core.shell:Creating environment hook '/home/epiibots/ros2_ws/install/drive_base_msgs/share/drive_base_msgs/hook/pythonpath.ps1'
[9.506s] INFO:colcon.colcon_core.shell:Creating environment descriptor '/home/epiibots/ros2_ws/install/drive_base_msgs/share/drive_base_msgs/hook/pythonpath.dsv'
[9.508s] INFO:colcon.colcon_core.shell:Creating environment hook '/home/epiibots/ros2_ws/install/drive_base_msgs/share/drive_base_msgs/hook/pythonpath.sh'
[9.509s] Level 1:colcon.colcon_core.environment:checking '/home/epiibots/ros2_ws/install/drive_base_msgs/bin'
[9.510s] INFO:colcon.colcon_core.shell:Creating package script '/home/epiibots/ros2_ws/install/drive_base_msgs/share/drive_base_msgs/package.ps1'
[9.511s] INFO:colcon.colcon_core.shell:Creating package descriptor '/home/epiibots/ros2_ws/install/drive_base_msgs/share/drive_base_msgs/package.dsv'
[9.512s] INFO:colcon.colcon_core.shell:Creating package script '/home/epiibots/ros2_ws/install/drive_base_msgs/share/drive_base_msgs/package.sh'
[9.513s] INFO:colcon.colcon_core.shell:Creating package script '/home/epiibots/ros2_ws/install/drive_base_msgs/share/drive_base_msgs/package.bash'
[9.513s] INFO:colcon.colcon_core.shell:Creating package script '/home/epiibots/ros2_ws/install/drive_base_msgs/share/drive_base_msgs/package.zsh'
[9.514s] Level 1:colcon.colcon_core.environment:create_file_with_runtime_dependencies(/home/epiibots/ros2_ws/install/drive_base_msgs/share/colcon-core/packages/drive_base_msgs)
[9.516s] Level 1:colcon.colcon_core.environment:create_environment_scripts_only(drive_base_msgs)
[9.517s] Level 1:colcon.colcon_core.environment:checking '/home/epiibots/ros2_ws/install/drive_base_msgs' for CMake module files
[9.518s] Level 1:colcon.colcon_core.environment:checking '/home/epiibots/ros2_ws/install/drive_base_msgs' for CMake config files
[9.518s] Level 1:colcon.colcon_core.shell:create_environment_hook('drive_base_msgs', 'cmake_prefix_path')
[9.518s] INFO:colcon.colcon_core.shell:Creating environment hook '/home/epiibots/ros2_ws/install/drive_base_msgs/share/drive_base_msgs/hook/cmake_prefix_path.ps1'
[9.519s] INFO:colcon.colcon_core.shell:Creating environment descriptor '/home/epiibots/ros2_ws/install/drive_base_msgs/share/drive_base_msgs/hook/cmake_prefix_path.dsv'
[9.520s] INFO:colcon.colcon_core.shell:Creating environment hook '/home/epiibots/ros2_ws/install/drive_base_msgs/share/drive_base_msgs/hook/cmake_prefix_path.sh'
[9.521s] Level 1:colcon.colcon_core.environment:checking '/home/epiibots/ros2_ws/install/drive_base_msgs/lib'
[9.522s] Level 1:colcon.colcon_core.shell:create_environment_hook('drive_base_msgs', 'ld_library_path_lib')
[9.523s] INFO:colcon.colcon_core.shell:Creating environment hook '/home/epiibots/ros2_ws/install/drive_base_msgs/share/drive_base_msgs/hook/ld_library_path_lib.ps1'
[9.523s] INFO:colcon.colcon_core.shell:Creating environment descriptor '/home/epiibots/ros2_ws/install/drive_base_msgs/share/drive_base_msgs/hook/ld_library_path_lib.dsv'
[9.524s] INFO:colcon.colcon_core.shell:Creating environment hook '/home/epiibots/ros2_ws/install/drive_base_msgs/share/drive_base_msgs/hook/ld_library_path_lib.sh'
[9.525s] Level 1:colcon.colcon_core.environment:checking '/home/epiibots/ros2_ws/install/drive_base_msgs/bin'
[9.525s] Level 1:colcon.colcon_core.environment:checking '/home/epiibots/ros2_ws/install/drive_base_msgs/lib/pkgconfig/drive_base_msgs.pc'
[9.525s] Level 1:colcon.colcon_core.environment:checking '/home/epiibots/ros2_ws/install/drive_base_msgs/lib/python3.12/site-packages'
[9.526s] Level 1:colcon.colcon_core.shell:create_environment_hook('drive_base_msgs', 'pythonpath')
[9.526s] INFO:colcon.colcon_core.shell:Creating environment hook '/home/epiibots/ros2_ws/install/drive_base_msgs/share/drive_base_msgs/hook/pythonpath.ps1'
[9.527s] INFO:colcon.colcon_core.shell:Creating environment descriptor '/home/epiibots/ros2_ws/install/drive_base_msgs/share/drive_base_msgs/hook/pythonpath.dsv'
[9.528s] INFO:colcon.colcon_core.shell:Creating environment hook '/home/epiibots/ros2_ws/install/drive_base_msgs/share/drive_base_msgs/hook/pythonpath.sh'
[9.529s] Level 1:colcon.colcon_core.environment:checking '/home/epiibots/ros2_ws/install/drive_base_msgs/bin'
[9.530s] INFO:colcon.colcon_core.shell:Creating package script '/home/epiibots/ros2_ws/install/drive_base_msgs/share/drive_base_msgs/package.ps1'
[9.531s] INFO:colcon.colcon_core.shell:Creating package descriptor '/home/epiibots/ros2_ws/install/drive_base_msgs/share/drive_base_msgs/package.dsv'
[9.532s] INFO:colcon.colcon_core.shell:Creating package script '/home/epiibots/ros2_ws/install/drive_base_msgs/share/drive_base_msgs/package.sh'
[9.534s] INFO:colcon.colcon_core.shell:Creating package script '/home/epiibots/ros2_ws/install/drive_base_msgs/share/drive_base_msgs/package.bash'
[9.535s] INFO:colcon.colcon_core.shell:Creating package script '/home/epiibots/ros2_ws/install/drive_base_msgs/share/drive_base_msgs/package.zsh'
[9.536s] Level 1:colcon.colcon_core.environment:create_file_with_runtime_dependencies(/home/epiibots/ros2_ws/install/drive_base_msgs/share/colcon-core/packages/drive_base_msgs)
[9.540s] INFO:colcon.colcon_ros.task.ament_python.build:Building ROS package in '/home/epiibots/ros2_ws/src/controlegeral_carrinho' with build type 'ament_python'
[9.541s] Level 1:colcon.colcon_core.shell:create_environment_hook('controlegeral_carrinho', 'ament_prefix_path')
[9.541s] INFO:colcon.colcon_core.shell:Creating environment hook '/home/epiibots/ros2_ws/install/controlegeral_carrinho/share/controlegeral_carrinho/hook/ament_prefix_path.ps1'
[9.543s] INFO:colcon.colcon_core.shell:Creating environment descriptor '/home/epiibots/ros2_ws/install/controlegeral_carrinho/share/controlegeral_carrinho/hook/ament_prefix_path.dsv'
[9.544s] INFO:colcon.colcon_core.shell:Creating environment hook '/home/epiibots/ros2_ws/install/controlegeral_carrinho/share/controlegeral_carrinho/hook/ament_prefix_path.sh'
[9.546s] INFO:colcon.colcon_core.shell:Skip shell extension 'powershell' for command environment: Not usable outside of PowerShell
[9.546s] DEBUG:colcon.colcon_core.shell:Skip shell extension 'dsv' for command environment
[10.178s] INFO:colcon.colcon_core.task.python.build:Building Python package in '/home/epiibots/ros2_ws/src/controlegeral_carrinho'
[10.178s] INFO:colcon.colcon_core.shell:Skip shell extension 'powershell' for command environment: Not usable outside of PowerShell
[10.179s] DEBUG:colcon.colcon_core.shell:Skip shell extension 'dsv' for command environment
[10.669s] Level 1:colcon.colcon_core.environment:checking '/home/epiibots/ros2_ws/install/lidar_teste' for CMake module files
[10.672s] Level 1:colcon.colcon_core.environment:checking '/home/epiibots/ros2_ws/install/lidar_teste' for CMake config files
[10.670s] DEBUG:colcon.colcon_core.event_handler.log_command:Invoked command in '/home/epiibots/ros2_ws/src/lidar_teste' returned '0': DEBUGINFOD_URLS=https://debuginfod.ubuntu.com PYTHONPATH=/home/epiibots/ros2_ws/build/lidar_teste/prefix_override:/usr/lib/python3/dist-packages/colcon_core/task/python/colcon_distutils_commands:/home/epiibots/ros2_ws/install/lidar_teste/lib/python3.12/site-packages:${PYTHONPATH} /usr/bin/python3 -W ignore:setup.py install is deprecated -W ignore:easy_install command is deprecated setup.py egg_info --egg-base ../../build/lidar_teste build --build-base /home/epiibots/ros2_ws/build/lidar_teste/build install --record /home/epiibots/ros2_ws/build/lidar_teste/install.log --single-version-externally-managed install_data
[10.675s] Level 1:colcon.colcon_core.environment:checking '/home/epiibots/ros2_ws/install/lidar_teste/lib'
[10.675s] Level 1:colcon.colcon_core.environment:checking '/home/epiibots/ros2_ws/install/lidar_teste/bin'
[10.676s] Level 1:colcon.colcon_core.environment:checking '/home/epiibots/ros2_ws/install/lidar_teste/lib/pkgconfig/lidar_teste.pc'
[10.676s] Level 1:colcon.colcon_core.environment:checking '/home/epiibots/ros2_ws/install/lidar_teste/lib/python3.12/site-packages'
[10.677s] Level 1:colcon.colcon_core.shell:create_environment_hook('lidar_teste', 'pythonpath')
[10.678s] INFO:colcon.colcon_core.shell:Creating environment hook '/home/epiibots/ros2_ws/install/lidar_teste/share/lidar_teste/hook/pythonpath.ps1'
[10.680s] INFO:colcon.colcon_core.shell:Creating environment descriptor '/home/epiibots/ros2_ws/install/lidar_teste/share/lidar_teste/hook/pythonpath.dsv'
[10.683s] INFO:colcon.colcon_core.shell:Creating environment hook '/home/epiibots/ros2_ws/install/lidar_teste/share/lidar_teste/hook/pythonpath.sh'
[10.688s] Level 1:colcon.colcon_core.environment:checking '/home/epiibots/ros2_ws/install/lidar_teste/bin'
[10.688s] Level 1:colcon.colcon_core.environment:create_environment_scripts_only(lidar_teste)
[10.689s] INFO:colcon.colcon_core.shell:Creating package script '/home/epiibots/ros2_ws/install/lidar_teste/share/lidar_teste/package.ps1'
[10.691s] INFO:colcon.colcon_core.shell:Creating package descriptor '/home/epiibots/ros2_ws/install/lidar_teste/share/lidar_teste/package.dsv'
[10.692s] INFO:colcon.colcon_core.shell:Creating package script '/home/epiibots/ros2_ws/install/lidar_teste/share/lidar_teste/package.sh'
[10.694s] INFO:colcon.colcon_core.shell:Creating package script '/home/epiibots/ros2_ws/install/lidar_teste/share/lidar_teste/package.bash'
[10.696s] INFO:colcon.colcon_core.shell:Creating package script '/home/epiibots/ros2_ws/install/lidar_teste/share/lidar_teste/package.zsh'
[10.697s] Level 1:colcon.colcon_core.environment:create_file_with_runtime_dependencies(/home/epiibots/ros2_ws/install/lidar_teste/share/colcon-core/packages/lidar_teste)
[10.699s] INFO:colcon.colcon_ros.task.ament_cmake.build:Building ROS package in '/home/epiibots/ros2_ws/src/uros/micro-ROS-Agent/micro_ros_agent' with build type 'ament_cmake'
[10.699s] INFO:colcon.colcon_cmake.task.cmake.build:Building CMake package in '/home/epiibots/ros2_ws/src/uros/micro-ROS-Agent/micro_ros_agent'
[10.700s] INFO:colcon.colcon_core.shell:Skip shell extension 'powershell' for command environment: Not usable outside of PowerShell
[10.700s] DEBUG:colcon.colcon_core.shell:Skip shell extension 'dsv' for command environment
[10.750s] DEBUG:colcon.colcon_core.event_handler.log_command:Invoking command in '/home/epiibots/ros2_ws/build/micro_ros_agent': CMAKE_PREFIX_PATH=/home/epiibots/ros2_ws/install/micro_ros_msgs:/home/epiibots/ros2_ws/install/sllidar_ros2:/home/epiibots/ros2_ws/install/micro_ros_setup:/home/epiibots/ros2_ws/install/micro_ros_agent:/home/epiibots/ros2_ws/install/drive_base_msgs:/opt/ros/jazzy/opt/gz_sim_vendor:/opt/ros/jazzy/opt/gz_sensors_vendor:/opt/ros/jazzy/opt/gz_physics_vendor:/opt/ros/jazzy/opt/sdformat_vendor:/opt/ros/jazzy/opt/gz_gui_vendor:/opt/ros/jazzy/opt/gz_transport_vendor:/opt/ros/jazzy/opt/gz_rendering_vendor:/opt/ros/jazzy/opt/gz_plugin_vendor:/opt/ros/jazzy/opt/gz_fuel_tools_vendor:/opt/ros/jazzy/opt/gz_msgs_vendor:/opt/ros/jazzy/opt/gz_common_vendor:/opt/ros/jazzy/opt/gz_math_vendor:/opt/ros/jazzy/opt/gz_utils_vendor:/opt/ros/jazzy/opt/gz_tools_vendor:/opt/ros/jazzy/opt/gz_ogre_next_vendor:/opt/ros/jazzy/opt/gz_dartsim_vendor:/opt/ros/jazzy/opt/gz_cmake_vendor:/home/epiibots/ros2_ws/install/controlegeral_carrinho:/home/epiibots/ros2_ws/install/servo_steering:/home/epiibots/ros2_ws/install/pwm_rec:/home/epiibots/ros2_ws/install/lidar_teste:/home/epiibots/ros2_ws/install/detector:/home/epiibots/ros2_ws/install/carrinho_base:/home/epiibots/ros2_ws/install/calibration:/home/epiibots/ros2_ws/install/bno055:/opt/ros/jazzy DEBUGINFOD_URLS=https://debuginfod.ubuntu.com LD_LIBRARY_PATH=/home/epiibots/ros2_ws/install/micro_ros_msgs/lib:/home/epiibots/ros2_ws/install/micro_ros_agent/lib:/home/epiibots/ros2_ws/install/drive_base_msgs/lib:/opt/ros/jazzy/opt/gz_sim_vendor/lib:/opt/ros/jazzy/opt/gz_sensors_vendor/lib:/opt/ros/jazzy/opt/gz_physics_vendor/lib:/opt/ros/jazzy/opt/sdformat_vendor/lib:/opt/ros/jazzy/opt/rviz_ogre_vendor/lib:/opt/ros/jazzy/lib/aarch64-linux-gnu:/opt/ros/jazzy/opt/gz_gui_vendor/lib:/opt/ros/jazzy/opt/gz_transport_vendor/lib:/opt/ros/jazzy/opt/gz_rendering_vendor/lib:/opt/ros/jazzy/opt/gz_plugin_vendor/lib:/opt/ros/jazzy/opt/gz_fuel_tools_vendor/lib:/opt/ros/jazzy/opt/gz_msgs_vendor/lib:/opt/ros/jazzy/opt/gz_common_vendor/lib:/opt/ros/jazzy/opt/gz_math_vendor/lib:/opt/ros/jazzy/opt/gz_utils_vendor/lib:/opt/ros/jazzy/opt/gz_tools_vendor/lib:/opt/ros/jazzy/opt/gz_ogre_next_vendor/lib:/opt/ros/jazzy/opt/gz_dartsim_vendor/lib:/opt/ros/jazzy/opt/gz_cmake_vendor/lib:/opt/ros/jazzy/lib PYTHONPATH=/home/epiibots/ros2_ws/install/micro_ros_msgs/lib/python3.12/site-packages:/home/epiibots/ros2_ws/install/controlegeral_carrinho/lib/python3.12/site-packages:/home/epiibots/ros2_ws/install/servo_steering/lib/python3.12/site-packages:/home/epiibots/ros2_ws/install/pwm_rec/lib/python3.12/site-packages:/home/epiibots/ros2_ws/install/lidar_teste/lib/python3.12/site-packages:/home/epiibots/ros2_ws/install/drive_base_msgs/lib/python3.12/site-packages:/home/epiibots/ros2_ws/install/detector/lib/python3.12/site-packages:/home/epiibots/ros2_ws/install/carrinho_base/lib/python3.12/site-packages:/home/epiibots/ros2_ws/install/calibration/lib/python3.12/site-packages:/home/epiibots/ros2_ws/install/bno055/lib/python3.12/site-packages:/opt/ros/jazzy/lib/python3.12/site-packages /usr/bin/cmake --build /home/epiibots/ros2_ws/build/micro_ros_agent -- -j4 -l4
[10.882s] DEBUG:colcon.colcon_core.event_handler.log_command:Invoking command in '/home/epiibots/ros2_ws/src/pwm_rec': DEBUGINFOD_URLS=https://debuginfod.ubuntu.com PYTHONPATH=/home/epiibots/ros2_ws/build/pwm_rec/prefix_override:/usr/lib/python3/dist-packages/colcon_core/task/python/colcon_distutils_commands:/home/epiibots/ros2_ws/install/pwm_rec/lib/python3.12/site-packages:${PYTHONPATH} /usr/bin/python3 -W ignore:setup.py install is deprecated -W ignore:easy_install command is deprecated setup.py egg_info --egg-base ../../build/pwm_rec build --build-base /home/epiibots/ros2_ws/build/pwm_rec/build install --record /home/epiibots/ros2_ws/build/pwm_rec/install.log --single-version-externally-managed install_data
[10.889s] DEBUG:colcon.colcon_core.event_handler.log_command:Invoking command in '/home/epiibots/ros2_ws/src/servo_steering': DEBUGINFOD_URLS=https://debuginfod.ubuntu.com PYTHONPATH=/home/epiibots/ros2_ws/build/servo_steering/prefix_override:/usr/lib/python3/dist-packages/colcon_core/task/python/colcon_distutils_commands:/home/epiibots/ros2_ws/install/servo_steering/lib/python3.12/site-packages:${PYTHONPATH} /usr/bin/python3 -W ignore:setup.py install is deprecated -W ignore:easy_install command is deprecated setup.py egg_info --egg-base ../../build/servo_steering build --build-base /home/epiibots/ros2_ws/build/servo_steering/build install --record /home/epiibots/ros2_ws/build/servo_steering/install.log --single-version-externally-managed install_data
[11.152s] DEBUG:colcon.colcon_core.event_handler.log_command:Invoked command in '/home/epiibots/ros2_ws/build/micro_ros_agent' returned '0': CMAKE_PREFIX_PATH=/home/epiibots/ros2_ws/install/micro_ros_msgs:/home/epiibots/ros2_ws/install/sllidar_ros2:/home/epiibots/ros2_ws/install/micro_ros_setup:/home/epiibots/ros2_ws/install/micro_ros_agent:/home/epiibots/ros2_ws/install/drive_base_msgs:/opt/ros/jazzy/opt/gz_sim_vendor:/opt/ros/jazzy/opt/gz_sensors_vendor:/opt/ros/jazzy/opt/gz_physics_vendor:/opt/ros/jazzy/opt/sdformat_vendor:/opt/ros/jazzy/opt/gz_gui_vendor:/opt/ros/jazzy/opt/gz_transport_vendor:/opt/ros/jazzy/opt/gz_rendering_vendor:/opt/ros/jazzy/opt/gz_plugin_vendor:/opt/ros/jazzy/opt/gz_fuel_tools_vendor:/opt/ros/jazzy/opt/gz_msgs_vendor:/opt/ros/jazzy/opt/gz_common_vendor:/opt/ros/jazzy/opt/gz_math_vendor:/opt/ros/jazzy/opt/gz_utils_vendor:/opt/ros/jazzy/opt/gz_tools_vendor:/opt/ros/jazzy/opt/gz_ogre_next_vendor:/opt/ros/jazzy/opt/gz_dartsim_vendor:/opt/ros/jazzy/opt/gz_cmake_vendor:/home/epiibots/ros2_ws/install/controlegeral_carrinho:/home/epiibots/ros2_ws/install/servo_steering:/home/epiibots/ros2_ws/install/pwm_rec:/home/epiibots/ros2_ws/install/lidar_teste:/home/epiibots/ros2_ws/install/detector:/home/epiibots/ros2_ws/install/carrinho_base:/home/epiibots/ros2_ws/install/calibration:/home/epiibots/ros2_ws/install/bno055:/opt/ros/jazzy DEBUGINFOD_URLS=https://debuginfod.ubuntu.com LD_LIBRARY_PATH=/home/epiibots/ros2_ws/install/micro_ros_msgs/lib:/home/epiibots/ros2_ws/install/micro_ros_agent/lib:/home/epiibots/ros2_ws/install/drive_base_msgs/lib:/opt/ros/jazzy/opt/gz_sim_vendor/lib:/opt/ros/jazzy/opt/gz_sensors_vendor/lib:/opt/ros/jazzy/opt/gz_physics_vendor/lib:/opt/ros/jazzy/opt/sdformat_vendor/lib:/opt/ros/jazzy/opt/rviz_ogre_vendor/lib:/opt/ros/jazzy/lib/aarch64-linux-gnu:/opt/ros/jazzy/opt/gz_gui_vendor/lib:/opt/ros/jazzy/opt/gz_transport_vendor/lib:/opt/ros/jazzy/opt/gz_rendering_vendor/lib:/opt/ros/jazzy/opt/gz_plugin_vendor/lib:/opt/ros/jazzy/opt/gz_fuel_tools_vendor/lib:/opt/ros/jazzy/opt/gz_msgs_vendor/lib:/opt/ros/jazzy/opt/gz_common_vendor/lib:/opt/ros/jazzy/opt/gz_math_vendor/lib:/opt/ros/jazzy/opt/gz_utils_vendor/lib:/opt/ros/jazzy/opt/gz_tools_vendor/lib:/opt/ros/jazzy/opt/gz_ogre_next_vendor/lib:/opt/ros/jazzy/opt/gz_dartsim_vendor/lib:/opt/ros/jazzy/opt/gz_cmake_vendor/lib:/opt/ros/jazzy/lib PYTHONPATH=/home/epiibots/ros2_ws/install/micro_ros_msgs/lib/python3.12/site-packages:/home/epiibots/ros2_ws/install/controlegeral_carrinho/lib/python3.12/site-packages:/home/epiibots/ros2_ws/install/servo_steering/lib/python3.12/site-packages:/home/epiibots/ros2_ws/install/pwm_rec/lib/python3.12/site-packages:/home/epiibots/ros2_ws/install/lidar_teste/lib/python3.12/site-packages:/home/epiibots/ros2_ws/install/drive_base_msgs/lib/python3.12/site-packages:/home/epiibots/ros2_ws/install/detector/lib/python3.12/site-packages:/home/epiibots/ros2_ws/install/carrinho_base/lib/python3.12/site-packages:/home/epiibots/ros2_ws/install/calibration/lib/python3.12/site-packages:/home/epiibots/ros2_ws/install/bno055/lib/python3.12/site-packages:/opt/ros/jazzy/lib/python3.12/site-packages /usr/bin/cmake --build /home/epiibots/ros2_ws/build/micro_ros_agent -- -j4 -l4
[11.162s] DEBUG:colcon.colcon_core.event_handler.log_command:Invoking command in '/home/epiibots/ros2_ws/build/micro_ros_agent': CMAKE_PREFIX_PATH=/home/epiibots/ros2_ws/install/micro_ros_msgs:/home/epiibots/ros2_ws/install/sllidar_ros2:/home/epiibots/ros2_ws/install/micro_ros_setup:/home/epiibots/ros2_ws/install/micro_ros_agent:/home/epiibots/ros2_ws/install/drive_base_msgs:/opt/ros/jazzy/opt/gz_sim_vendor:/opt/ros/jazzy/opt/gz_sensors_vendor:/opt/ros/jazzy/opt/gz_physics_vendor:/opt/ros/jazzy/opt/sdformat_vendor:/opt/ros/jazzy/opt/gz_gui_vendor:/opt/ros/jazzy/opt/gz_transport_vendor:/opt/ros/jazzy/opt/gz_rendering_vendor:/opt/ros/jazzy/opt/gz_plugin_vendor:/opt/ros/jazzy/opt/gz_fuel_tools_vendor:/opt/ros/jazzy/opt/gz_msgs_vendor:/opt/ros/jazzy/opt/gz_common_vendor:/opt/ros/jazzy/opt/gz_math_vendor:/opt/ros/jazzy/opt/gz_utils_vendor:/opt/ros/jazzy/opt/gz_tools_vendor:/opt/ros/jazzy/opt/gz_ogre_next_vendor:/opt/ros/jazzy/opt/gz_dartsim_vendor:/opt/ros/jazzy/opt/gz_cmake_vendor:/home/epiibots/ros2_ws/install/controlegeral_carrinho:/home/epiibots/ros2_ws/install/servo_steering:/home/epiibots/ros2_ws/install/pwm_rec:/home/epiibots/ros2_ws/install/lidar_teste:/home/epiibots/ros2_ws/install/detector:/home/epiibots/ros2_ws/install/carrinho_base:/home/epiibots/ros2_ws/install/calibration:/home/epiibots/ros2_ws/install/bno055:/opt/ros/jazzy DEBUGINFOD_URLS=https://debuginfod.ubuntu.com LD_LIBRARY_PATH=/home/epiibots/ros2_ws/install/micro_ros_msgs/lib:/home/epiibots/ros2_ws/install/micro_ros_agent/lib:/home/epiibots/ros2_ws/install/drive_base_msgs/lib:/opt/ros/jazzy/opt/gz_sim_vendor/lib:/opt/ros/jazzy/opt/gz_sensors_vendor/lib:/opt/ros/jazzy/opt/gz_physics_vendor/lib:/opt/ros/jazzy/opt/sdformat_vendor/lib:/opt/ros/jazzy/opt/rviz_ogre_vendor/lib:/opt/ros/jazzy/lib/aarch64-linux-gnu:/opt/ros/jazzy/opt/gz_gui_vendor/lib:/opt/ros/jazzy/opt/gz_transport_vendor/lib:/opt/ros/jazzy/opt/gz_rendering_vendor/lib:/opt/ros/jazzy/opt/gz_plugin_vendor/lib:/opt/ros/jazzy/opt/gz_fuel_tools_vendor/lib:/opt/ros/jazzy/opt/gz_msgs_vendor/lib:/opt/ros/jazzy/opt/gz_common_vendor/lib:/opt/ros/jazzy/opt/gz_math_vendor/lib:/opt/ros/jazzy/opt/gz_utils_vendor/lib:/opt/ros/jazzy/opt/gz_tools_vendor/lib:/opt/ros/jazzy/opt/gz_ogre_next_vendor/lib:/opt/ros/jazzy/opt/gz_dartsim_vendor/lib:/opt/ros/jazzy/opt/gz_cmake_vendor/lib:/opt/ros/jazzy/lib PYTHONPATH=/home/epiibots/ros2_ws/install/micro_ros_msgs/lib/python3.12/site-packages:/home/epiibots/ros2_ws/install/controlegeral_carrinho/lib/python3.12/site-packages:/home/epiibots/ros2_ws/install/servo_steering/lib/python3.12/site-packages:/home/epiibots/ros2_ws/install/pwm_rec/lib/python3.12/site-packages:/home/epiibots/ros2_ws/install/lidar_teste/lib/python3.12/site-packages:/home/epiibots/ros2_ws/install/drive_base_msgs/lib/python3.12/site-packages:/home/epiibots/ros2_ws/install/detector/lib/python3.12/site-packages:/home/epiibots/ros2_ws/install/carrinho_base/lib/python3.12/site-packages:/home/epiibots/ros2_ws/install/calibration/lib/python3.12/site-packages:/home/epiibots/ros2_ws/install/bno055/lib/python3.12/site-packages:/opt/ros/jazzy/lib/python3.12/site-packages /usr/bin/cmake --install /home/epiibots/ros2_ws/build/micro_ros_agent
[11.220s] Level 1:colcon.colcon_core.environment:create_environment_scripts_only(micro_ros_agent)
[11.220s] Level 1:colcon.colcon_core.environment:checking '/home/epiibots/ros2_ws/install/micro_ros_agent' for CMake module files
[11.221s] DEBUG:colcon.colcon_core.event_handler.log_command:Invoked command in '/home/epiibots/ros2_ws/build/micro_ros_agent' returned '0': CMAKE_PREFIX_PATH=/home/epiibots/ros2_ws/install/micro_ros_msgs:/home/epiibots/ros2_ws/install/sllidar_ros2:/home/epiibots/ros2_ws/install/micro_ros_setup:/home/epiibots/ros2_ws/install/micro_ros_agent:/home/epiibots/ros2_ws/install/drive_base_msgs:/opt/ros/jazzy/opt/gz_sim_vendor:/opt/ros/jazzy/opt/gz_sensors_vendor:/opt/ros/jazzy/opt/gz_physics_vendor:/opt/ros/jazzy/opt/sdformat_vendor:/opt/ros/jazzy/opt/gz_gui_vendor:/opt/ros/jazzy/opt/gz_transport_vendor:/opt/ros/jazzy/opt/gz_rendering_vendor:/opt/ros/jazzy/opt/gz_plugin_vendor:/opt/ros/jazzy/opt/gz_fuel_tools_vendor:/opt/ros/jazzy/opt/gz_msgs_vendor:/opt/ros/jazzy/opt/gz_common_vendor:/opt/ros/jazzy/opt/gz_math_vendor:/opt/ros/jazzy/opt/gz_utils_vendor:/opt/ros/jazzy/opt/gz_tools_vendor:/opt/ros/jazzy/opt/gz_ogre_next_vendor:/opt/ros/jazzy/opt/gz_dartsim_vendor:/opt/ros/jazzy/opt/gz_cmake_vendor:/home/epiibots/ros2_ws/install/controlegeral_carrinho:/home/epiibots/ros2_ws/install/servo_steering:/home/epiibots/ros2_ws/install/pwm_rec:/home/epiibots/ros2_ws/install/lidar_teste:/home/epiibots/ros2_ws/install/detector:/home/epiibots/ros2_ws/install/carrinho_base:/home/epiibots/ros2_ws/install/calibration:/home/epiibots/ros2_ws/install/bno055:/opt/ros/jazzy DEBUGINFOD_URLS=https://debuginfod.ubuntu.com LD_LIBRARY_PATH=/home/epiibots/ros2_ws/install/micro_ros_msgs/lib:/home/epiibots/ros2_ws/install/micro_ros_agent/lib:/home/epiibots/ros2_ws/install/drive_base_msgs/lib:/opt/ros/jazzy/opt/gz_sim_vendor/lib:/opt/ros/jazzy/opt/gz_sensors_vendor/lib:/opt/ros/jazzy/opt/gz_physics_vendor/lib:/opt/ros/jazzy/opt/sdformat_vendor/lib:/opt/ros/jazzy/opt/rviz_ogre_vendor/lib:/opt/ros/jazzy/lib/aarch64-linux-gnu:/opt/ros/jazzy/opt/gz_gui_vendor/lib:/opt/ros/jazzy/opt/gz_transport_vendor/lib:/opt/ros/jazzy/opt/gz_rendering_vendor/lib:/opt/ros/jazzy/opt/gz_plugin_vendor/lib:/opt/ros/jazzy/opt/gz_fuel_tools_vendor/lib:/opt/ros/jazzy/opt/gz_msgs_vendor/lib:/opt/ros/jazzy/opt/gz_common_vendor/lib:/opt/ros/jazzy/opt/gz_math_vendor/lib:/opt/ros/jazzy/opt/gz_utils_vendor/lib:/opt/ros/jazzy/opt/gz_tools_vendor/lib:/opt/ros/jazzy/opt/gz_ogre_next_vendor/lib:/opt/ros/jazzy/opt/gz_dartsim_vendor/lib:/opt/ros/jazzy/opt/gz_cmake_vendor/lib:/opt/ros/jazzy/lib PYTHONPATH=/home/epiibots/ros2_ws/install/micro_ros_msgs/lib/python3.12/site-packages:/home/epiibots/ros2_ws/install/controlegeral_carrinho/lib/python3.12/site-packages:/home/epiibots/ros2_ws/install/servo_steering/lib/python3.12/site-packages:/home/epiibots/ros2_ws/install/pwm_rec/lib/python3.12/site-packages:/home/epiibots/ros2_ws/install/lidar_teste/lib/python3.12/site-packages:/home/epiibots/ros2_ws/install/drive_base_msgs/lib/python3.12/site-packages:/home/epiibots/ros2_ws/install/detector/lib/python3.12/site-packages:/home/epiibots/ros2_ws/install/carrinho_base/lib/python3.12/site-packages:/home/epiibots/ros2_ws/install/calibration/lib/python3.12/site-packages:/home/epiibots/ros2_ws/install/bno055/lib/python3.12/site-packages:/opt/ros/jazzy/lib/python3.12/site-packages /usr/bin/cmake --install /home/epiibots/ros2_ws/build/micro_ros_agent
[11.223s] Level 1:colcon.colcon_core.environment:checking '/home/epiibots/ros2_ws/install/micro_ros_agent' for CMake config files
[11.223s] Level 1:colcon.colcon_core.shell:create_environment_hook('micro_ros_agent', 'cmake_prefix_path')
[11.224s] INFO:colcon.colcon_core.shell:Creating environment hook '/home/epiibots/ros2_ws/install/micro_ros_agent/share/micro_ros_agent/hook/cmake_prefix_path.ps1'
[11.226s] INFO:colcon.colcon_core.shell:Creating environment descriptor '/home/epiibots/ros2_ws/install/micro_ros_agent/share/micro_ros_agent/hook/cmake_prefix_path.dsv'
[11.227s] INFO:colcon.colcon_core.shell:Creating environment hook '/home/epiibots/ros2_ws/install/micro_ros_agent/share/micro_ros_agent/hook/cmake_prefix_path.sh'
[11.229s] Level 1:colcon.colcon_core.environment:checking '/home/epiibots/ros2_ws/install/micro_ros_agent/lib'
[11.229s] Level 1:colcon.colcon_core.shell:create_environment_hook('micro_ros_agent', 'ld_library_path_lib')
[11.230s] INFO:colcon.colcon_core.shell:Creating environment hook '/home/epiibots/ros2_ws/install/micro_ros_agent/share/micro_ros_agent/hook/ld_library_path_lib.ps1'
[11.231s] INFO:colcon.colcon_core.shell:Creating environment descriptor '/home/epiibots/ros2_ws/install/micro_ros_agent/share/micro_ros_agent/hook/ld_library_path_lib.dsv'
[11.232s] INFO:colcon.colcon_core.shell:Creating environment hook '/home/epiibots/ros2_ws/install/micro_ros_agent/share/micro_ros_agent/hook/ld_library_path_lib.sh'
[11.233s] Level 1:colcon.colcon_core.environment:checking '/home/epiibots/ros2_ws/install/micro_ros_agent/bin'
[11.233s] Level 1:colcon.colcon_core.environment:checking '/home/epiibots/ros2_ws/install/micro_ros_agent/lib/pkgconfig/micro_ros_agent.pc'
[11.235s] Level 1:colcon.colcon_core.environment:checking '/home/epiibots/ros2_ws/install/micro_ros_agent/lib/python3.12/site-packages'
[11.236s] Level 1:colcon.colcon_core.environment:checking '/home/epiibots/ros2_ws/install/micro_ros_agent/bin'
[11.237s] INFO:colcon.colcon_core.shell:Creating package script '/home/epiibots/ros2_ws/install/micro_ros_agent/share/micro_ros_agent/package.ps1'
[11.238s] INFO:colcon.colcon_core.shell:Creating package descriptor '/home/epiibots/ros2_ws/install/micro_ros_agent/share/micro_ros_agent/package.dsv'
[11.243s] INFO:colcon.colcon_core.shell:Creating package script '/home/epiibots/ros2_ws/install/micro_ros_agent/share/micro_ros_agent/package.sh'
[11.244s] INFO:colcon.colcon_core.shell:Creating package script '/home/epiibots/ros2_ws/install/micro_ros_agent/share/micro_ros_agent/package.bash'
[11.245s] INFO:colcon.colcon_core.shell:Creating package script '/home/epiibots/ros2_ws/install/micro_ros_agent/share/micro_ros_agent/package.zsh'
[11.246s] Level 1:colcon.colcon_core.environment:create_file_with_runtime_dependencies(/home/epiibots/ros2_ws/install/micro_ros_agent/share/colcon-core/packages/micro_ros_agent)
[11.248s] Level 1:colcon.colcon_core.environment:create_environment_scripts_only(micro_ros_agent)
[11.248s] Level 1:colcon.colcon_core.environment:checking '/home/epiibots/ros2_ws/install/micro_ros_agent' for CMake module files
[11.249s] Level 1:colcon.colcon_core.environment:checking '/home/epiibots/ros2_ws/install/micro_ros_agent' for CMake config files
[11.249s] Level 1:colcon.colcon_core.shell:create_environment_hook('micro_ros_agent', 'cmake_prefix_path')
[11.250s] INFO:colcon.colcon_core.shell:Creating environment hook '/home/epiibots/ros2_ws/install/micro_ros_agent/share/micro_ros_agent/hook/cmake_prefix_path.ps1'
[11.251s] INFO:colcon.colcon_core.shell:Creating environment descriptor '/home/epiibots/ros2_ws/install/micro_ros_agent/share/micro_ros_agent/hook/cmake_prefix_path.dsv'
[11.252s] INFO:colcon.colcon_core.shell:Creating environment hook '/home/epiibots/ros2_ws/install/micro_ros_agent/share/micro_ros_agent/hook/cmake_prefix_path.sh'
[11.253s] Level 1:colcon.colcon_core.environment:checking '/home/epiibots/ros2_ws/install/micro_ros_agent/lib'
[11.253s] Level 1:colcon.colcon_core.shell:create_environment_hook('micro_ros_agent', 'ld_library_path_lib')
[11.254s] INFO:colcon.colcon_core.shell:Creating environment hook '/home/epiibots/ros2_ws/install/micro_ros_agent/share/micro_ros_agent/hook/ld_library_path_lib.ps1'
[11.255s] INFO:colcon.colcon_core.shell:Creating environment descriptor '/home/epiibots/ros2_ws/install/micro_ros_agent/share/micro_ros_agent/hook/ld_library_path_lib.dsv'
[11.256s] INFO:colcon.colcon_core.shell:Creating environment hook '/home/epiibots/ros2_ws/install/micro_ros_agent/share/micro_ros_agent/hook/ld_library_path_lib.sh'
[11.257s] Level 1:colcon.colcon_core.environment:checking '/home/epiibots/ros2_ws/install/micro_ros_agent/bin'
[11.257s] Level 1:colcon.colcon_core.environment:checking '/home/epiibots/ros2_ws/install/micro_ros_agent/lib/pkgconfig/micro_ros_agent.pc'
[11.257s] Level 1:colcon.colcon_core.environment:checking '/home/epiibots/ros2_ws/install/micro_ros_agent/lib/python3.12/site-packages'
[11.258s] Level 1:colcon.colcon_core.environment:checking '/home/epiibots/ros2_ws/install/micro_ros_agent/bin'
[11.259s] INFO:colcon.colcon_core.shell:Creating package script '/home/epiibots/ros2_ws/install/micro_ros_agent/share/micro_ros_agent/package.ps1'
[11.260s] INFO:colcon.colcon_core.shell:Creating package descriptor '/home/epiibots/ros2_ws/install/micro_ros_agent/share/micro_ros_agent/package.dsv'
[11.261s] INFO:colcon.colcon_core.shell:Creating package script '/home/epiibots/ros2_ws/install/micro_ros_agent/share/micro_ros_agent/package.sh'
[11.262s] INFO:colcon.colcon_core.shell:Creating package script '/home/epiibots/ros2_ws/install/micro_ros_agent/share/micro_ros_agent/package.bash'
[11.263s] INFO:colcon.colcon_core.shell:Creating package script '/home/epiibots/ros2_ws/install/micro_ros_agent/share/micro_ros_agent/package.zsh'
[11.264s] Level 1:colcon.colcon_core.environment:create_file_with_runtime_dependencies(/home/epiibots/ros2_ws/install/micro_ros_agent/share/colcon-core/packages/micro_ros_agent)
[11.861s] DEBUG:colcon.colcon_core.event_handler.log_command:Invoking command in '/home/epiibots/ros2_ws/src/controlegeral_carrinho': AMENT_PREFIX_PATH=/home/epiibots/ros2_ws/install/bno055:/home/epiibots/ros2_ws/install/controlegeral_carrinho:/home/epiibots/ros2_ws/install/sllidar_ros2:/home/epiibots/ros2_ws/install/servo_steering:/home/epiibots/ros2_ws/install/pwm_rec:/home/epiibots/ros2_ws/install/micro_ros_setup:/home/epiibots/ros2_ws/install/micro_ros_agent:/home/epiibots/ros2_ws/install/micro_ros_msgs:/home/epiibots/ros2_ws/install/lidar_teste:/home/epiibots/ros2_ws/install/drive_base_msgs:/home/epiibots/ros2_ws/install/detector:/home/epiibots/ros2_ws/install/carrinho_base:/home/epiibots/ros2_ws/install/calibration:/opt/ros/jazzy DEBUGINFOD_URLS=https://debuginfod.ubuntu.com PYTHONPATH=/home/epiibots/ros2_ws/build/controlegeral_carrinho/prefix_override:/usr/lib/python3/dist-packages/colcon_core/task/python/colcon_distutils_commands:/home/epiibots/ros2_ws/install/controlegeral_carrinho/lib/python3.12/site-packages:/home/epiibots/ros2_ws/install/bno055/lib/python3.12/site-packages:/home/epiibots/ros2_ws/install/controlegeral_carrinho/lib/python3.12/site-packages:/home/epiibots/ros2_ws/install/servo_steering/lib/python3.12/site-packages:/home/epiibots/ros2_ws/install/pwm_rec/lib/python3.12/site-packages:/home/epiibots/ros2_ws/install/micro_ros_msgs/lib/python3.12/site-packages:/home/epiibots/ros2_ws/install/lidar_teste/lib/python3.12/site-packages:/home/epiibots/ros2_ws/install/drive_base_msgs/lib/python3.12/site-packages:/home/epiibots/ros2_ws/install/detector/lib/python3.12/site-packages:/home/epiibots/ros2_ws/install/carrinho_base/lib/python3.12/site-packages:/home/epiibots/ros2_ws/install/calibration/lib/python3.12/site-packages:/opt/ros/jazzy/lib/python3.12/site-packages /usr/bin/python3 -W ignore:setup.py install is deprecated -W ignore:easy_install command is deprecated setup.py egg_info --egg-base ../../build/controlegeral_carrinho build --build-base /home/epiibots/ros2_ws/build/controlegeral_carrinho/build install --record /home/epiibots/ros2_ws/build/controlegeral_carrinho/install.log --single-version-externally-managed install_data
[12.263s] Level 1:colcon.colcon_core.environment:checking '/home/epiibots/ros2_ws/install/pwm_rec' for CMake module files
[12.264s] DEBUG:colcon.colcon_core.event_handler.log_command:Invoked command in '/home/epiibots/ros2_ws/src/pwm_rec' returned '0': DEBUGINFOD_URLS=https://debuginfod.ubuntu.com PYTHONPATH=/home/epiibots/ros2_ws/build/pwm_rec/prefix_override:/usr/lib/python3/dist-packages/colcon_core/task/python/colcon_distutils_commands:/home/epiibots/ros2_ws/install/pwm_rec/lib/python3.12/site-packages:${PYTHONPATH} /usr/bin/python3 -W ignore:setup.py install is deprecated -W ignore:easy_install command is deprecated setup.py egg_info --egg-base ../../build/pwm_rec build --build-base /home/epiibots/ros2_ws/build/pwm_rec/build install --record /home/epiibots/ros2_ws/build/pwm_rec/install.log --single-version-externally-managed install_data
[12.264s] Level 1:colcon.colcon_core.environment:checking '/home/epiibots/ros2_ws/install/pwm_rec' for CMake config files
[12.265s] Level 1:colcon.colcon_core.environment:checking '/home/epiibots/ros2_ws/install/pwm_rec/lib'
[12.266s] Level 1:colcon.colcon_core.environment:checking '/home/epiibots/ros2_ws/install/pwm_rec/bin'
[12.266s] Level 1:colcon.colcon_core.environment:checking '/home/epiibots/ros2_ws/install/pwm_rec/lib/pkgconfig/pwm_rec.pc'
[12.266s] Level 1:colcon.colcon_core.environment:checking '/home/epiibots/ros2_ws/install/pwm_rec/lib/python3.12/site-packages'
[12.266s] Level 1:colcon.colcon_core.shell:create_environment_hook('pwm_rec', 'pythonpath')
[12.267s] INFO:colcon.colcon_core.shell:Creating environment hook '/home/epiibots/ros2_ws/install/pwm_rec/share/pwm_rec/hook/pythonpath.ps1'
[12.268s] INFO:colcon.colcon_core.shell:Creating environment descriptor '/home/epiibots/ros2_ws/install/pwm_rec/share/pwm_rec/hook/pythonpath.dsv'
[12.271s] INFO:colcon.colcon_core.shell:Creating environment hook '/home/epiibots/ros2_ws/install/pwm_rec/share/pwm_rec/hook/pythonpath.sh'
[12.273s] Level 1:colcon.colcon_core.environment:checking '/home/epiibots/ros2_ws/install/pwm_rec/bin'
[12.273s] Level 1:colcon.colcon_core.environment:create_environment_scripts_only(pwm_rec)
[12.274s] INFO:colcon.colcon_core.shell:Creating package script '/home/epiibots/ros2_ws/install/pwm_rec/share/pwm_rec/package.ps1'
[12.275s] INFO:colcon.colcon_core.shell:Creating package descriptor '/home/epiibots/ros2_ws/install/pwm_rec/share/pwm_rec/package.dsv'
[12.276s] INFO:colcon.colcon_core.shell:Creating package script '/home/epiibots/ros2_ws/install/pwm_rec/share/pwm_rec/package.sh'
[12.277s] INFO:colcon.colcon_core.shell:Creating package script '/home/epiibots/ros2_ws/install/pwm_rec/share/pwm_rec/package.bash'
[12.278s] INFO:colcon.colcon_core.shell:Creating package script '/home/epiibots/ros2_ws/install/pwm_rec/share/pwm_rec/package.zsh'
[12.279s] Level 1:colcon.colcon_core.environment:create_file_with_runtime_dependencies(/home/epiibots/ros2_ws/install/pwm_rec/share/colcon-core/packages/pwm_rec)
[12.290s] Level 1:colcon.colcon_core.environment:checking '/home/epiibots/ros2_ws/install/servo_steering' for CMake module files
[12.291s] DEBUG:colcon.colcon_core.event_handler.log_command:Invoked command in '/home/epiibots/ros2_ws/src/servo_steering' returned '0': DEBUGINFOD_URLS=https://debuginfod.ubuntu.com PYTHONPATH=/home/epiibots/ros2_ws/build/servo_steering/prefix_override:/usr/lib/python3/dist-packages/colcon_core/task/python/colcon_distutils_commands:/home/epiibots/ros2_ws/install/servo_steering/lib/python3.12/site-packages:${PYTHONPATH} /usr/bin/python3 -W ignore:setup.py install is deprecated -W ignore:easy_install command is deprecated setup.py egg_info --egg-base ../../build/servo_steering build --build-base /home/epiibots/ros2_ws/build/servo_steering/build install --record /home/epiibots/ros2_ws/build/servo_steering/install.log --single-version-externally-managed install_data
[12.291s] Level 1:colcon.colcon_core.environment:checking '/home/epiibots/ros2_ws/install/servo_steering' for CMake config files
[12.292s] Level 1:colcon.colcon_core.environment:checking '/home/epiibots/ros2_ws/install/servo_steering/lib'
[12.292s] Level 1:colcon.colcon_core.environment:checking '/home/epiibots/ros2_ws/install/servo_steering/bin'
[12.292s] Level 1:colcon.colcon_core.environment:checking '/home/epiibots/ros2_ws/install/servo_steering/lib/pkgconfig/servo_steering.pc'
[12.292s] Level 1:colcon.colcon_core.environment:checking '/home/epiibots/ros2_ws/install/servo_steering/lib/python3.12/site-packages'
[12.292s] Level 1:colcon.colcon_core.shell:create_environment_hook('servo_steering', 'pythonpath')
[12.293s] INFO:colcon.colcon_core.shell:Creating environment hook '/home/epiibots/ros2_ws/install/servo_steering/share/servo_steering/hook/pythonpath.ps1'
[12.293s] INFO:colcon.colcon_core.shell:Creating environment descriptor '/home/epiibots/ros2_ws/install/servo_steering/share/servo_steering/hook/pythonpath.dsv'
[12.296s] INFO:colcon.colcon_core.shell:Creating environment hook '/home/epiibots/ros2_ws/install/servo_steering/share/servo_steering/hook/pythonpath.sh'
[12.298s] Level 1:colcon.colcon_core.environment:checking '/home/epiibots/ros2_ws/install/servo_steering/bin'
[12.298s] Level 1:colcon.colcon_core.environment:create_environment_scripts_only(servo_steering)
[12.298s] INFO:colcon.colcon_core.shell:Creating package script '/home/epiibots/ros2_ws/install/servo_steering/share/servo_steering/package.ps1'
[12.299s] INFO:colcon.colcon_core.shell:Creating package descriptor '/home/epiibots/ros2_ws/install/servo_steering/share/servo_steering/package.dsv'
[12.300s] INFO:colcon.colcon_core.shell:Creating package script '/home/epiibots/ros2_ws/install/servo_steering/share/servo_steering/package.sh'
[12.301s] INFO:colcon.colcon_core.shell:Creating package script '/home/epiibots/ros2_ws/install/servo_steering/share/servo_steering/package.bash'
[12.302s] INFO:colcon.colcon_core.shell:Creating package script '/home/epiibots/ros2_ws/install/servo_steering/share/servo_steering/package.zsh'
[12.303s] Level 1:colcon.colcon_core.environment:create_file_with_runtime_dependencies(/home/epiibots/ros2_ws/install/servo_steering/share/colcon-core/packages/servo_steering)
[12.916s] Level 1:colcon.colcon_core.environment:checking '/home/epiibots/ros2_ws/install/controlegeral_carrinho' for CMake module files
[12.916s] DEBUG:colcon.colcon_core.event_handler.log_command:Invoked command in '/home/epiibots/ros2_ws/src/controlegeral_carrinho' returned '0': AMENT_PREFIX_PATH=/home/epiibots/ros2_ws/install/bno055:/home/epiibots/ros2_ws/install/controlegeral_carrinho:/home/epiibots/ros2_ws/install/sllidar_ros2:/home/epiibots/ros2_ws/install/servo_steering:/home/epiibots/ros2_ws/install/pwm_rec:/home/epiibots/ros2_ws/install/micro_ros_setup:/home/epiibots/ros2_ws/install/micro_ros_agent:/home/epiibots/ros2_ws/install/micro_ros_msgs:/home/epiibots/ros2_ws/install/lidar_teste:/home/epiibots/ros2_ws/install/drive_base_msgs:/home/epiibots/ros2_ws/install/detector:/home/epiibots/ros2_ws/install/carrinho_base:/home/epiibots/ros2_ws/install/calibration:/opt/ros/jazzy DEBUGINFOD_URLS=https://debuginfod.ubuntu.com PYTHONPATH=/home/epiibots/ros2_ws/build/controlegeral_carrinho/prefix_override:/usr/lib/python3/dist-packages/colcon_core/task/python/colcon_distutils_commands:/home/epiibots/ros2_ws/install/controlegeral_carrinho/lib/python3.12/site-packages:/home/epiibots/ros2_ws/install/bno055/lib/python3.12/site-packages:/home/epiibots/ros2_ws/install/controlegeral_carrinho/lib/python3.12/site-packages:/home/epiibots/ros2_ws/install/servo_steering/lib/python3.12/site-packages:/home/epiibots/ros2_ws/install/pwm_rec/lib/python3.12/site-packages:/home/epiibots/ros2_ws/install/micro_ros_msgs/lib/python3.12/site-packages:/home/epiibots/ros2_ws/install/lidar_teste/lib/python3.12/site-packages:/home/epiibots/ros2_ws/install/drive_base_msgs/lib/python3.12/site-packages:/home/epiibots/ros2_ws/install/detector/lib/python3.12/site-packages:/home/epiibots/ros2_ws/install/carrinho_base/lib/python3.12/site-packages:/home/epiibots/ros2_ws/install/calibration/lib/python3.12/site-packages:/opt/ros/jazzy/lib/python3.12/site-packages /usr/bin/python3 -W ignore:setup.py install is deprecated -W ignore:easy_install command is deprecated setup.py egg_info --egg-base ../../build/controlegeral_carrinho build --build-base /home/epiibots/ros2_ws/build/controlegeral_carrinho/build install --record /home/epiibots/ros2_ws/build/controlegeral_carrinho/install.log --single-version-externally-managed install_data
[12.917s] Level 1:colcon.colcon_core.environment:checking '/home/epiibots/ros2_ws/install/controlegeral_carrinho' for CMake config files
[12.917s] Level 1:colcon.colcon_core.environment:checking '/home/epiibots/ros2_ws/install/controlegeral_carrinho/lib'
[12.917s] Level 1:colcon.colcon_core.environment:checking '/home/epiibots/ros2_ws/install/controlegeral_carrinho/bin'
[12.918s] Level 1:colcon.colcon_core.environment:checking '/home/epiibots/ros2_ws/install/controlegeral_carrinho/lib/pkgconfig/controlegeral_carrinho.pc'
[12.918s] Level 1:colcon.colcon_core.environment:checking '/home/epiibots/ros2_ws/install/controlegeral_carrinho/lib/python3.12/site-packages'
[12.918s] Level 1:colcon.colcon_core.shell:create_environment_hook('controlegeral_carrinho', 'pythonpath')
[12.918s] INFO:colcon.colcon_core.shell:Creating environment hook '/home/epiibots/ros2_ws/install/controlegeral_carrinho/share/controlegeral_carrinho/hook/pythonpath.ps1'
[12.919s] INFO:colcon.colcon_core.shell:Creating environment descriptor '/home/epiibots/ros2_ws/install/controlegeral_carrinho/share/controlegeral_carrinho/hook/pythonpath.dsv'
[12.919s] INFO:colcon.colcon_core.shell:Creating environment hook '/home/epiibots/ros2_ws/install/controlegeral_carrinho/share/controlegeral_carrinho/hook/pythonpath.sh'
[12.920s] Level 1:colcon.colcon_core.environment:checking '/home/epiibots/ros2_ws/install/controlegeral_carrinho/bin'
[12.920s] Level 1:colcon.colcon_core.environment:create_environment_scripts_only(controlegeral_carrinho)
[12.921s] INFO:colcon.colcon_core.shell:Creating package script '/home/epiibots/ros2_ws/install/controlegeral_carrinho/share/controlegeral_carrinho/package.ps1'
[12.921s] INFO:colcon.colcon_core.shell:Creating package descriptor '/home/epiibots/ros2_ws/install/controlegeral_carrinho/share/controlegeral_carrinho/package.dsv'
[12.922s] INFO:colcon.colcon_core.shell:Creating package script '/home/epiibots/ros2_ws/install/controlegeral_carrinho/share/controlegeral_carrinho/package.sh'
[12.923s] INFO:colcon.colcon_core.shell:Creating package script '/home/epiibots/ros2_ws/install/controlegeral_carrinho/share/controlegeral_carrinho/package.bash'
[12.923s] INFO:colcon.colcon_core.shell:Creating package script '/home/epiibots/ros2_ws/install/controlegeral_carrinho/share/controlegeral_carrinho/package.zsh'
[12.923s] Level 1:colcon.colcon_core.environment:create_file_with_runtime_dependencies(/home/epiibots/ros2_ws/install/controlegeral_carrinho/share/colcon-core/packages/controlegeral_carrinho)
[12.924s] DEBUG:colcon.colcon_parallel_executor.executor.parallel:closing loop
[12.924s] DEBUG:colcon.colcon_parallel_executor.executor.parallel:loop closed
[12.924s] DEBUG:colcon.colcon_parallel_executor.executor.parallel:run_until_complete finished with '0'
[12.925s] DEBUG:colcon.colcon_core.event_reactor:joining thread
[12.926s] DEBUG:colcon.colcon_core.event_reactor:joined thread
[12.926s] INFO:colcon.colcon_core.shell:Creating prefix script '/home/epiibots/ros2_ws/install/local_setup.ps1'
[12.938s] INFO:colcon.colcon_core.shell:Creating prefix util module '/home/epiibots/ros2_ws/install/_local_setup_util_ps1.py'
[12.952s] INFO:colcon.colcon_core.shell:Creating prefix chain script '/home/epiibots/ros2_ws/install/setup.ps1'
[12.963s] INFO:colcon.colcon_core.shell:Creating prefix script '/home/epiibots/ros2_ws/install/local_setup.sh'
[12.972s] INFO:colcon.colcon_core.shell:Creating prefix util module '/home/epiibots/ros2_ws/install/_local_setup_util_sh.py'
[12.973s] INFO:colcon.colcon_core.shell:Creating prefix chain script '/home/epiibots/ros2_ws/install/setup.sh'
[12.985s] INFO:colcon.colcon_core.shell:Creating prefix script '/home/epiibots/ros2_ws/install/local_setup.bash'
[12.995s] INFO:colcon.colcon_core.shell:Creating prefix chain script '/home/epiibots/ros2_ws/install/setup.bash'
[13.005s] INFO:colcon.colcon_core.shell:Creating prefix script '/home/epiibots/ros2_ws/install/local_setup.zsh'
[13.014s] INFO:colcon.colcon_core.shell:Creating prefix chain script '/home/epiibots/ros2_ws/install/setup.zsh'
