[0.000000] (-) TimerEvent: {}
[0.000364] (bno055) JobQueued: {'identifier': 'bno055', 'dependencies': OrderedDict()}
[0.000751] (calibration) JobQueued: {'identifier': 'calibration', 'dependencies': OrderedDict()}
[0.000778] (carrinho_base) JobQueued: {'identifier': 'carrinho_base', 'dependencies': OrderedDict()}
[0.000939] (carrinho_localization) JobQueued: {'identifier': 'carrinho_localization', 'dependencies': OrderedDict()}
[0.001143] (detector) JobQueued: {'identifier': 'detector', 'dependencies': OrderedDict()}
[0.001164] (drive_base_msgs) JobQueued: {'identifier': 'drive_base_msgs', 'dependencies': OrderedDict()}
[0.001275] (lidar_teste) JobQueued: {'identifier': 'lidar_teste', 'dependencies': OrderedDict()}
[0.001294] (micro_ros_msgs) JobQueued: {'identifier': 'micro_ros_msgs', 'dependencies': OrderedDict()}
[0.001323] (micro_ros_setup) JobQueued: {'identifier': 'micro_ros_setup', 'dependencies': OrderedDict()}
[0.001358] (pwm_rec) JobQueued: {'identifier': 'pwm_rec', 'dependencies': OrderedDict()}
[0.001379] (servo_steering) JobQueued: {'identifier': 'servo_steering', 'dependencies': OrderedDict()}
[0.001410] (sllidar_ros2) JobQueued: {'identifier': 'sllidar_ros2', 'dependencies': OrderedDict()}
[0.001654] (carrinho_control) JobQueued: {'identifier': 'carrinho_control', 'dependencies': OrderedDict({'carrinho_localization': '/home/epiibots/ros2_ws/install/carrinho_localization', 'servo_steering': '/home/epiibots/ros2_ws/install/servo_steering'})}
[0.001682] (micro_ros_agent) JobQueued: {'identifier': 'micro_ros_agent', 'dependencies': OrderedDict({'micro_ros_msgs': '/home/epiibots/ros2_ws/install/micro_ros_msgs'})}
[0.001767] (carrinho_localization) JobStarted: {'identifier': 'carrinho_localization'}
[0.016667] (micro_ros_msgs) JobStarted: {'identifier': 'micro_ros_msgs'}
[0.024227] (servo_steering) JobStarted: {'identifier': 'servo_steering'}
[0.035761] (bno055) JobStarted: {'identifier': 'bno055'}
[0.099667] (-) TimerEvent: {}
[0.200111] (-) TimerEvent: {}
[0.300543] (-) TimerEvent: {}
[0.401218] (-) TimerEvent: {}
[0.421054] (micro_ros_msgs) JobProgress: {'identifier': 'micro_ros_msgs', 'progress': 'cmake'}
[0.426141] (micro_ros_msgs) JobProgress: {'identifier': 'micro_ros_msgs', 'progress': 'build'}
[0.427589] (micro_ros_msgs) Command: {'cmd': ['/usr/bin/cmake', '--build', '/home/epiibots/ros2_ws/build/micro_ros_msgs', '--', '-j4', '-l4'], 'cwd': '/home/epiibots/ros2_ws/build/micro_ros_msgs', 'env': OrderedDict({'LESSOPEN': '| /usr/bin/lesspipe %s', 'USER': 'epiibots', 'SSH_CLIENT': '192.168.0.114 46444 22', 'GZ_CONFIG_PATH': '/opt/ros/jazzy/opt/gz_sim_vendor/share/gz:/opt/ros/jazzy/opt/sdformat_vendor/share/gz:/opt/ros/jazzy/opt/gz_gui_vendor/share/gz:/opt/ros/jazzy/opt/gz_transport_vendor/share/gz:/opt/ros/jazzy/opt/gz_rendering_vendor/share/gz:/opt/ros/jazzy/opt/gz_plugin_vendor/share/gz:/opt/ros/jazzy/opt/gz_fuel_tools_vendor/share/gz:/opt/ros/jazzy/opt/gz_msgs_vendor/share/gz:/opt/ros/jazzy/opt/gz_common_vendor/share/gz', 'XDG_SESSION_TYPE': 'tty', 'SHLVL': '1', 'LD_LIBRARY_PATH': '/home/epiibots/install/micro_ros_agent/lib:/home/epiibots/install/micro_ros_msgs/lib:/home/epiibots/ros2_ws/install/micro_ros_agent/lib:/home/epiibots/ros2_ws/install/micro_ros_msgs/lib:/home/epiibots/ros2_ws/install/drive_base_msgs/lib:/opt/ros/jazzy/opt/gz_sim_vendor/lib:/opt/ros/jazzy/opt/gz_sensors_vendor/lib:/opt/ros/jazzy/opt/gz_physics_vendor/lib:/opt/ros/jazzy/opt/sdformat_vendor/lib:/opt/ros/jazzy/opt/rviz_ogre_vendor/lib:/opt/ros/jazzy/lib/aarch64-linux-gnu:/opt/ros/jazzy/opt/gz_gui_vendor/lib:/opt/ros/jazzy/opt/gz_transport_vendor/lib:/opt/ros/jazzy/opt/gz_rendering_vendor/lib:/opt/ros/jazzy/opt/gz_plugin_vendor/lib:/opt/ros/jazzy/opt/gz_fuel_tools_vendor/lib:/opt/ros/jazzy/opt/gz_msgs_vendor/lib:/opt/ros/jazzy/opt/gz_common_vendor/lib:/opt/ros/jazzy/opt/gz_math_vendor/lib:/opt/ros/jazzy/opt/gz_utils_vendor/lib:/opt/ros/jazzy/opt/gz_tools_vendor/lib:/opt/ros/jazzy/opt/gz_ogre_next_vendor/lib:/opt/ros/jazzy/opt/gz_dartsim_vendor/lib:/opt/ros/jazzy/opt/gz_cmake_vendor/lib:/opt/ros/jazzy/lib', 'HOME': '/home/epiibots', 'OLDPWD': '/home/epiibots', 'SSH_TTY': '/dev/pts/0', 'ROS_PYTHON_VERSION': '3', 'DBUS_SESSION_BUS_ADDRESS': 'unix:path=/run/user/1000/bus', 'DEBUGINFOD_URLS': 'https://debuginfod.ubuntu.com', 'COLCON_PREFIX_PATH': '/home/epiibots/ros2_ws/install:/home/epiibots/install', 'ROS_DISTRO': 'jazzy', 'LOGNAME': 'epiibots', '_': '/usr/bin/colcon', 'ROS_VERSION': '2', 'XDG_SESSION_CLASS': 'user', 'TERM': 'xterm-256color', 'XDG_SESSION_ID': '4', 'PATH': '/opt/ros/jazzy/opt/gz_msgs_vendor/bin:/opt/ros/jazzy/opt/gz_tools_vendor/bin:/opt/ros/jazzy/opt/gz_ogre_next_vendor/bin:/opt/ros/jazzy/bin:/usr/local/sbin:/usr/local/bin:/usr/sbin:/usr/bin:/sbin:/bin:/usr/games:/usr/local/games:/snap/bin', 'XDG_RUNTIME_DIR': '/run/user/1000', 'DISPLAY': 'localhost:10.0', 'LANG': 'en_US.UTF-8', 'LS_COLORS': 'rs=0:di=01;34:ln=01;36:mh=00:pi=40;33:so=01;35:do=01;35:bd=40;33;01:cd=40;33;01:or=40;31;01:mi=00:su=37;41:sg=30;43:ca=00:tw=30;42:ow=34;42:st=37;44:ex=01;32:*.tar=01;31:*.tgz=01;31:*.arc=01;31:*.arj=01;31:*.taz=01;31:*.lha=01;31:*.lz4=01;31:*.lzh=01;31:*.lzma=01;31:*.tlz=01;31:*.txz=01;31:*.tzo=01;31:*.t7z=01;31:*.zip=01;31:*.z=01;31:*.dz=01;31:*.gz=01;31:*.lrz=01;31:*.lz=01;31:*.lzo=01;31:*.xz=01;31:*.zst=01;31:*.tzst=01;31:*.bz2=01;31:*.bz=01;31:*.tbz=01;31:*.tbz2=01;31:*.tz=01;31:*.deb=01;31:*.rpm=01;31:*.jar=01;31:*.war=01;31:*.ear=01;31:*.sar=01;31:*.rar=01;31:*.alz=01;31:*.ace=01;31:*.zoo=01;31:*.cpio=01;31:*.7z=01;31:*.rz=01;31:*.cab=01;31:*.wim=01;31:*.swm=01;31:*.dwm=01;31:*.esd=01;31:*.avif=01;35:*.jpg=01;35:*.jpeg=01;35:*.mjpg=01;35:*.mjpeg=01;35:*.gif=01;35:*.bmp=01;35:*.pbm=01;35:*.pgm=01;35:*.ppm=01;35:*.tga=01;35:*.xbm=01;35:*.xpm=01;35:*.tif=01;35:*.tiff=01;35:*.png=01;35:*.svg=01;35:*.svgz=01;35:*.mng=01;35:*.pcx=01;35:*.mov=01;35:*.mpg=01;35:*.mpeg=01;35:*.m2v=01;35:*.mkv=01;35:*.webm=01;35:*.webp=01;35:*.ogm=01;35:*.mp4=01;35:*.m4v=01;35:*.mp4v=01;35:*.vob=01;35:*.qt=01;35:*.nuv=01;35:*.wmv=01;35:*.asf=01;35:*.rm=01;35:*.rmvb=01;35:*.flc=01;35:*.avi=01;35:*.fli=01;35:*.flv=01;35:*.gl=01;35:*.dl=01;35:*.xcf=01;35:*.xwd=01;35:*.yuv=01;35:*.cgm=01;35:*.emf=01;35:*.ogv=01;35:*.ogx=01;35:*.aac=00;36:*.au=00;36:*.flac=00;36:*.m4a=00;36:*.mid=00;36:*.midi=00;36:*.mka=00;36:*.mp3=00;36:*.mpc=00;36:*.ogg=00;36:*.ra=00;36:*.wav=00;36:*.oga=00;36:*.opus=00;36:*.spx=00;36:*.xspf=00;36:*~=00;90:*#=00;90:*.bak=00;90:*.crdownload=00;90:*.dpkg-dist=00;90:*.dpkg-new=00;90:*.dpkg-old=00;90:*.dpkg-tmp=00;90:*.old=00;90:*.orig=00;90:*.part=00;90:*.rej=00;90:*.rpmnew=00;90:*.rpmorig=00;90:*.rpmsave=00;90:*.swp=00;90:*.tmp=00;90:*.ucf-dist=00;90:*.ucf-new=00;90:*.ucf-old=00;90:', 'AMENT_PREFIX_PATH': '/home/epiibots/install/micro_ros_agent:/home/epiibots/install/micro_ros_msgs:/home/epiibots/ros2_ws/install/controlegeral_carrinho:/home/epiibots/ros2_ws/install/sllidar_ros2:/home/epiibots/ros2_ws/install/carrinho_control:/home/epiibots/ros2_ws/install/servo_steering:/home/epiibots/ros2_ws/install/pwm_rec:/home/epiibots/ros2_ws/install/micro_ros_setup:/home/epiibots/ros2_ws/install/micro_ros_agent:/home/epiibots/ros2_ws/install/micro_ros_msgs:/home/epiibots/ros2_ws/install/lidar_teste:/home/epiibots/ros2_ws/install/drive_base_msgs:/home/epiibots/ros2_ws/install/detector:/home/epiibots/ros2_ws/install/carrinho_localization:/home/epiibots/ros2_ws/install/carrinho_base:/home/epiibots/ros2_ws/install/calibration:/home/epiibots/ros2_ws/install/bno055:/opt/ros/jazzy', 'SHELL': '/bin/bash', 'LESSCLOSE': '/usr/bin/lesspipe %s %s', 'ROS_AUTOMATIC_DISCOVERY_RANGE': 'SUBNET', 'PWD': '/home/epiibots/ros2_ws/build/micro_ros_msgs', 'LC_ALL': 'en_US.UTF-8', 'SSH_CONNECTION': '192.168.0.114 46444 192.168.0.67 22', 'XDG_DATA_DIRS': '/usr/share/gnome:/usr/local/share:/usr/share:/var/lib/snapd/desktop', 'PYTHONPATH': '/home/epiibots/install/micro_ros_msgs/lib/python3.12/site-packages:/home/epiibots/ros2_ws/install/controlegeral_carrinho/lib/python3.12/site-packages:/home/epiibots/ros2_ws/install/carrinho_control/lib/python3.12/site-packages:/home/epiibots/ros2_ws/install/servo_steering/lib/python3.12/site-packages:/home/epiibots/ros2_ws/install/pwm_rec/lib/python3.12/site-packages:/home/epiibots/ros2_ws/install/micro_ros_msgs/lib/python3.12/site-packages:/home/epiibots/ros2_ws/install/lidar_teste/lib/python3.12/site-packages:/home/epiibots/ros2_ws/install/drive_base_msgs/lib/python3.12/site-packages:/home/epiibots/ros2_ws/install/detector/lib/python3.12/site-packages:/home/epiibots/ros2_ws/install/carrinho_localization/lib/python3.12/site-packages:/home/epiibots/ros2_ws/install/carrinho_base/lib/python3.12/site-packages:/home/epiibots/ros2_ws/install/calibration/lib/python3.12/site-packages:/home/epiibots/ros2_ws/install/bno055/lib/python3.12/site-packages:/opt/ros/jazzy/lib/python3.12/site-packages', 'COLCON': '1', 'CMAKE_PREFIX_PATH': '/home/epiibots/install/micro_ros_agent:/home/epiibots/install/micro_ros_msgs:/home/epiibots/ros2_ws/install/sllidar_ros2:/home/epiibots/ros2_ws/install/micro_ros_setup:/home/epiibots/ros2_ws/install/micro_ros_agent:/home/epiibots/ros2_ws/install/micro_ros_msgs:/home/epiibots/ros2_ws/install/drive_base_msgs:/opt/ros/jazzy/opt/gz_sim_vendor:/opt/ros/jazzy/opt/gz_sensors_vendor:/opt/ros/jazzy/opt/gz_physics_vendor:/opt/ros/jazzy/opt/sdformat_vendor:/opt/ros/jazzy/opt/gz_gui_vendor:/opt/ros/jazzy/opt/gz_transport_vendor:/opt/ros/jazzy/opt/gz_rendering_vendor:/opt/ros/jazzy/opt/gz_plugin_vendor:/opt/ros/jazzy/opt/gz_fuel_tools_vendor:/opt/ros/jazzy/opt/gz_msgs_vendor:/opt/ros/jazzy/opt/gz_common_vendor:/opt/ros/jazzy/opt/gz_math_vendor:/opt/ros/jazzy/opt/gz_utils_vendor:/opt/ros/jazzy/opt/gz_tools_vendor:/opt/ros/jazzy/opt/gz_ogre_next_vendor:/opt/ros/jazzy/opt/gz_dartsim_vendor:/opt/ros/jazzy/opt/gz_cmake_vendor:/home/epiibots/ros2_ws/install/controlegeral_carrinho:/home/epiibots/ros2_ws/install/carrinho_control:/home/epiibots/ros2_ws/install/servo_steering:/home/epiibots/ros2_ws/install/pwm_rec:/home/epiibots/ros2_ws/install/lidar_teste:/home/epiibots/ros2_ws/install/detector:/home/epiibots/ros2_ws/install/carrinho_localization:/home/epiibots/ros2_ws/install/carrinho_base:/home/epiibots/ros2_ws/install/calibration:/home/epiibots/ros2_ws/install/bno055:/opt/ros/jazzy'}), 'shell': False}
[0.501245] (-) TimerEvent: {}
[0.601666] (-) TimerEvent: {}
[0.702316] (-) TimerEvent: {}
[0.802783] (-) TimerEvent: {}
[0.905163] (-) TimerEvent: {}
[0.918573] (micro_ros_msgs) StdoutLine: {'line': b'[  1%] Built target micro_ros_msgs__rosidl_generator_type_description\n'}
[0.926496] (micro_ros_msgs) StdoutLine: {'line': b'[  3%] Built target micro_ros_msgs__rs\n'}
[0.968173] (micro_ros_msgs) StdoutLine: {'line': b'[  3%] Built target ament_cmake_python_copy_micro_ros_msgs\n'}
[0.994988] (micro_ros_msgs) StdoutLine: {'line': b'[  5%] Built target micro_ros_msgs__cpp\n'}
[1.005983] (-) TimerEvent: {}
[1.037964] (micro_ros_msgs) StdoutLine: {'line': b'[ 25%] Built target micro_ros_msgs__rosidl_generator_c\n'}
[1.107006] (-) TimerEvent: {}
[1.160109] (micro_ros_msgs) StdoutLine: {'line': b'[ 34%] Built target micro_ros_msgs__rosidl_typesupport_fastrtps_cpp\n'}
[1.180977] (micro_ros_msgs) StdoutLine: {'line': b'[ 43%] Built target micro_ros_msgs__rosidl_typesupport_fastrtps_c\n'}
[1.187068] (micro_ros_msgs) StdoutLine: {'line': b'[ 52%] Built target micro_ros_msgs__rosidl_typesupport_introspection_cpp\n'}
[1.207757] (-) TimerEvent: {}
[1.309300] (micro_ros_msgs) StdoutLine: {'line': b'[ 61%] Built target micro_ros_msgs__rosidl_typesupport_c\n'}
[1.309736] (-) TimerEvent: {}
[1.313998] (micro_ros_msgs) StdoutLine: {'line': b'[ 70%] Built target micro_ros_msgs__rosidl_typesupport_cpp\n'}
[1.320786] (micro_ros_msgs) StdoutLine: {'line': b'[ 80%] Built target micro_ros_msgs__rosidl_typesupport_introspection_c\n'}
[1.374125] (micro_ros_msgs) StdoutLine: {'line': b'[ 80%] Built target micro_ros_msgs\n'}
[1.409907] (-) TimerEvent: {}
[1.474064] (micro_ros_msgs) StdoutLine: {'line': b'[ 81%] Built target micro_ros_msgs__py\n'}
[1.510033] (-) TimerEvent: {}
[1.554185] (micro_ros_msgs) StdoutLine: {'line': b'[ 89%] Built target micro_ros_msgs__rosidl_generator_py\n'}
[1.612990] (-) TimerEvent: {}
[1.663423] (micro_ros_msgs) StdoutLine: {'line': b'[ 92%] Built target micro_ros_msgs_s__rosidl_typesupport_c\n'}
[1.675093] (micro_ros_msgs) StdoutLine: {'line': b'running egg_info\n'}
[1.713174] (-) TimerEvent: {}
[1.750211] (micro_ros_msgs) StdoutLine: {'line': b'[ 96%] Built target micro_ros_msgs_s__rosidl_typesupport_introspection_c\n'}
[1.754345] (micro_ros_msgs) StdoutLine: {'line': b'[100%] Built target micro_ros_msgs_s__rosidl_typesupport_fastrtps_c\n'}
[1.781437] (micro_ros_msgs) StdoutLine: {'line': b'writing micro_ros_msgs.egg-info/PKG-INFO\n'}
[1.783064] (micro_ros_msgs) StdoutLine: {'line': b'writing dependency_links to micro_ros_msgs.egg-info/dependency_links.txt\n'}
[1.787983] (micro_ros_msgs) StdoutLine: {'line': b'writing top-level names to micro_ros_msgs.egg-info/top_level.txt\n'}
[1.813298] (-) TimerEvent: {}
[1.917978] (-) TimerEvent: {}
[2.020988] (-) TimerEvent: {}
[2.094935] (micro_ros_msgs) StdoutLine: {'line': b"reading manifest file 'micro_ros_msgs.egg-info/SOURCES.txt'\n"}
[2.108063] (micro_ros_msgs) StdoutLine: {'line': b"writing manifest file 'micro_ros_msgs.egg-info/SOURCES.txt'\n"}
[2.121108] (-) TimerEvent: {}
[2.223009] (-) TimerEvent: {}
[2.270507] (micro_ros_msgs) StdoutLine: {'line': b'[100%] Built target ament_cmake_python_build_micro_ros_msgs_egg\n'}
[2.321378] (micro_ros_msgs) CommandEnded: {'returncode': 0}
[2.325959] (-) TimerEvent: {}
[2.328782] (micro_ros_msgs) JobProgress: {'identifier': 'micro_ros_msgs', 'progress': 'install'}
[2.358270] (micro_ros_msgs) Command: {'cmd': ['/usr/bin/cmake', '--install', '/home/epiibots/ros2_ws/build/micro_ros_msgs'], 'cwd': '/home/epiibots/ros2_ws/build/micro_ros_msgs', 'env': OrderedDict({'LESSOPEN': '| /usr/bin/lesspipe %s', 'USER': 'epiibots', 'SSH_CLIENT': '192.168.0.114 46444 22', 'GZ_CONFIG_PATH': '/opt/ros/jazzy/opt/gz_sim_vendor/share/gz:/opt/ros/jazzy/opt/sdformat_vendor/share/gz:/opt/ros/jazzy/opt/gz_gui_vendor/share/gz:/opt/ros/jazzy/opt/gz_transport_vendor/share/gz:/opt/ros/jazzy/opt/gz_rendering_vendor/share/gz:/opt/ros/jazzy/opt/gz_plugin_vendor/share/gz:/opt/ros/jazzy/opt/gz_fuel_tools_vendor/share/gz:/opt/ros/jazzy/opt/gz_msgs_vendor/share/gz:/opt/ros/jazzy/opt/gz_common_vendor/share/gz', 'XDG_SESSION_TYPE': 'tty', 'SHLVL': '1', 'LD_LIBRARY_PATH': '/home/epiibots/install/micro_ros_agent/lib:/home/epiibots/install/micro_ros_msgs/lib:/home/epiibots/ros2_ws/install/micro_ros_agent/lib:/home/epiibots/ros2_ws/install/micro_ros_msgs/lib:/home/epiibots/ros2_ws/install/drive_base_msgs/lib:/opt/ros/jazzy/opt/gz_sim_vendor/lib:/opt/ros/jazzy/opt/gz_sensors_vendor/lib:/opt/ros/jazzy/opt/gz_physics_vendor/lib:/opt/ros/jazzy/opt/sdformat_vendor/lib:/opt/ros/jazzy/opt/rviz_ogre_vendor/lib:/opt/ros/jazzy/lib/aarch64-linux-gnu:/opt/ros/jazzy/opt/gz_gui_vendor/lib:/opt/ros/jazzy/opt/gz_transport_vendor/lib:/opt/ros/jazzy/opt/gz_rendering_vendor/lib:/opt/ros/jazzy/opt/gz_plugin_vendor/lib:/opt/ros/jazzy/opt/gz_fuel_tools_vendor/lib:/opt/ros/jazzy/opt/gz_msgs_vendor/lib:/opt/ros/jazzy/opt/gz_common_vendor/lib:/opt/ros/jazzy/opt/gz_math_vendor/lib:/opt/ros/jazzy/opt/gz_utils_vendor/lib:/opt/ros/jazzy/opt/gz_tools_vendor/lib:/opt/ros/jazzy/opt/gz_ogre_next_vendor/lib:/opt/ros/jazzy/opt/gz_dartsim_vendor/lib:/opt/ros/jazzy/opt/gz_cmake_vendor/lib:/opt/ros/jazzy/lib', 'HOME': '/home/epiibots', 'OLDPWD': '/home/epiibots', 'SSH_TTY': '/dev/pts/0', 'ROS_PYTHON_VERSION': '3', 'DBUS_SESSION_BUS_ADDRESS': 'unix:path=/run/user/1000/bus', 'DEBUGINFOD_URLS': 'https://debuginfod.ubuntu.com', 'COLCON_PREFIX_PATH': '/home/epiibots/ros2_ws/install:/home/epiibots/install', 'ROS_DISTRO': 'jazzy', 'LOGNAME': 'epiibots', '_': '/usr/bin/colcon', 'ROS_VERSION': '2', 'XDG_SESSION_CLASS': 'user', 'TERM': 'xterm-256color', 'XDG_SESSION_ID': '4', 'PATH': '/opt/ros/jazzy/opt/gz_msgs_vendor/bin:/opt/ros/jazzy/opt/gz_tools_vendor/bin:/opt/ros/jazzy/opt/gz_ogre_next_vendor/bin:/opt/ros/jazzy/bin:/usr/local/sbin:/usr/local/bin:/usr/sbin:/usr/bin:/sbin:/bin:/usr/games:/usr/local/games:/snap/bin', 'XDG_RUNTIME_DIR': '/run/user/1000', 'DISPLAY': 'localhost:10.0', 'LANG': 'en_US.UTF-8', 'LS_COLORS': 'rs=0:di=01;34:ln=01;36:mh=00:pi=40;33:so=01;35:do=01;35:bd=40;33;01:cd=40;33;01:or=40;31;01:mi=00:su=37;41:sg=30;43:ca=00:tw=30;42:ow=34;42:st=37;44:ex=01;32:*.tar=01;31:*.tgz=01;31:*.arc=01;31:*.arj=01;31:*.taz=01;31:*.lha=01;31:*.lz4=01;31:*.lzh=01;31:*.lzma=01;31:*.tlz=01;31:*.txz=01;31:*.tzo=01;31:*.t7z=01;31:*.zip=01;31:*.z=01;31:*.dz=01;31:*.gz=01;31:*.lrz=01;31:*.lz=01;31:*.lzo=01;31:*.xz=01;31:*.zst=01;31:*.tzst=01;31:*.bz2=01;31:*.bz=01;31:*.tbz=01;31:*.tbz2=01;31:*.tz=01;31:*.deb=01;31:*.rpm=01;31:*.jar=01;31:*.war=01;31:*.ear=01;31:*.sar=01;31:*.rar=01;31:*.alz=01;31:*.ace=01;31:*.zoo=01;31:*.cpio=01;31:*.7z=01;31:*.rz=01;31:*.cab=01;31:*.wim=01;31:*.swm=01;31:*.dwm=01;31:*.esd=01;31:*.avif=01;35:*.jpg=01;35:*.jpeg=01;35:*.mjpg=01;35:*.mjpeg=01;35:*.gif=01;35:*.bmp=01;35:*.pbm=01;35:*.pgm=01;35:*.ppm=01;35:*.tga=01;35:*.xbm=01;35:*.xpm=01;35:*.tif=01;35:*.tiff=01;35:*.png=01;35:*.svg=01;35:*.svgz=01;35:*.mng=01;35:*.pcx=01;35:*.mov=01;35:*.mpg=01;35:*.mpeg=01;35:*.m2v=01;35:*.mkv=01;35:*.webm=01;35:*.webp=01;35:*.ogm=01;35:*.mp4=01;35:*.m4v=01;35:*.mp4v=01;35:*.vob=01;35:*.qt=01;35:*.nuv=01;35:*.wmv=01;35:*.asf=01;35:*.rm=01;35:*.rmvb=01;35:*.flc=01;35:*.avi=01;35:*.fli=01;35:*.flv=01;35:*.gl=01;35:*.dl=01;35:*.xcf=01;35:*.xwd=01;35:*.yuv=01;35:*.cgm=01;35:*.emf=01;35:*.ogv=01;35:*.ogx=01;35:*.aac=00;36:*.au=00;36:*.flac=00;36:*.m4a=00;36:*.mid=00;36:*.midi=00;36:*.mka=00;36:*.mp3=00;36:*.mpc=00;36:*.ogg=00;36:*.ra=00;36:*.wav=00;36:*.oga=00;36:*.opus=00;36:*.spx=00;36:*.xspf=00;36:*~=00;90:*#=00;90:*.bak=00;90:*.crdownload=00;90:*.dpkg-dist=00;90:*.dpkg-new=00;90:*.dpkg-old=00;90:*.dpkg-tmp=00;90:*.old=00;90:*.orig=00;90:*.part=00;90:*.rej=00;90:*.rpmnew=00;90:*.rpmorig=00;90:*.rpmsave=00;90:*.swp=00;90:*.tmp=00;90:*.ucf-dist=00;90:*.ucf-new=00;90:*.ucf-old=00;90:', 'AMENT_PREFIX_PATH': '/home/epiibots/install/micro_ros_agent:/home/epiibots/install/micro_ros_msgs:/home/epiibots/ros2_ws/install/controlegeral_carrinho:/home/epiibots/ros2_ws/install/sllidar_ros2:/home/epiibots/ros2_ws/install/carrinho_control:/home/epiibots/ros2_ws/install/servo_steering:/home/epiibots/ros2_ws/install/pwm_rec:/home/epiibots/ros2_ws/install/micro_ros_setup:/home/epiibots/ros2_ws/install/micro_ros_agent:/home/epiibots/ros2_ws/install/micro_ros_msgs:/home/epiibots/ros2_ws/install/lidar_teste:/home/epiibots/ros2_ws/install/drive_base_msgs:/home/epiibots/ros2_ws/install/detector:/home/epiibots/ros2_ws/install/carrinho_localization:/home/epiibots/ros2_ws/install/carrinho_base:/home/epiibots/ros2_ws/install/calibration:/home/epiibots/ros2_ws/install/bno055:/opt/ros/jazzy', 'SHELL': '/bin/bash', 'LESSCLOSE': '/usr/bin/lesspipe %s %s', 'ROS_AUTOMATIC_DISCOVERY_RANGE': 'SUBNET', 'PWD': '/home/epiibots/ros2_ws/build/micro_ros_msgs', 'LC_ALL': 'en_US.UTF-8', 'SSH_CONNECTION': '192.168.0.114 46444 192.168.0.67 22', 'XDG_DATA_DIRS': '/usr/share/gnome:/usr/local/share:/usr/share:/var/lib/snapd/desktop', 'PYTHONPATH': '/home/epiibots/install/micro_ros_msgs/lib/python3.12/site-packages:/home/epiibots/ros2_ws/install/controlegeral_carrinho/lib/python3.12/site-packages:/home/epiibots/ros2_ws/install/carrinho_control/lib/python3.12/site-packages:/home/epiibots/ros2_ws/install/servo_steering/lib/python3.12/site-packages:/home/epiibots/ros2_ws/install/pwm_rec/lib/python3.12/site-packages:/home/epiibots/ros2_ws/install/micro_ros_msgs/lib/python3.12/site-packages:/home/epiibots/ros2_ws/install/lidar_teste/lib/python3.12/site-packages:/home/epiibots/ros2_ws/install/drive_base_msgs/lib/python3.12/site-packages:/home/epiibots/ros2_ws/install/detector/lib/python3.12/site-packages:/home/epiibots/ros2_ws/install/carrinho_localization/lib/python3.12/site-packages:/home/epiibots/ros2_ws/install/carrinho_base/lib/python3.12/site-packages:/home/epiibots/ros2_ws/install/calibration/lib/python3.12/site-packages:/home/epiibots/ros2_ws/install/bno055/lib/python3.12/site-packages:/opt/ros/jazzy/lib/python3.12/site-packages', 'COLCON': '1', 'CMAKE_PREFIX_PATH': '/home/epiibots/install/micro_ros_agent:/home/epiibots/install/micro_ros_msgs:/home/epiibots/ros2_ws/install/sllidar_ros2:/home/epiibots/ros2_ws/install/micro_ros_setup:/home/epiibots/ros2_ws/install/micro_ros_agent:/home/epiibots/ros2_ws/install/micro_ros_msgs:/home/epiibots/ros2_ws/install/drive_base_msgs:/opt/ros/jazzy/opt/gz_sim_vendor:/opt/ros/jazzy/opt/gz_sensors_vendor:/opt/ros/jazzy/opt/gz_physics_vendor:/opt/ros/jazzy/opt/sdformat_vendor:/opt/ros/jazzy/opt/gz_gui_vendor:/opt/ros/jazzy/opt/gz_transport_vendor:/opt/ros/jazzy/opt/gz_rendering_vendor:/opt/ros/jazzy/opt/gz_plugin_vendor:/opt/ros/jazzy/opt/gz_fuel_tools_vendor:/opt/ros/jazzy/opt/gz_msgs_vendor:/opt/ros/jazzy/opt/gz_common_vendor:/opt/ros/jazzy/opt/gz_math_vendor:/opt/ros/jazzy/opt/gz_utils_vendor:/opt/ros/jazzy/opt/gz_tools_vendor:/opt/ros/jazzy/opt/gz_ogre_next_vendor:/opt/ros/jazzy/opt/gz_dartsim_vendor:/opt/ros/jazzy/opt/gz_cmake_vendor:/home/epiibots/ros2_ws/install/controlegeral_carrinho:/home/epiibots/ros2_ws/install/carrinho_control:/home/epiibots/ros2_ws/install/servo_steering:/home/epiibots/ros2_ws/install/pwm_rec:/home/epiibots/ros2_ws/install/lidar_teste:/home/epiibots/ros2_ws/install/detector:/home/epiibots/ros2_ws/install/carrinho_localization:/home/epiibots/ros2_ws/install/carrinho_base:/home/epiibots/ros2_ws/install/calibration:/home/epiibots/ros2_ws/install/bno055:/opt/ros/jazzy'}), 'shell': False}
[2.385067] (micro_ros_msgs) StdoutLine: {'line': b'-- Install configuration: ""\n'}
[2.385399] (micro_ros_msgs) StdoutLine: {'line': b'-- Up-to-date: /home/epiibots/ros2_ws/install/micro_ros_msgs/share/ament_index/resource_index/rosidl_interfaces/micro_ros_msgs\n'}
[2.385617] (micro_ros_msgs) StdoutLine: {'line': b'-- Up-to-date: /home/epiibots/ros2_ws/install/micro_ros_msgs/share/micro_ros_msgs/msg/Graph.json\n'}
[2.385913] (micro_ros_msgs) StdoutLine: {'line': b'-- Up-to-date: /home/epiibots/ros2_ws/install/micro_ros_msgs/share/micro_ros_msgs/msg/Node.json\n'}
[2.386384] (micro_ros_msgs) StdoutLine: {'line': b'-- Up-to-date: /home/epiibots/ros2_ws/install/micro_ros_msgs/share/micro_ros_msgs/msg/Entity.json\n'}
[2.386979] (micro_ros_msgs) StdoutLine: {'line': b'-- Up-to-date: /home/epiibots/ros2_ws/install/micro_ros_msgs/include/micro_ros_msgs/micro_ros_msgs\n'}
[2.387092] (micro_ros_msgs) StdoutLine: {'line': b'-- Up-to-date: /home/epiibots/ros2_ws/install/micro_ros_msgs/include/micro_ros_msgs/micro_ros_msgs/msg\n'}
[2.387183] (micro_ros_msgs) StdoutLine: {'line': b'-- Up-to-date: /home/epiibots/ros2_ws/install/micro_ros_msgs/include/micro_ros_msgs/micro_ros_msgs/msg/entity.h\n'}
[2.387270] (micro_ros_msgs) StdoutLine: {'line': b'-- Up-to-date: /home/epiibots/ros2_ws/install/micro_ros_msgs/include/micro_ros_msgs/micro_ros_msgs/msg/graph.h\n'}
[2.387367] (micro_ros_msgs) StdoutLine: {'line': b'-- Up-to-date: /home/epiibots/ros2_ws/install/micro_ros_msgs/include/micro_ros_msgs/micro_ros_msgs/msg/node.h\n'}
[2.387464] (micro_ros_msgs) StdoutLine: {'line': b'-- Up-to-date: /home/epiibots/ros2_ws/install/micro_ros_msgs/include/micro_ros_msgs/micro_ros_msgs/msg/rosidl_generator_c__visibility_control.h\n'}
[2.387569] (micro_ros_msgs) StdoutLine: {'line': b'-- Up-to-date: /home/epiibots/ros2_ws/install/micro_ros_msgs/include/micro_ros_msgs/micro_ros_msgs/msg/detail\n'}
[2.387672] (micro_ros_msgs) StdoutLine: {'line': b'-- Up-to-date: /home/epiibots/ros2_ws/install/micro_ros_msgs/include/micro_ros_msgs/micro_ros_msgs/msg/detail/node__description.c\n'}
[2.387773] (micro_ros_msgs) StdoutLine: {'line': b'-- Up-to-date: /home/epiibots/ros2_ws/install/micro_ros_msgs/include/micro_ros_msgs/micro_ros_msgs/msg/detail/graph__struct.h\n'}
[2.387881] (micro_ros_msgs) StdoutLine: {'line': b'-- Up-to-date: /home/epiibots/ros2_ws/install/micro_ros_msgs/include/micro_ros_msgs/micro_ros_msgs/msg/detail/node__functions.h\n'}
[2.387994] (micro_ros_msgs) StdoutLine: {'line': b'-- Up-to-date: /home/epiibots/ros2_ws/install/micro_ros_msgs/include/micro_ros_msgs/micro_ros_msgs/msg/detail/entity__type_support.h\n'}
[2.388090] (micro_ros_msgs) StdoutLine: {'line': b'-- Up-to-date: /home/epiibots/ros2_ws/install/micro_ros_msgs/include/micro_ros_msgs/micro_ros_msgs/msg/detail/node__struct.h\n'}
[2.388182] (micro_ros_msgs) StdoutLine: {'line': b'-- Up-to-date: /home/epiibots/ros2_ws/install/micro_ros_msgs/include/micro_ros_msgs/micro_ros_msgs/msg/detail/graph__description.c\n'}
[2.388301] (micro_ros_msgs) StdoutLine: {'line': b'-- Up-to-date: /home/epiibots/ros2_ws/install/micro_ros_msgs/include/micro_ros_msgs/micro_ros_msgs/msg/detail/graph__type_support.h\n'}
[2.388398] (micro_ros_msgs) StdoutLine: {'line': b'-- Up-to-date: /home/epiibots/ros2_ws/install/micro_ros_msgs/include/micro_ros_msgs/micro_ros_msgs/msg/detail/graph__functions.h\n'}
[2.388498] (micro_ros_msgs) StdoutLine: {'line': b'-- Up-to-date: /home/epiibots/ros2_ws/install/micro_ros_msgs/include/micro_ros_msgs/micro_ros_msgs/msg/detail/entity__functions.c\n'}
[2.388591] (micro_ros_msgs) StdoutLine: {'line': b'-- Up-to-date: /home/epiibots/ros2_ws/install/micro_ros_msgs/include/micro_ros_msgs/micro_ros_msgs/msg/detail/graph__functions.c\n'}
[2.388682] (micro_ros_msgs) StdoutLine: {'line': b'-- Up-to-date: /home/epiibots/ros2_ws/install/micro_ros_msgs/include/micro_ros_msgs/micro_ros_msgs/msg/detail/node__functions.c\n'}
[2.391448] (micro_ros_msgs) StdoutLine: {'line': b'-- Up-to-date: /home/epiibots/ros2_ws/install/micro_ros_msgs/include/micro_ros_msgs/micro_ros_msgs/msg/detail/entity__struct.h\n'}
[2.391612] (micro_ros_msgs) StdoutLine: {'line': b'-- Installing: /home/epiibots/ros2_ws/install/micro_ros_msgs/include/micro_ros_msgs/micro_ros_msgs/msg/detail/node__type_support.c\n'}
[2.391725] (micro_ros_msgs) StdoutLine: {'line': b'-- Up-to-date: /home/epiibots/ros2_ws/install/micro_ros_msgs/include/micro_ros_msgs/micro_ros_msgs/msg/detail/node__type_support.h\n'}
[2.391824] (micro_ros_msgs) StdoutLine: {'line': b'-- Installing: /home/epiibots/ros2_ws/install/micro_ros_msgs/include/micro_ros_msgs/micro_ros_msgs/msg/detail/entity__type_support.c\n'}
[2.391951] (micro_ros_msgs) StdoutLine: {'line': b'-- Up-to-date: /home/epiibots/ros2_ws/install/micro_ros_msgs/include/micro_ros_msgs/micro_ros_msgs/msg/detail/entity__description.c\n'}
[2.392056] (micro_ros_msgs) StdoutLine: {'line': b'-- Installing: /home/epiibots/ros2_ws/install/micro_ros_msgs/include/micro_ros_msgs/micro_ros_msgs/msg/detail/graph__type_support.c\n'}
[2.393201] (micro_ros_msgs) StdoutLine: {'line': b'-- Up-to-date: /home/epiibots/ros2_ws/install/micro_ros_msgs/include/micro_ros_msgs/micro_ros_msgs/msg/detail/entity__functions.h\n'}
[2.393943] (micro_ros_msgs) StdoutLine: {'line': b'-- Up-to-date: /home/epiibots/ros2_ws/install/micro_ros_msgs/share/micro_ros_msgs/environment/library_path.sh\n'}
[2.394148] (micro_ros_msgs) StdoutLine: {'line': b'-- Up-to-date: /home/epiibots/ros2_ws/install/micro_ros_msgs/share/micro_ros_msgs/environment/library_path.dsv\n'}
[2.395164] (micro_ros_msgs) StdoutLine: {'line': b'-- Up-to-date: /home/epiibots/ros2_ws/install/micro_ros_msgs/lib/libmicro_ros_msgs__rosidl_generator_c.so\n'}
[2.395599] (micro_ros_msgs) StdoutLine: {'line': b'-- Up-to-date: /home/epiibots/ros2_ws/install/micro_ros_msgs/include/micro_ros_msgs/micro_ros_msgs\n'}
[2.396000] (micro_ros_msgs) StdoutLine: {'line': b'-- Up-to-date: /home/epiibots/ros2_ws/install/micro_ros_msgs/include/micro_ros_msgs/micro_ros_msgs/msg\n'}
[2.396149] (micro_ros_msgs) StdoutLine: {'line': b'-- Up-to-date: /home/epiibots/ros2_ws/install/micro_ros_msgs/include/micro_ros_msgs/micro_ros_msgs/msg/rosidl_typesupport_fastrtps_c__visibility_control.h\n'}
[2.396277] (micro_ros_msgs) StdoutLine: {'line': b'-- Up-to-date: /home/epiibots/ros2_ws/install/micro_ros_msgs/include/micro_ros_msgs/micro_ros_msgs/msg/detail\n'}
[2.396372] (micro_ros_msgs) StdoutLine: {'line': b'-- Up-to-date: /home/epiibots/ros2_ws/install/micro_ros_msgs/include/micro_ros_msgs/micro_ros_msgs/msg/detail/node__rosidl_typesupport_fastrtps_c.h\n'}
[2.396470] (micro_ros_msgs) StdoutLine: {'line': b'-- Up-to-date: /home/epiibots/ros2_ws/install/micro_ros_msgs/include/micro_ros_msgs/micro_ros_msgs/msg/detail/graph__rosidl_typesupport_fastrtps_c.h\n'}
[2.396569] (micro_ros_msgs) StdoutLine: {'line': b'-- Up-to-date: /home/epiibots/ros2_ws/install/micro_ros_msgs/include/micro_ros_msgs/micro_ros_msgs/msg/detail/entity__rosidl_typesupport_fastrtps_c.h\n'}
[2.397961] (micro_ros_msgs) StdoutLine: {'line': b'-- Up-to-date: /home/epiibots/ros2_ws/install/micro_ros_msgs/lib/libmicro_ros_msgs__rosidl_typesupport_fastrtps_c.so\n'}
[2.398339] (micro_ros_msgs) StdoutLine: {'line': b'-- Up-to-date: /home/epiibots/ros2_ws/install/micro_ros_msgs/include/micro_ros_msgs/micro_ros_msgs\n'}
[2.398715] (micro_ros_msgs) StdoutLine: {'line': b'-- Up-to-date: /home/epiibots/ros2_ws/install/micro_ros_msgs/include/micro_ros_msgs/micro_ros_msgs/msg\n'}
[2.398839] (micro_ros_msgs) StdoutLine: {'line': b'-- Up-to-date: /home/epiibots/ros2_ws/install/micro_ros_msgs/include/micro_ros_msgs/micro_ros_msgs/msg/rosidl_typesupport_introspection_c__visibility_control.h\n'}
[2.399014] (micro_ros_msgs) StdoutLine: {'line': b'-- Up-to-date: /home/epiibots/ros2_ws/install/micro_ros_msgs/include/micro_ros_msgs/micro_ros_msgs/msg/detail\n'}
[2.399132] (micro_ros_msgs) StdoutLine: {'line': b'-- Up-to-date: /home/epiibots/ros2_ws/install/micro_ros_msgs/include/micro_ros_msgs/micro_ros_msgs/msg/detail/graph__rosidl_typesupport_introspection_c.h\n'}
[2.399242] (micro_ros_msgs) StdoutLine: {'line': b'-- Up-to-date: /home/epiibots/ros2_ws/install/micro_ros_msgs/include/micro_ros_msgs/micro_ros_msgs/msg/detail/entity__rosidl_typesupport_introspection_c.h\n'}
[2.399353] (micro_ros_msgs) StdoutLine: {'line': b'-- Installing: /home/epiibots/ros2_ws/install/micro_ros_msgs/include/micro_ros_msgs/micro_ros_msgs/msg/detail/node__type_support.c\n'}
[2.400679] (micro_ros_msgs) StdoutLine: {'line': b'-- Up-to-date: /home/epiibots/ros2_ws/install/micro_ros_msgs/include/micro_ros_msgs/micro_ros_msgs/msg/detail/node__rosidl_typesupport_introspection_c.h\n'}
[2.400957] (micro_ros_msgs) StdoutLine: {'line': b'-- Installing: /home/epiibots/ros2_ws/install/micro_ros_msgs/include/micro_ros_msgs/micro_ros_msgs/msg/detail/entity__type_support.c\n'}
[2.401096] (micro_ros_msgs) StdoutLine: {'line': b'-- Installing: /home/epiibots/ros2_ws/install/micro_ros_msgs/include/micro_ros_msgs/micro_ros_msgs/msg/detail/graph__type_support.c\n'}
[2.403619] (micro_ros_msgs) StdoutLine: {'line': b'-- Up-to-date: /home/epiibots/ros2_ws/install/micro_ros_msgs/lib/libmicro_ros_msgs__rosidl_typesupport_introspection_c.so\n'}
[2.408928] (micro_ros_msgs) StdoutLine: {'line': b'-- Up-to-date: /home/epiibots/ros2_ws/install/micro_ros_msgs/lib/libmicro_ros_msgs__rosidl_typesupport_c.so\n'}
[2.409291] (micro_ros_msgs) StdoutLine: {'line': b'-- Up-to-date: /home/epiibots/ros2_ws/install/micro_ros_msgs/include/micro_ros_msgs/micro_ros_msgs\n'}
[2.409424] (micro_ros_msgs) StdoutLine: {'line': b'-- Up-to-date: /home/epiibots/ros2_ws/install/micro_ros_msgs/include/micro_ros_msgs/micro_ros_msgs/msg\n'}
[2.409537] (micro_ros_msgs) StdoutLine: {'line': b'-- Up-to-date: /home/epiibots/ros2_ws/install/micro_ros_msgs/include/micro_ros_msgs/micro_ros_msgs/msg/entity.hpp\n'}
[2.409659] (micro_ros_msgs) StdoutLine: {'line': b'-- Up-to-date: /home/epiibots/ros2_ws/install/micro_ros_msgs/include/micro_ros_msgs/micro_ros_msgs/msg/rosidl_generator_cpp__visibility_control.hpp\n'}
[2.409831] (micro_ros_msgs) StdoutLine: {'line': b'-- Up-to-date: /home/epiibots/ros2_ws/install/micro_ros_msgs/include/micro_ros_msgs/micro_ros_msgs/msg/graph.hpp\n'}
[2.409983] (micro_ros_msgs) StdoutLine: {'line': b'-- Up-to-date: /home/epiibots/ros2_ws/install/micro_ros_msgs/include/micro_ros_msgs/micro_ros_msgs/msg/detail\n'}
[2.410104] (micro_ros_msgs) StdoutLine: {'line': b'-- Up-to-date: /home/epiibots/ros2_ws/install/micro_ros_msgs/include/micro_ros_msgs/micro_ros_msgs/msg/detail/graph__type_support.hpp\n'}
[2.410226] (micro_ros_msgs) StdoutLine: {'line': b'-- Up-to-date: /home/epiibots/ros2_ws/install/micro_ros_msgs/include/micro_ros_msgs/micro_ros_msgs/msg/detail/node__builder.hpp\n'}
[2.410341] (micro_ros_msgs) StdoutLine: {'line': b'-- Up-to-date: /home/epiibots/ros2_ws/install/micro_ros_msgs/include/micro_ros_msgs/micro_ros_msgs/msg/detail/graph__traits.hpp\n'}
[2.410460] (micro_ros_msgs) StdoutLine: {'line': b'-- Up-to-date: /home/epiibots/ros2_ws/install/micro_ros_msgs/include/micro_ros_msgs/micro_ros_msgs/msg/detail/graph__builder.hpp\n'}
[2.410614] (micro_ros_msgs) StdoutLine: {'line': b'-- Up-to-date: /home/epiibots/ros2_ws/install/micro_ros_msgs/include/micro_ros_msgs/micro_ros_msgs/msg/detail/entity__type_support.hpp\n'}
[2.410762] (micro_ros_msgs) StdoutLine: {'line': b'-- Up-to-date: /home/epiibots/ros2_ws/install/micro_ros_msgs/include/micro_ros_msgs/micro_ros_msgs/msg/detail/node__type_support.hpp\n'}
[2.411057] (micro_ros_msgs) StdoutLine: {'line': b'-- Up-to-date: /home/epiibots/ros2_ws/install/micro_ros_msgs/include/micro_ros_msgs/micro_ros_msgs/msg/detail/entity__traits.hpp\n'}
[2.411248] (micro_ros_msgs) StdoutLine: {'line': b'-- Up-to-date: /home/epiibots/ros2_ws/install/micro_ros_msgs/include/micro_ros_msgs/micro_ros_msgs/msg/detail/node__struct.hpp\n'}
[2.411372] (micro_ros_msgs) StdoutLine: {'line': b'-- Up-to-date: /home/epiibots/ros2_ws/install/micro_ros_msgs/include/micro_ros_msgs/micro_ros_msgs/msg/detail/entity__struct.hpp\n'}
[2.411575] (micro_ros_msgs) StdoutLine: {'line': b'-- Up-to-date: /home/epiibots/ros2_ws/install/micro_ros_msgs/include/micro_ros_msgs/micro_ros_msgs/msg/detail/node__traits.hpp\n'}
[2.411787] (micro_ros_msgs) StdoutLine: {'line': b'-- Up-to-date: /home/epiibots/ros2_ws/install/micro_ros_msgs/include/micro_ros_msgs/micro_ros_msgs/msg/detail/entity__builder.hpp\n'}
[2.412017] (micro_ros_msgs) StdoutLine: {'line': b'-- Up-to-date: /home/epiibots/ros2_ws/install/micro_ros_msgs/include/micro_ros_msgs/micro_ros_msgs/msg/detail/graph__struct.hpp\n'}
[2.412158] (micro_ros_msgs) StdoutLine: {'line': b'-- Up-to-date: /home/epiibots/ros2_ws/install/micro_ros_msgs/include/micro_ros_msgs/micro_ros_msgs/msg/node.hpp\n'}
[2.412303] (micro_ros_msgs) StdoutLine: {'line': b'-- Up-to-date: /home/epiibots/ros2_ws/install/micro_ros_msgs/include/micro_ros_msgs/micro_ros_msgs\n'}
[2.414349] (micro_ros_msgs) StdoutLine: {'line': b'-- Up-to-date: /home/epiibots/ros2_ws/install/micro_ros_msgs/include/micro_ros_msgs/micro_ros_msgs/msg\n'}
[2.414599] (micro_ros_msgs) StdoutLine: {'line': b'-- Up-to-date: /home/epiibots/ros2_ws/install/micro_ros_msgs/include/micro_ros_msgs/micro_ros_msgs/msg/rosidl_typesupport_fastrtps_cpp__visibility_control.h\n'}
[2.414812] (micro_ros_msgs) StdoutLine: {'line': b'-- Up-to-date: /home/epiibots/ros2_ws/install/micro_ros_msgs/include/micro_ros_msgs/micro_ros_msgs/msg/detail\n'}
[2.415284] (micro_ros_msgs) StdoutLine: {'line': b'-- Up-to-date: /home/epiibots/ros2_ws/install/micro_ros_msgs/include/micro_ros_msgs/micro_ros_msgs/msg/detail/entity__rosidl_typesupport_fastrtps_cpp.hpp\n'}
[2.415542] (micro_ros_msgs) StdoutLine: {'line': b'-- Up-to-date: /home/epiibots/ros2_ws/install/micro_ros_msgs/include/micro_ros_msgs/micro_ros_msgs/msg/detail/graph__rosidl_typesupport_fastrtps_cpp.hpp\n'}
[2.415771] (micro_ros_msgs) StdoutLine: {'line': b'-- Up-to-date: /home/epiibots/ros2_ws/install/micro_ros_msgs/include/micro_ros_msgs/micro_ros_msgs/msg/detail/node__rosidl_typesupport_fastrtps_cpp.hpp\n'}
[2.416038] (micro_ros_msgs) StdoutLine: {'line': b'-- Up-to-date: /home/epiibots/ros2_ws/install/micro_ros_msgs/include/micro_ros_msgs/micro_ros_msgs/msg/detail/dds_fastrtps\n'}
[2.416292] (micro_ros_msgs) StdoutLine: {'line': b'-- Up-to-date: /home/epiibots/ros2_ws/install/micro_ros_msgs/lib/libmicro_ros_msgs__rosidl_typesupport_fastrtps_cpp.so\n'}
[2.416545] (micro_ros_msgs) StdoutLine: {'line': b'-- Up-to-date: /home/epiibots/ros2_ws/install/micro_ros_msgs/include/micro_ros_msgs/micro_ros_msgs\n'}
[2.419418] (micro_ros_msgs) StdoutLine: {'line': b'-- Up-to-date: /home/epiibots/ros2_ws/install/micro_ros_msgs/include/micro_ros_msgs/micro_ros_msgs/msg\n'}
[2.419789] (micro_ros_msgs) StdoutLine: {'line': b'-- Up-to-date: /home/epiibots/ros2_ws/install/micro_ros_msgs/include/micro_ros_msgs/micro_ros_msgs/msg/detail\n'}
[2.421280] (micro_ros_msgs) StdoutLine: {'line': b'-- Up-to-date: /home/epiibots/ros2_ws/install/micro_ros_msgs/include/micro_ros_msgs/micro_ros_msgs/msg/detail/graph__type_support.cpp\n'}
[2.421576] (micro_ros_msgs) StdoutLine: {'line': b'-- Up-to-date: /home/epiibots/ros2_ws/install/micro_ros_msgs/include/micro_ros_msgs/micro_ros_msgs/msg/detail/graph__rosidl_typesupport_introspection_cpp.hpp\n'}
[2.421853] (micro_ros_msgs) StdoutLine: {'line': b'-- Up-to-date: /home/epiibots/ros2_ws/install/micro_ros_msgs/include/micro_ros_msgs/micro_ros_msgs/msg/detail/node__type_support.cpp\n'}
[2.422155] (micro_ros_msgs) StdoutLine: {'line': b'-- Up-to-date: /home/epiibots/ros2_ws/install/micro_ros_msgs/include/micro_ros_msgs/micro_ros_msgs/msg/detail/node__rosidl_typesupport_introspection_cpp.hpp\n'}
[2.422405] (micro_ros_msgs) StdoutLine: {'line': b'-- Up-to-date: /home/epiibots/ros2_ws/install/micro_ros_msgs/include/micro_ros_msgs/micro_ros_msgs/msg/detail/entity__rosidl_typesupport_introspection_cpp.hpp\n'}
[2.422704] (micro_ros_msgs) StdoutLine: {'line': b'-- Up-to-date: /home/epiibots/ros2_ws/install/micro_ros_msgs/include/micro_ros_msgs/micro_ros_msgs/msg/detail/entity__type_support.cpp\n'}
[2.425185] (micro_ros_msgs) StdoutLine: {'line': b'-- Up-to-date: /home/epiibots/ros2_ws/install/micro_ros_msgs/lib/libmicro_ros_msgs__rosidl_typesupport_introspection_cpp.so\n'}
[2.427062] (micro_ros_msgs) StdoutLine: {'line': b'-- Up-to-date: /home/epiibots/ros2_ws/install/micro_ros_msgs/lib/libmicro_ros_msgs__rosidl_typesupport_cpp.so\n'}
[2.427504] (-) TimerEvent: {}
[2.428702] (micro_ros_msgs) StdoutLine: {'line': b'-- Up-to-date: /home/epiibots/ros2_ws/install/micro_ros_msgs/share/micro_ros_msgs/environment/pythonpath.sh\n'}
[2.429226] (micro_ros_msgs) StdoutLine: {'line': b'-- Up-to-date: /home/epiibots/ros2_ws/install/micro_ros_msgs/share/micro_ros_msgs/environment/pythonpath.dsv\n'}
[2.429675] (micro_ros_msgs) StdoutLine: {'line': b'-- Up-to-date: /home/epiibots/ros2_ws/install/micro_ros_msgs/lib/python3.12/site-packages/micro_ros_msgs-5.0.2-py3.12.egg-info\n'}
[2.430265] (micro_ros_msgs) StdoutLine: {'line': b'-- Installing: /home/epiibots/ros2_ws/install/micro_ros_msgs/lib/python3.12/site-packages/micro_ros_msgs-5.0.2-py3.12.egg-info/top_level.txt\n'}
[2.432179] (micro_ros_msgs) StdoutLine: {'line': b'-- Installing: /home/epiibots/ros2_ws/install/micro_ros_msgs/lib/python3.12/site-packages/micro_ros_msgs-5.0.2-py3.12.egg-info/PKG-INFO\n'}
[2.434250] (micro_ros_msgs) StdoutLine: {'line': b'-- Installing: /home/epiibots/ros2_ws/install/micro_ros_msgs/lib/python3.12/site-packages/micro_ros_msgs-5.0.2-py3.12.egg-info/SOURCES.txt\n'}
[2.435946] (micro_ros_msgs) StdoutLine: {'line': b'-- Installing: /home/epiibots/ros2_ws/install/micro_ros_msgs/lib/python3.12/site-packages/micro_ros_msgs-5.0.2-py3.12.egg-info/dependency_links.txt\n'}
[2.438307] (micro_ros_msgs) StdoutLine: {'line': b'-- Up-to-date: /home/epiibots/ros2_ws/install/micro_ros_msgs/lib/python3.12/site-packages/micro_ros_msgs\n'}
[2.438962] (micro_ros_msgs) StdoutLine: {'line': b'-- Up-to-date: /home/epiibots/ros2_ws/install/micro_ros_msgs/lib/python3.12/site-packages/micro_ros_msgs/micro_ros_msgs_s__rosidl_typesupport_introspection_c.so\n'}
[2.439309] (micro_ros_msgs) StdoutLine: {'line': b'-- Up-to-date: /home/epiibots/ros2_ws/install/micro_ros_msgs/lib/python3.12/site-packages/micro_ros_msgs/msg\n'}
[2.446106] (micro_ros_msgs) StdoutLine: {'line': b'-- Up-to-date: /home/epiibots/ros2_ws/install/micro_ros_msgs/lib/python3.12/site-packages/micro_ros_msgs/msg/_entity_s.c\n'}
[2.447165] (micro_ros_msgs) StdoutLine: {'line': b'-- Up-to-date: /home/epiibots/ros2_ws/install/micro_ros_msgs/lib/python3.12/site-packages/micro_ros_msgs/msg/__init__.py\n'}
[2.448035] (micro_ros_msgs) StdoutLine: {'line': b'-- Up-to-date: /home/epiibots/ros2_ws/install/micro_ros_msgs/lib/python3.12/site-packages/micro_ros_msgs/msg/_entity.py\n'}
[2.448876] (micro_ros_msgs) StdoutLine: {'line': b'-- Up-to-date: /home/epiibots/ros2_ws/install/micro_ros_msgs/lib/python3.12/site-packages/micro_ros_msgs/msg/_graph.py\n'}
[2.449740] (micro_ros_msgs) StdoutLine: {'line': b'-- Up-to-date: /home/epiibots/ros2_ws/install/micro_ros_msgs/lib/python3.12/site-packages/micro_ros_msgs/msg/_node_s.c\n'}
[2.450604] (micro_ros_msgs) StdoutLine: {'line': b'-- Up-to-date: /home/epiibots/ros2_ws/install/micro_ros_msgs/lib/python3.12/site-packages/micro_ros_msgs/msg/_graph_s.c\n'}
[2.451583] (micro_ros_msgs) StdoutLine: {'line': b'-- Up-to-date: /home/epiibots/ros2_ws/install/micro_ros_msgs/lib/python3.12/site-packages/micro_ros_msgs/msg/_node.py\n'}
[2.452436] (micro_ros_msgs) StdoutLine: {'line': b'-- Up-to-date: /home/epiibots/ros2_ws/install/micro_ros_msgs/lib/python3.12/site-packages/micro_ros_msgs/__init__.py\n'}
[2.453353] (micro_ros_msgs) StdoutLine: {'line': b'-- Up-to-date: /home/epiibots/ros2_ws/install/micro_ros_msgs/lib/python3.12/site-packages/micro_ros_msgs/_micro_ros_msgs_s.ep.rosidl_typesupport_c.c\n'}
[2.454307] (micro_ros_msgs) StdoutLine: {'line': b'-- Up-to-date: /home/epiibots/ros2_ws/install/micro_ros_msgs/lib/python3.12/site-packages/micro_ros_msgs/_micro_ros_msgs_s.ep.rosidl_typesupport_introspection_c.c\n'}
[2.455303] (micro_ros_msgs) StdoutLine: {'line': b'-- Up-to-date: /home/epiibots/ros2_ws/install/micro_ros_msgs/lib/python3.12/site-packages/micro_ros_msgs/micro_ros_msgs_s__rosidl_typesupport_c.so\n'}
[2.456240] (micro_ros_msgs) StdoutLine: {'line': b'-- Up-to-date: /home/epiibots/ros2_ws/install/micro_ros_msgs/lib/python3.12/site-packages/micro_ros_msgs/micro_ros_msgs_s__rosidl_typesupport_fastrtps_c.so\n'}
[2.457181] (micro_ros_msgs) StdoutLine: {'line': b'-- Up-to-date: /home/epiibots/ros2_ws/install/micro_ros_msgs/lib/python3.12/site-packages/micro_ros_msgs/_micro_ros_msgs_s.ep.rosidl_typesupport_fastrtps_c.c\n'}
[2.529997] (-) TimerEvent: {}
[2.630834] (-) TimerEvent: {}
[2.675175] (micro_ros_msgs) StdoutLine: {'line': b"Listing '/home/epiibots/ros2_ws/install/micro_ros_msgs/lib/python3.12/site-packages/micro_ros_msgs'...\n"}
[2.675721] (micro_ros_msgs) StdoutLine: {'line': b"Listing '/home/epiibots/ros2_ws/install/micro_ros_msgs/lib/python3.12/site-packages/micro_ros_msgs/msg'...\n"}
[2.724013] (micro_ros_msgs) StdoutLine: {'line': b'-- Up-to-date: /home/epiibots/ros2_ws/install/micro_ros_msgs/lib/python3.12/site-packages/micro_ros_msgs/micro_ros_msgs_s__rosidl_typesupport_fastrtps_c.so\n'}
[2.725350] (micro_ros_msgs) StdoutLine: {'line': b'-- Up-to-date: /home/epiibots/ros2_ws/install/micro_ros_msgs/lib/python3.12/site-packages/micro_ros_msgs/micro_ros_msgs_s__rosidl_typesupport_introspection_c.so\n'}
[2.728061] (micro_ros_msgs) StdoutLine: {'line': b'-- Up-to-date: /home/epiibots/ros2_ws/install/micro_ros_msgs/lib/python3.12/site-packages/micro_ros_msgs/micro_ros_msgs_s__rosidl_typesupport_c.so\n'}
[2.730017] (micro_ros_msgs) StdoutLine: {'line': b'-- Up-to-date: /home/epiibots/ros2_ws/install/micro_ros_msgs/lib/libmicro_ros_msgs__rosidl_generator_py.so\n'}
[2.730585] (micro_ros_msgs) StdoutLine: {'line': b'-- Up-to-date: /home/epiibots/ros2_ws/install/micro_ros_msgs/share/ament_index/resource_index/rust_packages/micro_ros_msgs\n'}
[2.731773] (-) TimerEvent: {}
[2.732969] (micro_ros_msgs) StdoutLine: {'line': b'-- Up-to-date: /home/epiibots/ros2_ws/install/micro_ros_msgs/share/micro_ros_msgs/rust\n'}
[2.733195] (micro_ros_msgs) StdoutLine: {'line': b'-- Up-to-date: /home/epiibots/ros2_ws/install/micro_ros_msgs/share/micro_ros_msgs/rust/build.rs\n'}
[2.733291] (micro_ros_msgs) StdoutLine: {'line': b'-- Up-to-date: /home/epiibots/ros2_ws/install/micro_ros_msgs/share/micro_ros_msgs/rust/src\n'}
[2.733386] (micro_ros_msgs) StdoutLine: {'line': b'-- Up-to-date: /home/epiibots/ros2_ws/install/micro_ros_msgs/share/micro_ros_msgs/rust/src/msg\n'}
[2.733492] (micro_ros_msgs) StdoutLine: {'line': b'-- Up-to-date: /home/epiibots/ros2_ws/install/micro_ros_msgs/share/micro_ros_msgs/rust/src/msg/rmw.rs\n'}
[2.733606] (micro_ros_msgs) StdoutLine: {'line': b'-- Up-to-date: /home/epiibots/ros2_ws/install/micro_ros_msgs/share/micro_ros_msgs/rust/src/lib.rs\n'}
[2.733701] (micro_ros_msgs) StdoutLine: {'line': b'-- Up-to-date: /home/epiibots/ros2_ws/install/micro_ros_msgs/share/micro_ros_msgs/rust/src/msg.rs\n'}
[2.733795] (micro_ros_msgs) StdoutLine: {'line': b'-- Up-to-date: /home/epiibots/ros2_ws/install/micro_ros_msgs/share/micro_ros_msgs/rust/Cargo.toml\n'}
[2.734426] (micro_ros_msgs) StdoutLine: {'line': b'-- Up-to-date: /home/epiibots/ros2_ws/install/micro_ros_msgs/share/micro_ros_msgs/msg/Graph.idl\n'}
[2.734685] (micro_ros_msgs) StdoutLine: {'line': b'-- Up-to-date: /home/epiibots/ros2_ws/install/micro_ros_msgs/share/micro_ros_msgs/msg/Node.idl\n'}
[2.734794] (micro_ros_msgs) StdoutLine: {'line': b'-- Up-to-date: /home/epiibots/ros2_ws/install/micro_ros_msgs/share/micro_ros_msgs/msg/Entity.idl\n'}
[2.734911] (micro_ros_msgs) StdoutLine: {'line': b'-- Up-to-date: /home/epiibots/ros2_ws/install/micro_ros_msgs/share/micro_ros_msgs/msg/Graph.msg\n'}
[2.735017] (micro_ros_msgs) StdoutLine: {'line': b'-- Up-to-date: /home/epiibots/ros2_ws/install/micro_ros_msgs/share/micro_ros_msgs/msg/Node.msg\n'}
[2.735114] (micro_ros_msgs) StdoutLine: {'line': b'-- Up-to-date: /home/epiibots/ros2_ws/install/micro_ros_msgs/share/micro_ros_msgs/msg/Entity.msg\n'}
[2.735215] (micro_ros_msgs) StdoutLine: {'line': b'-- Up-to-date: /home/epiibots/ros2_ws/install/micro_ros_msgs/share/ament_index/resource_index/package_run_dependencies/micro_ros_msgs\n'}
[2.735307] (micro_ros_msgs) StdoutLine: {'line': b'-- Up-to-date: /home/epiibots/ros2_ws/install/micro_ros_msgs/share/ament_index/resource_index/parent_prefix_path/micro_ros_msgs\n'}
[2.735398] (micro_ros_msgs) StdoutLine: {'line': b'-- Up-to-date: /home/epiibots/ros2_ws/install/micro_ros_msgs/share/micro_ros_msgs/environment/ament_prefix_path.sh\n'}
[2.735489] (micro_ros_msgs) StdoutLine: {'line': b'-- Up-to-date: /home/epiibots/ros2_ws/install/micro_ros_msgs/share/micro_ros_msgs/environment/ament_prefix_path.dsv\n'}
[2.735576] (micro_ros_msgs) StdoutLine: {'line': b'-- Up-to-date: /home/epiibots/ros2_ws/install/micro_ros_msgs/share/micro_ros_msgs/environment/path.sh\n'}
[2.735682] (micro_ros_msgs) StdoutLine: {'line': b'-- Up-to-date: /home/epiibots/ros2_ws/install/micro_ros_msgs/share/micro_ros_msgs/environment/path.dsv\n'}
[2.739196] (micro_ros_msgs) StdoutLine: {'line': b'-- Up-to-date: /home/epiibots/ros2_ws/install/micro_ros_msgs/share/micro_ros_msgs/local_setup.bash\n'}
[2.739661] (micro_ros_msgs) StdoutLine: {'line': b'-- Up-to-date: /home/epiibots/ros2_ws/install/micro_ros_msgs/share/micro_ros_msgs/local_setup.sh\n'}
[2.740101] (micro_ros_msgs) StdoutLine: {'line': b'-- Up-to-date: /home/epiibots/ros2_ws/install/micro_ros_msgs/share/micro_ros_msgs/local_setup.zsh\n'}
[2.740538] (micro_ros_msgs) StdoutLine: {'line': b'-- Up-to-date: /home/epiibots/ros2_ws/install/micro_ros_msgs/share/micro_ros_msgs/local_setup.dsv\n'}
[2.740941] (micro_ros_msgs) StdoutLine: {'line': b'-- Installing: /home/epiibots/ros2_ws/install/micro_ros_msgs/share/micro_ros_msgs/package.dsv\n'}
[2.741389] (micro_ros_msgs) StdoutLine: {'line': b'-- Up-to-date: /home/epiibots/ros2_ws/install/micro_ros_msgs/share/ament_index/resource_index/packages/micro_ros_msgs\n'}
[2.741791] (micro_ros_msgs) StdoutLine: {'line': b'-- Up-to-date: /home/epiibots/ros2_ws/install/micro_ros_msgs/share/micro_ros_msgs/cmake/export_micro_ros_msgs__rosidl_generator_cExport.cmake\n'}
[2.742263] (micro_ros_msgs) StdoutLine: {'line': b'-- Up-to-date: /home/epiibots/ros2_ws/install/micro_ros_msgs/share/micro_ros_msgs/cmake/export_micro_ros_msgs__rosidl_generator_cExport-noconfig.cmake\n'}
[2.742712] (micro_ros_msgs) StdoutLine: {'line': b'-- Up-to-date: /home/epiibots/ros2_ws/install/micro_ros_msgs/share/micro_ros_msgs/cmake/export_micro_ros_msgs__rosidl_typesupport_fastrtps_cExport.cmake\n'}
[2.743274] (micro_ros_msgs) StdoutLine: {'line': b'-- Up-to-date: /home/epiibots/ros2_ws/install/micro_ros_msgs/share/micro_ros_msgs/cmake/export_micro_ros_msgs__rosidl_typesupport_fastrtps_cExport-noconfig.cmake\n'}
[2.743687] (micro_ros_msgs) StdoutLine: {'line': b'-- Up-to-date: /home/epiibots/ros2_ws/install/micro_ros_msgs/share/micro_ros_msgs/cmake/micro_ros_msgs__rosidl_typesupport_introspection_cExport.cmake\n'}
[2.743843] (micro_ros_msgs) StdoutLine: {'line': b'-- Up-to-date: /home/epiibots/ros2_ws/install/micro_ros_msgs/share/micro_ros_msgs/cmake/micro_ros_msgs__rosidl_typesupport_introspection_cExport-noconfig.cmake\n'}
[2.744372] (micro_ros_msgs) StdoutLine: {'line': b'-- Up-to-date: /home/epiibots/ros2_ws/install/micro_ros_msgs/share/micro_ros_msgs/cmake/micro_ros_msgs__rosidl_typesupport_cExport.cmake\n'}
[2.744795] (micro_ros_msgs) StdoutLine: {'line': b'-- Up-to-date: /home/epiibots/ros2_ws/install/micro_ros_msgs/share/micro_ros_msgs/cmake/micro_ros_msgs__rosidl_typesupport_cExport-noconfig.cmake\n'}
[2.746244] (micro_ros_msgs) StdoutLine: {'line': b'-- Up-to-date: /home/epiibots/ros2_ws/install/micro_ros_msgs/share/micro_ros_msgs/cmake/export_micro_ros_msgs__rosidl_generator_cppExport.cmake\n'}
[2.747786] (micro_ros_msgs) StdoutLine: {'line': b'-- Up-to-date: /home/epiibots/ros2_ws/install/micro_ros_msgs/share/micro_ros_msgs/cmake/export_micro_ros_msgs__rosidl_typesupport_fastrtps_cppExport.cmake\n'}
[2.748681] (micro_ros_msgs) StdoutLine: {'line': b'-- Up-to-date: /home/epiibots/ros2_ws/install/micro_ros_msgs/share/micro_ros_msgs/cmake/export_micro_ros_msgs__rosidl_typesupport_fastrtps_cppExport-noconfig.cmake\n'}
[2.749919] (micro_ros_msgs) StdoutLine: {'line': b'-- Up-to-date: /home/epiibots/ros2_ws/install/micro_ros_msgs/share/micro_ros_msgs/cmake/micro_ros_msgs__rosidl_typesupport_introspection_cppExport.cmake\n'}
[2.750179] (micro_ros_msgs) StdoutLine: {'line': b'-- Up-to-date: /home/epiibots/ros2_ws/install/micro_ros_msgs/share/micro_ros_msgs/cmake/micro_ros_msgs__rosidl_typesupport_introspection_cppExport-noconfig.cmake\n'}
[2.750980] (micro_ros_msgs) StdoutLine: {'line': b'-- Up-to-date: /home/epiibots/ros2_ws/install/micro_ros_msgs/share/micro_ros_msgs/cmake/micro_ros_msgs__rosidl_typesupport_cppExport.cmake\n'}
[2.751594] (micro_ros_msgs) StdoutLine: {'line': b'-- Up-to-date: /home/epiibots/ros2_ws/install/micro_ros_msgs/share/micro_ros_msgs/cmake/micro_ros_msgs__rosidl_typesupport_cppExport-noconfig.cmake\n'}
[2.752408] (micro_ros_msgs) StdoutLine: {'line': b'-- Up-to-date: /home/epiibots/ros2_ws/install/micro_ros_msgs/share/micro_ros_msgs/cmake/export_micro_ros_msgs__rosidl_generator_pyExport.cmake\n'}
[2.753494] (micro_ros_msgs) StdoutLine: {'line': b'-- Up-to-date: /home/epiibots/ros2_ws/install/micro_ros_msgs/share/micro_ros_msgs/cmake/export_micro_ros_msgs__rosidl_generator_pyExport-noconfig.cmake\n'}
[2.753781] (micro_ros_msgs) StdoutLine: {'line': b'-- Up-to-date: /home/epiibots/ros2_ws/install/micro_ros_msgs/share/micro_ros_msgs/cmake/rosidl_cmake-extras.cmake\n'}
[2.753939] (micro_ros_msgs) StdoutLine: {'line': b'-- Up-to-date: /home/epiibots/ros2_ws/install/micro_ros_msgs/share/micro_ros_msgs/cmake/ament_cmake_export_include_directories-extras.cmake\n'}
[2.754077] (micro_ros_msgs) StdoutLine: {'line': b'-- Up-to-date: /home/epiibots/ros2_ws/install/micro_ros_msgs/share/micro_ros_msgs/cmake/ament_cmake_export_libraries-extras.cmake\n'}
[2.754181] (micro_ros_msgs) StdoutLine: {'line': b'-- Up-to-date: /home/epiibots/ros2_ws/install/micro_ros_msgs/share/micro_ros_msgs/cmake/ament_cmake_export_targets-extras.cmake\n'}
[2.754279] (micro_ros_msgs) StdoutLine: {'line': b'-- Up-to-date: /home/epiibots/ros2_ws/install/micro_ros_msgs/share/micro_ros_msgs/cmake/rosidl_cmake_export_typesupport_targets-extras.cmake\n'}
[2.754383] (micro_ros_msgs) StdoutLine: {'line': b'-- Up-to-date: /home/epiibots/ros2_ws/install/micro_ros_msgs/share/micro_ros_msgs/cmake/ament_cmake_export_dependencies-extras.cmake\n'}
[2.754531] (micro_ros_msgs) StdoutLine: {'line': b'-- Up-to-date: /home/epiibots/ros2_ws/install/micro_ros_msgs/share/micro_ros_msgs/cmake/rosidl_cmake_export_typesupport_libraries-extras.cmake\n'}
[2.754711] (micro_ros_msgs) StdoutLine: {'line': b'-- Up-to-date: /home/epiibots/ros2_ws/install/micro_ros_msgs/share/micro_ros_msgs/cmake/micro_ros_msgsConfig.cmake\n'}
[2.754894] (micro_ros_msgs) StdoutLine: {'line': b'-- Up-to-date: /home/epiibots/ros2_ws/install/micro_ros_msgs/share/micro_ros_msgs/cmake/micro_ros_msgsConfig-version.cmake\n'}
[2.755094] (micro_ros_msgs) StdoutLine: {'line': b'-- Up-to-date: /home/epiibots/ros2_ws/install/micro_ros_msgs/share/micro_ros_msgs/package.xml\n'}
[2.764275] (micro_ros_msgs) CommandEnded: {'returncode': 0}
[2.832040] (-) TimerEvent: {}
[2.863893] (micro_ros_msgs) JobEnded: {'identifier': 'micro_ros_msgs', 'rc': 0}
[2.866007] (calibration) JobStarted: {'identifier': 'calibration'}
[2.932176] (-) TimerEvent: {}
[3.035958] (-) TimerEvent: {}
[3.139933] (-) TimerEvent: {}
[3.240480] (-) TimerEvent: {}
[3.341975] (-) TimerEvent: {}
[3.442600] (-) TimerEvent: {}
[3.546368] (-) TimerEvent: {}
[3.652314] (-) TimerEvent: {}
[3.756700] (-) TimerEvent: {}
[3.860219] (-) TimerEvent: {}
[3.961613] (-) TimerEvent: {}
[3.968193] (servo_steering) Command: {'cmd': ['/usr/bin/python3', '-W', 'ignore:setup.py install is deprecated', '-W', 'ignore:easy_install command is deprecated', 'setup.py', 'egg_info', '--egg-base', '../../build/servo_steering', 'build', '--build-base', '/home/epiibots/ros2_ws/build/servo_steering/build', 'install', '--record', '/home/epiibots/ros2_ws/build/servo_steering/install.log', '--single-version-externally-managed', 'install_data'], 'cwd': '/home/epiibots/ros2_ws/src/servo_steering', 'env': {'LESSOPEN': '| /usr/bin/lesspipe %s', 'USER': 'epiibots', 'SSH_CLIENT': '192.168.0.114 46444 22', 'GZ_CONFIG_PATH': '/opt/ros/jazzy/opt/gz_sim_vendor/share/gz:/opt/ros/jazzy/opt/sdformat_vendor/share/gz:/opt/ros/jazzy/opt/gz_gui_vendor/share/gz:/opt/ros/jazzy/opt/gz_transport_vendor/share/gz:/opt/ros/jazzy/opt/gz_rendering_vendor/share/gz:/opt/ros/jazzy/opt/gz_plugin_vendor/share/gz:/opt/ros/jazzy/opt/gz_fuel_tools_vendor/share/gz:/opt/ros/jazzy/opt/gz_msgs_vendor/share/gz:/opt/ros/jazzy/opt/gz_common_vendor/share/gz', 'XDG_SESSION_TYPE': 'tty', 'SHLVL': '1', 'LD_LIBRARY_PATH': '/home/epiibots/install/micro_ros_agent/lib:/home/epiibots/install/micro_ros_msgs/lib:/home/epiibots/ros2_ws/install/micro_ros_agent/lib:/home/epiibots/ros2_ws/install/micro_ros_msgs/lib:/home/epiibots/ros2_ws/install/drive_base_msgs/lib:/opt/ros/jazzy/opt/gz_sim_vendor/lib:/opt/ros/jazzy/opt/gz_sensors_vendor/lib:/opt/ros/jazzy/opt/gz_physics_vendor/lib:/opt/ros/jazzy/opt/sdformat_vendor/lib:/opt/ros/jazzy/opt/rviz_ogre_vendor/lib:/opt/ros/jazzy/lib/aarch64-linux-gnu:/opt/ros/jazzy/opt/gz_gui_vendor/lib:/opt/ros/jazzy/opt/gz_transport_vendor/lib:/opt/ros/jazzy/opt/gz_rendering_vendor/lib:/opt/ros/jazzy/opt/gz_plugin_vendor/lib:/opt/ros/jazzy/opt/gz_fuel_tools_vendor/lib:/opt/ros/jazzy/opt/gz_msgs_vendor/lib:/opt/ros/jazzy/opt/gz_common_vendor/lib:/opt/ros/jazzy/opt/gz_math_vendor/lib:/opt/ros/jazzy/opt/gz_utils_vendor/lib:/opt/ros/jazzy/opt/gz_tools_vendor/lib:/opt/ros/jazzy/opt/gz_ogre_next_vendor/lib:/opt/ros/jazzy/opt/gz_dartsim_vendor/lib:/opt/ros/jazzy/opt/gz_cmake_vendor/lib:/opt/ros/jazzy/lib', 'HOME': '/home/epiibots', 'OLDPWD': '/home/epiibots', 'SSH_TTY': '/dev/pts/0', 'ROS_PYTHON_VERSION': '3', 'DBUS_SESSION_BUS_ADDRESS': 'unix:path=/run/user/1000/bus', 'DEBUGINFOD_URLS': 'https://debuginfod.ubuntu.com', 'COLCON_PREFIX_PATH': '/home/epiibots/ros2_ws/install:/home/epiibots/install', 'ROS_DISTRO': 'jazzy', 'LOGNAME': 'epiibots', '_': '/usr/bin/colcon', 'ROS_VERSION': '2', 'XDG_SESSION_CLASS': 'user', 'TERM': 'xterm-256color', 'XDG_SESSION_ID': '4', 'PATH': '/opt/ros/jazzy/opt/gz_msgs_vendor/bin:/opt/ros/jazzy/opt/gz_tools_vendor/bin:/opt/ros/jazzy/opt/gz_ogre_next_vendor/bin:/opt/ros/jazzy/bin:/usr/local/sbin:/usr/local/bin:/usr/sbin:/usr/bin:/sbin:/bin:/usr/games:/usr/local/games:/snap/bin', 'XDG_RUNTIME_DIR': '/run/user/1000', 'DISPLAY': 'localhost:10.0', 'LANG': 'en_US.UTF-8', 'LS_COLORS': 'rs=0:di=01;34:ln=01;36:mh=00:pi=40;33:so=01;35:do=01;35:bd=40;33;01:cd=40;33;01:or=40;31;01:mi=00:su=37;41:sg=30;43:ca=00:tw=30;42:ow=34;42:st=37;44:ex=01;32:*.tar=01;31:*.tgz=01;31:*.arc=01;31:*.arj=01;31:*.taz=01;31:*.lha=01;31:*.lz4=01;31:*.lzh=01;31:*.lzma=01;31:*.tlz=01;31:*.txz=01;31:*.tzo=01;31:*.t7z=01;31:*.zip=01;31:*.z=01;31:*.dz=01;31:*.gz=01;31:*.lrz=01;31:*.lz=01;31:*.lzo=01;31:*.xz=01;31:*.zst=01;31:*.tzst=01;31:*.bz2=01;31:*.bz=01;31:*.tbz=01;31:*.tbz2=01;31:*.tz=01;31:*.deb=01;31:*.rpm=01;31:*.jar=01;31:*.war=01;31:*.ear=01;31:*.sar=01;31:*.rar=01;31:*.alz=01;31:*.ace=01;31:*.zoo=01;31:*.cpio=01;31:*.7z=01;31:*.rz=01;31:*.cab=01;31:*.wim=01;31:*.swm=01;31:*.dwm=01;31:*.esd=01;31:*.avif=01;35:*.jpg=01;35:*.jpeg=01;35:*.mjpg=01;35:*.mjpeg=01;35:*.gif=01;35:*.bmp=01;35:*.pbm=01;35:*.pgm=01;35:*.ppm=01;35:*.tga=01;35:*.xbm=01;35:*.xpm=01;35:*.tif=01;35:*.tiff=01;35:*.png=01;35:*.svg=01;35:*.svgz=01;35:*.mng=01;35:*.pcx=01;35:*.mov=01;35:*.mpg=01;35:*.mpeg=01;35:*.m2v=01;35:*.mkv=01;35:*.webm=01;35:*.webp=01;35:*.ogm=01;35:*.mp4=01;35:*.m4v=01;35:*.mp4v=01;35:*.vob=01;35:*.qt=01;35:*.nuv=01;35:*.wmv=01;35:*.asf=01;35:*.rm=01;35:*.rmvb=01;35:*.flc=01;35:*.avi=01;35:*.fli=01;35:*.flv=01;35:*.gl=01;35:*.dl=01;35:*.xcf=01;35:*.xwd=01;35:*.yuv=01;35:*.cgm=01;35:*.emf=01;35:*.ogv=01;35:*.ogx=01;35:*.aac=00;36:*.au=00;36:*.flac=00;36:*.m4a=00;36:*.mid=00;36:*.midi=00;36:*.mka=00;36:*.mp3=00;36:*.mpc=00;36:*.ogg=00;36:*.ra=00;36:*.wav=00;36:*.oga=00;36:*.opus=00;36:*.spx=00;36:*.xspf=00;36:*~=00;90:*#=00;90:*.bak=00;90:*.crdownload=00;90:*.dpkg-dist=00;90:*.dpkg-new=00;90:*.dpkg-old=00;90:*.dpkg-tmp=00;90:*.old=00;90:*.orig=00;90:*.part=00;90:*.rej=00;90:*.rpmnew=00;90:*.rpmorig=00;90:*.rpmsave=00;90:*.swp=00;90:*.tmp=00;90:*.ucf-dist=00;90:*.ucf-new=00;90:*.ucf-old=00;90:', 'AMENT_PREFIX_PATH': '/home/epiibots/install/micro_ros_agent:/home/epiibots/install/micro_ros_msgs:/home/epiibots/ros2_ws/install/controlegeral_carrinho:/home/epiibots/ros2_ws/install/sllidar_ros2:/home/epiibots/ros2_ws/install/carrinho_control:/home/epiibots/ros2_ws/install/servo_steering:/home/epiibots/ros2_ws/install/pwm_rec:/home/epiibots/ros2_ws/install/micro_ros_setup:/home/epiibots/ros2_ws/install/micro_ros_agent:/home/epiibots/ros2_ws/install/micro_ros_msgs:/home/epiibots/ros2_ws/install/lidar_teste:/home/epiibots/ros2_ws/install/drive_base_msgs:/home/epiibots/ros2_ws/install/detector:/home/epiibots/ros2_ws/install/carrinho_localization:/home/epiibots/ros2_ws/install/carrinho_base:/home/epiibots/ros2_ws/install/calibration:/home/epiibots/ros2_ws/install/bno055:/opt/ros/jazzy', 'SHELL': '/bin/bash', 'LESSCLOSE': '/usr/bin/lesspipe %s %s', 'ROS_AUTOMATIC_DISCOVERY_RANGE': 'SUBNET', 'PWD': '/home/epiibots/ros2_ws/build/servo_steering', 'LC_ALL': 'en_US.UTF-8', 'SSH_CONNECTION': '192.168.0.114 46444 192.168.0.67 22', 'XDG_DATA_DIRS': '/usr/share/gnome:/usr/local/share:/usr/share:/var/lib/snapd/desktop', 'PYTHONPATH': '/home/epiibots/ros2_ws/build/servo_steering/prefix_override:/usr/lib/python3/dist-packages/colcon_core/task/python/colcon_distutils_commands:/home/epiibots/ros2_ws/install/servo_steering/lib/python3.12/site-packages:/home/epiibots/install/micro_ros_msgs/lib/python3.12/site-packages:/home/epiibots/ros2_ws/install/controlegeral_carrinho/lib/python3.12/site-packages:/home/epiibots/ros2_ws/install/carrinho_control/lib/python3.12/site-packages:/home/epiibots/ros2_ws/install/servo_steering/lib/python3.12/site-packages:/home/epiibots/ros2_ws/install/pwm_rec/lib/python3.12/site-packages:/home/epiibots/ros2_ws/install/micro_ros_msgs/lib/python3.12/site-packages:/home/epiibots/ros2_ws/install/lidar_teste/lib/python3.12/site-packages:/home/epiibots/ros2_ws/install/drive_base_msgs/lib/python3.12/site-packages:/home/epiibots/ros2_ws/install/detector/lib/python3.12/site-packages:/home/epiibots/ros2_ws/install/carrinho_localization/lib/python3.12/site-packages:/home/epiibots/ros2_ws/install/carrinho_base/lib/python3.12/site-packages:/home/epiibots/ros2_ws/install/calibration/lib/python3.12/site-packages:/home/epiibots/ros2_ws/install/bno055/lib/python3.12/site-packages:/opt/ros/jazzy/lib/python3.12/site-packages', 'COLCON': '1', 'CMAKE_PREFIX_PATH': '/home/epiibots/install/micro_ros_agent:/home/epiibots/install/micro_ros_msgs:/home/epiibots/ros2_ws/install/sllidar_ros2:/home/epiibots/ros2_ws/install/micro_ros_setup:/home/epiibots/ros2_ws/install/micro_ros_agent:/home/epiibots/ros2_ws/install/micro_ros_msgs:/home/epiibots/ros2_ws/install/drive_base_msgs:/opt/ros/jazzy/opt/gz_sim_vendor:/opt/ros/jazzy/opt/gz_sensors_vendor:/opt/ros/jazzy/opt/gz_physics_vendor:/opt/ros/jazzy/opt/sdformat_vendor:/opt/ros/jazzy/opt/gz_gui_vendor:/opt/ros/jazzy/opt/gz_transport_vendor:/opt/ros/jazzy/opt/gz_rendering_vendor:/opt/ros/jazzy/opt/gz_plugin_vendor:/opt/ros/jazzy/opt/gz_fuel_tools_vendor:/opt/ros/jazzy/opt/gz_msgs_vendor:/opt/ros/jazzy/opt/gz_common_vendor:/opt/ros/jazzy/opt/gz_math_vendor:/opt/ros/jazzy/opt/gz_utils_vendor:/opt/ros/jazzy/opt/gz_tools_vendor:/opt/ros/jazzy/opt/gz_ogre_next_vendor:/opt/ros/jazzy/opt/gz_dartsim_vendor:/opt/ros/jazzy/opt/gz_cmake_vendor'}, 'shell': False}
[3.970764] (carrinho_localization) Command: {'cmd': ['/usr/bin/python3', '-W', 'ignore:setup.py install is deprecated', '-W', 'ignore:easy_install command is deprecated', 'setup.py', 'egg_info', '--egg-base', '../../build/carrinho_localization', 'build', '--build-base', '/home/epiibots/ros2_ws/build/carrinho_localization/build', 'install', '--record', '/home/epiibots/ros2_ws/build/carrinho_localization/install.log', '--single-version-externally-managed', 'install_data'], 'cwd': '/home/epiibots/ros2_ws/src/carrinho_localization', 'env': {'LESSOPEN': '| /usr/bin/lesspipe %s', 'USER': 'epiibots', 'SSH_CLIENT': '192.168.0.114 46444 22', 'GZ_CONFIG_PATH': '/opt/ros/jazzy/opt/gz_sim_vendor/share/gz:/opt/ros/jazzy/opt/sdformat_vendor/share/gz:/opt/ros/jazzy/opt/gz_gui_vendor/share/gz:/opt/ros/jazzy/opt/gz_transport_vendor/share/gz:/opt/ros/jazzy/opt/gz_rendering_vendor/share/gz:/opt/ros/jazzy/opt/gz_plugin_vendor/share/gz:/opt/ros/jazzy/opt/gz_fuel_tools_vendor/share/gz:/opt/ros/jazzy/opt/gz_msgs_vendor/share/gz:/opt/ros/jazzy/opt/gz_common_vendor/share/gz', 'XDG_SESSION_TYPE': 'tty', 'SHLVL': '1', 'LD_LIBRARY_PATH': '/home/epiibots/install/micro_ros_agent/lib:/home/epiibots/install/micro_ros_msgs/lib:/home/epiibots/ros2_ws/install/micro_ros_agent/lib:/home/epiibots/ros2_ws/install/micro_ros_msgs/lib:/home/epiibots/ros2_ws/install/drive_base_msgs/lib:/opt/ros/jazzy/opt/gz_sim_vendor/lib:/opt/ros/jazzy/opt/gz_sensors_vendor/lib:/opt/ros/jazzy/opt/gz_physics_vendor/lib:/opt/ros/jazzy/opt/sdformat_vendor/lib:/opt/ros/jazzy/opt/rviz_ogre_vendor/lib:/opt/ros/jazzy/lib/aarch64-linux-gnu:/opt/ros/jazzy/opt/gz_gui_vendor/lib:/opt/ros/jazzy/opt/gz_transport_vendor/lib:/opt/ros/jazzy/opt/gz_rendering_vendor/lib:/opt/ros/jazzy/opt/gz_plugin_vendor/lib:/opt/ros/jazzy/opt/gz_fuel_tools_vendor/lib:/opt/ros/jazzy/opt/gz_msgs_vendor/lib:/opt/ros/jazzy/opt/gz_common_vendor/lib:/opt/ros/jazzy/opt/gz_math_vendor/lib:/opt/ros/jazzy/opt/gz_utils_vendor/lib:/opt/ros/jazzy/opt/gz_tools_vendor/lib:/opt/ros/jazzy/opt/gz_ogre_next_vendor/lib:/opt/ros/jazzy/opt/gz_dartsim_vendor/lib:/opt/ros/jazzy/opt/gz_cmake_vendor/lib:/opt/ros/jazzy/lib', 'HOME': '/home/epiibots', 'OLDPWD': '/home/epiibots', 'SSH_TTY': '/dev/pts/0', 'ROS_PYTHON_VERSION': '3', 'DBUS_SESSION_BUS_ADDRESS': 'unix:path=/run/user/1000/bus', 'DEBUGINFOD_URLS': 'https://debuginfod.ubuntu.com', 'COLCON_PREFIX_PATH': '/home/epiibots/ros2_ws/install:/home/epiibots/install', 'ROS_DISTRO': 'jazzy', 'LOGNAME': 'epiibots', '_': '/usr/bin/colcon', 'ROS_VERSION': '2', 'XDG_SESSION_CLASS': 'user', 'TERM': 'xterm-256color', 'XDG_SESSION_ID': '4', 'PATH': '/opt/ros/jazzy/opt/gz_msgs_vendor/bin:/opt/ros/jazzy/opt/gz_tools_vendor/bin:/opt/ros/jazzy/opt/gz_ogre_next_vendor/bin:/opt/ros/jazzy/bin:/usr/local/sbin:/usr/local/bin:/usr/sbin:/usr/bin:/sbin:/bin:/usr/games:/usr/local/games:/snap/bin', 'XDG_RUNTIME_DIR': '/run/user/1000', 'DISPLAY': 'localhost:10.0', 'LANG': 'en_US.UTF-8', 'LS_COLORS': 'rs=0:di=01;34:ln=01;36:mh=00:pi=40;33:so=01;35:do=01;35:bd=40;33;01:cd=40;33;01:or=40;31;01:mi=00:su=37;41:sg=30;43:ca=00:tw=30;42:ow=34;42:st=37;44:ex=01;32:*.tar=01;31:*.tgz=01;31:*.arc=01;31:*.arj=01;31:*.taz=01;31:*.lha=01;31:*.lz4=01;31:*.lzh=01;31:*.lzma=01;31:*.tlz=01;31:*.txz=01;31:*.tzo=01;31:*.t7z=01;31:*.zip=01;31:*.z=01;31:*.dz=01;31:*.gz=01;31:*.lrz=01;31:*.lz=01;31:*.lzo=01;31:*.xz=01;31:*.zst=01;31:*.tzst=01;31:*.bz2=01;31:*.bz=01;31:*.tbz=01;31:*.tbz2=01;31:*.tz=01;31:*.deb=01;31:*.rpm=01;31:*.jar=01;31:*.war=01;31:*.ear=01;31:*.sar=01;31:*.rar=01;31:*.alz=01;31:*.ace=01;31:*.zoo=01;31:*.cpio=01;31:*.7z=01;31:*.rz=01;31:*.cab=01;31:*.wim=01;31:*.swm=01;31:*.dwm=01;31:*.esd=01;31:*.avif=01;35:*.jpg=01;35:*.jpeg=01;35:*.mjpg=01;35:*.mjpeg=01;35:*.gif=01;35:*.bmp=01;35:*.pbm=01;35:*.pgm=01;35:*.ppm=01;35:*.tga=01;35:*.xbm=01;35:*.xpm=01;35:*.tif=01;35:*.tiff=01;35:*.png=01;35:*.svg=01;35:*.svgz=01;35:*.mng=01;35:*.pcx=01;35:*.mov=01;35:*.mpg=01;35:*.mpeg=01;35:*.m2v=01;35:*.mkv=01;35:*.webm=01;35:*.webp=01;35:*.ogm=01;35:*.mp4=01;35:*.m4v=01;35:*.mp4v=01;35:*.vob=01;35:*.qt=01;35:*.nuv=01;35:*.wmv=01;35:*.asf=01;35:*.rm=01;35:*.rmvb=01;35:*.flc=01;35:*.avi=01;35:*.fli=01;35:*.flv=01;35:*.gl=01;35:*.dl=01;35:*.xcf=01;35:*.xwd=01;35:*.yuv=01;35:*.cgm=01;35:*.emf=01;35:*.ogv=01;35:*.ogx=01;35:*.aac=00;36:*.au=00;36:*.flac=00;36:*.m4a=00;36:*.mid=00;36:*.midi=00;36:*.mka=00;36:*.mp3=00;36:*.mpc=00;36:*.ogg=00;36:*.ra=00;36:*.wav=00;36:*.oga=00;36:*.opus=00;36:*.spx=00;36:*.xspf=00;36:*~=00;90:*#=00;90:*.bak=00;90:*.crdownload=00;90:*.dpkg-dist=00;90:*.dpkg-new=00;90:*.dpkg-old=00;90:*.dpkg-tmp=00;90:*.old=00;90:*.orig=00;90:*.part=00;90:*.rej=00;90:*.rpmnew=00;90:*.rpmorig=00;90:*.rpmsave=00;90:*.swp=00;90:*.tmp=00;90:*.ucf-dist=00;90:*.ucf-new=00;90:*.ucf-old=00;90:', 'AMENT_PREFIX_PATH': '/home/epiibots/install/micro_ros_agent:/home/epiibots/install/micro_ros_msgs:/home/epiibots/ros2_ws/install/controlegeral_carrinho:/home/epiibots/ros2_ws/install/sllidar_ros2:/home/epiibots/ros2_ws/install/carrinho_control:/home/epiibots/ros2_ws/install/servo_steering:/home/epiibots/ros2_ws/install/pwm_rec:/home/epiibots/ros2_ws/install/micro_ros_setup:/home/epiibots/ros2_ws/install/micro_ros_agent:/home/epiibots/ros2_ws/install/micro_ros_msgs:/home/epiibots/ros2_ws/install/lidar_teste:/home/epiibots/ros2_ws/install/drive_base_msgs:/home/epiibots/ros2_ws/install/detector:/home/epiibots/ros2_ws/install/carrinho_localization:/home/epiibots/ros2_ws/install/carrinho_base:/home/epiibots/ros2_ws/install/calibration:/home/epiibots/ros2_ws/install/bno055:/opt/ros/jazzy', 'SHELL': '/bin/bash', 'LESSCLOSE': '/usr/bin/lesspipe %s %s', 'ROS_AUTOMATIC_DISCOVERY_RANGE': 'SUBNET', 'PWD': '/home/epiibots/ros2_ws/build/carrinho_localization', 'LC_ALL': 'en_US.UTF-8', 'SSH_CONNECTION': '192.168.0.114 46444 192.168.0.67 22', 'XDG_DATA_DIRS': '/usr/share/gnome:/usr/local/share:/usr/share:/var/lib/snapd/desktop', 'PYTHONPATH': '/home/epiibots/ros2_ws/build/carrinho_localization/prefix_override:/usr/lib/python3/dist-packages/colcon_core/task/python/colcon_distutils_commands:/home/epiibots/ros2_ws/install/carrinho_localization/lib/python3.12/site-packages:/home/epiibots/install/micro_ros_msgs/lib/python3.12/site-packages:/home/epiibots/ros2_ws/install/controlegeral_carrinho/lib/python3.12/site-packages:/home/epiibots/ros2_ws/install/carrinho_control/lib/python3.12/site-packages:/home/epiibots/ros2_ws/install/servo_steering/lib/python3.12/site-packages:/home/epiibots/ros2_ws/install/pwm_rec/lib/python3.12/site-packages:/home/epiibots/ros2_ws/install/micro_ros_msgs/lib/python3.12/site-packages:/home/epiibots/ros2_ws/install/lidar_teste/lib/python3.12/site-packages:/home/epiibots/ros2_ws/install/drive_base_msgs/lib/python3.12/site-packages:/home/epiibots/ros2_ws/install/detector/lib/python3.12/site-packages:/home/epiibots/ros2_ws/install/carrinho_localization/lib/python3.12/site-packages:/home/epiibots/ros2_ws/install/carrinho_base/lib/python3.12/site-packages:/home/epiibots/ros2_ws/install/calibration/lib/python3.12/site-packages:/home/epiibots/ros2_ws/install/bno055/lib/python3.12/site-packages:/opt/ros/jazzy/lib/python3.12/site-packages', 'COLCON': '1', 'CMAKE_PREFIX_PATH': '/home/epiibots/install/micro_ros_agent:/home/epiibots/install/micro_ros_msgs:/home/epiibots/ros2_ws/install/sllidar_ros2:/home/epiibots/ros2_ws/install/micro_ros_setup:/home/epiibots/ros2_ws/install/micro_ros_agent:/home/epiibots/ros2_ws/install/micro_ros_msgs:/home/epiibots/ros2_ws/install/drive_base_msgs:/opt/ros/jazzy/opt/gz_sim_vendor:/opt/ros/jazzy/opt/gz_sensors_vendor:/opt/ros/jazzy/opt/gz_physics_vendor:/opt/ros/jazzy/opt/sdformat_vendor:/opt/ros/jazzy/opt/gz_gui_vendor:/opt/ros/jazzy/opt/gz_transport_vendor:/opt/ros/jazzy/opt/gz_rendering_vendor:/opt/ros/jazzy/opt/gz_plugin_vendor:/opt/ros/jazzy/opt/gz_fuel_tools_vendor:/opt/ros/jazzy/opt/gz_msgs_vendor:/opt/ros/jazzy/opt/gz_common_vendor:/opt/ros/jazzy/opt/gz_math_vendor:/opt/ros/jazzy/opt/gz_utils_vendor:/opt/ros/jazzy/opt/gz_tools_vendor:/opt/ros/jazzy/opt/gz_ogre_next_vendor:/opt/ros/jazzy/opt/gz_dartsim_vendor:/opt/ros/jazzy/opt/gz_cmake_vendor'}, 'shell': False}
[3.979025] (bno055) Command: {'cmd': ['/usr/bin/python3', '-W', 'ignore:setup.py install is deprecated', '-W', 'ignore:easy_install command is deprecated', 'setup.py', 'egg_info', '--egg-base', '../../build/bno055', 'build', '--build-base', '/home/epiibots/ros2_ws/build/bno055/build', 'install', '--record', '/home/epiibots/ros2_ws/build/bno055/install.log', '--single-version-externally-managed', 'install_data'], 'cwd': '/home/epiibots/ros2_ws/src/bno055', 'env': {'LESSOPEN': '| /usr/bin/lesspipe %s', 'USER': 'epiibots', 'SSH_CLIENT': '192.168.0.114 46444 22', 'GZ_CONFIG_PATH': '/opt/ros/jazzy/opt/gz_sim_vendor/share/gz:/opt/ros/jazzy/opt/sdformat_vendor/share/gz:/opt/ros/jazzy/opt/gz_gui_vendor/share/gz:/opt/ros/jazzy/opt/gz_transport_vendor/share/gz:/opt/ros/jazzy/opt/gz_rendering_vendor/share/gz:/opt/ros/jazzy/opt/gz_plugin_vendor/share/gz:/opt/ros/jazzy/opt/gz_fuel_tools_vendor/share/gz:/opt/ros/jazzy/opt/gz_msgs_vendor/share/gz:/opt/ros/jazzy/opt/gz_common_vendor/share/gz', 'XDG_SESSION_TYPE': 'tty', 'SHLVL': '1', 'LD_LIBRARY_PATH': '/home/epiibots/install/micro_ros_agent/lib:/home/epiibots/install/micro_ros_msgs/lib:/home/epiibots/ros2_ws/install/micro_ros_agent/lib:/home/epiibots/ros2_ws/install/micro_ros_msgs/lib:/home/epiibots/ros2_ws/install/drive_base_msgs/lib:/opt/ros/jazzy/opt/gz_sim_vendor/lib:/opt/ros/jazzy/opt/gz_sensors_vendor/lib:/opt/ros/jazzy/opt/gz_physics_vendor/lib:/opt/ros/jazzy/opt/sdformat_vendor/lib:/opt/ros/jazzy/opt/rviz_ogre_vendor/lib:/opt/ros/jazzy/lib/aarch64-linux-gnu:/opt/ros/jazzy/opt/gz_gui_vendor/lib:/opt/ros/jazzy/opt/gz_transport_vendor/lib:/opt/ros/jazzy/opt/gz_rendering_vendor/lib:/opt/ros/jazzy/opt/gz_plugin_vendor/lib:/opt/ros/jazzy/opt/gz_fuel_tools_vendor/lib:/opt/ros/jazzy/opt/gz_msgs_vendor/lib:/opt/ros/jazzy/opt/gz_common_vendor/lib:/opt/ros/jazzy/opt/gz_math_vendor/lib:/opt/ros/jazzy/opt/gz_utils_vendor/lib:/opt/ros/jazzy/opt/gz_tools_vendor/lib:/opt/ros/jazzy/opt/gz_ogre_next_vendor/lib:/opt/ros/jazzy/opt/gz_dartsim_vendor/lib:/opt/ros/jazzy/opt/gz_cmake_vendor/lib:/opt/ros/jazzy/lib', 'HOME': '/home/epiibots', 'OLDPWD': '/home/epiibots', 'SSH_TTY': '/dev/pts/0', 'ROS_PYTHON_VERSION': '3', 'DBUS_SESSION_BUS_ADDRESS': 'unix:path=/run/user/1000/bus', 'DEBUGINFOD_URLS': 'https://debuginfod.ubuntu.com', 'COLCON_PREFIX_PATH': '/home/epiibots/ros2_ws/install:/home/epiibots/install', 'ROS_DISTRO': 'jazzy', 'LOGNAME': 'epiibots', '_': '/usr/bin/colcon', 'ROS_VERSION': '2', 'XDG_SESSION_CLASS': 'user', 'TERM': 'xterm-256color', 'XDG_SESSION_ID': '4', 'PATH': '/opt/ros/jazzy/opt/gz_msgs_vendor/bin:/opt/ros/jazzy/opt/gz_tools_vendor/bin:/opt/ros/jazzy/opt/gz_ogre_next_vendor/bin:/opt/ros/jazzy/bin:/usr/local/sbin:/usr/local/bin:/usr/sbin:/usr/bin:/sbin:/bin:/usr/games:/usr/local/games:/snap/bin', 'XDG_RUNTIME_DIR': '/run/user/1000', 'DISPLAY': 'localhost:10.0', 'LANG': 'en_US.UTF-8', 'LS_COLORS': 'rs=0:di=01;34:ln=01;36:mh=00:pi=40;33:so=01;35:do=01;35:bd=40;33;01:cd=40;33;01:or=40;31;01:mi=00:su=37;41:sg=30;43:ca=00:tw=30;42:ow=34;42:st=37;44:ex=01;32:*.tar=01;31:*.tgz=01;31:*.arc=01;31:*.arj=01;31:*.taz=01;31:*.lha=01;31:*.lz4=01;31:*.lzh=01;31:*.lzma=01;31:*.tlz=01;31:*.txz=01;31:*.tzo=01;31:*.t7z=01;31:*.zip=01;31:*.z=01;31:*.dz=01;31:*.gz=01;31:*.lrz=01;31:*.lz=01;31:*.lzo=01;31:*.xz=01;31:*.zst=01;31:*.tzst=01;31:*.bz2=01;31:*.bz=01;31:*.tbz=01;31:*.tbz2=01;31:*.tz=01;31:*.deb=01;31:*.rpm=01;31:*.jar=01;31:*.war=01;31:*.ear=01;31:*.sar=01;31:*.rar=01;31:*.alz=01;31:*.ace=01;31:*.zoo=01;31:*.cpio=01;31:*.7z=01;31:*.rz=01;31:*.cab=01;31:*.wim=01;31:*.swm=01;31:*.dwm=01;31:*.esd=01;31:*.avif=01;35:*.jpg=01;35:*.jpeg=01;35:*.mjpg=01;35:*.mjpeg=01;35:*.gif=01;35:*.bmp=01;35:*.pbm=01;35:*.pgm=01;35:*.ppm=01;35:*.tga=01;35:*.xbm=01;35:*.xpm=01;35:*.tif=01;35:*.tiff=01;35:*.png=01;35:*.svg=01;35:*.svgz=01;35:*.mng=01;35:*.pcx=01;35:*.mov=01;35:*.mpg=01;35:*.mpeg=01;35:*.m2v=01;35:*.mkv=01;35:*.webm=01;35:*.webp=01;35:*.ogm=01;35:*.mp4=01;35:*.m4v=01;35:*.mp4v=01;35:*.vob=01;35:*.qt=01;35:*.nuv=01;35:*.wmv=01;35:*.asf=01;35:*.rm=01;35:*.rmvb=01;35:*.flc=01;35:*.avi=01;35:*.fli=01;35:*.flv=01;35:*.gl=01;35:*.dl=01;35:*.xcf=01;35:*.xwd=01;35:*.yuv=01;35:*.cgm=01;35:*.emf=01;35:*.ogv=01;35:*.ogx=01;35:*.aac=00;36:*.au=00;36:*.flac=00;36:*.m4a=00;36:*.mid=00;36:*.midi=00;36:*.mka=00;36:*.mp3=00;36:*.mpc=00;36:*.ogg=00;36:*.ra=00;36:*.wav=00;36:*.oga=00;36:*.opus=00;36:*.spx=00;36:*.xspf=00;36:*~=00;90:*#=00;90:*.bak=00;90:*.crdownload=00;90:*.dpkg-dist=00;90:*.dpkg-new=00;90:*.dpkg-old=00;90:*.dpkg-tmp=00;90:*.old=00;90:*.orig=00;90:*.part=00;90:*.rej=00;90:*.rpmnew=00;90:*.rpmorig=00;90:*.rpmsave=00;90:*.swp=00;90:*.tmp=00;90:*.ucf-dist=00;90:*.ucf-new=00;90:*.ucf-old=00;90:', 'AMENT_PREFIX_PATH': '/home/epiibots/install/micro_ros_agent:/home/epiibots/install/micro_ros_msgs:/home/epiibots/ros2_ws/install/controlegeral_carrinho:/home/epiibots/ros2_ws/install/sllidar_ros2:/home/epiibots/ros2_ws/install/carrinho_control:/home/epiibots/ros2_ws/install/servo_steering:/home/epiibots/ros2_ws/install/pwm_rec:/home/epiibots/ros2_ws/install/micro_ros_setup:/home/epiibots/ros2_ws/install/micro_ros_agent:/home/epiibots/ros2_ws/install/micro_ros_msgs:/home/epiibots/ros2_ws/install/lidar_teste:/home/epiibots/ros2_ws/install/drive_base_msgs:/home/epiibots/ros2_ws/install/detector:/home/epiibots/ros2_ws/install/carrinho_localization:/home/epiibots/ros2_ws/install/carrinho_base:/home/epiibots/ros2_ws/install/calibration:/home/epiibots/ros2_ws/install/bno055:/opt/ros/jazzy', 'SHELL': '/bin/bash', 'LESSCLOSE': '/usr/bin/lesspipe %s %s', 'ROS_AUTOMATIC_DISCOVERY_RANGE': 'SUBNET', 'PWD': '/home/epiibots/ros2_ws/build/bno055', 'LC_ALL': 'en_US.UTF-8', 'SSH_CONNECTION': '192.168.0.114 46444 192.168.0.67 22', 'XDG_DATA_DIRS': '/usr/share/gnome:/usr/local/share:/usr/share:/var/lib/snapd/desktop', 'PYTHONPATH': '/home/epiibots/ros2_ws/build/bno055/prefix_override:/usr/lib/python3/dist-packages/colcon_core/task/python/colcon_distutils_commands:/home/epiibots/ros2_ws/install/bno055/lib/python3.12/site-packages:/home/epiibots/install/micro_ros_msgs/lib/python3.12/site-packages:/home/epiibots/ros2_ws/install/controlegeral_carrinho/lib/python3.12/site-packages:/home/epiibots/ros2_ws/install/carrinho_control/lib/python3.12/site-packages:/home/epiibots/ros2_ws/install/servo_steering/lib/python3.12/site-packages:/home/epiibots/ros2_ws/install/pwm_rec/lib/python3.12/site-packages:/home/epiibots/ros2_ws/install/micro_ros_msgs/lib/python3.12/site-packages:/home/epiibots/ros2_ws/install/lidar_teste/lib/python3.12/site-packages:/home/epiibots/ros2_ws/install/drive_base_msgs/lib/python3.12/site-packages:/home/epiibots/ros2_ws/install/detector/lib/python3.12/site-packages:/home/epiibots/ros2_ws/install/carrinho_localization/lib/python3.12/site-packages:/home/epiibots/ros2_ws/install/carrinho_base/lib/python3.12/site-packages:/home/epiibots/ros2_ws/install/calibration/lib/python3.12/site-packages:/home/epiibots/ros2_ws/install/bno055/lib/python3.12/site-packages:/opt/ros/jazzy/lib/python3.12/site-packages', 'COLCON': '1', 'CMAKE_PREFIX_PATH': '/home/epiibots/install/micro_ros_agent:/home/epiibots/install/micro_ros_msgs:/home/epiibots/ros2_ws/install/sllidar_ros2:/home/epiibots/ros2_ws/install/micro_ros_setup:/home/epiibots/ros2_ws/install/micro_ros_agent:/home/epiibots/ros2_ws/install/micro_ros_msgs:/home/epiibots/ros2_ws/install/drive_base_msgs:/opt/ros/jazzy/opt/gz_sim_vendor:/opt/ros/jazzy/opt/gz_sensors_vendor:/opt/ros/jazzy/opt/gz_physics_vendor:/opt/ros/jazzy/opt/sdformat_vendor:/opt/ros/jazzy/opt/gz_gui_vendor:/opt/ros/jazzy/opt/gz_transport_vendor:/opt/ros/jazzy/opt/gz_rendering_vendor:/opt/ros/jazzy/opt/gz_plugin_vendor:/opt/ros/jazzy/opt/gz_fuel_tools_vendor:/opt/ros/jazzy/opt/gz_msgs_vendor:/opt/ros/jazzy/opt/gz_common_vendor:/opt/ros/jazzy/opt/gz_math_vendor:/opt/ros/jazzy/opt/gz_utils_vendor:/opt/ros/jazzy/opt/gz_tools_vendor:/opt/ros/jazzy/opt/gz_ogre_next_vendor:/opt/ros/jazzy/opt/gz_dartsim_vendor:/opt/ros/jazzy/opt/gz_cmake_vendor'}, 'shell': False}
[4.062995] (-) TimerEvent: {}
[4.166247] (-) TimerEvent: {}
[4.266753] (-) TimerEvent: {}
[4.372266] (-) TimerEvent: {}
[4.474976] (-) TimerEvent: {}
[4.576035] (-) TimerEvent: {}
[4.676536] (-) TimerEvent: {}
[4.777133] (-) TimerEvent: {}
[4.877749] (-) TimerEvent: {}
[4.978849] (-) TimerEvent: {}
[5.004321] (servo_steering) StdoutLine: {'line': b'running egg_info\n'}
[5.065481] (servo_steering) StdoutLine: {'line': b'writing ../../build/servo_steering/servo_steering.egg-info/PKG-INFO\n'}
[5.068535] (servo_steering) StdoutLine: {'line': b'writing dependency_links to ../../build/servo_steering/servo_steering.egg-info/dependency_links.txt\n'}
[5.078981] (-) TimerEvent: {}
[5.080559] (servo_steering) StdoutLine: {'line': b'writing entry points to ../../build/servo_steering/servo_steering.egg-info/entry_points.txt\n'}
[5.082107] (servo_steering) StdoutLine: {'line': b'writing requirements to ../../build/servo_steering/servo_steering.egg-info/requires.txt\n'}
[5.086555] (servo_steering) StdoutLine: {'line': b'writing top-level names to ../../build/servo_steering/servo_steering.egg-info/top_level.txt\n'}
[5.179960] (-) TimerEvent: {}
[5.282274] (-) TimerEvent: {}
[5.373313] (servo_steering) StdoutLine: {'line': b"reading manifest file '../../build/servo_steering/servo_steering.egg-info/SOURCES.txt'\n"}
[5.374281] (servo_steering) StdoutLine: {'line': b"writing manifest file '../../build/servo_steering/servo_steering.egg-info/SOURCES.txt'\n"}
[5.382385] (-) TimerEvent: {}
[5.401582] (carrinho_localization) StdoutLine: {'line': b'running egg_info\n'}
[5.477242] (servo_steering) StdoutLine: {'line': b'running build\n'}
[5.478093] (servo_steering) StdoutLine: {'line': b'running build_py\n'}
[5.484068] (bno055) StdoutLine: {'line': b'running egg_info\n'}
[5.484645] (-) TimerEvent: {}
[5.488647] (servo_steering) StdoutLine: {'line': b'running install\n'}
[5.492892] (carrinho_localization) StdoutLine: {'line': b'writing ../../build/carrinho_localization/carrinho_localization.egg-info/PKG-INFO\n'}
[5.497994] (carrinho_localization) StdoutLine: {'line': b'writing dependency_links to ../../build/carrinho_localization/carrinho_localization.egg-info/dependency_links.txt\n'}
[5.502128] (carrinho_localization) StdoutLine: {'line': b'writing entry points to ../../build/carrinho_localization/carrinho_localization.egg-info/entry_points.txt\n'}
[5.505566] (carrinho_localization) StdoutLine: {'line': b'writing requirements to ../../build/carrinho_localization/carrinho_localization.egg-info/requires.txt\n'}
[5.508979] (carrinho_localization) StdoutLine: {'line': b'writing top-level names to ../../build/carrinho_localization/carrinho_localization.egg-info/top_level.txt\n'}
[5.540383] (servo_steering) StdoutLine: {'line': b'running install_lib\n'}
[5.587124] (-) TimerEvent: {}
[5.695030] (-) TimerEvent: {}
[5.719014] (servo_steering) StdoutLine: {'line': b'running install_data\n'}
[5.719578] (servo_steering) StdoutLine: {'line': b'running install_egg_info\n'}
[5.724470] (bno055) StdoutLine: {'line': b'writing ../../build/bno055/bno055.egg-info/PKG-INFO\n'}
[5.725124] (bno055) StdoutLine: {'line': b'writing dependency_links to ../../build/bno055/bno055.egg-info/dependency_links.txt\n'}
[5.725464] (bno055) StdoutLine: {'line': b'writing entry points to ../../build/bno055/bno055.egg-info/entry_points.txt\n'}
[5.727749] (bno055) StdoutLine: {'line': b'writing requirements to ../../build/bno055/bno055.egg-info/requires.txt\n'}
[5.730399] (bno055) StdoutLine: {'line': b'writing top-level names to ../../build/bno055/bno055.egg-info/top_level.txt\n'}
[5.779710] (carrinho_localization) StdoutLine: {'line': b"reading manifest file '../../build/carrinho_localization/carrinho_localization.egg-info/SOURCES.txt'\n"}
[5.783536] (carrinho_localization) StdoutLine: {'line': b"writing manifest file '../../build/carrinho_localization/carrinho_localization.egg-info/SOURCES.txt'\n"}
[5.786153] (carrinho_localization) StdoutLine: {'line': b'running build\n'}
[5.790616] (carrinho_localization) StdoutLine: {'line': b'running build_py\n'}
[5.790828] (carrinho_localization) StdoutLine: {'line': b'running install\n'}
[5.795160] (-) TimerEvent: {}
[5.799482] (carrinho_localization) StdoutLine: {'line': b'running install_lib\n'}
[5.823949] (calibration) Command: {'cmd': ['/usr/bin/python3', '-W', 'ignore:setup.py install is deprecated', '-W', 'ignore:easy_install command is deprecated', 'setup.py', 'egg_info', '--egg-base', '../../build/calibration', 'build', '--build-base', '/home/epiibots/ros2_ws/build/calibration/build', 'install', '--record', '/home/epiibots/ros2_ws/build/calibration/install.log', '--single-version-externally-managed', 'install_data'], 'cwd': '/home/epiibots/ros2_ws/src/calibration', 'env': {'LESSOPEN': '| /usr/bin/lesspipe %s', 'USER': 'epiibots', 'SSH_CLIENT': '192.168.0.114 46444 22', 'GZ_CONFIG_PATH': '/opt/ros/jazzy/opt/gz_sim_vendor/share/gz:/opt/ros/jazzy/opt/sdformat_vendor/share/gz:/opt/ros/jazzy/opt/gz_gui_vendor/share/gz:/opt/ros/jazzy/opt/gz_transport_vendor/share/gz:/opt/ros/jazzy/opt/gz_rendering_vendor/share/gz:/opt/ros/jazzy/opt/gz_plugin_vendor/share/gz:/opt/ros/jazzy/opt/gz_fuel_tools_vendor/share/gz:/opt/ros/jazzy/opt/gz_msgs_vendor/share/gz:/opt/ros/jazzy/opt/gz_common_vendor/share/gz', 'XDG_SESSION_TYPE': 'tty', 'SHLVL': '1', 'LD_LIBRARY_PATH': '/home/epiibots/install/micro_ros_agent/lib:/home/epiibots/install/micro_ros_msgs/lib:/home/epiibots/ros2_ws/install/micro_ros_agent/lib:/home/epiibots/ros2_ws/install/micro_ros_msgs/lib:/home/epiibots/ros2_ws/install/drive_base_msgs/lib:/opt/ros/jazzy/opt/gz_sim_vendor/lib:/opt/ros/jazzy/opt/gz_sensors_vendor/lib:/opt/ros/jazzy/opt/gz_physics_vendor/lib:/opt/ros/jazzy/opt/sdformat_vendor/lib:/opt/ros/jazzy/opt/rviz_ogre_vendor/lib:/opt/ros/jazzy/lib/aarch64-linux-gnu:/opt/ros/jazzy/opt/gz_gui_vendor/lib:/opt/ros/jazzy/opt/gz_transport_vendor/lib:/opt/ros/jazzy/opt/gz_rendering_vendor/lib:/opt/ros/jazzy/opt/gz_plugin_vendor/lib:/opt/ros/jazzy/opt/gz_fuel_tools_vendor/lib:/opt/ros/jazzy/opt/gz_msgs_vendor/lib:/opt/ros/jazzy/opt/gz_common_vendor/lib:/opt/ros/jazzy/opt/gz_math_vendor/lib:/opt/ros/jazzy/opt/gz_utils_vendor/lib:/opt/ros/jazzy/opt/gz_tools_vendor/lib:/opt/ros/jazzy/opt/gz_ogre_next_vendor/lib:/opt/ros/jazzy/opt/gz_dartsim_vendor/lib:/opt/ros/jazzy/opt/gz_cmake_vendor/lib:/opt/ros/jazzy/lib', 'HOME': '/home/epiibots', 'OLDPWD': '/home/epiibots', 'SSH_TTY': '/dev/pts/0', 'ROS_PYTHON_VERSION': '3', 'DBUS_SESSION_BUS_ADDRESS': 'unix:path=/run/user/1000/bus', 'DEBUGINFOD_URLS': 'https://debuginfod.ubuntu.com', 'COLCON_PREFIX_PATH': '/home/epiibots/ros2_ws/install:/home/epiibots/install', 'ROS_DISTRO': 'jazzy', 'LOGNAME': 'epiibots', '_': '/usr/bin/colcon', 'ROS_VERSION': '2', 'XDG_SESSION_CLASS': 'user', 'TERM': 'xterm-256color', 'XDG_SESSION_ID': '4', 'PATH': '/opt/ros/jazzy/opt/gz_msgs_vendor/bin:/opt/ros/jazzy/opt/gz_tools_vendor/bin:/opt/ros/jazzy/opt/gz_ogre_next_vendor/bin:/opt/ros/jazzy/bin:/usr/local/sbin:/usr/local/bin:/usr/sbin:/usr/bin:/sbin:/bin:/usr/games:/usr/local/games:/snap/bin', 'XDG_RUNTIME_DIR': '/run/user/1000', 'DISPLAY': 'localhost:10.0', 'LANG': 'en_US.UTF-8', 'LS_COLORS': 'rs=0:di=01;34:ln=01;36:mh=00:pi=40;33:so=01;35:do=01;35:bd=40;33;01:cd=40;33;01:or=40;31;01:mi=00:su=37;41:sg=30;43:ca=00:tw=30;42:ow=34;42:st=37;44:ex=01;32:*.tar=01;31:*.tgz=01;31:*.arc=01;31:*.arj=01;31:*.taz=01;31:*.lha=01;31:*.lz4=01;31:*.lzh=01;31:*.lzma=01;31:*.tlz=01;31:*.txz=01;31:*.tzo=01;31:*.t7z=01;31:*.zip=01;31:*.z=01;31:*.dz=01;31:*.gz=01;31:*.lrz=01;31:*.lz=01;31:*.lzo=01;31:*.xz=01;31:*.zst=01;31:*.tzst=01;31:*.bz2=01;31:*.bz=01;31:*.tbz=01;31:*.tbz2=01;31:*.tz=01;31:*.deb=01;31:*.rpm=01;31:*.jar=01;31:*.war=01;31:*.ear=01;31:*.sar=01;31:*.rar=01;31:*.alz=01;31:*.ace=01;31:*.zoo=01;31:*.cpio=01;31:*.7z=01;31:*.rz=01;31:*.cab=01;31:*.wim=01;31:*.swm=01;31:*.dwm=01;31:*.esd=01;31:*.avif=01;35:*.jpg=01;35:*.jpeg=01;35:*.mjpg=01;35:*.mjpeg=01;35:*.gif=01;35:*.bmp=01;35:*.pbm=01;35:*.pgm=01;35:*.ppm=01;35:*.tga=01;35:*.xbm=01;35:*.xpm=01;35:*.tif=01;35:*.tiff=01;35:*.png=01;35:*.svg=01;35:*.svgz=01;35:*.mng=01;35:*.pcx=01;35:*.mov=01;35:*.mpg=01;35:*.mpeg=01;35:*.m2v=01;35:*.mkv=01;35:*.webm=01;35:*.webp=01;35:*.ogm=01;35:*.mp4=01;35:*.m4v=01;35:*.mp4v=01;35:*.vob=01;35:*.qt=01;35:*.nuv=01;35:*.wmv=01;35:*.asf=01;35:*.rm=01;35:*.rmvb=01;35:*.flc=01;35:*.avi=01;35:*.fli=01;35:*.flv=01;35:*.gl=01;35:*.dl=01;35:*.xcf=01;35:*.xwd=01;35:*.yuv=01;35:*.cgm=01;35:*.emf=01;35:*.ogv=01;35:*.ogx=01;35:*.aac=00;36:*.au=00;36:*.flac=00;36:*.m4a=00;36:*.mid=00;36:*.midi=00;36:*.mka=00;36:*.mp3=00;36:*.mpc=00;36:*.ogg=00;36:*.ra=00;36:*.wav=00;36:*.oga=00;36:*.opus=00;36:*.spx=00;36:*.xspf=00;36:*~=00;90:*#=00;90:*.bak=00;90:*.crdownload=00;90:*.dpkg-dist=00;90:*.dpkg-new=00;90:*.dpkg-old=00;90:*.dpkg-tmp=00;90:*.old=00;90:*.orig=00;90:*.part=00;90:*.rej=00;90:*.rpmnew=00;90:*.rpmorig=00;90:*.rpmsave=00;90:*.swp=00;90:*.tmp=00;90:*.ucf-dist=00;90:*.ucf-new=00;90:*.ucf-old=00;90:', 'AMENT_PREFIX_PATH': '/home/epiibots/install/micro_ros_agent:/home/epiibots/install/micro_ros_msgs:/home/epiibots/ros2_ws/install/controlegeral_carrinho:/home/epiibots/ros2_ws/install/sllidar_ros2:/home/epiibots/ros2_ws/install/carrinho_control:/home/epiibots/ros2_ws/install/servo_steering:/home/epiibots/ros2_ws/install/pwm_rec:/home/epiibots/ros2_ws/install/micro_ros_setup:/home/epiibots/ros2_ws/install/micro_ros_agent:/home/epiibots/ros2_ws/install/micro_ros_msgs:/home/epiibots/ros2_ws/install/lidar_teste:/home/epiibots/ros2_ws/install/drive_base_msgs:/home/epiibots/ros2_ws/install/detector:/home/epiibots/ros2_ws/install/carrinho_localization:/home/epiibots/ros2_ws/install/carrinho_base:/home/epiibots/ros2_ws/install/calibration:/home/epiibots/ros2_ws/install/bno055:/opt/ros/jazzy', 'SHELL': '/bin/bash', 'LESSCLOSE': '/usr/bin/lesspipe %s %s', 'ROS_AUTOMATIC_DISCOVERY_RANGE': 'SUBNET', 'PWD': '/home/epiibots/ros2_ws/build/calibration', 'LC_ALL': 'en_US.UTF-8', 'SSH_CONNECTION': '192.168.0.114 46444 192.168.0.67 22', 'XDG_DATA_DIRS': '/usr/share/gnome:/usr/local/share:/usr/share:/var/lib/snapd/desktop', 'PYTHONPATH': '/home/epiibots/ros2_ws/build/calibration/prefix_override:/usr/lib/python3/dist-packages/colcon_core/task/python/colcon_distutils_commands:/home/epiibots/ros2_ws/install/calibration/lib/python3.12/site-packages:/home/epiibots/install/micro_ros_msgs/lib/python3.12/site-packages:/home/epiibots/ros2_ws/install/controlegeral_carrinho/lib/python3.12/site-packages:/home/epiibots/ros2_ws/install/carrinho_control/lib/python3.12/site-packages:/home/epiibots/ros2_ws/install/servo_steering/lib/python3.12/site-packages:/home/epiibots/ros2_ws/install/pwm_rec/lib/python3.12/site-packages:/home/epiibots/ros2_ws/install/micro_ros_msgs/lib/python3.12/site-packages:/home/epiibots/ros2_ws/install/lidar_teste/lib/python3.12/site-packages:/home/epiibots/ros2_ws/install/drive_base_msgs/lib/python3.12/site-packages:/home/epiibots/ros2_ws/install/detector/lib/python3.12/site-packages:/home/epiibots/ros2_ws/install/carrinho_localization/lib/python3.12/site-packages:/home/epiibots/ros2_ws/install/carrinho_base/lib/python3.12/site-packages:/home/epiibots/ros2_ws/install/calibration/lib/python3.12/site-packages:/home/epiibots/ros2_ws/install/bno055/lib/python3.12/site-packages:/opt/ros/jazzy/lib/python3.12/site-packages', 'COLCON': '1', 'CMAKE_PREFIX_PATH': '/home/epiibots/install/micro_ros_agent:/home/epiibots/install/micro_ros_msgs:/home/epiibots/ros2_ws/install/sllidar_ros2:/home/epiibots/ros2_ws/install/micro_ros_setup:/home/epiibots/ros2_ws/install/micro_ros_agent:/home/epiibots/ros2_ws/install/micro_ros_msgs:/home/epiibots/ros2_ws/install/drive_base_msgs:/opt/ros/jazzy/opt/gz_sim_vendor:/opt/ros/jazzy/opt/gz_sensors_vendor:/opt/ros/jazzy/opt/gz_physics_vendor:/opt/ros/jazzy/opt/sdformat_vendor:/opt/ros/jazzy/opt/gz_gui_vendor:/opt/ros/jazzy/opt/gz_transport_vendor:/opt/ros/jazzy/opt/gz_rendering_vendor:/opt/ros/jazzy/opt/gz_plugin_vendor:/opt/ros/jazzy/opt/gz_fuel_tools_vendor:/opt/ros/jazzy/opt/gz_msgs_vendor:/opt/ros/jazzy/opt/gz_common_vendor:/opt/ros/jazzy/opt/gz_math_vendor:/opt/ros/jazzy/opt/gz_utils_vendor:/opt/ros/jazzy/opt/gz_tools_vendor:/opt/ros/jazzy/opt/gz_ogre_next_vendor:/opt/ros/jazzy/opt/gz_dartsim_vendor:/opt/ros/jazzy/opt/gz_cmake_vendor'}, 'shell': False}
[5.848995] (carrinho_localization) StdoutLine: {'line': b'running install_data\n'}
[5.849391] (carrinho_localization) StdoutLine: {'line': b'running install_egg_info\n'}
[5.895306] (-) TimerEvent: {}
[5.902097] (servo_steering) StdoutLine: {'line': b"removing '/home/epiibots/ros2_ws/install/servo_steering/lib/python3.12/site-packages/servo_steering-0.1.0-py3.12.egg-info' (and everything under it)\n"}
[5.902648] (servo_steering) StdoutLine: {'line': b'Copying ../../build/servo_steering/servo_steering.egg-info to /home/epiibots/ros2_ws/install/servo_steering/lib/python3.12/site-packages/servo_steering-0.1.0-py3.12.egg-info\n'}
[5.914967] (servo_steering) StdoutLine: {'line': b'running install_scripts\n'}
[5.924564] (carrinho_localization) StdoutLine: {'line': b"removing '/home/epiibots/ros2_ws/install/carrinho_localization/lib/python3.12/site-packages/carrinho_localization-0.0.0-py3.12.egg-info' (and everything under it)\n"}
[5.926192] (carrinho_localization) StdoutLine: {'line': b'Copying ../../build/carrinho_localization/carrinho_localization.egg-info to /home/epiibots/ros2_ws/install/carrinho_localization/lib/python3.12/site-packages/carrinho_localization-0.0.0-py3.12.egg-info\n'}
[5.933434] (carrinho_localization) StdoutLine: {'line': b'running install_scripts\n'}
[5.999177] (-) TimerEvent: {}
[6.007759] (bno055) StdoutLine: {'line': b"reading manifest file '../../build/bno055/bno055.egg-info/SOURCES.txt'\n"}
[6.015025] (bno055) StdoutLine: {'line': b"adding license file 'LICENSE'\n"}
[6.015600] (bno055) StdoutLine: {'line': b"adding license file 'AUTHORS'\n"}
[6.019121] (bno055) StdoutLine: {'line': b"writing manifest file '../../build/bno055/bno055.egg-info/SOURCES.txt'\n"}
[6.019814] (bno055) StdoutLine: {'line': b'running build\n'}
[6.023665] (bno055) StdoutLine: {'line': b'running build_py\n'}
[6.024411] (bno055) StdoutLine: {'line': b'running install\n'}
[6.035916] (bno055) StdoutLine: {'line': b'running install_lib\n'}
[6.101979] (-) TimerEvent: {}
[6.107186] (bno055) StdoutLine: {'line': b'running install_data\n'}
[6.108973] (bno055) StdoutLine: {'line': b'running install_egg_info\n'}
[6.189601] (bno055) StdoutLine: {'line': b"removing '/home/epiibots/ros2_ws/install/bno055/lib/python3.12/site-packages/bno055-0.5.0-py3.12.egg-info' (and everything under it)\n"}
[6.195021] (bno055) StdoutLine: {'line': b'Copying ../../build/bno055/bno055.egg-info to /home/epiibots/ros2_ws/install/bno055/lib/python3.12/site-packages/bno055-0.5.0-py3.12.egg-info\n'}
[6.196962] (bno055) StdoutLine: {'line': b'running install_scripts\n'}
[6.206238] (-) TimerEvent: {}
[6.309255] (-) TimerEvent: {}
[6.413640] (-) TimerEvent: {}
[6.514569] (-) TimerEvent: {}
[6.619534] (calibration) StdoutLine: {'line': b'running egg_info\n'}
[6.620108] (-) TimerEvent: {}
[6.636495] (carrinho_localization) StdoutLine: {'line': b'Installing wheel_odom_relay script to /home/epiibots/ros2_ws/install/carrinho_localization/lib/carrinho_localization\n'}
[6.637583] (carrinho_localization) StdoutLine: {'line': b"writing list of installed files to '/home/epiibots/ros2_ws/build/carrinho_localization/install.log'\n"}
[6.670324] (calibration) StdoutLine: {'line': b'writing ../../build/calibration/calibration.egg-info/PKG-INFO\n'}
[6.671801] (calibration) StdoutLine: {'line': b'writing dependency_links to ../../build/calibration/calibration.egg-info/dependency_links.txt\n'}
[6.682126] (calibration) StdoutLine: {'line': b'writing entry points to ../../build/calibration/calibration.egg-info/entry_points.txt\n'}
[6.682630] (calibration) StdoutLine: {'line': b'writing requirements to ../../build/calibration/calibration.egg-info/requires.txt\n'}
[6.682933] (calibration) StdoutLine: {'line': b'writing top-level names to ../../build/calibration/calibration.egg-info/top_level.txt\n'}
[6.724984] (-) TimerEvent: {}
[6.773511] (bno055) StdoutLine: {'line': b'Installing bno055 script to /home/epiibots/ros2_ws/install/bno055/lib/bno055\n'}
[6.775358] (bno055) StdoutLine: {'line': b"writing list of installed files to '/home/epiibots/ros2_ws/build/bno055/install.log'\n"}
[6.777800] (servo_steering) StdoutLine: {'line': b'Installing motor_node script to /home/epiibots/ros2_ws/install/servo_steering/lib/servo_steering\n'}
[6.781040] (servo_steering) StdoutLine: {'line': b'Installing motor_node_pwm script to /home/epiibots/ros2_ws/install/servo_steering/lib/servo_steering\n'}
[6.783477] (servo_steering) StdoutLine: {'line': b'Installing servo_node script to /home/epiibots/ros2_ws/install/servo_steering/lib/servo_steering\n'}
[6.785096] (servo_steering) StdoutLine: {'line': b'Installing teleop_kei script to /home/epiibots/ros2_ws/install/servo_steering/lib/servo_steering\n'}
[6.787098] (servo_steering) StdoutLine: {'line': b'Installing teleop_key script to /home/epiibots/ros2_ws/install/servo_steering/lib/servo_steering\n'}
[6.793060] (servo_steering) StdoutLine: {'line': b"writing list of installed files to '/home/epiibots/ros2_ws/build/servo_steering/install.log'\n"}
[6.825154] (-) TimerEvent: {}
[6.925920] (-) TimerEvent: {}
[6.980089] (bno055) CommandEnded: {'returncode': 0}
[6.985314] (calibration) StdoutLine: {'line': b"reading manifest file '../../build/calibration/calibration.egg-info/SOURCES.txt'\n"}
[6.985722] (calibration) StdoutLine: {'line': b"adding license file 'LICENSE'\n"}
[6.985957] (calibration) StdoutLine: {'line': b"writing manifest file '../../build/calibration/calibration.egg-info/SOURCES.txt'\n"}
[6.988947] (calibration) StdoutLine: {'line': b'running build\n'}
[6.989306] (calibration) StdoutLine: {'line': b'running build_py\n'}
[7.004007] (calibration) StdoutLine: {'line': b'running install\n'}
[7.016447] (calibration) StdoutLine: {'line': b'running install_lib\n'}
[7.027343] (-) TimerEvent: {}
[7.048664] (bno055) JobEnded: {'identifier': 'bno055', 'rc': 0}
[7.054969] (carrinho_base) JobStarted: {'identifier': 'carrinho_base'}
[7.105584] (servo_steering) CommandEnded: {'returncode': 0}
[7.127569] (-) TimerEvent: {}
[7.147305] (calibration) StdoutLine: {'line': b'running install_data\n'}
[7.147883] (calibration) StdoutLine: {'line': b'running install_egg_info\n'}
[7.160228] (servo_steering) JobEnded: {'identifier': 'servo_steering', 'rc': 0}
[7.163455] (detector) JobStarted: {'identifier': 'detector'}
[7.229005] (-) TimerEvent: {}
[7.330323] (calibration) StdoutLine: {'line': b"removing '/home/epiibots/ros2_ws/install/calibration/lib/python3.12/site-packages/calibration-0.0.0-py3.12.egg-info' (and everything under it)\n"}
[7.330917] (-) TimerEvent: {}
[7.335290] (calibration) StdoutLine: {'line': b'Copying ../../build/calibration/calibration.egg-info to /home/epiibots/ros2_ws/install/calibration/lib/python3.12/site-packages/calibration-0.0.0-py3.12.egg-info\n'}
[7.343118] (calibration) StdoutLine: {'line': b'running install_scripts\n'}
[7.433008] (-) TimerEvent: {}
[7.533970] (-) TimerEvent: {}
[7.635039] (-) TimerEvent: {}
[7.684203] (calibration) StdoutLine: {'line': b'Installing imu_save script to /home/epiibots/ros2_ws/install/calibration/lib/calibration\n'}
[7.685465] (calibration) StdoutLine: {'line': b"writing list of installed files to '/home/epiibots/ros2_ws/build/calibration/install.log'\n"}
[7.735621] (-) TimerEvent: {}
[7.839053] (-) TimerEvent: {}
[7.940027] (-) TimerEvent: {}
[8.012444] (carrinho_localization) CommandEnded: {'returncode': 0}
[8.026024] (carrinho_localization) JobEnded: {'identifier': 'carrinho_localization', 'rc': 0}
[8.028018] (drive_base_msgs) JobStarted: {'identifier': 'drive_base_msgs'}
[8.040117] (-) TimerEvent: {}
[8.140604] (-) TimerEvent: {}
[8.241358] (-) TimerEvent: {}
[8.341937] (-) TimerEvent: {}
[8.442827] (-) TimerEvent: {}
[8.543635] (-) TimerEvent: {}
[8.644501] (-) TimerEvent: {}
[8.714972] (calibration) CommandEnded: {'returncode': 0}
[8.733086] (calibration) JobEnded: {'identifier': 'calibration', 'rc': 0}
[8.738080] (lidar_teste) JobStarted: {'identifier': 'lidar_teste'}
[8.744627] (-) TimerEvent: {}
[8.752240] (drive_base_msgs) JobProgress: {'identifier': 'drive_base_msgs', 'progress': 'cmake'}
[8.756699] (drive_base_msgs) JobProgress: {'identifier': 'drive_base_msgs', 'progress': 'build'}
[8.758486] (drive_base_msgs) Command: {'cmd': ['/usr/bin/cmake', '--build', '/home/epiibots/ros2_ws/build/drive_base_msgs', '--', '-j4', '-l4'], 'cwd': '/home/epiibots/ros2_ws/build/drive_base_msgs', 'env': OrderedDict({'LESSOPEN': '| /usr/bin/lesspipe %s', 'USER': 'epiibots', 'SSH_CLIENT': '192.168.0.114 46444 22', 'GZ_CONFIG_PATH': '/opt/ros/jazzy/opt/gz_sim_vendor/share/gz:/opt/ros/jazzy/opt/sdformat_vendor/share/gz:/opt/ros/jazzy/opt/gz_gui_vendor/share/gz:/opt/ros/jazzy/opt/gz_transport_vendor/share/gz:/opt/ros/jazzy/opt/gz_rendering_vendor/share/gz:/opt/ros/jazzy/opt/gz_plugin_vendor/share/gz:/opt/ros/jazzy/opt/gz_fuel_tools_vendor/share/gz:/opt/ros/jazzy/opt/gz_msgs_vendor/share/gz:/opt/ros/jazzy/opt/gz_common_vendor/share/gz', 'XDG_SESSION_TYPE': 'tty', 'SHLVL': '1', 'LD_LIBRARY_PATH': '/home/epiibots/install/micro_ros_agent/lib:/home/epiibots/install/micro_ros_msgs/lib:/home/epiibots/ros2_ws/install/micro_ros_agent/lib:/home/epiibots/ros2_ws/install/micro_ros_msgs/lib:/home/epiibots/ros2_ws/install/drive_base_msgs/lib:/opt/ros/jazzy/opt/gz_sim_vendor/lib:/opt/ros/jazzy/opt/gz_sensors_vendor/lib:/opt/ros/jazzy/opt/gz_physics_vendor/lib:/opt/ros/jazzy/opt/sdformat_vendor/lib:/opt/ros/jazzy/opt/rviz_ogre_vendor/lib:/opt/ros/jazzy/lib/aarch64-linux-gnu:/opt/ros/jazzy/opt/gz_gui_vendor/lib:/opt/ros/jazzy/opt/gz_transport_vendor/lib:/opt/ros/jazzy/opt/gz_rendering_vendor/lib:/opt/ros/jazzy/opt/gz_plugin_vendor/lib:/opt/ros/jazzy/opt/gz_fuel_tools_vendor/lib:/opt/ros/jazzy/opt/gz_msgs_vendor/lib:/opt/ros/jazzy/opt/gz_common_vendor/lib:/opt/ros/jazzy/opt/gz_math_vendor/lib:/opt/ros/jazzy/opt/gz_utils_vendor/lib:/opt/ros/jazzy/opt/gz_tools_vendor/lib:/opt/ros/jazzy/opt/gz_ogre_next_vendor/lib:/opt/ros/jazzy/opt/gz_dartsim_vendor/lib:/opt/ros/jazzy/opt/gz_cmake_vendor/lib:/opt/ros/jazzy/lib', 'HOME': '/home/epiibots', 'OLDPWD': '/home/epiibots', 'SSH_TTY': '/dev/pts/0', 'ROS_PYTHON_VERSION': '3', 'DBUS_SESSION_BUS_ADDRESS': 'unix:path=/run/user/1000/bus', 'DEBUGINFOD_URLS': 'https://debuginfod.ubuntu.com', 'COLCON_PREFIX_PATH': '/home/epiibots/ros2_ws/install:/home/epiibots/install', 'ROS_DISTRO': 'jazzy', 'LOGNAME': 'epiibots', '_': '/usr/bin/colcon', 'ROS_VERSION': '2', 'XDG_SESSION_CLASS': 'user', 'TERM': 'xterm-256color', 'XDG_SESSION_ID': '4', 'PATH': '/opt/ros/jazzy/opt/gz_msgs_vendor/bin:/opt/ros/jazzy/opt/gz_tools_vendor/bin:/opt/ros/jazzy/opt/gz_ogre_next_vendor/bin:/opt/ros/jazzy/bin:/usr/local/sbin:/usr/local/bin:/usr/sbin:/usr/bin:/sbin:/bin:/usr/games:/usr/local/games:/snap/bin', 'XDG_RUNTIME_DIR': '/run/user/1000', 'DISPLAY': 'localhost:10.0', 'LANG': 'en_US.UTF-8', 'LS_COLORS': 'rs=0:di=01;34:ln=01;36:mh=00:pi=40;33:so=01;35:do=01;35:bd=40;33;01:cd=40;33;01:or=40;31;01:mi=00:su=37;41:sg=30;43:ca=00:tw=30;42:ow=34;42:st=37;44:ex=01;32:*.tar=01;31:*.tgz=01;31:*.arc=01;31:*.arj=01;31:*.taz=01;31:*.lha=01;31:*.lz4=01;31:*.lzh=01;31:*.lzma=01;31:*.tlz=01;31:*.txz=01;31:*.tzo=01;31:*.t7z=01;31:*.zip=01;31:*.z=01;31:*.dz=01;31:*.gz=01;31:*.lrz=01;31:*.lz=01;31:*.lzo=01;31:*.xz=01;31:*.zst=01;31:*.tzst=01;31:*.bz2=01;31:*.bz=01;31:*.tbz=01;31:*.tbz2=01;31:*.tz=01;31:*.deb=01;31:*.rpm=01;31:*.jar=01;31:*.war=01;31:*.ear=01;31:*.sar=01;31:*.rar=01;31:*.alz=01;31:*.ace=01;31:*.zoo=01;31:*.cpio=01;31:*.7z=01;31:*.rz=01;31:*.cab=01;31:*.wim=01;31:*.swm=01;31:*.dwm=01;31:*.esd=01;31:*.avif=01;35:*.jpg=01;35:*.jpeg=01;35:*.mjpg=01;35:*.mjpeg=01;35:*.gif=01;35:*.bmp=01;35:*.pbm=01;35:*.pgm=01;35:*.ppm=01;35:*.tga=01;35:*.xbm=01;35:*.xpm=01;35:*.tif=01;35:*.tiff=01;35:*.png=01;35:*.svg=01;35:*.svgz=01;35:*.mng=01;35:*.pcx=01;35:*.mov=01;35:*.mpg=01;35:*.mpeg=01;35:*.m2v=01;35:*.mkv=01;35:*.webm=01;35:*.webp=01;35:*.ogm=01;35:*.mp4=01;35:*.m4v=01;35:*.mp4v=01;35:*.vob=01;35:*.qt=01;35:*.nuv=01;35:*.wmv=01;35:*.asf=01;35:*.rm=01;35:*.rmvb=01;35:*.flc=01;35:*.avi=01;35:*.fli=01;35:*.flv=01;35:*.gl=01;35:*.dl=01;35:*.xcf=01;35:*.xwd=01;35:*.yuv=01;35:*.cgm=01;35:*.emf=01;35:*.ogv=01;35:*.ogx=01;35:*.aac=00;36:*.au=00;36:*.flac=00;36:*.m4a=00;36:*.mid=00;36:*.midi=00;36:*.mka=00;36:*.mp3=00;36:*.mpc=00;36:*.ogg=00;36:*.ra=00;36:*.wav=00;36:*.oga=00;36:*.opus=00;36:*.spx=00;36:*.xspf=00;36:*~=00;90:*#=00;90:*.bak=00;90:*.crdownload=00;90:*.dpkg-dist=00;90:*.dpkg-new=00;90:*.dpkg-old=00;90:*.dpkg-tmp=00;90:*.old=00;90:*.orig=00;90:*.part=00;90:*.rej=00;90:*.rpmnew=00;90:*.rpmorig=00;90:*.rpmsave=00;90:*.swp=00;90:*.tmp=00;90:*.ucf-dist=00;90:*.ucf-new=00;90:*.ucf-old=00;90:', 'AMENT_PREFIX_PATH': '/home/epiibots/install/micro_ros_agent:/home/epiibots/install/micro_ros_msgs:/home/epiibots/ros2_ws/install/controlegeral_carrinho:/home/epiibots/ros2_ws/install/sllidar_ros2:/home/epiibots/ros2_ws/install/carrinho_control:/home/epiibots/ros2_ws/install/servo_steering:/home/epiibots/ros2_ws/install/pwm_rec:/home/epiibots/ros2_ws/install/micro_ros_setup:/home/epiibots/ros2_ws/install/micro_ros_agent:/home/epiibots/ros2_ws/install/micro_ros_msgs:/home/epiibots/ros2_ws/install/lidar_teste:/home/epiibots/ros2_ws/install/drive_base_msgs:/home/epiibots/ros2_ws/install/detector:/home/epiibots/ros2_ws/install/carrinho_localization:/home/epiibots/ros2_ws/install/carrinho_base:/home/epiibots/ros2_ws/install/calibration:/home/epiibots/ros2_ws/install/bno055:/opt/ros/jazzy', 'SHELL': '/bin/bash', 'LESSCLOSE': '/usr/bin/lesspipe %s %s', 'ROS_AUTOMATIC_DISCOVERY_RANGE': 'SUBNET', 'PWD': '/home/epiibots/ros2_ws/build/drive_base_msgs', 'LC_ALL': 'en_US.UTF-8', 'SSH_CONNECTION': '192.168.0.114 46444 192.168.0.67 22', 'XDG_DATA_DIRS': '/usr/share/gnome:/usr/local/share:/usr/share:/var/lib/snapd/desktop', 'PYTHONPATH': '/home/epiibots/install/micro_ros_msgs/lib/python3.12/site-packages:/home/epiibots/ros2_ws/install/controlegeral_carrinho/lib/python3.12/site-packages:/home/epiibots/ros2_ws/install/carrinho_control/lib/python3.12/site-packages:/home/epiibots/ros2_ws/install/servo_steering/lib/python3.12/site-packages:/home/epiibots/ros2_ws/install/pwm_rec/lib/python3.12/site-packages:/home/epiibots/ros2_ws/install/micro_ros_msgs/lib/python3.12/site-packages:/home/epiibots/ros2_ws/install/lidar_teste/lib/python3.12/site-packages:/home/epiibots/ros2_ws/install/drive_base_msgs/lib/python3.12/site-packages:/home/epiibots/ros2_ws/install/detector/lib/python3.12/site-packages:/home/epiibots/ros2_ws/install/carrinho_localization/lib/python3.12/site-packages:/home/epiibots/ros2_ws/install/carrinho_base/lib/python3.12/site-packages:/home/epiibots/ros2_ws/install/calibration/lib/python3.12/site-packages:/home/epiibots/ros2_ws/install/bno055/lib/python3.12/site-packages:/opt/ros/jazzy/lib/python3.12/site-packages', 'COLCON': '1', 'CMAKE_PREFIX_PATH': '/home/epiibots/install/micro_ros_agent:/home/epiibots/install/micro_ros_msgs:/home/epiibots/ros2_ws/install/sllidar_ros2:/home/epiibots/ros2_ws/install/micro_ros_setup:/home/epiibots/ros2_ws/install/micro_ros_agent:/home/epiibots/ros2_ws/install/micro_ros_msgs:/home/epiibots/ros2_ws/install/drive_base_msgs:/opt/ros/jazzy/opt/gz_sim_vendor:/opt/ros/jazzy/opt/gz_sensors_vendor:/opt/ros/jazzy/opt/gz_physics_vendor:/opt/ros/jazzy/opt/sdformat_vendor:/opt/ros/jazzy/opt/gz_gui_vendor:/opt/ros/jazzy/opt/gz_transport_vendor:/opt/ros/jazzy/opt/gz_rendering_vendor:/opt/ros/jazzy/opt/gz_plugin_vendor:/opt/ros/jazzy/opt/gz_fuel_tools_vendor:/opt/ros/jazzy/opt/gz_msgs_vendor:/opt/ros/jazzy/opt/gz_common_vendor:/opt/ros/jazzy/opt/gz_math_vendor:/opt/ros/jazzy/opt/gz_utils_vendor:/opt/ros/jazzy/opt/gz_tools_vendor:/opt/ros/jazzy/opt/gz_ogre_next_vendor:/opt/ros/jazzy/opt/gz_dartsim_vendor:/opt/ros/jazzy/opt/gz_cmake_vendor:/home/epiibots/ros2_ws/install/controlegeral_carrinho:/home/epiibots/ros2_ws/install/carrinho_control:/home/epiibots/ros2_ws/install/servo_steering:/home/epiibots/ros2_ws/install/pwm_rec:/home/epiibots/ros2_ws/install/lidar_teste:/home/epiibots/ros2_ws/install/detector:/home/epiibots/ros2_ws/install/carrinho_localization:/home/epiibots/ros2_ws/install/carrinho_base:/home/epiibots/ros2_ws/install/calibration:/home/epiibots/ros2_ws/install/bno055:/opt/ros/jazzy'}), 'shell': False}
[8.845977] (-) TimerEvent: {}
[8.946945] (-) TimerEvent: {}
[9.047615] (-) TimerEvent: {}
[9.152263] (-) TimerEvent: {}
[9.168798] (drive_base_msgs) StdoutLine: {'line': b'[  1%] Built target drive_base_msgs__rosidl_generator_type_description\n'}
[9.173966] (drive_base_msgs) StdoutLine: {'line': b'[  3%] Built target drive_base_msgs__rs\n'}
[9.252521] (-) TimerEvent: {}
[9.357375] (drive_base_msgs) StdoutLine: {'line': b'[ 24%] Built target drive_base_msgs__rosidl_generator_c\n'}
[9.358163] (-) TimerEvent: {}
[9.374690] (drive_base_msgs) StdoutLine: {'line': b'[ 26%] Built target drive_base_msgs__cpp\n'}
[9.461020] (-) TimerEvent: {}
[9.500278] (drive_base_msgs) StdoutLine: {'line': b'[ 26%] Built target ament_cmake_python_copy_drive_base_msgs\n'}
[9.563968] (-) TimerEvent: {}
[9.577185] (drive_base_msgs) StdoutLine: {'line': b'[ 35%] Built target drive_base_msgs__rosidl_typesupport_fastrtps_c\n'}
[9.600949] (drive_base_msgs) StdoutLine: {'line': b'[ 44%] Built target drive_base_msgs__rosidl_typesupport_introspection_c\n'}
[9.639012] (drive_base_msgs) StdoutLine: {'line': b'[ 53%] Built target drive_base_msgs__rosidl_typesupport_c\n'}
[9.662001] (drive_base_msgs) StdoutLine: {'line': b'[ 63%] Built target drive_base_msgs__rosidl_typesupport_introspection_cpp\n'}
[9.665985] (-) TimerEvent: {}
[9.771967] (-) TimerEvent: {}
[9.822985] (drive_base_msgs) StdoutLine: {'line': b'[ 72%] Built target drive_base_msgs__rosidl_typesupport_fastrtps_cpp\n'}
[9.875996] (-) TimerEvent: {}
[9.886061] (drive_base_msgs) StdoutLine: {'line': b'[ 81%] Built target drive_base_msgs__rosidl_typesupport_cpp\n'}
[9.976190] (-) TimerEvent: {}
[10.061969] (drive_base_msgs) StdoutLine: {'line': b'[ 81%] Built target drive_base_msgs\n'}
[10.078978] (-) TimerEvent: {}
[10.183983] (-) TimerEvent: {}
[10.262964] (drive_base_msgs) StdoutLine: {'line': b'[ 83%] Built target drive_base_msgs__py\n'}
[10.286491] (-) TimerEvent: {}
[10.397787] (-) TimerEvent: {}
[10.489939] (drive_base_msgs) StdoutLine: {'line': b'[ 90%] Built target drive_base_msgs__rosidl_generator_py\n'}
[10.497969] (-) TimerEvent: {}
[10.603433] (-) TimerEvent: {}
[10.705811] (-) TimerEvent: {}
[10.710108] (drive_base_msgs) StdoutLine: {'line': b'[ 93%] Built target drive_base_msgs_s__rosidl_typesupport_fastrtps_c\n'}
[10.739151] (drive_base_msgs) StdoutLine: {'line': b'[ 96%] Built target drive_base_msgs_s__rosidl_typesupport_c\n'}
[10.781684] (drive_base_msgs) StdoutLine: {'line': b'[100%] Built target drive_base_msgs_s__rosidl_typesupport_introspection_c\n'}
[10.806598] (-) TimerEvent: {}
[10.908649] (-) TimerEvent: {}
[11.009375] (-) TimerEvent: {}
[11.110982] (-) TimerEvent: {}
[11.114302] (drive_base_msgs) StdoutLine: {'line': b'running egg_info\n'}
[11.146948] (drive_base_msgs) StdoutLine: {'line': b'writing drive_base_msgs.egg-info/PKG-INFO\n'}
[11.147314] (drive_base_msgs) StdoutLine: {'line': b'writing dependency_links to drive_base_msgs.egg-info/dependency_links.txt\n'}
[11.154896] (drive_base_msgs) StdoutLine: {'line': b'writing top-level names to drive_base_msgs.egg-info/top_level.txt\n'}
[11.220990] (-) TimerEvent: {}
[11.322393] (-) TimerEvent: {}
[11.424682] (-) TimerEvent: {}
[11.485584] (drive_base_msgs) StdoutLine: {'line': b"reading manifest file 'drive_base_msgs.egg-info/SOURCES.txt'\n"}
[11.491132] (drive_base_msgs) StdoutLine: {'line': b"writing manifest file 'drive_base_msgs.egg-info/SOURCES.txt'\n"}
[11.527040] (-) TimerEvent: {}
[11.630561] (-) TimerEvent: {}
[11.737068] (-) TimerEvent: {}
[11.746033] (drive_base_msgs) StdoutLine: {'line': b'[100%] Built target ament_cmake_python_build_drive_base_msgs_egg\n'}
[11.841055] (-) TimerEvent: {}
[11.853652] (drive_base_msgs) CommandEnded: {'returncode': 0}
[11.871467] (drive_base_msgs) JobProgress: {'identifier': 'drive_base_msgs', 'progress': 'install'}
[11.871693] (drive_base_msgs) Command: {'cmd': ['/usr/bin/cmake', '--install', '/home/epiibots/ros2_ws/build/drive_base_msgs'], 'cwd': '/home/epiibots/ros2_ws/build/drive_base_msgs', 'env': OrderedDict({'LESSOPEN': '| /usr/bin/lesspipe %s', 'USER': 'epiibots', 'SSH_CLIENT': '192.168.0.114 46444 22', 'GZ_CONFIG_PATH': '/opt/ros/jazzy/opt/gz_sim_vendor/share/gz:/opt/ros/jazzy/opt/sdformat_vendor/share/gz:/opt/ros/jazzy/opt/gz_gui_vendor/share/gz:/opt/ros/jazzy/opt/gz_transport_vendor/share/gz:/opt/ros/jazzy/opt/gz_rendering_vendor/share/gz:/opt/ros/jazzy/opt/gz_plugin_vendor/share/gz:/opt/ros/jazzy/opt/gz_fuel_tools_vendor/share/gz:/opt/ros/jazzy/opt/gz_msgs_vendor/share/gz:/opt/ros/jazzy/opt/gz_common_vendor/share/gz', 'XDG_SESSION_TYPE': 'tty', 'SHLVL': '1', 'LD_LIBRARY_PATH': '/home/epiibots/install/micro_ros_agent/lib:/home/epiibots/install/micro_ros_msgs/lib:/home/epiibots/ros2_ws/install/micro_ros_agent/lib:/home/epiibots/ros2_ws/install/micro_ros_msgs/lib:/home/epiibots/ros2_ws/install/drive_base_msgs/lib:/opt/ros/jazzy/opt/gz_sim_vendor/lib:/opt/ros/jazzy/opt/gz_sensors_vendor/lib:/opt/ros/jazzy/opt/gz_physics_vendor/lib:/opt/ros/jazzy/opt/sdformat_vendor/lib:/opt/ros/jazzy/opt/rviz_ogre_vendor/lib:/opt/ros/jazzy/lib/aarch64-linux-gnu:/opt/ros/jazzy/opt/gz_gui_vendor/lib:/opt/ros/jazzy/opt/gz_transport_vendor/lib:/opt/ros/jazzy/opt/gz_rendering_vendor/lib:/opt/ros/jazzy/opt/gz_plugin_vendor/lib:/opt/ros/jazzy/opt/gz_fuel_tools_vendor/lib:/opt/ros/jazzy/opt/gz_msgs_vendor/lib:/opt/ros/jazzy/opt/gz_common_vendor/lib:/opt/ros/jazzy/opt/gz_math_vendor/lib:/opt/ros/jazzy/opt/gz_utils_vendor/lib:/opt/ros/jazzy/opt/gz_tools_vendor/lib:/opt/ros/jazzy/opt/gz_ogre_next_vendor/lib:/opt/ros/jazzy/opt/gz_dartsim_vendor/lib:/opt/ros/jazzy/opt/gz_cmake_vendor/lib:/opt/ros/jazzy/lib', 'HOME': '/home/epiibots', 'OLDPWD': '/home/epiibots', 'SSH_TTY': '/dev/pts/0', 'ROS_PYTHON_VERSION': '3', 'DBUS_SESSION_BUS_ADDRESS': 'unix:path=/run/user/1000/bus', 'DEBUGINFOD_URLS': 'https://debuginfod.ubuntu.com', 'COLCON_PREFIX_PATH': '/home/epiibots/ros2_ws/install:/home/epiibots/install', 'ROS_DISTRO': 'jazzy', 'LOGNAME': 'epiibots', '_': '/usr/bin/colcon', 'ROS_VERSION': '2', 'XDG_SESSION_CLASS': 'user', 'TERM': 'xterm-256color', 'XDG_SESSION_ID': '4', 'PATH': '/opt/ros/jazzy/opt/gz_msgs_vendor/bin:/opt/ros/jazzy/opt/gz_tools_vendor/bin:/opt/ros/jazzy/opt/gz_ogre_next_vendor/bin:/opt/ros/jazzy/bin:/usr/local/sbin:/usr/local/bin:/usr/sbin:/usr/bin:/sbin:/bin:/usr/games:/usr/local/games:/snap/bin', 'XDG_RUNTIME_DIR': '/run/user/1000', 'DISPLAY': 'localhost:10.0', 'LANG': 'en_US.UTF-8', 'LS_COLORS': 'rs=0:di=01;34:ln=01;36:mh=00:pi=40;33:so=01;35:do=01;35:bd=40;33;01:cd=40;33;01:or=40;31;01:mi=00:su=37;41:sg=30;43:ca=00:tw=30;42:ow=34;42:st=37;44:ex=01;32:*.tar=01;31:*.tgz=01;31:*.arc=01;31:*.arj=01;31:*.taz=01;31:*.lha=01;31:*.lz4=01;31:*.lzh=01;31:*.lzma=01;31:*.tlz=01;31:*.txz=01;31:*.tzo=01;31:*.t7z=01;31:*.zip=01;31:*.z=01;31:*.dz=01;31:*.gz=01;31:*.lrz=01;31:*.lz=01;31:*.lzo=01;31:*.xz=01;31:*.zst=01;31:*.tzst=01;31:*.bz2=01;31:*.bz=01;31:*.tbz=01;31:*.tbz2=01;31:*.tz=01;31:*.deb=01;31:*.rpm=01;31:*.jar=01;31:*.war=01;31:*.ear=01;31:*.sar=01;31:*.rar=01;31:*.alz=01;31:*.ace=01;31:*.zoo=01;31:*.cpio=01;31:*.7z=01;31:*.rz=01;31:*.cab=01;31:*.wim=01;31:*.swm=01;31:*.dwm=01;31:*.esd=01;31:*.avif=01;35:*.jpg=01;35:*.jpeg=01;35:*.mjpg=01;35:*.mjpeg=01;35:*.gif=01;35:*.bmp=01;35:*.pbm=01;35:*.pgm=01;35:*.ppm=01;35:*.tga=01;35:*.xbm=01;35:*.xpm=01;35:*.tif=01;35:*.tiff=01;35:*.png=01;35:*.svg=01;35:*.svgz=01;35:*.mng=01;35:*.pcx=01;35:*.mov=01;35:*.mpg=01;35:*.mpeg=01;35:*.m2v=01;35:*.mkv=01;35:*.webm=01;35:*.webp=01;35:*.ogm=01;35:*.mp4=01;35:*.m4v=01;35:*.mp4v=01;35:*.vob=01;35:*.qt=01;35:*.nuv=01;35:*.wmv=01;35:*.asf=01;35:*.rm=01;35:*.rmvb=01;35:*.flc=01;35:*.avi=01;35:*.fli=01;35:*.flv=01;35:*.gl=01;35:*.dl=01;35:*.xcf=01;35:*.xwd=01;35:*.yuv=01;35:*.cgm=01;35:*.emf=01;35:*.ogv=01;35:*.ogx=01;35:*.aac=00;36:*.au=00;36:*.flac=00;36:*.m4a=00;36:*.mid=00;36:*.midi=00;36:*.mka=00;36:*.mp3=00;36:*.mpc=00;36:*.ogg=00;36:*.ra=00;36:*.wav=00;36:*.oga=00;36:*.opus=00;36:*.spx=00;36:*.xspf=00;36:*~=00;90:*#=00;90:*.bak=00;90:*.crdownload=00;90:*.dpkg-dist=00;90:*.dpkg-new=00;90:*.dpkg-old=00;90:*.dpkg-tmp=00;90:*.old=00;90:*.orig=00;90:*.part=00;90:*.rej=00;90:*.rpmnew=00;90:*.rpmorig=00;90:*.rpmsave=00;90:*.swp=00;90:*.tmp=00;90:*.ucf-dist=00;90:*.ucf-new=00;90:*.ucf-old=00;90:', 'AMENT_PREFIX_PATH': '/home/epiibots/install/micro_ros_agent:/home/epiibots/install/micro_ros_msgs:/home/epiibots/ros2_ws/install/controlegeral_carrinho:/home/epiibots/ros2_ws/install/sllidar_ros2:/home/epiibots/ros2_ws/install/carrinho_control:/home/epiibots/ros2_ws/install/servo_steering:/home/epiibots/ros2_ws/install/pwm_rec:/home/epiibots/ros2_ws/install/micro_ros_setup:/home/epiibots/ros2_ws/install/micro_ros_agent:/home/epiibots/ros2_ws/install/micro_ros_msgs:/home/epiibots/ros2_ws/install/lidar_teste:/home/epiibots/ros2_ws/install/drive_base_msgs:/home/epiibots/ros2_ws/install/detector:/home/epiibots/ros2_ws/install/carrinho_localization:/home/epiibots/ros2_ws/install/carrinho_base:/home/epiibots/ros2_ws/install/calibration:/home/epiibots/ros2_ws/install/bno055:/opt/ros/jazzy', 'SHELL': '/bin/bash', 'LESSCLOSE': '/usr/bin/lesspipe %s %s', 'ROS_AUTOMATIC_DISCOVERY_RANGE': 'SUBNET', 'PWD': '/home/epiibots/ros2_ws/build/drive_base_msgs', 'LC_ALL': 'en_US.UTF-8', 'SSH_CONNECTION': '192.168.0.114 46444 192.168.0.67 22', 'XDG_DATA_DIRS': '/usr/share/gnome:/usr/local/share:/usr/share:/var/lib/snapd/desktop', 'PYTHONPATH': '/home/epiibots/install/micro_ros_msgs/lib/python3.12/site-packages:/home/epiibots/ros2_ws/install/controlegeral_carrinho/lib/python3.12/site-packages:/home/epiibots/ros2_ws/install/carrinho_control/lib/python3.12/site-packages:/home/epiibots/ros2_ws/install/servo_steering/lib/python3.12/site-packages:/home/epiibots/ros2_ws/install/pwm_rec/lib/python3.12/site-packages:/home/epiibots/ros2_ws/install/micro_ros_msgs/lib/python3.12/site-packages:/home/epiibots/ros2_ws/install/lidar_teste/lib/python3.12/site-packages:/home/epiibots/ros2_ws/install/drive_base_msgs/lib/python3.12/site-packages:/home/epiibots/ros2_ws/install/detector/lib/python3.12/site-packages:/home/epiibots/ros2_ws/install/carrinho_localization/lib/python3.12/site-packages:/home/epiibots/ros2_ws/install/carrinho_base/lib/python3.12/site-packages:/home/epiibots/ros2_ws/install/calibration/lib/python3.12/site-packages:/home/epiibots/ros2_ws/install/bno055/lib/python3.12/site-packages:/opt/ros/jazzy/lib/python3.12/site-packages', 'COLCON': '1', 'CMAKE_PREFIX_PATH': '/home/epiibots/install/micro_ros_agent:/home/epiibots/install/micro_ros_msgs:/home/epiibots/ros2_ws/install/sllidar_ros2:/home/epiibots/ros2_ws/install/micro_ros_setup:/home/epiibots/ros2_ws/install/micro_ros_agent:/home/epiibots/ros2_ws/install/micro_ros_msgs:/home/epiibots/ros2_ws/install/drive_base_msgs:/opt/ros/jazzy/opt/gz_sim_vendor:/opt/ros/jazzy/opt/gz_sensors_vendor:/opt/ros/jazzy/opt/gz_physics_vendor:/opt/ros/jazzy/opt/sdformat_vendor:/opt/ros/jazzy/opt/gz_gui_vendor:/opt/ros/jazzy/opt/gz_transport_vendor:/opt/ros/jazzy/opt/gz_rendering_vendor:/opt/ros/jazzy/opt/gz_plugin_vendor:/opt/ros/jazzy/opt/gz_fuel_tools_vendor:/opt/ros/jazzy/opt/gz_msgs_vendor:/opt/ros/jazzy/opt/gz_common_vendor:/opt/ros/jazzy/opt/gz_math_vendor:/opt/ros/jazzy/opt/gz_utils_vendor:/opt/ros/jazzy/opt/gz_tools_vendor:/opt/ros/jazzy/opt/gz_ogre_next_vendor:/opt/ros/jazzy/opt/gz_dartsim_vendor:/opt/ros/jazzy/opt/gz_cmake_vendor:/home/epiibots/ros2_ws/install/controlegeral_carrinho:/home/epiibots/ros2_ws/install/carrinho_control:/home/epiibots/ros2_ws/install/servo_steering:/home/epiibots/ros2_ws/install/pwm_rec:/home/epiibots/ros2_ws/install/lidar_teste:/home/epiibots/ros2_ws/install/detector:/home/epiibots/ros2_ws/install/carrinho_localization:/home/epiibots/ros2_ws/install/carrinho_base:/home/epiibots/ros2_ws/install/calibration:/home/epiibots/ros2_ws/install/bno055:/opt/ros/jazzy'}), 'shell': False}
[11.907067] (detector) Command: {'cmd': ['/usr/bin/python3', '-W', 'ignore:setup.py install is deprecated', '-W', 'ignore:easy_install command is deprecated', 'setup.py', 'egg_info', '--egg-base', '../../build/detector', 'build', '--build-base', '/home/epiibots/ros2_ws/build/detector/build', 'install', '--record', '/home/epiibots/ros2_ws/build/detector/install.log', '--single-version-externally-managed', 'install_data'], 'cwd': '/home/epiibots/ros2_ws/src/detector', 'env': {'LESSOPEN': '| /usr/bin/lesspipe %s', 'USER': 'epiibots', 'SSH_CLIENT': '192.168.0.114 46444 22', 'GZ_CONFIG_PATH': '/opt/ros/jazzy/opt/gz_sim_vendor/share/gz:/opt/ros/jazzy/opt/sdformat_vendor/share/gz:/opt/ros/jazzy/opt/gz_gui_vendor/share/gz:/opt/ros/jazzy/opt/gz_transport_vendor/share/gz:/opt/ros/jazzy/opt/gz_rendering_vendor/share/gz:/opt/ros/jazzy/opt/gz_plugin_vendor/share/gz:/opt/ros/jazzy/opt/gz_fuel_tools_vendor/share/gz:/opt/ros/jazzy/opt/gz_msgs_vendor/share/gz:/opt/ros/jazzy/opt/gz_common_vendor/share/gz', 'XDG_SESSION_TYPE': 'tty', 'SHLVL': '1', 'LD_LIBRARY_PATH': '/home/epiibots/install/micro_ros_agent/lib:/home/epiibots/install/micro_ros_msgs/lib:/home/epiibots/ros2_ws/install/micro_ros_agent/lib:/home/epiibots/ros2_ws/install/micro_ros_msgs/lib:/home/epiibots/ros2_ws/install/drive_base_msgs/lib:/opt/ros/jazzy/opt/gz_sim_vendor/lib:/opt/ros/jazzy/opt/gz_sensors_vendor/lib:/opt/ros/jazzy/opt/gz_physics_vendor/lib:/opt/ros/jazzy/opt/sdformat_vendor/lib:/opt/ros/jazzy/opt/rviz_ogre_vendor/lib:/opt/ros/jazzy/lib/aarch64-linux-gnu:/opt/ros/jazzy/opt/gz_gui_vendor/lib:/opt/ros/jazzy/opt/gz_transport_vendor/lib:/opt/ros/jazzy/opt/gz_rendering_vendor/lib:/opt/ros/jazzy/opt/gz_plugin_vendor/lib:/opt/ros/jazzy/opt/gz_fuel_tools_vendor/lib:/opt/ros/jazzy/opt/gz_msgs_vendor/lib:/opt/ros/jazzy/opt/gz_common_vendor/lib:/opt/ros/jazzy/opt/gz_math_vendor/lib:/opt/ros/jazzy/opt/gz_utils_vendor/lib:/opt/ros/jazzy/opt/gz_tools_vendor/lib:/opt/ros/jazzy/opt/gz_ogre_next_vendor/lib:/opt/ros/jazzy/opt/gz_dartsim_vendor/lib:/opt/ros/jazzy/opt/gz_cmake_vendor/lib:/opt/ros/jazzy/lib', 'HOME': '/home/epiibots', 'OLDPWD': '/home/epiibots', 'SSH_TTY': '/dev/pts/0', 'ROS_PYTHON_VERSION': '3', 'DBUS_SESSION_BUS_ADDRESS': 'unix:path=/run/user/1000/bus', 'DEBUGINFOD_URLS': 'https://debuginfod.ubuntu.com', 'COLCON_PREFIX_PATH': '/home/epiibots/ros2_ws/install:/home/epiibots/install', 'ROS_DISTRO': 'jazzy', 'LOGNAME': 'epiibots', '_': '/usr/bin/colcon', 'ROS_VERSION': '2', 'XDG_SESSION_CLASS': 'user', 'TERM': 'xterm-256color', 'XDG_SESSION_ID': '4', 'PATH': '/opt/ros/jazzy/opt/gz_msgs_vendor/bin:/opt/ros/jazzy/opt/gz_tools_vendor/bin:/opt/ros/jazzy/opt/gz_ogre_next_vendor/bin:/opt/ros/jazzy/bin:/usr/local/sbin:/usr/local/bin:/usr/sbin:/usr/bin:/sbin:/bin:/usr/games:/usr/local/games:/snap/bin', 'XDG_RUNTIME_DIR': '/run/user/1000', 'DISPLAY': 'localhost:10.0', 'LANG': 'en_US.UTF-8', 'LS_COLORS': 'rs=0:di=01;34:ln=01;36:mh=00:pi=40;33:so=01;35:do=01;35:bd=40;33;01:cd=40;33;01:or=40;31;01:mi=00:su=37;41:sg=30;43:ca=00:tw=30;42:ow=34;42:st=37;44:ex=01;32:*.tar=01;31:*.tgz=01;31:*.arc=01;31:*.arj=01;31:*.taz=01;31:*.lha=01;31:*.lz4=01;31:*.lzh=01;31:*.lzma=01;31:*.tlz=01;31:*.txz=01;31:*.tzo=01;31:*.t7z=01;31:*.zip=01;31:*.z=01;31:*.dz=01;31:*.gz=01;31:*.lrz=01;31:*.lz=01;31:*.lzo=01;31:*.xz=01;31:*.zst=01;31:*.tzst=01;31:*.bz2=01;31:*.bz=01;31:*.tbz=01;31:*.tbz2=01;31:*.tz=01;31:*.deb=01;31:*.rpm=01;31:*.jar=01;31:*.war=01;31:*.ear=01;31:*.sar=01;31:*.rar=01;31:*.alz=01;31:*.ace=01;31:*.zoo=01;31:*.cpio=01;31:*.7z=01;31:*.rz=01;31:*.cab=01;31:*.wim=01;31:*.swm=01;31:*.dwm=01;31:*.esd=01;31:*.avif=01;35:*.jpg=01;35:*.jpeg=01;35:*.mjpg=01;35:*.mjpeg=01;35:*.gif=01;35:*.bmp=01;35:*.pbm=01;35:*.pgm=01;35:*.ppm=01;35:*.tga=01;35:*.xbm=01;35:*.xpm=01;35:*.tif=01;35:*.tiff=01;35:*.png=01;35:*.svg=01;35:*.svgz=01;35:*.mng=01;35:*.pcx=01;35:*.mov=01;35:*.mpg=01;35:*.mpeg=01;35:*.m2v=01;35:*.mkv=01;35:*.webm=01;35:*.webp=01;35:*.ogm=01;35:*.mp4=01;35:*.m4v=01;35:*.mp4v=01;35:*.vob=01;35:*.qt=01;35:*.nuv=01;35:*.wmv=01;35:*.asf=01;35:*.rm=01;35:*.rmvb=01;35:*.flc=01;35:*.avi=01;35:*.fli=01;35:*.flv=01;35:*.gl=01;35:*.dl=01;35:*.xcf=01;35:*.xwd=01;35:*.yuv=01;35:*.cgm=01;35:*.emf=01;35:*.ogv=01;35:*.ogx=01;35:*.aac=00;36:*.au=00;36:*.flac=00;36:*.m4a=00;36:*.mid=00;36:*.midi=00;36:*.mka=00;36:*.mp3=00;36:*.mpc=00;36:*.ogg=00;36:*.ra=00;36:*.wav=00;36:*.oga=00;36:*.opus=00;36:*.spx=00;36:*.xspf=00;36:*~=00;90:*#=00;90:*.bak=00;90:*.crdownload=00;90:*.dpkg-dist=00;90:*.dpkg-new=00;90:*.dpkg-old=00;90:*.dpkg-tmp=00;90:*.old=00;90:*.orig=00;90:*.part=00;90:*.rej=00;90:*.rpmnew=00;90:*.rpmorig=00;90:*.rpmsave=00;90:*.swp=00;90:*.tmp=00;90:*.ucf-dist=00;90:*.ucf-new=00;90:*.ucf-old=00;90:', 'AMENT_PREFIX_PATH': '/home/epiibots/install/micro_ros_agent:/home/epiibots/install/micro_ros_msgs:/home/epiibots/ros2_ws/install/controlegeral_carrinho:/home/epiibots/ros2_ws/install/sllidar_ros2:/home/epiibots/ros2_ws/install/carrinho_control:/home/epiibots/ros2_ws/install/servo_steering:/home/epiibots/ros2_ws/install/pwm_rec:/home/epiibots/ros2_ws/install/micro_ros_setup:/home/epiibots/ros2_ws/install/micro_ros_agent:/home/epiibots/ros2_ws/install/micro_ros_msgs:/home/epiibots/ros2_ws/install/lidar_teste:/home/epiibots/ros2_ws/install/drive_base_msgs:/home/epiibots/ros2_ws/install/detector:/home/epiibots/ros2_ws/install/carrinho_localization:/home/epiibots/ros2_ws/install/carrinho_base:/home/epiibots/ros2_ws/install/calibration:/home/epiibots/ros2_ws/install/bno055:/opt/ros/jazzy', 'SHELL': '/bin/bash', 'LESSCLOSE': '/usr/bin/lesspipe %s %s', 'ROS_AUTOMATIC_DISCOVERY_RANGE': 'SUBNET', 'PWD': '/home/epiibots/ros2_ws/build/detector', 'LC_ALL': 'en_US.UTF-8', 'SSH_CONNECTION': '192.168.0.114 46444 192.168.0.67 22', 'XDG_DATA_DIRS': '/usr/share/gnome:/usr/local/share:/usr/share:/var/lib/snapd/desktop', 'PYTHONPATH': '/home/epiibots/ros2_ws/build/detector/prefix_override:/usr/lib/python3/dist-packages/colcon_core/task/python/colcon_distutils_commands:/home/epiibots/ros2_ws/install/detector/lib/python3.12/site-packages:/home/epiibots/install/micro_ros_msgs/lib/python3.12/site-packages:/home/epiibots/ros2_ws/install/controlegeral_carrinho/lib/python3.12/site-packages:/home/epiibots/ros2_ws/install/carrinho_control/lib/python3.12/site-packages:/home/epiibots/ros2_ws/install/servo_steering/lib/python3.12/site-packages:/home/epiibots/ros2_ws/install/pwm_rec/lib/python3.12/site-packages:/home/epiibots/ros2_ws/install/micro_ros_msgs/lib/python3.12/site-packages:/home/epiibots/ros2_ws/install/lidar_teste/lib/python3.12/site-packages:/home/epiibots/ros2_ws/install/drive_base_msgs/lib/python3.12/site-packages:/home/epiibots/ros2_ws/install/detector/lib/python3.12/site-packages:/home/epiibots/ros2_ws/install/carrinho_localization/lib/python3.12/site-packages:/home/epiibots/ros2_ws/install/carrinho_base/lib/python3.12/site-packages:/home/epiibots/ros2_ws/install/calibration/lib/python3.12/site-packages:/home/epiibots/ros2_ws/install/bno055/lib/python3.12/site-packages:/opt/ros/jazzy/lib/python3.12/site-packages', 'COLCON': '1', 'CMAKE_PREFIX_PATH': '/home/epiibots/install/micro_ros_agent:/home/epiibots/install/micro_ros_msgs:/home/epiibots/ros2_ws/install/sllidar_ros2:/home/epiibots/ros2_ws/install/micro_ros_setup:/home/epiibots/ros2_ws/install/micro_ros_agent:/home/epiibots/ros2_ws/install/micro_ros_msgs:/home/epiibots/ros2_ws/install/drive_base_msgs:/opt/ros/jazzy/opt/gz_sim_vendor:/opt/ros/jazzy/opt/gz_sensors_vendor:/opt/ros/jazzy/opt/gz_physics_vendor:/opt/ros/jazzy/opt/sdformat_vendor:/opt/ros/jazzy/opt/gz_gui_vendor:/opt/ros/jazzy/opt/gz_transport_vendor:/opt/ros/jazzy/opt/gz_rendering_vendor:/opt/ros/jazzy/opt/gz_plugin_vendor:/opt/ros/jazzy/opt/gz_fuel_tools_vendor:/opt/ros/jazzy/opt/gz_msgs_vendor:/opt/ros/jazzy/opt/gz_common_vendor:/opt/ros/jazzy/opt/gz_math_vendor:/opt/ros/jazzy/opt/gz_utils_vendor:/opt/ros/jazzy/opt/gz_tools_vendor:/opt/ros/jazzy/opt/gz_ogre_next_vendor:/opt/ros/jazzy/opt/gz_dartsim_vendor:/opt/ros/jazzy/opt/gz_cmake_vendor'}, 'shell': False}
[11.928098] (drive_base_msgs) StdoutLine: {'line': b'-- Install configuration: ""\n'}
[11.929384] (drive_base_msgs) StdoutLine: {'line': b'-- Up-to-date: /home/epiibots/ros2_ws/install/drive_base_msgs/share/ament_index/resource_index/rosidl_interfaces/drive_base_msgs\n'}
[11.937956] (drive_base_msgs) StdoutLine: {'line': b'-- Up-to-date: /home/epiibots/ros2_ws/install/drive_base_msgs/share/drive_base_msgs/msg/CommandHeader.json\n'}
[11.941191] (-) TimerEvent: {}
[11.941827] (drive_base_msgs) StdoutLine: {'line': b'-- Up-to-date: /home/epiibots/ros2_ws/install/drive_base_msgs/share/drive_base_msgs/msg/BaseInfo.json\n'}
[11.945636] (drive_base_msgs) StdoutLine: {'line': b'-- Up-to-date: /home/epiibots/ros2_ws/install/drive_base_msgs/share/drive_base_msgs/msg/CommandStatus.json\n'}
[11.949157] (drive_base_msgs) StdoutLine: {'line': b'-- Up-to-date: /home/epiibots/ros2_ws/install/drive_base_msgs/share/drive_base_msgs/msg/TRVCommand.json\n'}
[11.949477] (drive_base_msgs) StdoutLine: {'line': b'-- Up-to-date: /home/epiibots/ros2_ws/install/drive_base_msgs/include/drive_base_msgs/drive_base_msgs\n'}
[11.949625] (drive_base_msgs) StdoutLine: {'line': b'-- Up-to-date: /home/epiibots/ros2_ws/install/drive_base_msgs/include/drive_base_msgs/drive_base_msgs/msg\n'}
[11.949767] (drive_base_msgs) StdoutLine: {'line': b'-- Up-to-date: /home/epiibots/ros2_ws/install/drive_base_msgs/include/drive_base_msgs/drive_base_msgs/msg/trv_command.h\n'}
[11.953401] (drive_base_msgs) StdoutLine: {'line': b'-- Up-to-date: /home/epiibots/ros2_ws/install/drive_base_msgs/include/drive_base_msgs/drive_base_msgs/msg/command_status.h\n'}
[11.953590] (drive_base_msgs) StdoutLine: {'line': b'-- Up-to-date: /home/epiibots/ros2_ws/install/drive_base_msgs/include/drive_base_msgs/drive_base_msgs/msg/base_info.h\n'}
[11.953716] (drive_base_msgs) StdoutLine: {'line': b'-- Up-to-date: /home/epiibots/ros2_ws/install/drive_base_msgs/include/drive_base_msgs/drive_base_msgs/msg/rosidl_generator_c__visibility_control.h\n'}
[11.953822] (drive_base_msgs) StdoutLine: {'line': b'-- Up-to-date: /home/epiibots/ros2_ws/install/drive_base_msgs/include/drive_base_msgs/drive_base_msgs/msg/detail\n'}
[11.953968] (drive_base_msgs) StdoutLine: {'line': b'-- Up-to-date: /home/epiibots/ros2_ws/install/drive_base_msgs/include/drive_base_msgs/drive_base_msgs/msg/detail/command_header__functions.c\n'}
[11.954079] (drive_base_msgs) StdoutLine: {'line': b'-- Up-to-date: /home/epiibots/ros2_ws/install/drive_base_msgs/include/drive_base_msgs/drive_base_msgs/msg/detail/trv_command__type_support.h\n'}
[11.954173] (drive_base_msgs) StdoutLine: {'line': b'-- Up-to-date: /home/epiibots/ros2_ws/install/drive_base_msgs/include/drive_base_msgs/drive_base_msgs/msg/detail/trv_command__functions.c\n'}
[11.954265] (drive_base_msgs) StdoutLine: {'line': b'-- Up-to-date: /home/epiibots/ros2_ws/install/drive_base_msgs/include/drive_base_msgs/drive_base_msgs/msg/detail/base_info__functions.h\n'}
[11.954357] (drive_base_msgs) StdoutLine: {'line': b'-- Up-to-date: /home/epiibots/ros2_ws/install/drive_base_msgs/include/drive_base_msgs/drive_base_msgs/msg/detail/command_header__description.c\n'}
[11.954444] (drive_base_msgs) StdoutLine: {'line': b'-- Up-to-date: /home/epiibots/ros2_ws/install/drive_base_msgs/include/drive_base_msgs/drive_base_msgs/msg/detail/trv_command__functions.h\n'}
[11.954543] (drive_base_msgs) StdoutLine: {'line': b'-- Up-to-date: /home/epiibots/ros2_ws/install/drive_base_msgs/include/drive_base_msgs/drive_base_msgs/msg/detail/command_header__type_support.h\n'}
[11.954656] (drive_base_msgs) StdoutLine: {'line': b'-- Installing: /home/epiibots/ros2_ws/install/drive_base_msgs/include/drive_base_msgs/drive_base_msgs/msg/detail/command_status__type_support.c\n'}
[11.954791] (drive_base_msgs) StdoutLine: {'line': b'-- Up-to-date: /home/epiibots/ros2_ws/install/drive_base_msgs/include/drive_base_msgs/drive_base_msgs/msg/detail/command_status__functions.c\n'}
[11.954942] (drive_base_msgs) StdoutLine: {'line': b'-- Up-to-date: /home/epiibots/ros2_ws/install/drive_base_msgs/include/drive_base_msgs/drive_base_msgs/msg/detail/base_info__description.c\n'}
[11.955122] (drive_base_msgs) StdoutLine: {'line': b'-- Up-to-date: /home/epiibots/ros2_ws/install/drive_base_msgs/include/drive_base_msgs/drive_base_msgs/msg/detail/command_status__type_support.h\n'}
[11.955221] (drive_base_msgs) StdoutLine: {'line': b'-- Up-to-date: /home/epiibots/ros2_ws/install/drive_base_msgs/include/drive_base_msgs/drive_base_msgs/msg/detail/base_info__functions.c\n'}
[11.955305] (drive_base_msgs) StdoutLine: {'line': b'-- Up-to-date: /home/epiibots/ros2_ws/install/drive_base_msgs/include/drive_base_msgs/drive_base_msgs/msg/detail/base_info__type_support.h\n'}
[11.955419] (drive_base_msgs) StdoutLine: {'line': b'-- Up-to-date: /home/epiibots/ros2_ws/install/drive_base_msgs/include/drive_base_msgs/drive_base_msgs/msg/detail/trv_command__struct.h\n'}
[11.955506] (drive_base_msgs) StdoutLine: {'line': b'-- Up-to-date: /home/epiibots/ros2_ws/install/drive_base_msgs/include/drive_base_msgs/drive_base_msgs/msg/detail/command_status__functions.h\n'}
[11.955593] (drive_base_msgs) StdoutLine: {'line': b'-- Up-to-date: /home/epiibots/ros2_ws/install/drive_base_msgs/include/drive_base_msgs/drive_base_msgs/msg/detail/command_header__struct.h\n'}
[11.955681] (drive_base_msgs) StdoutLine: {'line': b'-- Installing: /home/epiibots/ros2_ws/install/drive_base_msgs/include/drive_base_msgs/drive_base_msgs/msg/detail/trv_command__type_support.c\n'}
[11.955770] (drive_base_msgs) StdoutLine: {'line': b'-- Up-to-date: /home/epiibots/ros2_ws/install/drive_base_msgs/include/drive_base_msgs/drive_base_msgs/msg/detail/command_status__description.c\n'}
[11.966257] (drive_base_msgs) StdoutLine: {'line': b'-- Installing: /home/epiibots/ros2_ws/install/drive_base_msgs/include/drive_base_msgs/drive_base_msgs/msg/detail/command_header__type_support.c\n'}
[11.966440] (drive_base_msgs) StdoutLine: {'line': b'-- Up-to-date: /home/epiibots/ros2_ws/install/drive_base_msgs/include/drive_base_msgs/drive_base_msgs/msg/detail/command_header__functions.h\n'}
[11.966590] (drive_base_msgs) StdoutLine: {'line': b'-- Up-to-date: /home/epiibots/ros2_ws/install/drive_base_msgs/include/drive_base_msgs/drive_base_msgs/msg/detail/trv_command__description.c\n'}
[11.966730] (drive_base_msgs) StdoutLine: {'line': b'-- Up-to-date: /home/epiibots/ros2_ws/install/drive_base_msgs/include/drive_base_msgs/drive_base_msgs/msg/detail/command_status__struct.h\n'}
[11.966848] (drive_base_msgs) StdoutLine: {'line': b'-- Installing: /home/epiibots/ros2_ws/install/drive_base_msgs/include/drive_base_msgs/drive_base_msgs/msg/detail/base_info__type_support.c\n'}
[11.966995] (drive_base_msgs) StdoutLine: {'line': b'-- Up-to-date: /home/epiibots/ros2_ws/install/drive_base_msgs/include/drive_base_msgs/drive_base_msgs/msg/detail/base_info__struct.h\n'}
[11.967092] (drive_base_msgs) StdoutLine: {'line': b'-- Up-to-date: /home/epiibots/ros2_ws/install/drive_base_msgs/include/drive_base_msgs/drive_base_msgs/msg/command_header.h\n'}
[11.967197] (drive_base_msgs) StdoutLine: {'line': b'-- Up-to-date: /home/epiibots/ros2_ws/install/drive_base_msgs/share/drive_base_msgs/environment/library_path.sh\n'}
[11.967291] (drive_base_msgs) StdoutLine: {'line': b'-- Up-to-date: /home/epiibots/ros2_ws/install/drive_base_msgs/share/drive_base_msgs/environment/library_path.dsv\n'}
[11.972994] (drive_base_msgs) StdoutLine: {'line': b'-- Up-to-date: /home/epiibots/ros2_ws/install/drive_base_msgs/lib/libdrive_base_msgs__rosidl_generator_c.so\n'}
[11.973336] (drive_base_msgs) StdoutLine: {'line': b'-- Up-to-date: /home/epiibots/ros2_ws/install/drive_base_msgs/include/drive_base_msgs/drive_base_msgs\n'}
[11.973472] (drive_base_msgs) StdoutLine: {'line': b'-- Up-to-date: /home/epiibots/ros2_ws/install/drive_base_msgs/include/drive_base_msgs/drive_base_msgs/msg\n'}
[11.973604] (drive_base_msgs) StdoutLine: {'line': b'-- Up-to-date: /home/epiibots/ros2_ws/install/drive_base_msgs/include/drive_base_msgs/drive_base_msgs/msg/rosidl_typesupport_fastrtps_c__visibility_control.h\n'}
[11.973720] (drive_base_msgs) StdoutLine: {'line': b'-- Up-to-date: /home/epiibots/ros2_ws/install/drive_base_msgs/include/drive_base_msgs/drive_base_msgs/msg/detail\n'}
[11.973830] (drive_base_msgs) StdoutLine: {'line': b'-- Up-to-date: /home/epiibots/ros2_ws/install/drive_base_msgs/include/drive_base_msgs/drive_base_msgs/msg/detail/trv_command__rosidl_typesupport_fastrtps_c.h\n'}
[11.973996] (drive_base_msgs) StdoutLine: {'line': b'-- Up-to-date: /home/epiibots/ros2_ws/install/drive_base_msgs/include/drive_base_msgs/drive_base_msgs/msg/detail/base_info__rosidl_typesupport_fastrtps_c.h\n'}
[11.974103] (drive_base_msgs) StdoutLine: {'line': b'-- Up-to-date: /home/epiibots/ros2_ws/install/drive_base_msgs/include/drive_base_msgs/drive_base_msgs/msg/detail/command_header__rosidl_typesupport_fastrtps_c.h\n'}
[11.974242] (drive_base_msgs) StdoutLine: {'line': b'-- Up-to-date: /home/epiibots/ros2_ws/install/drive_base_msgs/include/drive_base_msgs/drive_base_msgs/msg/detail/command_status__rosidl_typesupport_fastrtps_c.h\n'}
[11.980958] (drive_base_msgs) StdoutLine: {'line': b'-- Up-to-date: /home/epiibots/ros2_ws/install/drive_base_msgs/lib/libdrive_base_msgs__rosidl_typesupport_fastrtps_c.so\n'}
[11.981342] (drive_base_msgs) StdoutLine: {'line': b'-- Up-to-date: /home/epiibots/ros2_ws/install/drive_base_msgs/include/drive_base_msgs/drive_base_msgs\n'}
[11.981495] (drive_base_msgs) StdoutLine: {'line': b'-- Up-to-date: /home/epiibots/ros2_ws/install/drive_base_msgs/include/drive_base_msgs/drive_base_msgs/msg\n'}
[11.981595] (drive_base_msgs) StdoutLine: {'line': b'-- Up-to-date: /home/epiibots/ros2_ws/install/drive_base_msgs/include/drive_base_msgs/drive_base_msgs/msg/base_info.hpp\n'}
[11.981696] (drive_base_msgs) StdoutLine: {'line': b'-- Up-to-date: /home/epiibots/ros2_ws/install/drive_base_msgs/include/drive_base_msgs/drive_base_msgs/msg/command_header.hpp\n'}
[11.984179] (drive_base_msgs) StdoutLine: {'line': b'-- Up-to-date: /home/epiibots/ros2_ws/install/drive_base_msgs/include/drive_base_msgs/drive_base_msgs/msg/rosidl_generator_cpp__visibility_control.hpp\n'}
[11.984330] (drive_base_msgs) StdoutLine: {'line': b'-- Up-to-date: /home/epiibots/ros2_ws/install/drive_base_msgs/include/drive_base_msgs/drive_base_msgs/msg/trv_command.hpp\n'}
[11.984437] (drive_base_msgs) StdoutLine: {'line': b'-- Up-to-date: /home/epiibots/ros2_ws/install/drive_base_msgs/include/drive_base_msgs/drive_base_msgs/msg/detail\n'}
[11.984568] (drive_base_msgs) StdoutLine: {'line': b'-- Up-to-date: /home/epiibots/ros2_ws/install/drive_base_msgs/include/drive_base_msgs/drive_base_msgs/msg/detail/command_status__struct.hpp\n'}
[11.984684] (drive_base_msgs) StdoutLine: {'line': b'-- Up-to-date: /home/epiibots/ros2_ws/install/drive_base_msgs/include/drive_base_msgs/drive_base_msgs/msg/detail/base_info__builder.hpp\n'}
[11.984793] (drive_base_msgs) StdoutLine: {'line': b'-- Up-to-date: /home/epiibots/ros2_ws/install/drive_base_msgs/include/drive_base_msgs/drive_base_msgs/msg/detail/command_status__builder.hpp\n'}
[11.988254] (drive_base_msgs) StdoutLine: {'line': b'-- Up-to-date: /home/epiibots/ros2_ws/install/drive_base_msgs/include/drive_base_msgs/drive_base_msgs/msg/detail/command_status__traits.hpp\n'}
[11.988405] (drive_base_msgs) StdoutLine: {'line': b'-- Up-to-date: /home/epiibots/ros2_ws/install/drive_base_msgs/include/drive_base_msgs/drive_base_msgs/msg/detail/base_info__struct.hpp\n'}
[11.988513] (drive_base_msgs) StdoutLine: {'line': b'-- Up-to-date: /home/epiibots/ros2_ws/install/drive_base_msgs/include/drive_base_msgs/drive_base_msgs/msg/detail/command_status__type_support.hpp\n'}
[11.988646] (drive_base_msgs) StdoutLine: {'line': b'-- Up-to-date: /home/epiibots/ros2_ws/install/drive_base_msgs/include/drive_base_msgs/drive_base_msgs/msg/detail/command_header__traits.hpp\n'}
[11.988759] (drive_base_msgs) StdoutLine: {'line': b'-- Up-to-date: /home/epiibots/ros2_ws/install/drive_base_msgs/include/drive_base_msgs/drive_base_msgs/msg/detail/trv_command__builder.hpp\n'}
[11.988854] (drive_base_msgs) StdoutLine: {'line': b'-- Up-to-date: /home/epiibots/ros2_ws/install/drive_base_msgs/include/drive_base_msgs/drive_base_msgs/msg/detail/trv_command__type_support.hpp\n'}
[11.992308] (drive_base_msgs) StdoutLine: {'line': b'-- Up-to-date: /home/epiibots/ros2_ws/install/drive_base_msgs/include/drive_base_msgs/drive_base_msgs/msg/detail/command_header__type_support.hpp\n'}
[11.992453] (drive_base_msgs) StdoutLine: {'line': b'-- Up-to-date: /home/epiibots/ros2_ws/install/drive_base_msgs/include/drive_base_msgs/drive_base_msgs/msg/detail/base_info__type_support.hpp\n'}
[11.992547] (drive_base_msgs) StdoutLine: {'line': b'-- Up-to-date: /home/epiibots/ros2_ws/install/drive_base_msgs/include/drive_base_msgs/drive_base_msgs/msg/detail/command_header__struct.hpp\n'}
[11.995963] (drive_base_msgs) StdoutLine: {'line': b'-- Up-to-date: /home/epiibots/ros2_ws/install/drive_base_msgs/include/drive_base_msgs/drive_base_msgs/msg/detail/base_info__traits.hpp\n'}
[11.996492] (drive_base_msgs) StdoutLine: {'line': b'-- Up-to-date: /home/epiibots/ros2_ws/install/drive_base_msgs/include/drive_base_msgs/drive_base_msgs/msg/detail/trv_command__struct.hpp\n'}
[11.996607] (drive_base_msgs) StdoutLine: {'line': b'-- Up-to-date: /home/epiibots/ros2_ws/install/drive_base_msgs/include/drive_base_msgs/drive_base_msgs/msg/detail/trv_command__traits.hpp\n'}
[11.996699] (drive_base_msgs) StdoutLine: {'line': b'-- Up-to-date: /home/epiibots/ros2_ws/install/drive_base_msgs/include/drive_base_msgs/drive_base_msgs/msg/detail/command_header__builder.hpp\n'}
[11.996784] (drive_base_msgs) StdoutLine: {'line': b'-- Up-to-date: /home/epiibots/ros2_ws/install/drive_base_msgs/include/drive_base_msgs/drive_base_msgs/msg/command_status.hpp\n'}
[11.996882] (drive_base_msgs) StdoutLine: {'line': b'-- Up-to-date: /home/epiibots/ros2_ws/install/drive_base_msgs/include/drive_base_msgs/drive_base_msgs\n'}
[11.997000] (drive_base_msgs) StdoutLine: {'line': b'-- Up-to-date: /home/epiibots/ros2_ws/install/drive_base_msgs/include/drive_base_msgs/drive_base_msgs/msg\n'}
[11.997097] (drive_base_msgs) StdoutLine: {'line': b'-- Up-to-date: /home/epiibots/ros2_ws/install/drive_base_msgs/include/drive_base_msgs/drive_base_msgs/msg/rosidl_typesupport_fastrtps_cpp__visibility_control.h\n'}
[11.997185] (drive_base_msgs) StdoutLine: {'line': b'-- Up-to-date: /home/epiibots/ros2_ws/install/drive_base_msgs/include/drive_base_msgs/drive_base_msgs/msg/detail\n'}
[11.997275] (drive_base_msgs) StdoutLine: {'line': b'-- Up-to-date: /home/epiibots/ros2_ws/install/drive_base_msgs/include/drive_base_msgs/drive_base_msgs/msg/detail/base_info__rosidl_typesupport_fastrtps_cpp.hpp\n'}
[11.997372] (drive_base_msgs) StdoutLine: {'line': b'-- Up-to-date: /home/epiibots/ros2_ws/install/drive_base_msgs/include/drive_base_msgs/drive_base_msgs/msg/detail/command_status__rosidl_typesupport_fastrtps_cpp.hpp\n'}
[11.997457] (drive_base_msgs) StdoutLine: {'line': b'-- Up-to-date: /home/epiibots/ros2_ws/install/drive_base_msgs/include/drive_base_msgs/drive_base_msgs/msg/detail/trv_command__rosidl_typesupport_fastrtps_cpp.hpp\n'}
[11.997540] (drive_base_msgs) StdoutLine: {'line': b'-- Up-to-date: /home/epiibots/ros2_ws/install/drive_base_msgs/include/drive_base_msgs/drive_base_msgs/msg/detail/dds_fastrtps\n'}
[11.997625] (drive_base_msgs) StdoutLine: {'line': b'-- Up-to-date: /home/epiibots/ros2_ws/install/drive_base_msgs/include/drive_base_msgs/drive_base_msgs/msg/detail/command_header__rosidl_typesupport_fastrtps_cpp.hpp\n'}
[12.002981] (drive_base_msgs) StdoutLine: {'line': b'-- Up-to-date: /home/epiibots/ros2_ws/install/drive_base_msgs/lib/libdrive_base_msgs__rosidl_typesupport_fastrtps_cpp.so\n'}
[12.009063] (drive_base_msgs) StdoutLine: {'line': b'-- Up-to-date: /home/epiibots/ros2_ws/install/drive_base_msgs/include/drive_base_msgs/drive_base_msgs\n'}
[12.009519] (drive_base_msgs) StdoutLine: {'line': b'-- Up-to-date: /home/epiibots/ros2_ws/install/drive_base_msgs/include/drive_base_msgs/drive_base_msgs/msg\n'}
[12.009745] (drive_base_msgs) StdoutLine: {'line': b'-- Up-to-date: /home/epiibots/ros2_ws/install/drive_base_msgs/include/drive_base_msgs/drive_base_msgs/msg/rosidl_typesupport_introspection_c__visibility_control.h\n'}
[12.010002] (drive_base_msgs) StdoutLine: {'line': b'-- Up-to-date: /home/epiibots/ros2_ws/install/drive_base_msgs/include/drive_base_msgs/drive_base_msgs/msg/detail\n'}
[12.010230] (drive_base_msgs) StdoutLine: {'line': b'-- Up-to-date: /home/epiibots/ros2_ws/install/drive_base_msgs/include/drive_base_msgs/drive_base_msgs/msg/detail/command_status__rosidl_typesupport_introspection_c.h\n'}
[12.010449] (drive_base_msgs) StdoutLine: {'line': b'-- Installing: /home/epiibots/ros2_ws/install/drive_base_msgs/include/drive_base_msgs/drive_base_msgs/msg/detail/command_status__type_support.c\n'}
[12.016020] (drive_base_msgs) StdoutLine: {'line': b'-- Up-to-date: /home/epiibots/ros2_ws/install/drive_base_msgs/include/drive_base_msgs/drive_base_msgs/msg/detail/command_header__rosidl_typesupport_introspection_c.h\n'}
[12.016729] (drive_base_msgs) StdoutLine: {'line': b'-- Up-to-date: /home/epiibots/ros2_ws/install/drive_base_msgs/include/drive_base_msgs/drive_base_msgs/msg/detail/base_info__rosidl_typesupport_introspection_c.h\n'}
[12.017116] (drive_base_msgs) StdoutLine: {'line': b'-- Installing: /home/epiibots/ros2_ws/install/drive_base_msgs/include/drive_base_msgs/drive_base_msgs/msg/detail/trv_command__type_support.c\n'}
[12.024005] (drive_base_msgs) StdoutLine: {'line': b'-- Installing: /home/epiibots/ros2_ws/install/drive_base_msgs/include/drive_base_msgs/drive_base_msgs/msg/detail/command_header__type_support.c\n'}
[12.024666] (drive_base_msgs) StdoutLine: {'line': b'-- Installing: /home/epiibots/ros2_ws/install/drive_base_msgs/include/drive_base_msgs/drive_base_msgs/msg/detail/base_info__type_support.c\n'}
[12.028087] (drive_base_msgs) StdoutLine: {'line': b'-- Up-to-date: /home/epiibots/ros2_ws/install/drive_base_msgs/include/drive_base_msgs/drive_base_msgs/msg/detail/trv_command__rosidl_typesupport_introspection_c.h\n'}
[12.031133] (drive_base_msgs) StdoutLine: {'line': b'-- Up-to-date: /home/epiibots/ros2_ws/install/drive_base_msgs/lib/libdrive_base_msgs__rosidl_typesupport_introspection_c.so\n'}
[12.038320] (drive_base_msgs) StdoutLine: {'line': b'-- Up-to-date: /home/epiibots/ros2_ws/install/drive_base_msgs/lib/libdrive_base_msgs__rosidl_typesupport_c.so\n'}
[12.043808] (-) TimerEvent: {}
[12.047254] (drive_base_msgs) StdoutLine: {'line': b'-- Up-to-date: /home/epiibots/ros2_ws/install/drive_base_msgs/include/drive_base_msgs/drive_base_msgs\n'}
[12.047782] (drive_base_msgs) StdoutLine: {'line': b'-- Up-to-date: /home/epiibots/ros2_ws/install/drive_base_msgs/include/drive_base_msgs/drive_base_msgs/msg\n'}
[12.048298] (drive_base_msgs) StdoutLine: {'line': b'-- Up-to-date: /home/epiibots/ros2_ws/install/drive_base_msgs/include/drive_base_msgs/drive_base_msgs/msg/detail\n'}
[12.048612] (drive_base_msgs) StdoutLine: {'line': b'-- Up-to-date: /home/epiibots/ros2_ws/install/drive_base_msgs/include/drive_base_msgs/drive_base_msgs/msg/detail/base_info__type_support.cpp\n'}
[12.052013] (drive_base_msgs) StdoutLine: {'line': b'-- Up-to-date: /home/epiibots/ros2_ws/install/drive_base_msgs/include/drive_base_msgs/drive_base_msgs/msg/detail/trv_command__rosidl_typesupport_introspection_cpp.hpp\n'}
[12.052682] (drive_base_msgs) StdoutLine: {'line': b'-- Up-to-date: /home/epiibots/ros2_ws/install/drive_base_msgs/include/drive_base_msgs/drive_base_msgs/msg/detail/base_info__rosidl_typesupport_introspection_cpp.hpp\n'}
[12.053006] (drive_base_msgs) StdoutLine: {'line': b'-- Up-to-date: /home/epiibots/ros2_ws/install/drive_base_msgs/include/drive_base_msgs/drive_base_msgs/msg/detail/trv_command__type_support.cpp\n'}
[12.053297] (drive_base_msgs) StdoutLine: {'line': b'-- Up-to-date: /home/epiibots/ros2_ws/install/drive_base_msgs/include/drive_base_msgs/drive_base_msgs/msg/detail/command_header__rosidl_typesupport_introspection_cpp.hpp\n'}
[12.053535] (drive_base_msgs) StdoutLine: {'line': b'-- Up-to-date: /home/epiibots/ros2_ws/install/drive_base_msgs/include/drive_base_msgs/drive_base_msgs/msg/detail/command_status__rosidl_typesupport_introspection_cpp.hpp\n'}
[12.053769] (drive_base_msgs) StdoutLine: {'line': b'-- Up-to-date: /home/epiibots/ros2_ws/install/drive_base_msgs/include/drive_base_msgs/drive_base_msgs/msg/detail/command_header__type_support.cpp\n'}
[12.060316] (drive_base_msgs) StdoutLine: {'line': b'-- Up-to-date: /home/epiibots/ros2_ws/install/drive_base_msgs/include/drive_base_msgs/drive_base_msgs/msg/detail/command_status__type_support.cpp\n'}
[12.060769] (drive_base_msgs) StdoutLine: {'line': b'-- Up-to-date: /home/epiibots/ros2_ws/install/drive_base_msgs/lib/libdrive_base_msgs__rosidl_typesupport_introspection_cpp.so\n'}
[12.068022] (drive_base_msgs) StdoutLine: {'line': b'-- Up-to-date: /home/epiibots/ros2_ws/install/drive_base_msgs/lib/libdrive_base_msgs__rosidl_typesupport_cpp.so\n'}
[12.073026] (drive_base_msgs) StdoutLine: {'line': b'-- Up-to-date: /home/epiibots/ros2_ws/install/drive_base_msgs/share/drive_base_msgs/environment/pythonpath.sh\n'}
[12.076993] (drive_base_msgs) StdoutLine: {'line': b'-- Up-to-date: /home/epiibots/ros2_ws/install/drive_base_msgs/share/drive_base_msgs/environment/pythonpath.dsv\n'}
[12.078476] (drive_base_msgs) StdoutLine: {'line': b'-- Up-to-date: /home/epiibots/ros2_ws/install/drive_base_msgs/lib/python3.12/site-packages/drive_base_msgs-0.0.0-py3.12.egg-info\n'}
[12.078801] (drive_base_msgs) StdoutLine: {'line': b'-- Installing: /home/epiibots/ros2_ws/install/drive_base_msgs/lib/python3.12/site-packages/drive_base_msgs-0.0.0-py3.12.egg-info/top_level.txt\n'}
[12.079138] (drive_base_msgs) StdoutLine: {'line': b'-- Installing: /home/epiibots/ros2_ws/install/drive_base_msgs/lib/python3.12/site-packages/drive_base_msgs-0.0.0-py3.12.egg-info/PKG-INFO\n'}
[12.085981] (drive_base_msgs) StdoutLine: {'line': b'-- Installing: /home/epiibots/ros2_ws/install/drive_base_msgs/lib/python3.12/site-packages/drive_base_msgs-0.0.0-py3.12.egg-info/SOURCES.txt\n'}
[12.086581] (drive_base_msgs) StdoutLine: {'line': b'-- Installing: /home/epiibots/ros2_ws/install/drive_base_msgs/lib/python3.12/site-packages/drive_base_msgs-0.0.0-py3.12.egg-info/dependency_links.txt\n'}
[12.092016] (drive_base_msgs) StdoutLine: {'line': b'-- Up-to-date: /home/epiibots/ros2_ws/install/drive_base_msgs/lib/python3.12/site-packages/drive_base_msgs\n'}
[12.092696] (drive_base_msgs) StdoutLine: {'line': b'-- Up-to-date: /home/epiibots/ros2_ws/install/drive_base_msgs/lib/python3.12/site-packages/drive_base_msgs/msg\n'}
[12.093083] (drive_base_msgs) StdoutLine: {'line': b'-- Up-to-date: /home/epiibots/ros2_ws/install/drive_base_msgs/lib/python3.12/site-packages/drive_base_msgs/msg/_command_header_s.c\n'}
[12.100027] (drive_base_msgs) StdoutLine: {'line': b'-- Up-to-date: /home/epiibots/ros2_ws/install/drive_base_msgs/lib/python3.12/site-packages/drive_base_msgs/msg/_trv_command.py\n'}
[12.103289] (drive_base_msgs) StdoutLine: {'line': b'-- Up-to-date: /home/epiibots/ros2_ws/install/drive_base_msgs/lib/python3.12/site-packages/drive_base_msgs/msg/_trv_command_s.c\n'}
[12.104950] (drive_base_msgs) StdoutLine: {'line': b'-- Up-to-date: /home/epiibots/ros2_ws/install/drive_base_msgs/lib/python3.12/site-packages/drive_base_msgs/msg/__init__.py\n'}
[12.107169] (drive_base_msgs) StdoutLine: {'line': b'-- Up-to-date: /home/epiibots/ros2_ws/install/drive_base_msgs/lib/python3.12/site-packages/drive_base_msgs/msg/_base_info.py\n'}
[12.107944] (drive_base_msgs) StdoutLine: {'line': b'-- Up-to-date: /home/epiibots/ros2_ws/install/drive_base_msgs/lib/python3.12/site-packages/drive_base_msgs/msg/_command_status.py\n'}
[12.108573] (drive_base_msgs) StdoutLine: {'line': b'-- Up-to-date: /home/epiibots/ros2_ws/install/drive_base_msgs/lib/python3.12/site-packages/drive_base_msgs/msg/_command_header.py\n'}
[12.109124] (drive_base_msgs) StdoutLine: {'line': b'-- Up-to-date: /home/epiibots/ros2_ws/install/drive_base_msgs/lib/python3.12/site-packages/drive_base_msgs/msg/_base_info_s.c\n'}
[12.109763] (drive_base_msgs) StdoutLine: {'line': b'-- Up-to-date: /home/epiibots/ros2_ws/install/drive_base_msgs/lib/python3.12/site-packages/drive_base_msgs/msg/_command_status_s.c\n'}
[12.110379] (drive_base_msgs) StdoutLine: {'line': b'-- Up-to-date: /home/epiibots/ros2_ws/install/drive_base_msgs/lib/python3.12/site-packages/drive_base_msgs/__init__.py\n'}
[12.111130] (drive_base_msgs) StdoutLine: {'line': b'-- Up-to-date: /home/epiibots/ros2_ws/install/drive_base_msgs/lib/python3.12/site-packages/drive_base_msgs/_drive_base_msgs_s.ep.rosidl_typesupport_introspection_c.c\n'}
[12.111576] (drive_base_msgs) StdoutLine: {'line': b'-- Up-to-date: /home/epiibots/ros2_ws/install/drive_base_msgs/lib/python3.12/site-packages/drive_base_msgs/drive_base_msgs_s__rosidl_typesupport_fastrtps_c.so\n'}
[12.111995] (drive_base_msgs) StdoutLine: {'line': b'-- Up-to-date: /home/epiibots/ros2_ws/install/drive_base_msgs/lib/python3.12/site-packages/drive_base_msgs/_drive_base_msgs_s.ep.rosidl_typesupport_fastrtps_c.c\n'}
[12.112218] (drive_base_msgs) StdoutLine: {'line': b'-- Up-to-date: /home/epiibots/ros2_ws/install/drive_base_msgs/lib/python3.12/site-packages/drive_base_msgs/_drive_base_msgs_s.ep.rosidl_typesupport_c.c\n'}
[12.112348] (drive_base_msgs) StdoutLine: {'line': b'-- Up-to-date: /home/epiibots/ros2_ws/install/drive_base_msgs/lib/python3.12/site-packages/drive_base_msgs/drive_base_msgs_s__rosidl_typesupport_introspection_c.so\n'}
[12.112462] (drive_base_msgs) StdoutLine: {'line': b'-- Up-to-date: /home/epiibots/ros2_ws/install/drive_base_msgs/lib/python3.12/site-packages/drive_base_msgs/drive_base_msgs_s__rosidl_typesupport_c.so\n'}
[12.144963] (-) TimerEvent: {}
[12.245778] (-) TimerEvent: {}
[12.359998] (-) TimerEvent: {}
[12.371380] (carrinho_base) Command: {'cmd': ['/usr/bin/python3', '-W', 'ignore:setup.py install is deprecated', '-W', 'ignore:easy_install command is deprecated', 'setup.py', 'egg_info', '--egg-base', '../../build/carrinho_base', 'build', '--build-base', '/home/epiibots/ros2_ws/build/carrinho_base/build', 'install', '--record', '/home/epiibots/ros2_ws/build/carrinho_base/install.log', '--single-version-externally-managed', 'install_data'], 'cwd': '/home/epiibots/ros2_ws/src/carrinho_base', 'env': {'LESSOPEN': '| /usr/bin/lesspipe %s', 'USER': 'epiibots', 'SSH_CLIENT': '192.168.0.114 46444 22', 'GZ_CONFIG_PATH': '/opt/ros/jazzy/opt/gz_sim_vendor/share/gz:/opt/ros/jazzy/opt/sdformat_vendor/share/gz:/opt/ros/jazzy/opt/gz_gui_vendor/share/gz:/opt/ros/jazzy/opt/gz_transport_vendor/share/gz:/opt/ros/jazzy/opt/gz_rendering_vendor/share/gz:/opt/ros/jazzy/opt/gz_plugin_vendor/share/gz:/opt/ros/jazzy/opt/gz_fuel_tools_vendor/share/gz:/opt/ros/jazzy/opt/gz_msgs_vendor/share/gz:/opt/ros/jazzy/opt/gz_common_vendor/share/gz', 'XDG_SESSION_TYPE': 'tty', 'SHLVL': '1', 'LD_LIBRARY_PATH': '/home/epiibots/install/micro_ros_agent/lib:/home/epiibots/install/micro_ros_msgs/lib:/home/epiibots/ros2_ws/install/micro_ros_agent/lib:/home/epiibots/ros2_ws/install/micro_ros_msgs/lib:/home/epiibots/ros2_ws/install/drive_base_msgs/lib:/opt/ros/jazzy/opt/gz_sim_vendor/lib:/opt/ros/jazzy/opt/gz_sensors_vendor/lib:/opt/ros/jazzy/opt/gz_physics_vendor/lib:/opt/ros/jazzy/opt/sdformat_vendor/lib:/opt/ros/jazzy/opt/rviz_ogre_vendor/lib:/opt/ros/jazzy/lib/aarch64-linux-gnu:/opt/ros/jazzy/opt/gz_gui_vendor/lib:/opt/ros/jazzy/opt/gz_transport_vendor/lib:/opt/ros/jazzy/opt/gz_rendering_vendor/lib:/opt/ros/jazzy/opt/gz_plugin_vendor/lib:/opt/ros/jazzy/opt/gz_fuel_tools_vendor/lib:/opt/ros/jazzy/opt/gz_msgs_vendor/lib:/opt/ros/jazzy/opt/gz_common_vendor/lib:/opt/ros/jazzy/opt/gz_math_vendor/lib:/opt/ros/jazzy/opt/gz_utils_vendor/lib:/opt/ros/jazzy/opt/gz_tools_vendor/lib:/opt/ros/jazzy/opt/gz_ogre_next_vendor/lib:/opt/ros/jazzy/opt/gz_dartsim_vendor/lib:/opt/ros/jazzy/opt/gz_cmake_vendor/lib:/opt/ros/jazzy/lib', 'HOME': '/home/epiibots', 'OLDPWD': '/home/epiibots', 'SSH_TTY': '/dev/pts/0', 'ROS_PYTHON_VERSION': '3', 'DBUS_SESSION_BUS_ADDRESS': 'unix:path=/run/user/1000/bus', 'DEBUGINFOD_URLS': 'https://debuginfod.ubuntu.com', 'COLCON_PREFIX_PATH': '/home/epiibots/ros2_ws/install:/home/epiibots/install', 'ROS_DISTRO': 'jazzy', 'LOGNAME': 'epiibots', '_': '/usr/bin/colcon', 'ROS_VERSION': '2', 'XDG_SESSION_CLASS': 'user', 'TERM': 'xterm-256color', 'XDG_SESSION_ID': '4', 'PATH': '/opt/ros/jazzy/opt/gz_msgs_vendor/bin:/opt/ros/jazzy/opt/gz_tools_vendor/bin:/opt/ros/jazzy/opt/gz_ogre_next_vendor/bin:/opt/ros/jazzy/bin:/usr/local/sbin:/usr/local/bin:/usr/sbin:/usr/bin:/sbin:/bin:/usr/games:/usr/local/games:/snap/bin', 'XDG_RUNTIME_DIR': '/run/user/1000', 'DISPLAY': 'localhost:10.0', 'LANG': 'en_US.UTF-8', 'LS_COLORS': 'rs=0:di=01;34:ln=01;36:mh=00:pi=40;33:so=01;35:do=01;35:bd=40;33;01:cd=40;33;01:or=40;31;01:mi=00:su=37;41:sg=30;43:ca=00:tw=30;42:ow=34;42:st=37;44:ex=01;32:*.tar=01;31:*.tgz=01;31:*.arc=01;31:*.arj=01;31:*.taz=01;31:*.lha=01;31:*.lz4=01;31:*.lzh=01;31:*.lzma=01;31:*.tlz=01;31:*.txz=01;31:*.tzo=01;31:*.t7z=01;31:*.zip=01;31:*.z=01;31:*.dz=01;31:*.gz=01;31:*.lrz=01;31:*.lz=01;31:*.lzo=01;31:*.xz=01;31:*.zst=01;31:*.tzst=01;31:*.bz2=01;31:*.bz=01;31:*.tbz=01;31:*.tbz2=01;31:*.tz=01;31:*.deb=01;31:*.rpm=01;31:*.jar=01;31:*.war=01;31:*.ear=01;31:*.sar=01;31:*.rar=01;31:*.alz=01;31:*.ace=01;31:*.zoo=01;31:*.cpio=01;31:*.7z=01;31:*.rz=01;31:*.cab=01;31:*.wim=01;31:*.swm=01;31:*.dwm=01;31:*.esd=01;31:*.avif=01;35:*.jpg=01;35:*.jpeg=01;35:*.mjpg=01;35:*.mjpeg=01;35:*.gif=01;35:*.bmp=01;35:*.pbm=01;35:*.pgm=01;35:*.ppm=01;35:*.tga=01;35:*.xbm=01;35:*.xpm=01;35:*.tif=01;35:*.tiff=01;35:*.png=01;35:*.svg=01;35:*.svgz=01;35:*.mng=01;35:*.pcx=01;35:*.mov=01;35:*.mpg=01;35:*.mpeg=01;35:*.m2v=01;35:*.mkv=01;35:*.webm=01;35:*.webp=01;35:*.ogm=01;35:*.mp4=01;35:*.m4v=01;35:*.mp4v=01;35:*.vob=01;35:*.qt=01;35:*.nuv=01;35:*.wmv=01;35:*.asf=01;35:*.rm=01;35:*.rmvb=01;35:*.flc=01;35:*.avi=01;35:*.fli=01;35:*.flv=01;35:*.gl=01;35:*.dl=01;35:*.xcf=01;35:*.xwd=01;35:*.yuv=01;35:*.cgm=01;35:*.emf=01;35:*.ogv=01;35:*.ogx=01;35:*.aac=00;36:*.au=00;36:*.flac=00;36:*.m4a=00;36:*.mid=00;36:*.midi=00;36:*.mka=00;36:*.mp3=00;36:*.mpc=00;36:*.ogg=00;36:*.ra=00;36:*.wav=00;36:*.oga=00;36:*.opus=00;36:*.spx=00;36:*.xspf=00;36:*~=00;90:*#=00;90:*.bak=00;90:*.crdownload=00;90:*.dpkg-dist=00;90:*.dpkg-new=00;90:*.dpkg-old=00;90:*.dpkg-tmp=00;90:*.old=00;90:*.orig=00;90:*.part=00;90:*.rej=00;90:*.rpmnew=00;90:*.rpmorig=00;90:*.rpmsave=00;90:*.swp=00;90:*.tmp=00;90:*.ucf-dist=00;90:*.ucf-new=00;90:*.ucf-old=00;90:', 'AMENT_PREFIX_PATH': '/home/epiibots/install/micro_ros_agent:/home/epiibots/install/micro_ros_msgs:/home/epiibots/ros2_ws/install/controlegeral_carrinho:/home/epiibots/ros2_ws/install/sllidar_ros2:/home/epiibots/ros2_ws/install/carrinho_control:/home/epiibots/ros2_ws/install/servo_steering:/home/epiibots/ros2_ws/install/pwm_rec:/home/epiibots/ros2_ws/install/micro_ros_setup:/home/epiibots/ros2_ws/install/micro_ros_agent:/home/epiibots/ros2_ws/install/micro_ros_msgs:/home/epiibots/ros2_ws/install/lidar_teste:/home/epiibots/ros2_ws/install/drive_base_msgs:/home/epiibots/ros2_ws/install/detector:/home/epiibots/ros2_ws/install/carrinho_localization:/home/epiibots/ros2_ws/install/carrinho_base:/home/epiibots/ros2_ws/install/calibration:/home/epiibots/ros2_ws/install/bno055:/opt/ros/jazzy', 'SHELL': '/bin/bash', 'LESSCLOSE': '/usr/bin/lesspipe %s %s', 'ROS_AUTOMATIC_DISCOVERY_RANGE': 'SUBNET', 'PWD': '/home/epiibots/ros2_ws/build/carrinho_base', 'LC_ALL': 'en_US.UTF-8', 'SSH_CONNECTION': '192.168.0.114 46444 192.168.0.67 22', 'XDG_DATA_DIRS': '/usr/share/gnome:/usr/local/share:/usr/share:/var/lib/snapd/desktop', 'PYTHONPATH': '/home/epiibots/ros2_ws/build/carrinho_base/prefix_override:/usr/lib/python3/dist-packages/colcon_core/task/python/colcon_distutils_commands:/home/epiibots/ros2_ws/install/carrinho_base/lib/python3.12/site-packages:/home/epiibots/install/micro_ros_msgs/lib/python3.12/site-packages:/home/epiibots/ros2_ws/install/controlegeral_carrinho/lib/python3.12/site-packages:/home/epiibots/ros2_ws/install/carrinho_control/lib/python3.12/site-packages:/home/epiibots/ros2_ws/install/servo_steering/lib/python3.12/site-packages:/home/epiibots/ros2_ws/install/pwm_rec/lib/python3.12/site-packages:/home/epiibots/ros2_ws/install/micro_ros_msgs/lib/python3.12/site-packages:/home/epiibots/ros2_ws/install/lidar_teste/lib/python3.12/site-packages:/home/epiibots/ros2_ws/install/drive_base_msgs/lib/python3.12/site-packages:/home/epiibots/ros2_ws/install/detector/lib/python3.12/site-packages:/home/epiibots/ros2_ws/install/carrinho_localization/lib/python3.12/site-packages:/home/epiibots/ros2_ws/install/carrinho_base/lib/python3.12/site-packages:/home/epiibots/ros2_ws/install/calibration/lib/python3.12/site-packages:/home/epiibots/ros2_ws/install/bno055/lib/python3.12/site-packages:/opt/ros/jazzy/lib/python3.12/site-packages', 'COLCON': '1', 'CMAKE_PREFIX_PATH': '/home/epiibots/install/micro_ros_agent:/home/epiibots/install/micro_ros_msgs:/home/epiibots/ros2_ws/install/sllidar_ros2:/home/epiibots/ros2_ws/install/micro_ros_setup:/home/epiibots/ros2_ws/install/micro_ros_agent:/home/epiibots/ros2_ws/install/micro_ros_msgs:/home/epiibots/ros2_ws/install/drive_base_msgs:/opt/ros/jazzy/opt/gz_sim_vendor:/opt/ros/jazzy/opt/gz_sensors_vendor:/opt/ros/jazzy/opt/gz_physics_vendor:/opt/ros/jazzy/opt/sdformat_vendor:/opt/ros/jazzy/opt/gz_gui_vendor:/opt/ros/jazzy/opt/gz_transport_vendor:/opt/ros/jazzy/opt/gz_rendering_vendor:/opt/ros/jazzy/opt/gz_plugin_vendor:/opt/ros/jazzy/opt/gz_fuel_tools_vendor:/opt/ros/jazzy/opt/gz_msgs_vendor:/opt/ros/jazzy/opt/gz_common_vendor:/opt/ros/jazzy/opt/gz_math_vendor:/opt/ros/jazzy/opt/gz_utils_vendor:/opt/ros/jazzy/opt/gz_tools_vendor:/opt/ros/jazzy/opt/gz_ogre_next_vendor:/opt/ros/jazzy/opt/gz_dartsim_vendor:/opt/ros/jazzy/opt/gz_cmake_vendor'}, 'shell': False}
[12.394893] (drive_base_msgs) StdoutLine: {'line': b"Listing '/home/epiibots/ros2_ws/install/drive_base_msgs/lib/python3.12/site-packages/drive_base_msgs'...\n"}
[12.397614] (drive_base_msgs) StdoutLine: {'line': b"Listing '/home/epiibots/ros2_ws/install/drive_base_msgs/lib/python3.12/site-packages/drive_base_msgs/msg'...\n"}
[12.460145] (-) TimerEvent: {}
[12.471038] (drive_base_msgs) StdoutLine: {'line': b'-- Up-to-date: /home/epiibots/ros2_ws/install/drive_base_msgs/lib/python3.12/site-packages/drive_base_msgs/drive_base_msgs_s__rosidl_typesupport_fastrtps_c.so\n'}
[12.477994] (drive_base_msgs) StdoutLine: {'line': b'-- Up-to-date: /home/epiibots/ros2_ws/install/drive_base_msgs/lib/python3.12/site-packages/drive_base_msgs/drive_base_msgs_s__rosidl_typesupport_introspection_c.so\n'}
[12.481085] (drive_base_msgs) StdoutLine: {'line': b'-- Up-to-date: /home/epiibots/ros2_ws/install/drive_base_msgs/lib/python3.12/site-packages/drive_base_msgs/drive_base_msgs_s__rosidl_typesupport_c.so\n'}
[12.486802] (drive_base_msgs) StdoutLine: {'line': b'-- Up-to-date: /home/epiibots/ros2_ws/install/drive_base_msgs/lib/libdrive_base_msgs__rosidl_generator_py.so\n'}
[12.487319] (drive_base_msgs) StdoutLine: {'line': b'-- Up-to-date: /home/epiibots/ros2_ws/install/drive_base_msgs/share/ament_index/resource_index/rust_packages/drive_base_msgs\n'}
[12.487603] (drive_base_msgs) StdoutLine: {'line': b'-- Up-to-date: /home/epiibots/ros2_ws/install/drive_base_msgs/share/drive_base_msgs/rust\n'}
[12.490806] (drive_base_msgs) StdoutLine: {'line': b'-- Up-to-date: /home/epiibots/ros2_ws/install/drive_base_msgs/share/drive_base_msgs/rust/build.rs\n'}
[12.491233] (drive_base_msgs) StdoutLine: {'line': b'-- Up-to-date: /home/epiibots/ros2_ws/install/drive_base_msgs/share/drive_base_msgs/rust/src\n'}
[12.491509] (drive_base_msgs) StdoutLine: {'line': b'-- Up-to-date: /home/epiibots/ros2_ws/install/drive_base_msgs/share/drive_base_msgs/rust/src/msg\n'}
[12.491753] (drive_base_msgs) StdoutLine: {'line': b'-- Up-to-date: /home/epiibots/ros2_ws/install/drive_base_msgs/share/drive_base_msgs/rust/src/msg/rmw.rs\n'}
[12.496838] (drive_base_msgs) StdoutLine: {'line': b'-- Up-to-date: /home/epiibots/ros2_ws/install/drive_base_msgs/share/drive_base_msgs/rust/src/lib.rs\n'}
[12.498652] (drive_base_msgs) StdoutLine: {'line': b'-- Up-to-date: /home/epiibots/ros2_ws/install/drive_base_msgs/share/drive_base_msgs/rust/src/msg.rs\n'}
[12.498945] (drive_base_msgs) StdoutLine: {'line': b'-- Up-to-date: /home/epiibots/ros2_ws/install/drive_base_msgs/share/drive_base_msgs/rust/Cargo.toml\n'}
[12.499193] (drive_base_msgs) StdoutLine: {'line': b'-- Up-to-date: /home/epiibots/ros2_ws/install/drive_base_msgs/share/drive_base_msgs/msg/CommandHeader.idl\n'}
[12.499417] (drive_base_msgs) StdoutLine: {'line': b'-- Up-to-date: /home/epiibots/ros2_ws/install/drive_base_msgs/share/drive_base_msgs/msg/BaseInfo.idl\n'}
[12.499631] (drive_base_msgs) StdoutLine: {'line': b'-- Up-to-date: /home/epiibots/ros2_ws/install/drive_base_msgs/share/drive_base_msgs/msg/CommandStatus.idl\n'}
[12.499856] (drive_base_msgs) StdoutLine: {'line': b'-- Up-to-date: /home/epiibots/ros2_ws/install/drive_base_msgs/share/drive_base_msgs/msg/TRVCommand.idl\n'}
[12.508693] (drive_base_msgs) StdoutLine: {'line': b'-- Up-to-date: /home/epiibots/ros2_ws/install/drive_base_msgs/share/drive_base_msgs/msg/CommandHeader.msg\n'}
[12.509114] (drive_base_msgs) StdoutLine: {'line': b'-- Up-to-date: /home/epiibots/ros2_ws/install/drive_base_msgs/share/drive_base_msgs/msg/BaseInfo.msg\n'}
[12.509390] (drive_base_msgs) StdoutLine: {'line': b'-- Up-to-date: /home/epiibots/ros2_ws/install/drive_base_msgs/share/drive_base_msgs/msg/CommandStatus.msg\n'}
[12.509628] (drive_base_msgs) StdoutLine: {'line': b'-- Up-to-date: /home/epiibots/ros2_ws/install/drive_base_msgs/share/drive_base_msgs/msg/TRVCommand.msg\n'}
[12.509847] (drive_base_msgs) StdoutLine: {'line': b'-- Up-to-date: /home/epiibots/ros2_ws/install/drive_base_msgs/share/ament_index/resource_index/package_run_dependencies/drive_base_msgs\n'}
[12.514905] (drive_base_msgs) StdoutLine: {'line': b'-- Up-to-date: /home/epiibots/ros2_ws/install/drive_base_msgs/share/ament_index/resource_index/parent_prefix_path/drive_base_msgs\n'}
[12.515128] (drive_base_msgs) StdoutLine: {'line': b'-- Up-to-date: /home/epiibots/ros2_ws/install/drive_base_msgs/share/drive_base_msgs/environment/ament_prefix_path.sh\n'}
[12.516548] (drive_base_msgs) StdoutLine: {'line': b'-- Up-to-date: /home/epiibots/ros2_ws/install/drive_base_msgs/share/drive_base_msgs/environment/ament_prefix_path.dsv\n'}
[12.518217] (drive_base_msgs) StdoutLine: {'line': b'-- Up-to-date: /home/epiibots/ros2_ws/install/drive_base_msgs/share/drive_base_msgs/environment/path.sh\n'}
[12.518475] (drive_base_msgs) StdoutLine: {'line': b'-- Up-to-date: /home/epiibots/ros2_ws/install/drive_base_msgs/share/drive_base_msgs/environment/path.dsv\n'}
[12.518597] (drive_base_msgs) StdoutLine: {'line': b'-- Up-to-date: /home/epiibots/ros2_ws/install/drive_base_msgs/share/drive_base_msgs/local_setup.bash\n'}
[12.518707] (drive_base_msgs) StdoutLine: {'line': b'-- Up-to-date: /home/epiibots/ros2_ws/install/drive_base_msgs/share/drive_base_msgs/local_setup.sh\n'}
[12.518805] (drive_base_msgs) StdoutLine: {'line': b'-- Up-to-date: /home/epiibots/ros2_ws/install/drive_base_msgs/share/drive_base_msgs/local_setup.zsh\n'}
[12.522361] (drive_base_msgs) StdoutLine: {'line': b'-- Up-to-date: /home/epiibots/ros2_ws/install/drive_base_msgs/share/drive_base_msgs/local_setup.dsv\n'}
[12.522843] (drive_base_msgs) StdoutLine: {'line': b'-- Installing: /home/epiibots/ros2_ws/install/drive_base_msgs/share/drive_base_msgs/package.dsv\n'}
[12.524335] (drive_base_msgs) StdoutLine: {'line': b'-- Up-to-date: /home/epiibots/ros2_ws/install/drive_base_msgs/share/ament_index/resource_index/packages/drive_base_msgs\n'}
[12.528834] (drive_base_msgs) StdoutLine: {'line': b'-- Up-to-date: /home/epiibots/ros2_ws/install/drive_base_msgs/share/drive_base_msgs/cmake/export_drive_base_msgs__rosidl_generator_cExport.cmake\n'}
[12.531392] (drive_base_msgs) StdoutLine: {'line': b'-- Up-to-date: /home/epiibots/ros2_ws/install/drive_base_msgs/share/drive_base_msgs/cmake/export_drive_base_msgs__rosidl_generator_cExport-noconfig.cmake\n'}
[12.531576] (drive_base_msgs) StdoutLine: {'line': b'-- Up-to-date: /home/epiibots/ros2_ws/install/drive_base_msgs/share/drive_base_msgs/cmake/export_drive_base_msgs__rosidl_typesupport_fastrtps_cExport.cmake\n'}
[12.531714] (drive_base_msgs) StdoutLine: {'line': b'-- Up-to-date: /home/epiibots/ros2_ws/install/drive_base_msgs/share/drive_base_msgs/cmake/export_drive_base_msgs__rosidl_typesupport_fastrtps_cExport-noconfig.cmake\n'}
[12.531843] (drive_base_msgs) StdoutLine: {'line': b'-- Up-to-date: /home/epiibots/ros2_ws/install/drive_base_msgs/share/drive_base_msgs/cmake/export_drive_base_msgs__rosidl_generator_cppExport.cmake\n'}
[12.535227] (drive_base_msgs) StdoutLine: {'line': b'-- Up-to-date: /home/epiibots/ros2_ws/install/drive_base_msgs/share/drive_base_msgs/cmake/export_drive_base_msgs__rosidl_typesupport_fastrtps_cppExport.cmake\n'}
[12.540203] (drive_base_msgs) StdoutLine: {'line': b'-- Up-to-date: /home/epiibots/ros2_ws/install/drive_base_msgs/share/drive_base_msgs/cmake/export_drive_base_msgs__rosidl_typesupport_fastrtps_cppExport-noconfig.cmake\n'}
[12.540711] (drive_base_msgs) StdoutLine: {'line': b'-- Up-to-date: /home/epiibots/ros2_ws/install/drive_base_msgs/share/drive_base_msgs/cmake/drive_base_msgs__rosidl_typesupport_introspection_cExport.cmake\n'}
[12.544709] (drive_base_msgs) StdoutLine: {'line': b'-- Up-to-date: /home/epiibots/ros2_ws/install/drive_base_msgs/share/drive_base_msgs/cmake/drive_base_msgs__rosidl_typesupport_introspection_cExport-noconfig.cmake\n'}
[12.545385] (drive_base_msgs) StdoutLine: {'line': b'-- Up-to-date: /home/epiibots/ros2_ws/install/drive_base_msgs/share/drive_base_msgs/cmake/drive_base_msgs__rosidl_typesupport_cExport.cmake\n'}
[12.546516] (drive_base_msgs) StdoutLine: {'line': b'-- Up-to-date: /home/epiibots/ros2_ws/install/drive_base_msgs/share/drive_base_msgs/cmake/drive_base_msgs__rosidl_typesupport_cExport-noconfig.cmake\n'}
[12.554557] (drive_base_msgs) StdoutLine: {'line': b'-- Up-to-date: /home/epiibots/ros2_ws/install/drive_base_msgs/share/drive_base_msgs/cmake/drive_base_msgs__rosidl_typesupport_introspection_cppExport.cmake\n'}
[12.554882] (drive_base_msgs) StdoutLine: {'line': b'-- Up-to-date: /home/epiibots/ros2_ws/install/drive_base_msgs/share/drive_base_msgs/cmake/drive_base_msgs__rosidl_typesupport_introspection_cppExport-noconfig.cmake\n'}
[12.555082] (drive_base_msgs) StdoutLine: {'line': b'-- Up-to-date: /home/epiibots/ros2_ws/install/drive_base_msgs/share/drive_base_msgs/cmake/drive_base_msgs__rosidl_typesupport_cppExport.cmake\n'}
[12.555194] (drive_base_msgs) StdoutLine: {'line': b'-- Up-to-date: /home/epiibots/ros2_ws/install/drive_base_msgs/share/drive_base_msgs/cmake/drive_base_msgs__rosidl_typesupport_cppExport-noconfig.cmake\n'}
[12.555308] (drive_base_msgs) StdoutLine: {'line': b'-- Up-to-date: /home/epiibots/ros2_ws/install/drive_base_msgs/share/drive_base_msgs/cmake/export_drive_base_msgs__rosidl_generator_pyExport.cmake\n'}
[12.555415] (drive_base_msgs) StdoutLine: {'line': b'-- Up-to-date: /home/epiibots/ros2_ws/install/drive_base_msgs/share/drive_base_msgs/cmake/export_drive_base_msgs__rosidl_generator_pyExport-noconfig.cmake\n'}
[12.555517] (drive_base_msgs) StdoutLine: {'line': b'-- Up-to-date: /home/epiibots/ros2_ws/install/drive_base_msgs/share/drive_base_msgs/cmake/rosidl_cmake-extras.cmake\n'}
[12.555921] (drive_base_msgs) StdoutLine: {'line': b'-- Up-to-date: /home/epiibots/ros2_ws/install/drive_base_msgs/share/drive_base_msgs/cmake/ament_cmake_export_dependencies-extras.cmake\n'}
[12.556159] (drive_base_msgs) StdoutLine: {'line': b'-- Up-to-date: /home/epiibots/ros2_ws/install/drive_base_msgs/share/drive_base_msgs/cmake/ament_cmake_export_include_directories-extras.cmake\n'}
[12.556279] (drive_base_msgs) StdoutLine: {'line': b'-- Up-to-date: /home/epiibots/ros2_ws/install/drive_base_msgs/share/drive_base_msgs/cmake/ament_cmake_export_libraries-extras.cmake\n'}
[12.556401] (drive_base_msgs) StdoutLine: {'line': b'-- Up-to-date: /home/epiibots/ros2_ws/install/drive_base_msgs/share/drive_base_msgs/cmake/ament_cmake_export_targets-extras.cmake\n'}
[12.556533] (drive_base_msgs) StdoutLine: {'line': b'-- Up-to-date: /home/epiibots/ros2_ws/install/drive_base_msgs/share/drive_base_msgs/cmake/rosidl_cmake_export_typesupport_targets-extras.cmake\n'}
[12.556651] (drive_base_msgs) StdoutLine: {'line': b'-- Up-to-date: /home/epiibots/ros2_ws/install/drive_base_msgs/share/drive_base_msgs/cmake/rosidl_cmake_export_typesupport_libraries-extras.cmake\n'}
[12.556755] (drive_base_msgs) StdoutLine: {'line': b'-- Up-to-date: /home/epiibots/ros2_ws/install/drive_base_msgs/share/drive_base_msgs/cmake/drive_base_msgsConfig.cmake\n'}
[12.556847] (drive_base_msgs) StdoutLine: {'line': b'-- Up-to-date: /home/epiibots/ros2_ws/install/drive_base_msgs/share/drive_base_msgs/cmake/drive_base_msgsConfig-version.cmake\n'}
[12.560295] (-) TimerEvent: {}
[12.566506] (drive_base_msgs) StdoutLine: {'line': b'-- Up-to-date: /home/epiibots/ros2_ws/install/drive_base_msgs/share/drive_base_msgs/package.xml\n'}
[12.566941] (drive_base_msgs) CommandEnded: {'returncode': 0}
[12.661195] (-) TimerEvent: {}
[12.728455] (drive_base_msgs) JobEnded: {'identifier': 'drive_base_msgs', 'rc': 0}
[12.729560] (micro_ros_setup) JobStarted: {'identifier': 'micro_ros_setup'}
[12.765739] (micro_ros_setup) JobProgress: {'identifier': 'micro_ros_setup', 'progress': 'cmake'}
[12.765993] (-) TimerEvent: {}
[12.778075] (micro_ros_setup) JobProgress: {'identifier': 'micro_ros_setup', 'progress': 'build'}
[12.778284] (micro_ros_setup) Command: {'cmd': ['/usr/bin/cmake', '--build', '/home/epiibots/ros2_ws/build/micro_ros_setup', '--', '-j4', '-l4'], 'cwd': '/home/epiibots/ros2_ws/build/micro_ros_setup', 'env': OrderedDict({'LESSOPEN': '| /usr/bin/lesspipe %s', 'USER': 'epiibots', 'SSH_CLIENT': '192.168.0.114 46444 22', 'GZ_CONFIG_PATH': '/opt/ros/jazzy/opt/gz_sim_vendor/share/gz:/opt/ros/jazzy/opt/sdformat_vendor/share/gz:/opt/ros/jazzy/opt/gz_gui_vendor/share/gz:/opt/ros/jazzy/opt/gz_transport_vendor/share/gz:/opt/ros/jazzy/opt/gz_rendering_vendor/share/gz:/opt/ros/jazzy/opt/gz_plugin_vendor/share/gz:/opt/ros/jazzy/opt/gz_fuel_tools_vendor/share/gz:/opt/ros/jazzy/opt/gz_msgs_vendor/share/gz:/opt/ros/jazzy/opt/gz_common_vendor/share/gz', 'XDG_SESSION_TYPE': 'tty', 'SHLVL': '1', 'LD_LIBRARY_PATH': '/home/epiibots/install/micro_ros_agent/lib:/home/epiibots/install/micro_ros_msgs/lib:/home/epiibots/ros2_ws/install/micro_ros_agent/lib:/home/epiibots/ros2_ws/install/micro_ros_msgs/lib:/home/epiibots/ros2_ws/install/drive_base_msgs/lib:/opt/ros/jazzy/opt/gz_sim_vendor/lib:/opt/ros/jazzy/opt/gz_sensors_vendor/lib:/opt/ros/jazzy/opt/gz_physics_vendor/lib:/opt/ros/jazzy/opt/sdformat_vendor/lib:/opt/ros/jazzy/opt/rviz_ogre_vendor/lib:/opt/ros/jazzy/lib/aarch64-linux-gnu:/opt/ros/jazzy/opt/gz_gui_vendor/lib:/opt/ros/jazzy/opt/gz_transport_vendor/lib:/opt/ros/jazzy/opt/gz_rendering_vendor/lib:/opt/ros/jazzy/opt/gz_plugin_vendor/lib:/opt/ros/jazzy/opt/gz_fuel_tools_vendor/lib:/opt/ros/jazzy/opt/gz_msgs_vendor/lib:/opt/ros/jazzy/opt/gz_common_vendor/lib:/opt/ros/jazzy/opt/gz_math_vendor/lib:/opt/ros/jazzy/opt/gz_utils_vendor/lib:/opt/ros/jazzy/opt/gz_tools_vendor/lib:/opt/ros/jazzy/opt/gz_ogre_next_vendor/lib:/opt/ros/jazzy/opt/gz_dartsim_vendor/lib:/opt/ros/jazzy/opt/gz_cmake_vendor/lib:/opt/ros/jazzy/lib', 'HOME': '/home/epiibots', 'OLDPWD': '/home/epiibots', 'SSH_TTY': '/dev/pts/0', 'ROS_PYTHON_VERSION': '3', 'DBUS_SESSION_BUS_ADDRESS': 'unix:path=/run/user/1000/bus', 'DEBUGINFOD_URLS': 'https://debuginfod.ubuntu.com', 'COLCON_PREFIX_PATH': '/home/epiibots/ros2_ws/install:/home/epiibots/install', 'ROS_DISTRO': 'jazzy', 'LOGNAME': 'epiibots', '_': '/usr/bin/colcon', 'ROS_VERSION': '2', 'XDG_SESSION_CLASS': 'user', 'TERM': 'xterm-256color', 'XDG_SESSION_ID': '4', 'PATH': '/opt/ros/jazzy/opt/gz_msgs_vendor/bin:/opt/ros/jazzy/opt/gz_tools_vendor/bin:/opt/ros/jazzy/opt/gz_ogre_next_vendor/bin:/opt/ros/jazzy/bin:/usr/local/sbin:/usr/local/bin:/usr/sbin:/usr/bin:/sbin:/bin:/usr/games:/usr/local/games:/snap/bin', 'XDG_RUNTIME_DIR': '/run/user/1000', 'DISPLAY': 'localhost:10.0', 'LANG': 'en_US.UTF-8', 'LS_COLORS': 'rs=0:di=01;34:ln=01;36:mh=00:pi=40;33:so=01;35:do=01;35:bd=40;33;01:cd=40;33;01:or=40;31;01:mi=00:su=37;41:sg=30;43:ca=00:tw=30;42:ow=34;42:st=37;44:ex=01;32:*.tar=01;31:*.tgz=01;31:*.arc=01;31:*.arj=01;31:*.taz=01;31:*.lha=01;31:*.lz4=01;31:*.lzh=01;31:*.lzma=01;31:*.tlz=01;31:*.txz=01;31:*.tzo=01;31:*.t7z=01;31:*.zip=01;31:*.z=01;31:*.dz=01;31:*.gz=01;31:*.lrz=01;31:*.lz=01;31:*.lzo=01;31:*.xz=01;31:*.zst=01;31:*.tzst=01;31:*.bz2=01;31:*.bz=01;31:*.tbz=01;31:*.tbz2=01;31:*.tz=01;31:*.deb=01;31:*.rpm=01;31:*.jar=01;31:*.war=01;31:*.ear=01;31:*.sar=01;31:*.rar=01;31:*.alz=01;31:*.ace=01;31:*.zoo=01;31:*.cpio=01;31:*.7z=01;31:*.rz=01;31:*.cab=01;31:*.wim=01;31:*.swm=01;31:*.dwm=01;31:*.esd=01;31:*.avif=01;35:*.jpg=01;35:*.jpeg=01;35:*.mjpg=01;35:*.mjpeg=01;35:*.gif=01;35:*.bmp=01;35:*.pbm=01;35:*.pgm=01;35:*.ppm=01;35:*.tga=01;35:*.xbm=01;35:*.xpm=01;35:*.tif=01;35:*.tiff=01;35:*.png=01;35:*.svg=01;35:*.svgz=01;35:*.mng=01;35:*.pcx=01;35:*.mov=01;35:*.mpg=01;35:*.mpeg=01;35:*.m2v=01;35:*.mkv=01;35:*.webm=01;35:*.webp=01;35:*.ogm=01;35:*.mp4=01;35:*.m4v=01;35:*.mp4v=01;35:*.vob=01;35:*.qt=01;35:*.nuv=01;35:*.wmv=01;35:*.asf=01;35:*.rm=01;35:*.rmvb=01;35:*.flc=01;35:*.avi=01;35:*.fli=01;35:*.flv=01;35:*.gl=01;35:*.dl=01;35:*.xcf=01;35:*.xwd=01;35:*.yuv=01;35:*.cgm=01;35:*.emf=01;35:*.ogv=01;35:*.ogx=01;35:*.aac=00;36:*.au=00;36:*.flac=00;36:*.m4a=00;36:*.mid=00;36:*.midi=00;36:*.mka=00;36:*.mp3=00;36:*.mpc=00;36:*.ogg=00;36:*.ra=00;36:*.wav=00;36:*.oga=00;36:*.opus=00;36:*.spx=00;36:*.xspf=00;36:*~=00;90:*#=00;90:*.bak=00;90:*.crdownload=00;90:*.dpkg-dist=00;90:*.dpkg-new=00;90:*.dpkg-old=00;90:*.dpkg-tmp=00;90:*.old=00;90:*.orig=00;90:*.part=00;90:*.rej=00;90:*.rpmnew=00;90:*.rpmorig=00;90:*.rpmsave=00;90:*.swp=00;90:*.tmp=00;90:*.ucf-dist=00;90:*.ucf-new=00;90:*.ucf-old=00;90:', 'AMENT_PREFIX_PATH': '/home/epiibots/install/micro_ros_agent:/home/epiibots/install/micro_ros_msgs:/home/epiibots/ros2_ws/install/controlegeral_carrinho:/home/epiibots/ros2_ws/install/sllidar_ros2:/home/epiibots/ros2_ws/install/carrinho_control:/home/epiibots/ros2_ws/install/servo_steering:/home/epiibots/ros2_ws/install/pwm_rec:/home/epiibots/ros2_ws/install/micro_ros_setup:/home/epiibots/ros2_ws/install/micro_ros_agent:/home/epiibots/ros2_ws/install/micro_ros_msgs:/home/epiibots/ros2_ws/install/lidar_teste:/home/epiibots/ros2_ws/install/drive_base_msgs:/home/epiibots/ros2_ws/install/detector:/home/epiibots/ros2_ws/install/carrinho_localization:/home/epiibots/ros2_ws/install/carrinho_base:/home/epiibots/ros2_ws/install/calibration:/home/epiibots/ros2_ws/install/bno055:/opt/ros/jazzy', 'SHELL': '/bin/bash', 'LESSCLOSE': '/usr/bin/lesspipe %s %s', 'ROS_AUTOMATIC_DISCOVERY_RANGE': 'SUBNET', 'PWD': '/home/epiibots/ros2_ws/build/micro_ros_setup', 'LC_ALL': 'en_US.UTF-8', 'SSH_CONNECTION': '192.168.0.114 46444 192.168.0.67 22', 'XDG_DATA_DIRS': '/usr/share/gnome:/usr/local/share:/usr/share:/var/lib/snapd/desktop', 'PYTHONPATH': '/home/epiibots/install/micro_ros_msgs/lib/python3.12/site-packages:/home/epiibots/ros2_ws/install/controlegeral_carrinho/lib/python3.12/site-packages:/home/epiibots/ros2_ws/install/carrinho_control/lib/python3.12/site-packages:/home/epiibots/ros2_ws/install/servo_steering/lib/python3.12/site-packages:/home/epiibots/ros2_ws/install/pwm_rec/lib/python3.12/site-packages:/home/epiibots/ros2_ws/install/micro_ros_msgs/lib/python3.12/site-packages:/home/epiibots/ros2_ws/install/lidar_teste/lib/python3.12/site-packages:/home/epiibots/ros2_ws/install/drive_base_msgs/lib/python3.12/site-packages:/home/epiibots/ros2_ws/install/detector/lib/python3.12/site-packages:/home/epiibots/ros2_ws/install/carrinho_localization/lib/python3.12/site-packages:/home/epiibots/ros2_ws/install/carrinho_base/lib/python3.12/site-packages:/home/epiibots/ros2_ws/install/calibration/lib/python3.12/site-packages:/home/epiibots/ros2_ws/install/bno055/lib/python3.12/site-packages:/opt/ros/jazzy/lib/python3.12/site-packages', 'COLCON': '1', 'CMAKE_PREFIX_PATH': '/home/epiibots/install/micro_ros_agent:/home/epiibots/install/micro_ros_msgs:/home/epiibots/ros2_ws/install/sllidar_ros2:/home/epiibots/ros2_ws/install/micro_ros_setup:/home/epiibots/ros2_ws/install/micro_ros_agent:/home/epiibots/ros2_ws/install/micro_ros_msgs:/home/epiibots/ros2_ws/install/drive_base_msgs:/opt/ros/jazzy/opt/gz_sim_vendor:/opt/ros/jazzy/opt/gz_sensors_vendor:/opt/ros/jazzy/opt/gz_physics_vendor:/opt/ros/jazzy/opt/sdformat_vendor:/opt/ros/jazzy/opt/gz_gui_vendor:/opt/ros/jazzy/opt/gz_transport_vendor:/opt/ros/jazzy/opt/gz_rendering_vendor:/opt/ros/jazzy/opt/gz_plugin_vendor:/opt/ros/jazzy/opt/gz_fuel_tools_vendor:/opt/ros/jazzy/opt/gz_msgs_vendor:/opt/ros/jazzy/opt/gz_common_vendor:/opt/ros/jazzy/opt/gz_math_vendor:/opt/ros/jazzy/opt/gz_utils_vendor:/opt/ros/jazzy/opt/gz_tools_vendor:/opt/ros/jazzy/opt/gz_ogre_next_vendor:/opt/ros/jazzy/opt/gz_dartsim_vendor:/opt/ros/jazzy/opt/gz_cmake_vendor:/home/epiibots/ros2_ws/install/controlegeral_carrinho:/home/epiibots/ros2_ws/install/carrinho_control:/home/epiibots/ros2_ws/install/servo_steering:/home/epiibots/ros2_ws/install/pwm_rec:/home/epiibots/ros2_ws/install/lidar_teste:/home/epiibots/ros2_ws/install/detector:/home/epiibots/ros2_ws/install/carrinho_localization:/home/epiibots/ros2_ws/install/carrinho_base:/home/epiibots/ros2_ws/install/calibration:/home/epiibots/ros2_ws/install/bno055:/opt/ros/jazzy'}), 'shell': False}
[12.867996] (-) TimerEvent: {}
[12.972221] (-) TimerEvent: {}
[13.074594] (-) TimerEvent: {}
[13.094455] (lidar_teste) Command: {'cmd': ['/usr/bin/python3', '-W', 'ignore:setup.py install is deprecated', '-W', 'ignore:easy_install command is deprecated', 'setup.py', 'egg_info', '--egg-base', '../../build/lidar_teste', 'build', '--build-base', '/home/epiibots/ros2_ws/build/lidar_teste/build', 'install', '--record', '/home/epiibots/ros2_ws/build/lidar_teste/install.log', '--single-version-externally-managed', 'install_data'], 'cwd': '/home/epiibots/ros2_ws/src/lidar_teste', 'env': {'LESSOPEN': '| /usr/bin/lesspipe %s', 'USER': 'epiibots', 'SSH_CLIENT': '192.168.0.114 46444 22', 'GZ_CONFIG_PATH': '/opt/ros/jazzy/opt/gz_sim_vendor/share/gz:/opt/ros/jazzy/opt/sdformat_vendor/share/gz:/opt/ros/jazzy/opt/gz_gui_vendor/share/gz:/opt/ros/jazzy/opt/gz_transport_vendor/share/gz:/opt/ros/jazzy/opt/gz_rendering_vendor/share/gz:/opt/ros/jazzy/opt/gz_plugin_vendor/share/gz:/opt/ros/jazzy/opt/gz_fuel_tools_vendor/share/gz:/opt/ros/jazzy/opt/gz_msgs_vendor/share/gz:/opt/ros/jazzy/opt/gz_common_vendor/share/gz', 'XDG_SESSION_TYPE': 'tty', 'SHLVL': '1', 'LD_LIBRARY_PATH': '/home/epiibots/install/micro_ros_agent/lib:/home/epiibots/install/micro_ros_msgs/lib:/home/epiibots/ros2_ws/install/micro_ros_agent/lib:/home/epiibots/ros2_ws/install/micro_ros_msgs/lib:/home/epiibots/ros2_ws/install/drive_base_msgs/lib:/opt/ros/jazzy/opt/gz_sim_vendor/lib:/opt/ros/jazzy/opt/gz_sensors_vendor/lib:/opt/ros/jazzy/opt/gz_physics_vendor/lib:/opt/ros/jazzy/opt/sdformat_vendor/lib:/opt/ros/jazzy/opt/rviz_ogre_vendor/lib:/opt/ros/jazzy/lib/aarch64-linux-gnu:/opt/ros/jazzy/opt/gz_gui_vendor/lib:/opt/ros/jazzy/opt/gz_transport_vendor/lib:/opt/ros/jazzy/opt/gz_rendering_vendor/lib:/opt/ros/jazzy/opt/gz_plugin_vendor/lib:/opt/ros/jazzy/opt/gz_fuel_tools_vendor/lib:/opt/ros/jazzy/opt/gz_msgs_vendor/lib:/opt/ros/jazzy/opt/gz_common_vendor/lib:/opt/ros/jazzy/opt/gz_math_vendor/lib:/opt/ros/jazzy/opt/gz_utils_vendor/lib:/opt/ros/jazzy/opt/gz_tools_vendor/lib:/opt/ros/jazzy/opt/gz_ogre_next_vendor/lib:/opt/ros/jazzy/opt/gz_dartsim_vendor/lib:/opt/ros/jazzy/opt/gz_cmake_vendor/lib:/opt/ros/jazzy/lib', 'HOME': '/home/epiibots', 'OLDPWD': '/home/epiibots', 'SSH_TTY': '/dev/pts/0', 'ROS_PYTHON_VERSION': '3', 'DBUS_SESSION_BUS_ADDRESS': 'unix:path=/run/user/1000/bus', 'DEBUGINFOD_URLS': 'https://debuginfod.ubuntu.com', 'COLCON_PREFIX_PATH': '/home/epiibots/ros2_ws/install:/home/epiibots/install', 'ROS_DISTRO': 'jazzy', 'LOGNAME': 'epiibots', '_': '/usr/bin/colcon', 'ROS_VERSION': '2', 'XDG_SESSION_CLASS': 'user', 'TERM': 'xterm-256color', 'XDG_SESSION_ID': '4', 'PATH': '/opt/ros/jazzy/opt/gz_msgs_vendor/bin:/opt/ros/jazzy/opt/gz_tools_vendor/bin:/opt/ros/jazzy/opt/gz_ogre_next_vendor/bin:/opt/ros/jazzy/bin:/usr/local/sbin:/usr/local/bin:/usr/sbin:/usr/bin:/sbin:/bin:/usr/games:/usr/local/games:/snap/bin', 'XDG_RUNTIME_DIR': '/run/user/1000', 'DISPLAY': 'localhost:10.0', 'LANG': 'en_US.UTF-8', 'LS_COLORS': 'rs=0:di=01;34:ln=01;36:mh=00:pi=40;33:so=01;35:do=01;35:bd=40;33;01:cd=40;33;01:or=40;31;01:mi=00:su=37;41:sg=30;43:ca=00:tw=30;42:ow=34;42:st=37;44:ex=01;32:*.tar=01;31:*.tgz=01;31:*.arc=01;31:*.arj=01;31:*.taz=01;31:*.lha=01;31:*.lz4=01;31:*.lzh=01;31:*.lzma=01;31:*.tlz=01;31:*.txz=01;31:*.tzo=01;31:*.t7z=01;31:*.zip=01;31:*.z=01;31:*.dz=01;31:*.gz=01;31:*.lrz=01;31:*.lz=01;31:*.lzo=01;31:*.xz=01;31:*.zst=01;31:*.tzst=01;31:*.bz2=01;31:*.bz=01;31:*.tbz=01;31:*.tbz2=01;31:*.tz=01;31:*.deb=01;31:*.rpm=01;31:*.jar=01;31:*.war=01;31:*.ear=01;31:*.sar=01;31:*.rar=01;31:*.alz=01;31:*.ace=01;31:*.zoo=01;31:*.cpio=01;31:*.7z=01;31:*.rz=01;31:*.cab=01;31:*.wim=01;31:*.swm=01;31:*.dwm=01;31:*.esd=01;31:*.avif=01;35:*.jpg=01;35:*.jpeg=01;35:*.mjpg=01;35:*.mjpeg=01;35:*.gif=01;35:*.bmp=01;35:*.pbm=01;35:*.pgm=01;35:*.ppm=01;35:*.tga=01;35:*.xbm=01;35:*.xpm=01;35:*.tif=01;35:*.tiff=01;35:*.png=01;35:*.svg=01;35:*.svgz=01;35:*.mng=01;35:*.pcx=01;35:*.mov=01;35:*.mpg=01;35:*.mpeg=01;35:*.m2v=01;35:*.mkv=01;35:*.webm=01;35:*.webp=01;35:*.ogm=01;35:*.mp4=01;35:*.m4v=01;35:*.mp4v=01;35:*.vob=01;35:*.qt=01;35:*.nuv=01;35:*.wmv=01;35:*.asf=01;35:*.rm=01;35:*.rmvb=01;35:*.flc=01;35:*.avi=01;35:*.fli=01;35:*.flv=01;35:*.gl=01;35:*.dl=01;35:*.xcf=01;35:*.xwd=01;35:*.yuv=01;35:*.cgm=01;35:*.emf=01;35:*.ogv=01;35:*.ogx=01;35:*.aac=00;36:*.au=00;36:*.flac=00;36:*.m4a=00;36:*.mid=00;36:*.midi=00;36:*.mka=00;36:*.mp3=00;36:*.mpc=00;36:*.ogg=00;36:*.ra=00;36:*.wav=00;36:*.oga=00;36:*.opus=00;36:*.spx=00;36:*.xspf=00;36:*~=00;90:*#=00;90:*.bak=00;90:*.crdownload=00;90:*.dpkg-dist=00;90:*.dpkg-new=00;90:*.dpkg-old=00;90:*.dpkg-tmp=00;90:*.old=00;90:*.orig=00;90:*.part=00;90:*.rej=00;90:*.rpmnew=00;90:*.rpmorig=00;90:*.rpmsave=00;90:*.swp=00;90:*.tmp=00;90:*.ucf-dist=00;90:*.ucf-new=00;90:*.ucf-old=00;90:', 'AMENT_PREFIX_PATH': '/home/epiibots/install/micro_ros_agent:/home/epiibots/install/micro_ros_msgs:/home/epiibots/ros2_ws/install/controlegeral_carrinho:/home/epiibots/ros2_ws/install/sllidar_ros2:/home/epiibots/ros2_ws/install/carrinho_control:/home/epiibots/ros2_ws/install/servo_steering:/home/epiibots/ros2_ws/install/pwm_rec:/home/epiibots/ros2_ws/install/micro_ros_setup:/home/epiibots/ros2_ws/install/micro_ros_agent:/home/epiibots/ros2_ws/install/micro_ros_msgs:/home/epiibots/ros2_ws/install/lidar_teste:/home/epiibots/ros2_ws/install/drive_base_msgs:/home/epiibots/ros2_ws/install/detector:/home/epiibots/ros2_ws/install/carrinho_localization:/home/epiibots/ros2_ws/install/carrinho_base:/home/epiibots/ros2_ws/install/calibration:/home/epiibots/ros2_ws/install/bno055:/opt/ros/jazzy', 'SHELL': '/bin/bash', 'LESSCLOSE': '/usr/bin/lesspipe %s %s', 'ROS_AUTOMATIC_DISCOVERY_RANGE': 'SUBNET', 'PWD': '/home/epiibots/ros2_ws/build/lidar_teste', 'LC_ALL': 'en_US.UTF-8', 'SSH_CONNECTION': '192.168.0.114 46444 192.168.0.67 22', 'XDG_DATA_DIRS': '/usr/share/gnome:/usr/local/share:/usr/share:/var/lib/snapd/desktop', 'PYTHONPATH': '/home/epiibots/ros2_ws/build/lidar_teste/prefix_override:/usr/lib/python3/dist-packages/colcon_core/task/python/colcon_distutils_commands:/home/epiibots/ros2_ws/install/lidar_teste/lib/python3.12/site-packages:/home/epiibots/install/micro_ros_msgs/lib/python3.12/site-packages:/home/epiibots/ros2_ws/install/controlegeral_carrinho/lib/python3.12/site-packages:/home/epiibots/ros2_ws/install/carrinho_control/lib/python3.12/site-packages:/home/epiibots/ros2_ws/install/servo_steering/lib/python3.12/site-packages:/home/epiibots/ros2_ws/install/pwm_rec/lib/python3.12/site-packages:/home/epiibots/ros2_ws/install/micro_ros_msgs/lib/python3.12/site-packages:/home/epiibots/ros2_ws/install/lidar_teste/lib/python3.12/site-packages:/home/epiibots/ros2_ws/install/drive_base_msgs/lib/python3.12/site-packages:/home/epiibots/ros2_ws/install/detector/lib/python3.12/site-packages:/home/epiibots/ros2_ws/install/carrinho_localization/lib/python3.12/site-packages:/home/epiibots/ros2_ws/install/carrinho_base/lib/python3.12/site-packages:/home/epiibots/ros2_ws/install/calibration/lib/python3.12/site-packages:/home/epiibots/ros2_ws/install/bno055/lib/python3.12/site-packages:/opt/ros/jazzy/lib/python3.12/site-packages', 'COLCON': '1', 'CMAKE_PREFIX_PATH': '/home/epiibots/install/micro_ros_agent:/home/epiibots/install/micro_ros_msgs:/home/epiibots/ros2_ws/install/sllidar_ros2:/home/epiibots/ros2_ws/install/micro_ros_setup:/home/epiibots/ros2_ws/install/micro_ros_agent:/home/epiibots/ros2_ws/install/micro_ros_msgs:/home/epiibots/ros2_ws/install/drive_base_msgs:/opt/ros/jazzy/opt/gz_sim_vendor:/opt/ros/jazzy/opt/gz_sensors_vendor:/opt/ros/jazzy/opt/gz_physics_vendor:/opt/ros/jazzy/opt/sdformat_vendor:/opt/ros/jazzy/opt/gz_gui_vendor:/opt/ros/jazzy/opt/gz_transport_vendor:/opt/ros/jazzy/opt/gz_rendering_vendor:/opt/ros/jazzy/opt/gz_plugin_vendor:/opt/ros/jazzy/opt/gz_fuel_tools_vendor:/opt/ros/jazzy/opt/gz_msgs_vendor:/opt/ros/jazzy/opt/gz_common_vendor:/opt/ros/jazzy/opt/gz_math_vendor:/opt/ros/jazzy/opt/gz_utils_vendor:/opt/ros/jazzy/opt/gz_tools_vendor:/opt/ros/jazzy/opt/gz_ogre_next_vendor:/opt/ros/jazzy/opt/gz_dartsim_vendor:/opt/ros/jazzy/opt/gz_cmake_vendor'}, 'shell': False}
[13.147642] (micro_ros_setup) CommandEnded: {'returncode': 0}
[13.152527] (micro_ros_setup) JobProgress: {'identifier': 'micro_ros_setup', 'progress': 'install'}
[13.152789] (micro_ros_setup) Command: {'cmd': ['/usr/bin/cmake', '--install', '/home/epiibots/ros2_ws/build/micro_ros_setup'], 'cwd': '/home/epiibots/ros2_ws/build/micro_ros_setup', 'env': OrderedDict({'LESSOPEN': '| /usr/bin/lesspipe %s', 'USER': 'epiibots', 'SSH_CLIENT': '192.168.0.114 46444 22', 'GZ_CONFIG_PATH': '/opt/ros/jazzy/opt/gz_sim_vendor/share/gz:/opt/ros/jazzy/opt/sdformat_vendor/share/gz:/opt/ros/jazzy/opt/gz_gui_vendor/share/gz:/opt/ros/jazzy/opt/gz_transport_vendor/share/gz:/opt/ros/jazzy/opt/gz_rendering_vendor/share/gz:/opt/ros/jazzy/opt/gz_plugin_vendor/share/gz:/opt/ros/jazzy/opt/gz_fuel_tools_vendor/share/gz:/opt/ros/jazzy/opt/gz_msgs_vendor/share/gz:/opt/ros/jazzy/opt/gz_common_vendor/share/gz', 'XDG_SESSION_TYPE': 'tty', 'SHLVL': '1', 'LD_LIBRARY_PATH': '/home/epiibots/install/micro_ros_agent/lib:/home/epiibots/install/micro_ros_msgs/lib:/home/epiibots/ros2_ws/install/micro_ros_agent/lib:/home/epiibots/ros2_ws/install/micro_ros_msgs/lib:/home/epiibots/ros2_ws/install/drive_base_msgs/lib:/opt/ros/jazzy/opt/gz_sim_vendor/lib:/opt/ros/jazzy/opt/gz_sensors_vendor/lib:/opt/ros/jazzy/opt/gz_physics_vendor/lib:/opt/ros/jazzy/opt/sdformat_vendor/lib:/opt/ros/jazzy/opt/rviz_ogre_vendor/lib:/opt/ros/jazzy/lib/aarch64-linux-gnu:/opt/ros/jazzy/opt/gz_gui_vendor/lib:/opt/ros/jazzy/opt/gz_transport_vendor/lib:/opt/ros/jazzy/opt/gz_rendering_vendor/lib:/opt/ros/jazzy/opt/gz_plugin_vendor/lib:/opt/ros/jazzy/opt/gz_fuel_tools_vendor/lib:/opt/ros/jazzy/opt/gz_msgs_vendor/lib:/opt/ros/jazzy/opt/gz_common_vendor/lib:/opt/ros/jazzy/opt/gz_math_vendor/lib:/opt/ros/jazzy/opt/gz_utils_vendor/lib:/opt/ros/jazzy/opt/gz_tools_vendor/lib:/opt/ros/jazzy/opt/gz_ogre_next_vendor/lib:/opt/ros/jazzy/opt/gz_dartsim_vendor/lib:/opt/ros/jazzy/opt/gz_cmake_vendor/lib:/opt/ros/jazzy/lib', 'HOME': '/home/epiibots', 'OLDPWD': '/home/epiibots', 'SSH_TTY': '/dev/pts/0', 'ROS_PYTHON_VERSION': '3', 'DBUS_SESSION_BUS_ADDRESS': 'unix:path=/run/user/1000/bus', 'DEBUGINFOD_URLS': 'https://debuginfod.ubuntu.com', 'COLCON_PREFIX_PATH': '/home/epiibots/ros2_ws/install:/home/epiibots/install', 'ROS_DISTRO': 'jazzy', 'LOGNAME': 'epiibots', '_': '/usr/bin/colcon', 'ROS_VERSION': '2', 'XDG_SESSION_CLASS': 'user', 'TERM': 'xterm-256color', 'XDG_SESSION_ID': '4', 'PATH': '/opt/ros/jazzy/opt/gz_msgs_vendor/bin:/opt/ros/jazzy/opt/gz_tools_vendor/bin:/opt/ros/jazzy/opt/gz_ogre_next_vendor/bin:/opt/ros/jazzy/bin:/usr/local/sbin:/usr/local/bin:/usr/sbin:/usr/bin:/sbin:/bin:/usr/games:/usr/local/games:/snap/bin', 'XDG_RUNTIME_DIR': '/run/user/1000', 'DISPLAY': 'localhost:10.0', 'LANG': 'en_US.UTF-8', 'LS_COLORS': 'rs=0:di=01;34:ln=01;36:mh=00:pi=40;33:so=01;35:do=01;35:bd=40;33;01:cd=40;33;01:or=40;31;01:mi=00:su=37;41:sg=30;43:ca=00:tw=30;42:ow=34;42:st=37;44:ex=01;32:*.tar=01;31:*.tgz=01;31:*.arc=01;31:*.arj=01;31:*.taz=01;31:*.lha=01;31:*.lz4=01;31:*.lzh=01;31:*.lzma=01;31:*.tlz=01;31:*.txz=01;31:*.tzo=01;31:*.t7z=01;31:*.zip=01;31:*.z=01;31:*.dz=01;31:*.gz=01;31:*.lrz=01;31:*.lz=01;31:*.lzo=01;31:*.xz=01;31:*.zst=01;31:*.tzst=01;31:*.bz2=01;31:*.bz=01;31:*.tbz=01;31:*.tbz2=01;31:*.tz=01;31:*.deb=01;31:*.rpm=01;31:*.jar=01;31:*.war=01;31:*.ear=01;31:*.sar=01;31:*.rar=01;31:*.alz=01;31:*.ace=01;31:*.zoo=01;31:*.cpio=01;31:*.7z=01;31:*.rz=01;31:*.cab=01;31:*.wim=01;31:*.swm=01;31:*.dwm=01;31:*.esd=01;31:*.avif=01;35:*.jpg=01;35:*.jpeg=01;35:*.mjpg=01;35:*.mjpeg=01;35:*.gif=01;35:*.bmp=01;35:*.pbm=01;35:*.pgm=01;35:*.ppm=01;35:*.tga=01;35:*.xbm=01;35:*.xpm=01;35:*.tif=01;35:*.tiff=01;35:*.png=01;35:*.svg=01;35:*.svgz=01;35:*.mng=01;35:*.pcx=01;35:*.mov=01;35:*.mpg=01;35:*.mpeg=01;35:*.m2v=01;35:*.mkv=01;35:*.webm=01;35:*.webp=01;35:*.ogm=01;35:*.mp4=01;35:*.m4v=01;35:*.mp4v=01;35:*.vob=01;35:*.qt=01;35:*.nuv=01;35:*.wmv=01;35:*.asf=01;35:*.rm=01;35:*.rmvb=01;35:*.flc=01;35:*.avi=01;35:*.fli=01;35:*.flv=01;35:*.gl=01;35:*.dl=01;35:*.xcf=01;35:*.xwd=01;35:*.yuv=01;35:*.cgm=01;35:*.emf=01;35:*.ogv=01;35:*.ogx=01;35:*.aac=00;36:*.au=00;36:*.flac=00;36:*.m4a=00;36:*.mid=00;36:*.midi=00;36:*.mka=00;36:*.mp3=00;36:*.mpc=00;36:*.ogg=00;36:*.ra=00;36:*.wav=00;36:*.oga=00;36:*.opus=00;36:*.spx=00;36:*.xspf=00;36:*~=00;90:*#=00;90:*.bak=00;90:*.crdownload=00;90:*.dpkg-dist=00;90:*.dpkg-new=00;90:*.dpkg-old=00;90:*.dpkg-tmp=00;90:*.old=00;90:*.orig=00;90:*.part=00;90:*.rej=00;90:*.rpmnew=00;90:*.rpmorig=00;90:*.rpmsave=00;90:*.swp=00;90:*.tmp=00;90:*.ucf-dist=00;90:*.ucf-new=00;90:*.ucf-old=00;90:', 'AMENT_PREFIX_PATH': '/home/epiibots/install/micro_ros_agent:/home/epiibots/install/micro_ros_msgs:/home/epiibots/ros2_ws/install/controlegeral_carrinho:/home/epiibots/ros2_ws/install/sllidar_ros2:/home/epiibots/ros2_ws/install/carrinho_control:/home/epiibots/ros2_ws/install/servo_steering:/home/epiibots/ros2_ws/install/pwm_rec:/home/epiibots/ros2_ws/install/micro_ros_setup:/home/epiibots/ros2_ws/install/micro_ros_agent:/home/epiibots/ros2_ws/install/micro_ros_msgs:/home/epiibots/ros2_ws/install/lidar_teste:/home/epiibots/ros2_ws/install/drive_base_msgs:/home/epiibots/ros2_ws/install/detector:/home/epiibots/ros2_ws/install/carrinho_localization:/home/epiibots/ros2_ws/install/carrinho_base:/home/epiibots/ros2_ws/install/calibration:/home/epiibots/ros2_ws/install/bno055:/opt/ros/jazzy', 'SHELL': '/bin/bash', 'LESSCLOSE': '/usr/bin/lesspipe %s %s', 'ROS_AUTOMATIC_DISCOVERY_RANGE': 'SUBNET', 'PWD': '/home/epiibots/ros2_ws/build/micro_ros_setup', 'LC_ALL': 'en_US.UTF-8', 'SSH_CONNECTION': '192.168.0.114 46444 192.168.0.67 22', 'XDG_DATA_DIRS': '/usr/share/gnome:/usr/local/share:/usr/share:/var/lib/snapd/desktop', 'PYTHONPATH': '/home/epiibots/install/micro_ros_msgs/lib/python3.12/site-packages:/home/epiibots/ros2_ws/install/controlegeral_carrinho/lib/python3.12/site-packages:/home/epiibots/ros2_ws/install/carrinho_control/lib/python3.12/site-packages:/home/epiibots/ros2_ws/install/servo_steering/lib/python3.12/site-packages:/home/epiibots/ros2_ws/install/pwm_rec/lib/python3.12/site-packages:/home/epiibots/ros2_ws/install/micro_ros_msgs/lib/python3.12/site-packages:/home/epiibots/ros2_ws/install/lidar_teste/lib/python3.12/site-packages:/home/epiibots/ros2_ws/install/drive_base_msgs/lib/python3.12/site-packages:/home/epiibots/ros2_ws/install/detector/lib/python3.12/site-packages:/home/epiibots/ros2_ws/install/carrinho_localization/lib/python3.12/site-packages:/home/epiibots/ros2_ws/install/carrinho_base/lib/python3.12/site-packages:/home/epiibots/ros2_ws/install/calibration/lib/python3.12/site-packages:/home/epiibots/ros2_ws/install/bno055/lib/python3.12/site-packages:/opt/ros/jazzy/lib/python3.12/site-packages', 'COLCON': '1', 'CMAKE_PREFIX_PATH': '/home/epiibots/install/micro_ros_agent:/home/epiibots/install/micro_ros_msgs:/home/epiibots/ros2_ws/install/sllidar_ros2:/home/epiibots/ros2_ws/install/micro_ros_setup:/home/epiibots/ros2_ws/install/micro_ros_agent:/home/epiibots/ros2_ws/install/micro_ros_msgs:/home/epiibots/ros2_ws/install/drive_base_msgs:/opt/ros/jazzy/opt/gz_sim_vendor:/opt/ros/jazzy/opt/gz_sensors_vendor:/opt/ros/jazzy/opt/gz_physics_vendor:/opt/ros/jazzy/opt/sdformat_vendor:/opt/ros/jazzy/opt/gz_gui_vendor:/opt/ros/jazzy/opt/gz_transport_vendor:/opt/ros/jazzy/opt/gz_rendering_vendor:/opt/ros/jazzy/opt/gz_plugin_vendor:/opt/ros/jazzy/opt/gz_fuel_tools_vendor:/opt/ros/jazzy/opt/gz_msgs_vendor:/opt/ros/jazzy/opt/gz_common_vendor:/opt/ros/jazzy/opt/gz_math_vendor:/opt/ros/jazzy/opt/gz_utils_vendor:/opt/ros/jazzy/opt/gz_tools_vendor:/opt/ros/jazzy/opt/gz_ogre_next_vendor:/opt/ros/jazzy/opt/gz_dartsim_vendor:/opt/ros/jazzy/opt/gz_cmake_vendor:/home/epiibots/ros2_ws/install/controlegeral_carrinho:/home/epiibots/ros2_ws/install/carrinho_control:/home/epiibots/ros2_ws/install/servo_steering:/home/epiibots/ros2_ws/install/pwm_rec:/home/epiibots/ros2_ws/install/lidar_teste:/home/epiibots/ros2_ws/install/detector:/home/epiibots/ros2_ws/install/carrinho_localization:/home/epiibots/ros2_ws/install/carrinho_base:/home/epiibots/ros2_ws/install/calibration:/home/epiibots/ros2_ws/install/bno055:/opt/ros/jazzy'}), 'shell': False}
[13.174717] (-) TimerEvent: {}
[13.221908] (micro_ros_setup) StdoutLine: {'line': b'-- Install configuration: ""\n'}
[13.222488] (micro_ros_setup) StdoutLine: {'line': b'-- Up-to-date: /home/epiibots/ros2_ws/install/micro_ros_setup/share/ament_index/resource_index/package_run_dependencies/micro_ros_setup\n'}
[13.223947] (micro_ros_setup) StdoutLine: {'line': b'-- Up-to-date: /home/epiibots/ros2_ws/install/micro_ros_setup/share/ament_index/resource_index/parent_prefix_path/micro_ros_setup\n'}
[13.225163] (micro_ros_setup) StdoutLine: {'line': b'-- Up-to-date: /home/epiibots/ros2_ws/install/micro_ros_setup/share/micro_ros_setup/environment/ament_prefix_path.sh\n'}
[13.229598] (micro_ros_setup) StdoutLine: {'line': b'-- Up-to-date: /home/epiibots/ros2_ws/install/micro_ros_setup/share/micro_ros_setup/environment/ament_prefix_path.dsv\n'}
[13.229988] (micro_ros_setup) StdoutLine: {'line': b'-- Up-to-date: /home/epiibots/ros2_ws/install/micro_ros_setup/share/micro_ros_setup/environment/path.sh\n'}
[13.230269] (micro_ros_setup) StdoutLine: {'line': b'-- Up-to-date: /home/epiibots/ros2_ws/install/micro_ros_setup/share/micro_ros_setup/environment/path.dsv\n'}
[13.230509] (micro_ros_setup) StdoutLine: {'line': b'-- Up-to-date: /home/epiibots/ros2_ws/install/micro_ros_setup/share/micro_ros_setup/local_setup.bash\n'}
[13.230735] (micro_ros_setup) StdoutLine: {'line': b'-- Up-to-date: /home/epiibots/ros2_ws/install/micro_ros_setup/share/micro_ros_setup/local_setup.sh\n'}
[13.233810] (micro_ros_setup) StdoutLine: {'line': b'-- Up-to-date: /home/epiibots/ros2_ws/install/micro_ros_setup/share/micro_ros_setup/local_setup.zsh\n'}
[13.239151] (micro_ros_setup) StdoutLine: {'line': b'-- Up-to-date: /home/epiibots/ros2_ws/install/micro_ros_setup/share/micro_ros_setup/local_setup.dsv\n'}
[13.239555] (micro_ros_setup) StdoutLine: {'line': b'-- Installing: /home/epiibots/ros2_ws/install/micro_ros_setup/share/micro_ros_setup/package.dsv\n'}
[13.239806] (micro_ros_setup) StdoutLine: {'line': b'-- Up-to-date: /home/epiibots/ros2_ws/install/micro_ros_setup/share/ament_index/resource_index/packages/micro_ros_setup\n'}
[13.242682] (micro_ros_setup) StdoutLine: {'line': b'-- Up-to-date: /home/epiibots/ros2_ws/install/micro_ros_setup/share/micro_ros_setup/cmake/micro_ros_setupConfig.cmake\n'}
[13.243061] (micro_ros_setup) StdoutLine: {'line': b'-- Up-to-date: /home/epiibots/ros2_ws/install/micro_ros_setup/share/micro_ros_setup/cmake/micro_ros_setupConfig-version.cmake\n'}
[13.243327] (micro_ros_setup) StdoutLine: {'line': b'-- Up-to-date: /home/epiibots/ros2_ws/install/micro_ros_setup/share/micro_ros_setup/package.xml\n'}
[13.243574] (micro_ros_setup) StdoutLine: {'line': b'-- Up-to-date: /home/epiibots/ros2_ws/install/micro_ros_setup/./config\n'}
[13.243804] (micro_ros_setup) StdoutLine: {'line': b'-- Up-to-date: /home/epiibots/ros2_ws/install/micro_ros_setup/./config/generate_lib\n'}
[13.244115] (micro_ros_setup) StdoutLine: {'line': b'-- Up-to-date: /home/epiibots/ros2_ws/install/micro_ros_setup/./config/generate_lib/generic\n'}
[13.244360] (micro_ros_setup) StdoutLine: {'line': b'-- Up-to-date: /home/epiibots/ros2_ws/install/micro_ros_setup/./config/generate_lib/generic/create.sh\n'}
[13.250205] (micro_ros_setup) StdoutLine: {'line': b'-- Up-to-date: /home/epiibots/ros2_ws/install/micro_ros_setup/./config/generate_lib/generic/package.xml\n'}
[13.250555] (micro_ros_setup) StdoutLine: {'line': b'-- Up-to-date: /home/epiibots/ros2_ws/install/micro_ros_setup/./config/generate_lib/generic/flash.sh\n'}
[13.250795] (micro_ros_setup) StdoutLine: {'line': b'-- Up-to-date: /home/epiibots/ros2_ws/install/micro_ros_setup/./config/generate_lib/generic/build.sh\n'}
[13.252545] (micro_ros_setup) StdoutLine: {'line': b'-- Up-to-date: /home/epiibots/ros2_ws/install/micro_ros_setup/./config/generate_lib/generic/demo_toolchain.cmake\n'}
[13.252850] (micro_ros_setup) StdoutLine: {'line': b'-- Up-to-date: /home/epiibots/ros2_ws/install/micro_ros_setup/./config/generate_lib/generic/client-colcon.meta\n'}
[13.255656] (micro_ros_setup) StdoutLine: {'line': b'-- Up-to-date: /home/epiibots/ros2_ws/install/micro_ros_setup/./config/generate_lib/generic/client_uros_packages.repos\n'}
[13.256096] (micro_ros_setup) StdoutLine: {'line': b'-- Up-to-date: /home/epiibots/ros2_ws/install/micro_ros_setup/./config/generate_lib/dev_uros_packages.repos\n'}
[13.256392] (micro_ros_setup) StdoutLine: {'line': b'-- Up-to-date: /home/epiibots/ros2_ws/install/micro_ros_setup/./config/generate_lib/dev_ros2_packages.txt\n'}
[13.256684] (micro_ros_setup) StdoutLine: {'line': b'-- Up-to-date: /home/epiibots/ros2_ws/install/micro_ros_setup/./config/raspbian\n'}
[13.262467] (micro_ros_setup) StdoutLine: {'line': b'-- Up-to-date: /home/epiibots/ros2_ws/install/micro_ros_setup/./config/raspbian/generic\n'}
[13.264101] (micro_ros_setup) StdoutLine: {'line': b'-- Up-to-date: /home/epiibots/ros2_ws/install/micro_ros_setup/./config/raspbian/generic/supported_platforms\n'}
[13.264426] (micro_ros_setup) StdoutLine: {'line': b'-- Up-to-date: /home/epiibots/ros2_ws/install/micro_ros_setup/./config/raspbian/generic/create.sh\n'}
[13.264679] (micro_ros_setup) StdoutLine: {'line': b'-- Up-to-date: /home/epiibots/ros2_ws/install/micro_ros_setup/./config/raspbian/generic/flash.sh\n'}
[13.267186] (micro_ros_setup) StdoutLine: {'line': b'-- Up-to-date: /home/epiibots/ros2_ws/install/micro_ros_setup/./config/raspbian/generic/build.sh\n'}
[13.267581] (micro_ros_setup) StdoutLine: {'line': b'-- Up-to-date: /home/epiibots/ros2_ws/install/micro_ros_setup/./config/raspbian/generic/client-colcon.meta\n'}
[13.267835] (micro_ros_setup) StdoutLine: {'line': b'-- Up-to-date: /home/epiibots/ros2_ws/install/micro_ros_setup/./config/raspbian/generic/client_uros_packages.repos\n'}
[13.270951] (micro_ros_setup) StdoutLine: {'line': b'-- Up-to-date: /home/epiibots/ros2_ws/install/micro_ros_setup/./config/raspbian/generic/configure.sh\n'}
[13.271334] (micro_ros_setup) StdoutLine: {'line': b'-- Up-to-date: /home/epiibots/ros2_ws/install/micro_ros_setup/./config/raspbian/dev_uros_packages.repos\n'}
[13.271594] (micro_ros_setup) StdoutLine: {'line': b'-- Up-to-date: /home/epiibots/ros2_ws/install/micro_ros_setup/./config/raspbian/dev_ros2_packages.txt\n'}
[13.271818] (micro_ros_setup) StdoutLine: {'line': b'-- Up-to-date: /home/epiibots/ros2_ws/install/micro_ros_setup/./config/agent_uros_packages.repos\n'}
[13.276024] (-) TimerEvent: {}
[13.276637] (micro_ros_setup) StdoutLine: {'line': b'-- Up-to-date: /home/epiibots/ros2_ws/install/micro_ros_setup/./config/utils.sh\n'}
[13.277446] (micro_ros_setup) StdoutLine: {'line': b'-- Up-to-date: /home/epiibots/ros2_ws/install/micro_ros_setup/./config/client_ros2_packages.txt\n'}
[13.277743] (micro_ros_setup) StdoutLine: {'line': b'-- Up-to-date: /home/epiibots/ros2_ws/install/micro_ros_setup/./config/zephyr\n'}
[13.281383] (micro_ros_setup) StdoutLine: {'line': b'-- Up-to-date: /home/epiibots/ros2_ws/install/micro_ros_setup/./config/zephyr/generic\n'}
[13.281771] (micro_ros_setup) StdoutLine: {'line': b'-- Up-to-date: /home/epiibots/ros2_ws/install/micro_ros_setup/./config/zephyr/generic/supported_platforms\n'}
[13.283039] (micro_ros_setup) StdoutLine: {'line': b'-- Up-to-date: /home/epiibots/ros2_ws/install/micro_ros_setup/./config/zephyr/generic/board.repos\n'}
[13.284850] (micro_ros_setup) StdoutLine: {'line': b'-- Up-to-date: /home/epiibots/ros2_ws/install/micro_ros_setup/./config/zephyr/generic/create.sh\n'}
[13.285243] (micro_ros_setup) StdoutLine: {'line': b'-- Up-to-date: /home/epiibots/ros2_ws/install/micro_ros_setup/./config/zephyr/generic/package.xml\n'}
[13.285485] (micro_ros_setup) StdoutLine: {'line': b'-- Up-to-date: /home/epiibots/ros2_ws/install/micro_ros_setup/./config/zephyr/generic/flash.sh\n'}
[13.285717] (micro_ros_setup) StdoutLine: {'line': b'-- Up-to-date: /home/epiibots/ros2_ws/install/micro_ros_setup/./config/zephyr/generic/build.sh\n'}
[13.291327] (micro_ros_setup) StdoutLine: {'line': b'-- Up-to-date: /home/epiibots/ros2_ws/install/micro_ros_setup/./config/zephyr/generic/client-colcon.meta\n'}
[13.292561] (micro_ros_setup) StdoutLine: {'line': b'-- Up-to-date: /home/epiibots/ros2_ws/install/micro_ros_setup/./config/zephyr/generic/client_uros_packages.repos\n'}
[13.292934] (micro_ros_setup) StdoutLine: {'line': b'-- Up-to-date: /home/epiibots/ros2_ws/install/micro_ros_setup/./config/zephyr/generic/configure.sh\n'}
[13.296803] (micro_ros_setup) StdoutLine: {'line': b'-- Up-to-date: /home/epiibots/ros2_ws/install/micro_ros_setup/./config/zephyr/dev_uros_packages.repos\n'}
[13.297147] (micro_ros_setup) StdoutLine: {'line': b'-- Up-to-date: /home/epiibots/ros2_ws/install/micro_ros_setup/./config/zephyr/list_apps.sh\n'}
[13.297400] (micro_ros_setup) StdoutLine: {'line': b'-- Up-to-date: /home/epiibots/ros2_ws/install/micro_ros_setup/./config/zephyr/dev_ros2_packages.txt\n'}
[13.297671] (micro_ros_setup) StdoutLine: {'line': b'-- Up-to-date: /home/epiibots/ros2_ws/install/micro_ros_setup/./config/freertos\n'}
[13.297911] (micro_ros_setup) StdoutLine: {'line': b'-- Up-to-date: /home/epiibots/ros2_ws/install/micro_ros_setup/./config/freertos/esp32\n'}
[13.298181] (micro_ros_setup) StdoutLine: {'line': b'-- Up-to-date: /home/epiibots/ros2_ws/install/micro_ros_setup/./config/freertos/esp32/README.md\n'}
[13.298411] (micro_ros_setup) StdoutLine: {'line': b'-- Up-to-date: /home/epiibots/ros2_ws/install/micro_ros_setup/./config/freertos/esp32/board.repos\n'}
[13.298660] (micro_ros_setup) StdoutLine: {'line': b'-- Up-to-date: /home/epiibots/ros2_ws/install/micro_ros_setup/./config/freertos/esp32/create.sh\n'}
[13.306148] (micro_ros_setup) StdoutLine: {'line': b'-- Up-to-date: /home/epiibots/ros2_ws/install/micro_ros_setup/./config/freertos/esp32/package.xml\n'}
[13.306796] (micro_ros_setup) StdoutLine: {'line': b'-- Up-to-date: /home/epiibots/ros2_ws/install/micro_ros_setup/./config/freertos/esp32/flash.sh\n'}
[13.307139] (micro_ros_setup) StdoutLine: {'line': b'-- Up-to-date: /home/epiibots/ros2_ws/install/micro_ros_setup/./config/freertos/esp32/build.sh\n'}
[13.307406] (micro_ros_setup) StdoutLine: {'line': b'-- Up-to-date: /home/epiibots/ros2_ws/install/micro_ros_setup/./config/freertos/esp32/client-colcon.meta\n'}
[13.307655] (micro_ros_setup) StdoutLine: {'line': b'-- Up-to-date: /home/epiibots/ros2_ws/install/micro_ros_setup/./config/freertos/esp32/client_uros_packages.repos\n'}
[13.307921] (micro_ros_setup) StdoutLine: {'line': b'-- Up-to-date: /home/epiibots/ros2_ws/install/micro_ros_setup/./config/freertos/esp32/configure.sh\n'}
[13.308186] (micro_ros_setup) StdoutLine: {'line': b'-- Up-to-date: /home/epiibots/ros2_ws/install/micro_ros_setup/./config/freertos/crazyflie21\n'}
[13.308443] (micro_ros_setup) StdoutLine: {'line': b'-- Up-to-date: /home/epiibots/ros2_ws/install/micro_ros_setup/./config/freertos/crazyflie21/board.repos\n'}
[13.308687] (micro_ros_setup) StdoutLine: {'line': b'-- Up-to-date: /home/epiibots/ros2_ws/install/micro_ros_setup/./config/freertos/crazyflie21/create.sh\n'}
[13.317309] (micro_ros_setup) StdoutLine: {'line': b'-- Up-to-date: /home/epiibots/ros2_ws/install/micro_ros_setup/./config/freertos/crazyflie21/package.xml\n'}
[13.317771] (micro_ros_setup) StdoutLine: {'line': b'-- Up-to-date: /home/epiibots/ros2_ws/install/micro_ros_setup/./config/freertos/crazyflie21/flash.sh\n'}
[13.318082] (micro_ros_setup) StdoutLine: {'line': b'-- Up-to-date: /home/epiibots/ros2_ws/install/micro_ros_setup/./config/freertos/crazyflie21/build.sh\n'}
[13.318325] (micro_ros_setup) StdoutLine: {'line': b'-- Up-to-date: /home/epiibots/ros2_ws/install/micro_ros_setup/./config/freertos/crazyflie21/client-colcon.meta\n'}
[13.318553] (micro_ros_setup) StdoutLine: {'line': b'-- Up-to-date: /home/epiibots/ros2_ws/install/micro_ros_setup/./config/freertos/crazyflie21/client_uros_packages.repos\n'}
[13.318776] (micro_ros_setup) StdoutLine: {'line': b'-- Up-to-date: /home/epiibots/ros2_ws/install/micro_ros_setup/./config/freertos/crazyflie21/configure.sh\n'}
[13.319074] (micro_ros_setup) StdoutLine: {'line': b'-- Up-to-date: /home/epiibots/ros2_ws/install/micro_ros_setup/./config/freertos/nucleo_f446ze\n'}
[13.319366] (micro_ros_setup) StdoutLine: {'line': b'-- Up-to-date: /home/epiibots/ros2_ws/install/micro_ros_setup/./config/freertos/nucleo_f446ze/board.repos\n'}
[13.319601] (micro_ros_setup) StdoutLine: {'line': b'-- Up-to-date: /home/epiibots/ros2_ws/install/micro_ros_setup/./config/freertos/nucleo_f446ze/create.sh\n'}
[13.319825] (micro_ros_setup) StdoutLine: {'line': b'-- Up-to-date: /home/epiibots/ros2_ws/install/micro_ros_setup/./config/freertos/nucleo_f446ze/package.xml\n'}
[13.333274] (micro_ros_setup) StdoutLine: {'line': b'-- Up-to-date: /home/epiibots/ros2_ws/install/micro_ros_setup/./config/freertos/nucleo_f446ze/flash.sh\n'}
[13.333428] (micro_ros_setup) StdoutLine: {'line': b'-- Up-to-date: /home/epiibots/ros2_ws/install/micro_ros_setup/./config/freertos/nucleo_f446ze/build.sh\n'}
[13.333597] (micro_ros_setup) StdoutLine: {'line': b'-- Up-to-date: /home/epiibots/ros2_ws/install/micro_ros_setup/./config/freertos/nucleo_f446ze/client-colcon.meta\n'}
[13.333716] (micro_ros_setup) StdoutLine: {'line': b'-- Up-to-date: /home/epiibots/ros2_ws/install/micro_ros_setup/./config/freertos/nucleo_f446ze/client_uros_packages.repos\n'}
[13.333818] (micro_ros_setup) StdoutLine: {'line': b'-- Up-to-date: /home/epiibots/ros2_ws/install/micro_ros_setup/./config/freertos/nucleo_f446ze/configure.sh\n'}
[13.333960] (micro_ros_setup) StdoutLine: {'line': b'-- Up-to-date: /home/epiibots/ros2_ws/install/micro_ros_setup/./config/freertos/dev_uros_packages.repos\n'}
[13.334096] (micro_ros_setup) StdoutLine: {'line': b'-- Up-to-date: /home/epiibots/ros2_ws/install/micro_ros_setup/./config/freertos/list_apps.sh\n'}
[13.334210] (micro_ros_setup) StdoutLine: {'line': b'-- Up-to-date: /home/epiibots/ros2_ws/install/micro_ros_setup/./config/freertos/nucleo_f767zi\n'}
[13.334322] (micro_ros_setup) StdoutLine: {'line': b'-- Up-to-date: /home/epiibots/ros2_ws/install/micro_ros_setup/./config/freertos/nucleo_f767zi/board.repos\n'}
[13.334430] (micro_ros_setup) StdoutLine: {'line': b'-- Up-to-date: /home/epiibots/ros2_ws/install/micro_ros_setup/./config/freertos/nucleo_f767zi/create.sh\n'}
[13.334539] (micro_ros_setup) StdoutLine: {'line': b'-- Up-to-date: /home/epiibots/ros2_ws/install/micro_ros_setup/./config/freertos/nucleo_f767zi/package.xml\n'}
[13.334656] (micro_ros_setup) StdoutLine: {'line': b'-- Up-to-date: /home/epiibots/ros2_ws/install/micro_ros_setup/./config/freertos/nucleo_f767zi/flash.sh\n'}
[13.334774] (micro_ros_setup) StdoutLine: {'line': b'-- Up-to-date: /home/epiibots/ros2_ws/install/micro_ros_setup/./config/freertos/nucleo_f767zi/build.sh\n'}
[13.334961] (micro_ros_setup) StdoutLine: {'line': b'-- Up-to-date: /home/epiibots/ros2_ws/install/micro_ros_setup/./config/freertos/nucleo_f767zi/client-colcon.meta\n'}
[13.335119] (micro_ros_setup) StdoutLine: {'line': b'-- Up-to-date: /home/epiibots/ros2_ws/install/micro_ros_setup/./config/freertos/nucleo_f767zi/client_uros_packages.repos\n'}
[13.335250] (micro_ros_setup) StdoutLine: {'line': b'-- Up-to-date: /home/epiibots/ros2_ws/install/micro_ros_setup/./config/freertos/nucleo_f767zi/configure.sh\n'}
[13.335373] (micro_ros_setup) StdoutLine: {'line': b'-- Up-to-date: /home/epiibots/ros2_ws/install/micro_ros_setup/./config/freertos/nucleo_f746zg\n'}
[13.335490] (micro_ros_setup) StdoutLine: {'line': b'-- Up-to-date: /home/epiibots/ros2_ws/install/micro_ros_setup/./config/freertos/nucleo_f746zg/board.repos\n'}
[13.335603] (micro_ros_setup) StdoutLine: {'line': b'-- Up-to-date: /home/epiibots/ros2_ws/install/micro_ros_setup/./config/freertos/nucleo_f746zg/create.sh\n'}
[13.335738] (micro_ros_setup) StdoutLine: {'line': b'-- Up-to-date: /home/epiibots/ros2_ws/install/micro_ros_setup/./config/freertos/nucleo_f746zg/package.xml\n'}
[13.335855] (micro_ros_setup) StdoutLine: {'line': b'-- Up-to-date: /home/epiibots/ros2_ws/install/micro_ros_setup/./config/freertos/nucleo_f746zg/flash.sh\n'}
[13.356383] (micro_ros_setup) StdoutLine: {'line': b'-- Up-to-date: /home/epiibots/ros2_ws/install/micro_ros_setup/./config/freertos/nucleo_f746zg/build.sh\n'}
[13.356532] (micro_ros_setup) StdoutLine: {'line': b'-- Up-to-date: /home/epiibots/ros2_ws/install/micro_ros_setup/./config/freertos/nucleo_f746zg/client-colcon.meta\n'}
[13.356680] (micro_ros_setup) StdoutLine: {'line': b'-- Up-to-date: /home/epiibots/ros2_ws/install/micro_ros_setup/./config/freertos/nucleo_f746zg/client_uros_packages.repos\n'}
[13.356787] (micro_ros_setup) StdoutLine: {'line': b'-- Up-to-date: /home/epiibots/ros2_ws/install/micro_ros_setup/./config/freertos/nucleo_f746zg/configure.sh\n'}
[13.356925] (micro_ros_setup) StdoutLine: {'line': b'-- Up-to-date: /home/epiibots/ros2_ws/install/micro_ros_setup/./config/freertos/olimex-stm32-e407\n'}
[13.357050] (micro_ros_setup) StdoutLine: {'line': b'-- Up-to-date: /home/epiibots/ros2_ws/install/micro_ros_setup/./config/freertos/olimex-stm32-e407/board.repos\n'}
[13.357150] (micro_ros_setup) StdoutLine: {'line': b'-- Up-to-date: /home/epiibots/ros2_ws/install/micro_ros_setup/./config/freertos/olimex-stm32-e407/create.sh\n'}
[13.357240] (micro_ros_setup) StdoutLine: {'line': b'-- Up-to-date: /home/epiibots/ros2_ws/install/micro_ros_setup/./config/freertos/olimex-stm32-e407/package.xml\n'}
[13.357354] (micro_ros_setup) StdoutLine: {'line': b'-- Up-to-date: /home/epiibots/ros2_ws/install/micro_ros_setup/./config/freertos/olimex-stm32-e407/flash.sh\n'}
[13.357480] (micro_ros_setup) StdoutLine: {'line': b'-- Up-to-date: /home/epiibots/ros2_ws/install/micro_ros_setup/./config/freertos/olimex-stm32-e407/build.sh\n'}
[13.357596] (micro_ros_setup) StdoutLine: {'line': b'-- Up-to-date: /home/epiibots/ros2_ws/install/micro_ros_setup/./config/freertos/olimex-stm32-e407/client-colcon.meta\n'}
[13.357728] (micro_ros_setup) StdoutLine: {'line': b'-- Up-to-date: /home/epiibots/ros2_ws/install/micro_ros_setup/./config/freertos/olimex-stm32-e407/client_uros_packages.repos\n'}
[13.358965] (micro_ros_setup) StdoutLine: {'line': b'-- Up-to-date: /home/epiibots/ros2_ws/install/micro_ros_setup/./config/freertos/olimex-stm32-e407/configure.sh\n'}
[13.359385] (micro_ros_setup) StdoutLine: {'line': b'-- Up-to-date: /home/epiibots/ros2_ws/install/micro_ros_setup/./config/freertos/nucleo_f446re\n'}
[13.359592] (micro_ros_setup) StdoutLine: {'line': b'-- Up-to-date: /home/epiibots/ros2_ws/install/micro_ros_setup/./config/freertos/nucleo_f446re/board.repos\n'}
[13.359791] (micro_ros_setup) StdoutLine: {'line': b'-- Up-to-date: /home/epiibots/ros2_ws/install/micro_ros_setup/./config/freertos/nucleo_f446re/create.sh\n'}
[13.376348] (-) TimerEvent: {}
[13.376679] (micro_ros_setup) StdoutLine: {'line': b'-- Up-to-date: /home/epiibots/ros2_ws/install/micro_ros_setup/./config/freertos/nucleo_f446re/package.xml\n'}
[13.376966] (micro_ros_setup) StdoutLine: {'line': b'-- Up-to-date: /home/epiibots/ros2_ws/install/micro_ros_setup/./config/freertos/nucleo_f446re/flash.sh\n'}
[13.377131] (micro_ros_setup) StdoutLine: {'line': b'-- Up-to-date: /home/epiibots/ros2_ws/install/micro_ros_setup/./config/freertos/nucleo_f446re/build.sh\n'}
[13.377309] (micro_ros_setup) StdoutLine: {'line': b'-- Up-to-date: /home/epiibots/ros2_ws/install/micro_ros_setup/./config/freertos/nucleo_f446re/client-colcon.meta\n'}
[13.377442] (micro_ros_setup) StdoutLine: {'line': b'-- Up-to-date: /home/epiibots/ros2_ws/install/micro_ros_setup/./config/freertos/nucleo_f446re/client_uros_packages.repos\n'}
[13.377565] (micro_ros_setup) StdoutLine: {'line': b'-- Up-to-date: /home/epiibots/ros2_ws/install/micro_ros_setup/./config/freertos/nucleo_f446re/configure.sh\n'}
[13.377694] (micro_ros_setup) StdoutLine: {'line': b'-- Up-to-date: /home/epiibots/ros2_ws/install/micro_ros_setup/./config/freertos/dev_ros2_packages.txt\n'}
[13.377808] (micro_ros_setup) StdoutLine: {'line': b'-- Up-to-date: /home/epiibots/ros2_ws/install/micro_ros_setup/./config/host\n'}
[13.377982] (micro_ros_setup) StdoutLine: {'line': b'-- Up-to-date: /home/epiibots/ros2_ws/install/micro_ros_setup/./config/host/generic\n'}
[13.378097] (micro_ros_setup) StdoutLine: {'line': b'-- Up-to-date: /home/epiibots/ros2_ws/install/micro_ros_setup/./config/host/generic/create.sh\n'}
[13.378230] (micro_ros_setup) StdoutLine: {'line': b'-- Up-to-date: /home/epiibots/ros2_ws/install/micro_ros_setup/./config/host/generic/package.xml\n'}
[13.378419] (micro_ros_setup) StdoutLine: {'line': b'-- Up-to-date: /home/epiibots/ros2_ws/install/micro_ros_setup/./config/host/generic/flash.sh\n'}
[13.378555] (micro_ros_setup) StdoutLine: {'line': b'-- Up-to-date: /home/epiibots/ros2_ws/install/micro_ros_setup/./config/host/generic/client_host_packages.repos\n'}
[13.378678] (micro_ros_setup) StdoutLine: {'line': b'-- Up-to-date: /home/epiibots/ros2_ws/install/micro_ros_setup/./config/host/generic/build.sh\n'}
[13.378804] (micro_ros_setup) StdoutLine: {'line': b'-- Up-to-date: /home/epiibots/ros2_ws/install/micro_ros_setup/./config/host/generic/client-host-colcon.meta\n'}
[13.387349] (micro_ros_setup) StdoutLine: {'line': b'-- Up-to-date: /home/epiibots/ros2_ws/install/micro_ros_setup/./config/host/client_ros2_packages.txt\n'}
[13.387566] (micro_ros_setup) StdoutLine: {'line': b'-- Up-to-date: /home/epiibots/ros2_ws/install/micro_ros_setup/./config/host/dev_uros_packages.repos\n'}
[13.387693] (micro_ros_setup) StdoutLine: {'line': b'-- Up-to-date: /home/epiibots/ros2_ws/install/micro_ros_setup/./config/host/dev_ros2_packages.txt\n'}
[13.387830] (micro_ros_setup) StdoutLine: {'line': b'-- Up-to-date: /home/epiibots/ros2_ws/install/micro_ros_setup/./config/android\n'}
[13.388435] (micro_ros_setup) StdoutLine: {'line': b'-- Up-to-date: /home/epiibots/ros2_ws/install/micro_ros_setup/./config/android/generic\n'}
[13.388610] (micro_ros_setup) StdoutLine: {'line': b'-- Up-to-date: /home/epiibots/ros2_ws/install/micro_ros_setup/./config/android/generic/create.sh\n'}
[13.388746] (micro_ros_setup) StdoutLine: {'line': b'-- Up-to-date: /home/epiibots/ros2_ws/install/micro_ros_setup/./config/android/generic/package.xml\n'}
[13.388882] (micro_ros_setup) StdoutLine: {'line': b'-- Up-to-date: /home/epiibots/ros2_ws/install/micro_ros_setup/./config/android/generic/flash.sh\n'}
[13.389037] (micro_ros_setup) StdoutLine: {'line': b'-- Up-to-date: /home/epiibots/ros2_ws/install/micro_ros_setup/./config/android/generic/build.sh\n'}
[13.389172] (micro_ros_setup) StdoutLine: {'line': b'-- Up-to-date: /home/epiibots/ros2_ws/install/micro_ros_setup/./config/android/generic/client-colcon.meta\n'}
[13.389303] (micro_ros_setup) StdoutLine: {'line': b'-- Up-to-date: /home/epiibots/ros2_ws/install/micro_ros_setup/./config/android/generic/client_uros_packages.repos\n'}
[13.389417] (micro_ros_setup) StdoutLine: {'line': b'-- Up-to-date: /home/epiibots/ros2_ws/install/micro_ros_setup/./config/android/dev_uros_packages.repos\n'}
[13.389533] (micro_ros_setup) StdoutLine: {'line': b'-- Up-to-date: /home/epiibots/ros2_ws/install/micro_ros_setup/./config/android/dev_ros2_packages.txt\n'}
[13.389650] (micro_ros_setup) StdoutLine: {'line': b'-- Up-to-date: /home/epiibots/ros2_ws/install/micro_ros_setup/./config/agent_ros2_packages.txt\n'}
[13.389764] (micro_ros_setup) StdoutLine: {'line': b'-- Up-to-date: /home/epiibots/ros2_ws/install/micro_ros_setup/./config/client_uros_packages.repos\n'}
[13.393029] (micro_ros_setup) StdoutLine: {'line': b'-- Up-to-date: /home/epiibots/ros2_ws/install/micro_ros_setup/lib/micro_ros_setup/create_ws.sh\n'}
[13.396660] (micro_ros_setup) StdoutLine: {'line': b'-- Up-to-date: /home/epiibots/ros2_ws/install/micro_ros_setup/lib/micro_ros_setup/create_agent_ws.sh\n'}
[13.396975] (micro_ros_setup) StdoutLine: {'line': b'-- Up-to-date: /home/epiibots/ros2_ws/install/micro_ros_setup/lib/micro_ros_setup/create_firmware_ws.sh\n'}
[13.397132] (micro_ros_setup) StdoutLine: {'line': b'-- Up-to-date: /home/epiibots/ros2_ws/install/micro_ros_setup/lib/micro_ros_setup/configure_firmware.sh\n'}
[13.397261] (micro_ros_setup) StdoutLine: {'line': b'-- Up-to-date: /home/epiibots/ros2_ws/install/micro_ros_setup/lib/micro_ros_setup/flash_firmware.sh\n'}
[13.397382] (micro_ros_setup) StdoutLine: {'line': b'-- Up-to-date: /home/epiibots/ros2_ws/install/micro_ros_setup/lib/micro_ros_setup/build_firmware.sh\n'}
[13.397483] (micro_ros_setup) StdoutLine: {'line': b'-- Up-to-date: /home/epiibots/ros2_ws/install/micro_ros_setup/lib/micro_ros_setup/build_agent.sh\n'}
[13.397651] (micro_ros_setup) StdoutLine: {'line': b'-- Up-to-date: /home/epiibots/ros2_ws/install/micro_ros_setup/lib/micro_ros_setup/yaml_filter.py\n'}
[13.397784] (micro_ros_setup) StdoutLine: {'line': b'-- Up-to-date: /home/epiibots/ros2_ws/install/micro_ros_setup/lib/micro_ros_setup/clean_env.sh\n'}
[13.398069] (micro_ros_setup) StdoutLine: {'line': b'-- Up-to-date: /home/epiibots/ros2_ws/install/micro_ros_setup/lib/micro_ros_setup/component\n'}
[13.398216] (micro_ros_setup) CommandEnded: {'returncode': 0}
[13.421984] (carrinho_base) StdoutLine: {'line': b'running egg_info\n'}
[13.468640] (micro_ros_setup) JobEnded: {'identifier': 'micro_ros_setup', 'rc': 0}
[13.474871] (pwm_rec) JobStarted: {'identifier': 'pwm_rec'}
[13.476469] (-) TimerEvent: {}
[13.494138] (carrinho_base) StdoutLine: {'line': b'writing ../../build/carrinho_base/carrinho_base.egg-info/PKG-INFO\n'}
[13.499110] (carrinho_base) StdoutLine: {'line': b'writing dependency_links to ../../build/carrinho_base/carrinho_base.egg-info/dependency_links.txt\n'}
[13.499921] (carrinho_base) StdoutLine: {'line': b'writing entry points to ../../build/carrinho_base/carrinho_base.egg-info/entry_points.txt\n'}
[13.500259] (carrinho_base) StdoutLine: {'line': b'writing requirements to ../../build/carrinho_base/carrinho_base.egg-info/requires.txt\n'}
[13.509976] (carrinho_base) StdoutLine: {'line': b'writing top-level names to ../../build/carrinho_base/carrinho_base.egg-info/top_level.txt\n'}
[13.520032] (detector) StdoutLine: {'line': b'running egg_info\n'}
[13.566952] (detector) StdoutLine: {'line': b'writing ../../build/detector/detector.egg-info/PKG-INFO\n'}
[13.567289] (detector) StdoutLine: {'line': b'writing dependency_links to ../../build/detector/detector.egg-info/dependency_links.txt\n'}
[13.573015] (detector) StdoutLine: {'line': b'writing entry points to ../../build/detector/detector.egg-info/entry_points.txt\n'}
[13.574636] (detector) StdoutLine: {'line': b'writing requirements to ../../build/detector/detector.egg-info/requires.txt\n'}
[13.576941] (detector) StdoutLine: {'line': b'writing top-level names to ../../build/detector/detector.egg-info/top_level.txt\n'}
[13.577330] (-) TimerEvent: {}
[13.655414] (carrinho_base) StdoutLine: {'line': b"reading manifest file '../../build/carrinho_base/carrinho_base.egg-info/SOURCES.txt'\n"}
[13.667721] (carrinho_base) StdoutLine: {'line': b"writing manifest file '../../build/carrinho_base/carrinho_base.egg-info/SOURCES.txt'\n"}
[13.668567] (carrinho_base) StdoutLine: {'line': b'running build\n'}
[13.669350] (carrinho_base) StdoutLine: {'line': b'running build_py\n'}
[13.669946] (carrinho_base) StdoutLine: {'line': b'running install\n'}
[13.679985] (-) TimerEvent: {}
[13.717647] (carrinho_base) StdoutLine: {'line': b'running install_lib\n'}
[13.780983] (-) TimerEvent: {}
[13.863243] (carrinho_base) StdoutLine: {'line': b'running install_data\n'}
[13.865716] (carrinho_base) StdoutLine: {'line': b'running install_egg_info\n'}
[13.881085] (-) TimerEvent: {}
[13.973021] (detector) StdoutLine: {'line': b"reading manifest file '../../build/detector/detector.egg-info/SOURCES.txt'\n"}
[13.975039] (detector) StdoutLine: {'line': b"adding license file 'LICENSE'\n"}
[13.976765] (detector) StdoutLine: {'line': b"writing manifest file '../../build/detector/detector.egg-info/SOURCES.txt'\n"}
[13.983665] (detector) StdoutLine: {'line': b'running build\n'}
[13.984130] (-) TimerEvent: {}
[13.992051] (detector) StdoutLine: {'line': b'running build_py\n'}
[13.992413] (detector) StdoutLine: {'line': b'running install\n'}
[14.004995] (detector) StdoutLine: {'line': b'running install_lib\n'}
[14.018319] (carrinho_base) StdoutLine: {'line': b"removing '/home/epiibots/ros2_ws/install/carrinho_base/lib/python3.12/site-packages/carrinho_base-0.0.0-py3.12.egg-info' (and everything under it)\n"}
[14.018909] (carrinho_base) StdoutLine: {'line': b'Copying ../../build/carrinho_base/carrinho_base.egg-info to /home/epiibots/ros2_ws/install/carrinho_base/lib/python3.12/site-packages/carrinho_base-0.0.0-py3.12.egg-info\n'}
[14.032976] (carrinho_base) StdoutLine: {'line': b'running install_scripts\n'}
[14.057236] (detector) StdoutLine: {'line': b'running install_data\n'}
[14.057766] (detector) StdoutLine: {'line': b'running install_egg_info\n'}
[14.086446] (-) TimerEvent: {}
[14.187373] (-) TimerEvent: {}
[14.188236] (detector) StdoutLine: {'line': b"removing '/home/epiibots/ros2_ws/install/detector/lib/python3.12/site-packages/detector-0.0.0-py3.12.egg-info' (and everything under it)\n"}
[14.193587] (detector) StdoutLine: {'line': b'Copying ../../build/detector/detector.egg-info to /home/epiibots/ros2_ws/install/detector/lib/python3.12/site-packages/detector-0.0.0-py3.12.egg-info\n'}
[14.207978] (detector) StdoutLine: {'line': b'running install_scripts\n'}
[14.287514] (-) TimerEvent: {}
[14.390134] (-) TimerEvent: {}
[14.440016] (lidar_teste) StdoutLine: {'line': b'running egg_info\n'}
[14.492026] (-) TimerEvent: {}
[14.493196] (lidar_teste) StdoutLine: {'line': b'writing ../../build/lidar_teste/lidar_teste.egg-info/PKG-INFO\n'}
[14.495977] (lidar_teste) StdoutLine: {'line': b'writing dependency_links to ../../build/lidar_teste/lidar_teste.egg-info/dependency_links.txt\n'}
[14.502158] (lidar_teste) StdoutLine: {'line': b'writing entry points to ../../build/lidar_teste/lidar_teste.egg-info/entry_points.txt\n'}
[14.510175] (lidar_teste) StdoutLine: {'line': b'writing requirements to ../../build/lidar_teste/lidar_teste.egg-info/requires.txt\n'}
[14.510803] (lidar_teste) StdoutLine: {'line': b'writing top-level names to ../../build/lidar_teste/lidar_teste.egg-info/top_level.txt\n'}
[14.596977] (-) TimerEvent: {}
[14.604907] (detector) StdoutLine: {'line': b'Installing apriltags script to /home/epiibots/ros2_ws/install/detector/lib/detector\n'}
[14.606350] (detector) StdoutLine: {'line': b"writing list of installed files to '/home/epiibots/ros2_ws/build/detector/install.log'\n"}
[14.701439] (-) TimerEvent: {}
[14.803539] (-) TimerEvent: {}
[14.817138] (carrinho_base) StdoutLine: {'line': b'Installing checkpoint_player script to /home/epiibots/ros2_ws/install/carrinho_base/lib/carrinho_base\n'}
[14.822367] (carrinho_base) StdoutLine: {'line': b'Installing checkpoint_recorder script to /home/epiibots/ros2_ws/install/carrinho_base/lib/carrinho_base\n'}
[14.823689] (carrinho_base) StdoutLine: {'line': b'Installing motor_control script to /home/epiibots/ros2_ws/install/carrinho_base/lib/carrinho_base\n'}
[14.828899] (carrinho_base) StdoutLine: {'line': b"writing list of installed files to '/home/epiibots/ros2_ws/build/carrinho_base/install.log'\n"}
[14.849804] (lidar_teste) StdoutLine: {'line': b"reading manifest file '../../build/lidar_teste/lidar_teste.egg-info/SOURCES.txt'\n"}
[14.853549] (lidar_teste) StdoutLine: {'line': b"adding license file 'LICENSE'\n"}
[14.859200] (lidar_teste) StdoutLine: {'line': b"writing manifest file '../../build/lidar_teste/lidar_teste.egg-info/SOURCES.txt'\n"}
[14.862613] (lidar_teste) StdoutLine: {'line': b'running build\n'}
[14.863185] (lidar_teste) StdoutLine: {'line': b'running build_py\n'}
[14.863522] (lidar_teste) StdoutLine: {'line': b'running install\n'}
[14.906129] (-) TimerEvent: {}
[14.927320] (lidar_teste) StdoutLine: {'line': b'running install_lib\n'}
[15.012063] (-) TimerEvent: {}
[15.059244] (detector) CommandEnded: {'returncode': 0}
[15.103949] (lidar_teste) StdoutLine: {'line': b'running install_data\n'}
[15.104422] (lidar_teste) StdoutLine: {'line': b'running install_egg_info\n'}
[15.112376] (-) TimerEvent: {}
[15.130089] (detector) JobEnded: {'identifier': 'detector', 'rc': 0}
[15.133514] (sllidar_ros2) JobStarted: {'identifier': 'sllidar_ros2'}
[15.203304] (carrinho_base) CommandEnded: {'returncode': 0}
[15.219986] (-) TimerEvent: {}
[15.238399] (lidar_teste) StdoutLine: {'line': b"removing '/home/epiibots/ros2_ws/install/lidar_teste/lib/python3.12/site-packages/lidar_teste-0.0.0-py3.12.egg-info' (and everything under it)\n"}
[15.238704] (lidar_teste) StdoutLine: {'line': b'Copying ../../build/lidar_teste/lidar_teste.egg-info to /home/epiibots/ros2_ws/install/lidar_teste/lib/python3.12/site-packages/lidar_teste-0.0.0-py3.12.egg-info\n'}
[15.246345] (lidar_teste) StdoutLine: {'line': b'running install_scripts\n'}
[15.257105] (carrinho_base) JobEnded: {'identifier': 'carrinho_base', 'rc': 0}
[15.258387] (carrinho_control) JobStarted: {'identifier': 'carrinho_control'}
[15.314085] (sllidar_ros2) JobProgress: {'identifier': 'sllidar_ros2', 'progress': 'cmake'}
[15.322312] (sllidar_ros2) JobProgress: {'identifier': 'sllidar_ros2', 'progress': 'build'}
[15.322472] (-) TimerEvent: {}
[15.328682] (sllidar_ros2) Command: {'cmd': ['/usr/bin/cmake', '--build', '/home/epiibots/ros2_ws/build/sllidar_ros2', '--', '-j4', '-l4'], 'cwd': '/home/epiibots/ros2_ws/build/sllidar_ros2', 'env': OrderedDict({'LESSOPEN': '| /usr/bin/lesspipe %s', 'USER': 'epiibots', 'SSH_CLIENT': '192.168.0.114 46444 22', 'GZ_CONFIG_PATH': '/opt/ros/jazzy/opt/gz_sim_vendor/share/gz:/opt/ros/jazzy/opt/sdformat_vendor/share/gz:/opt/ros/jazzy/opt/gz_gui_vendor/share/gz:/opt/ros/jazzy/opt/gz_transport_vendor/share/gz:/opt/ros/jazzy/opt/gz_rendering_vendor/share/gz:/opt/ros/jazzy/opt/gz_plugin_vendor/share/gz:/opt/ros/jazzy/opt/gz_fuel_tools_vendor/share/gz:/opt/ros/jazzy/opt/gz_msgs_vendor/share/gz:/opt/ros/jazzy/opt/gz_common_vendor/share/gz', 'XDG_SESSION_TYPE': 'tty', 'SHLVL': '1', 'LD_LIBRARY_PATH': '/home/epiibots/install/micro_ros_agent/lib:/home/epiibots/install/micro_ros_msgs/lib:/home/epiibots/ros2_ws/install/micro_ros_agent/lib:/home/epiibots/ros2_ws/install/micro_ros_msgs/lib:/home/epiibots/ros2_ws/install/drive_base_msgs/lib:/opt/ros/jazzy/opt/gz_sim_vendor/lib:/opt/ros/jazzy/opt/gz_sensors_vendor/lib:/opt/ros/jazzy/opt/gz_physics_vendor/lib:/opt/ros/jazzy/opt/sdformat_vendor/lib:/opt/ros/jazzy/opt/rviz_ogre_vendor/lib:/opt/ros/jazzy/lib/aarch64-linux-gnu:/opt/ros/jazzy/opt/gz_gui_vendor/lib:/opt/ros/jazzy/opt/gz_transport_vendor/lib:/opt/ros/jazzy/opt/gz_rendering_vendor/lib:/opt/ros/jazzy/opt/gz_plugin_vendor/lib:/opt/ros/jazzy/opt/gz_fuel_tools_vendor/lib:/opt/ros/jazzy/opt/gz_msgs_vendor/lib:/opt/ros/jazzy/opt/gz_common_vendor/lib:/opt/ros/jazzy/opt/gz_math_vendor/lib:/opt/ros/jazzy/opt/gz_utils_vendor/lib:/opt/ros/jazzy/opt/gz_tools_vendor/lib:/opt/ros/jazzy/opt/gz_ogre_next_vendor/lib:/opt/ros/jazzy/opt/gz_dartsim_vendor/lib:/opt/ros/jazzy/opt/gz_cmake_vendor/lib:/opt/ros/jazzy/lib', 'HOME': '/home/epiibots', 'OLDPWD': '/home/epiibots', 'SSH_TTY': '/dev/pts/0', 'ROS_PYTHON_VERSION': '3', 'DBUS_SESSION_BUS_ADDRESS': 'unix:path=/run/user/1000/bus', 'DEBUGINFOD_URLS': 'https://debuginfod.ubuntu.com', 'COLCON_PREFIX_PATH': '/home/epiibots/ros2_ws/install:/home/epiibots/install', 'ROS_DISTRO': 'jazzy', 'LOGNAME': 'epiibots', '_': '/usr/bin/colcon', 'ROS_VERSION': '2', 'XDG_SESSION_CLASS': 'user', 'TERM': 'xterm-256color', 'XDG_SESSION_ID': '4', 'PATH': '/opt/ros/jazzy/opt/gz_msgs_vendor/bin:/opt/ros/jazzy/opt/gz_tools_vendor/bin:/opt/ros/jazzy/opt/gz_ogre_next_vendor/bin:/opt/ros/jazzy/bin:/usr/local/sbin:/usr/local/bin:/usr/sbin:/usr/bin:/sbin:/bin:/usr/games:/usr/local/games:/snap/bin', 'XDG_RUNTIME_DIR': '/run/user/1000', 'DISPLAY': 'localhost:10.0', 'LANG': 'en_US.UTF-8', 'LS_COLORS': 'rs=0:di=01;34:ln=01;36:mh=00:pi=40;33:so=01;35:do=01;35:bd=40;33;01:cd=40;33;01:or=40;31;01:mi=00:su=37;41:sg=30;43:ca=00:tw=30;42:ow=34;42:st=37;44:ex=01;32:*.tar=01;31:*.tgz=01;31:*.arc=01;31:*.arj=01;31:*.taz=01;31:*.lha=01;31:*.lz4=01;31:*.lzh=01;31:*.lzma=01;31:*.tlz=01;31:*.txz=01;31:*.tzo=01;31:*.t7z=01;31:*.zip=01;31:*.z=01;31:*.dz=01;31:*.gz=01;31:*.lrz=01;31:*.lz=01;31:*.lzo=01;31:*.xz=01;31:*.zst=01;31:*.tzst=01;31:*.bz2=01;31:*.bz=01;31:*.tbz=01;31:*.tbz2=01;31:*.tz=01;31:*.deb=01;31:*.rpm=01;31:*.jar=01;31:*.war=01;31:*.ear=01;31:*.sar=01;31:*.rar=01;31:*.alz=01;31:*.ace=01;31:*.zoo=01;31:*.cpio=01;31:*.7z=01;31:*.rz=01;31:*.cab=01;31:*.wim=01;31:*.swm=01;31:*.dwm=01;31:*.esd=01;31:*.avif=01;35:*.jpg=01;35:*.jpeg=01;35:*.mjpg=01;35:*.mjpeg=01;35:*.gif=01;35:*.bmp=01;35:*.pbm=01;35:*.pgm=01;35:*.ppm=01;35:*.tga=01;35:*.xbm=01;35:*.xpm=01;35:*.tif=01;35:*.tiff=01;35:*.png=01;35:*.svg=01;35:*.svgz=01;35:*.mng=01;35:*.pcx=01;35:*.mov=01;35:*.mpg=01;35:*.mpeg=01;35:*.m2v=01;35:*.mkv=01;35:*.webm=01;35:*.webp=01;35:*.ogm=01;35:*.mp4=01;35:*.m4v=01;35:*.mp4v=01;35:*.vob=01;35:*.qt=01;35:*.nuv=01;35:*.wmv=01;35:*.asf=01;35:*.rm=01;35:*.rmvb=01;35:*.flc=01;35:*.avi=01;35:*.fli=01;35:*.flv=01;35:*.gl=01;35:*.dl=01;35:*.xcf=01;35:*.xwd=01;35:*.yuv=01;35:*.cgm=01;35:*.emf=01;35:*.ogv=01;35:*.ogx=01;35:*.aac=00;36:*.au=00;36:*.flac=00;36:*.m4a=00;36:*.mid=00;36:*.midi=00;36:*.mka=00;36:*.mp3=00;36:*.mpc=00;36:*.ogg=00;36:*.ra=00;36:*.wav=00;36:*.oga=00;36:*.opus=00;36:*.spx=00;36:*.xspf=00;36:*~=00;90:*#=00;90:*.bak=00;90:*.crdownload=00;90:*.dpkg-dist=00;90:*.dpkg-new=00;90:*.dpkg-old=00;90:*.dpkg-tmp=00;90:*.old=00;90:*.orig=00;90:*.part=00;90:*.rej=00;90:*.rpmnew=00;90:*.rpmorig=00;90:*.rpmsave=00;90:*.swp=00;90:*.tmp=00;90:*.ucf-dist=00;90:*.ucf-new=00;90:*.ucf-old=00;90:', 'AMENT_PREFIX_PATH': '/home/epiibots/install/micro_ros_agent:/home/epiibots/install/micro_ros_msgs:/home/epiibots/ros2_ws/install/controlegeral_carrinho:/home/epiibots/ros2_ws/install/sllidar_ros2:/home/epiibots/ros2_ws/install/carrinho_control:/home/epiibots/ros2_ws/install/servo_steering:/home/epiibots/ros2_ws/install/pwm_rec:/home/epiibots/ros2_ws/install/micro_ros_setup:/home/epiibots/ros2_ws/install/micro_ros_agent:/home/epiibots/ros2_ws/install/micro_ros_msgs:/home/epiibots/ros2_ws/install/lidar_teste:/home/epiibots/ros2_ws/install/drive_base_msgs:/home/epiibots/ros2_ws/install/detector:/home/epiibots/ros2_ws/install/carrinho_localization:/home/epiibots/ros2_ws/install/carrinho_base:/home/epiibots/ros2_ws/install/calibration:/home/epiibots/ros2_ws/install/bno055:/opt/ros/jazzy', 'SHELL': '/bin/bash', 'LESSCLOSE': '/usr/bin/lesspipe %s %s', 'ROS_AUTOMATIC_DISCOVERY_RANGE': 'SUBNET', 'PWD': '/home/epiibots/ros2_ws/build/sllidar_ros2', 'LC_ALL': 'en_US.UTF-8', 'SSH_CONNECTION': '192.168.0.114 46444 192.168.0.67 22', 'XDG_DATA_DIRS': '/usr/share/gnome:/usr/local/share:/usr/share:/var/lib/snapd/desktop', 'PYTHONPATH': '/home/epiibots/install/micro_ros_msgs/lib/python3.12/site-packages:/home/epiibots/ros2_ws/install/controlegeral_carrinho/lib/python3.12/site-packages:/home/epiibots/ros2_ws/install/carrinho_control/lib/python3.12/site-packages:/home/epiibots/ros2_ws/install/servo_steering/lib/python3.12/site-packages:/home/epiibots/ros2_ws/install/pwm_rec/lib/python3.12/site-packages:/home/epiibots/ros2_ws/install/micro_ros_msgs/lib/python3.12/site-packages:/home/epiibots/ros2_ws/install/lidar_teste/lib/python3.12/site-packages:/home/epiibots/ros2_ws/install/drive_base_msgs/lib/python3.12/site-packages:/home/epiibots/ros2_ws/install/detector/lib/python3.12/site-packages:/home/epiibots/ros2_ws/install/carrinho_localization/lib/python3.12/site-packages:/home/epiibots/ros2_ws/install/carrinho_base/lib/python3.12/site-packages:/home/epiibots/ros2_ws/install/calibration/lib/python3.12/site-packages:/home/epiibots/ros2_ws/install/bno055/lib/python3.12/site-packages:/opt/ros/jazzy/lib/python3.12/site-packages', 'COLCON': '1', 'CMAKE_PREFIX_PATH': '/home/epiibots/install/micro_ros_agent:/home/epiibots/install/micro_ros_msgs:/home/epiibots/ros2_ws/install/sllidar_ros2:/home/epiibots/ros2_ws/install/micro_ros_setup:/home/epiibots/ros2_ws/install/micro_ros_agent:/home/epiibots/ros2_ws/install/micro_ros_msgs:/home/epiibots/ros2_ws/install/drive_base_msgs:/opt/ros/jazzy/opt/gz_sim_vendor:/opt/ros/jazzy/opt/gz_sensors_vendor:/opt/ros/jazzy/opt/gz_physics_vendor:/opt/ros/jazzy/opt/sdformat_vendor:/opt/ros/jazzy/opt/gz_gui_vendor:/opt/ros/jazzy/opt/gz_transport_vendor:/opt/ros/jazzy/opt/gz_rendering_vendor:/opt/ros/jazzy/opt/gz_plugin_vendor:/opt/ros/jazzy/opt/gz_fuel_tools_vendor:/opt/ros/jazzy/opt/gz_msgs_vendor:/opt/ros/jazzy/opt/gz_common_vendor:/opt/ros/jazzy/opt/gz_math_vendor:/opt/ros/jazzy/opt/gz_utils_vendor:/opt/ros/jazzy/opt/gz_tools_vendor:/opt/ros/jazzy/opt/gz_ogre_next_vendor:/opt/ros/jazzy/opt/gz_dartsim_vendor:/opt/ros/jazzy/opt/gz_cmake_vendor:/home/epiibots/ros2_ws/install/controlegeral_carrinho:/home/epiibots/ros2_ws/install/carrinho_control:/home/epiibots/ros2_ws/install/servo_steering:/home/epiibots/ros2_ws/install/pwm_rec:/home/epiibots/ros2_ws/install/lidar_teste:/home/epiibots/ros2_ws/install/detector:/home/epiibots/ros2_ws/install/carrinho_localization:/home/epiibots/ros2_ws/install/carrinho_base:/home/epiibots/ros2_ws/install/calibration:/home/epiibots/ros2_ws/install/bno055:/opt/ros/jazzy'}), 'shell': False}
[15.423001] (-) TimerEvent: {}
[15.528996] (-) TimerEvent: {}
[15.634043] (-) TimerEvent: {}
[15.738690] (-) TimerEvent: {}
[15.839397] (-) TimerEvent: {}
[15.939979] (-) TimerEvent: {}
[16.040652] (-) TimerEvent: {}
[16.099162] (sllidar_ros2) StdoutLine: {'line': b'[ 90%] Built target sllidar_node\n'}
[16.130048] (sllidar_ros2) StdoutLine: {'line': b'[100%] Built target sllidar_client\n'}
[16.143581] (-) TimerEvent: {}
[16.244348] (lidar_teste) StdoutLine: {'line': b'Installing save_lidar script to /home/epiibots/ros2_ws/install/lidar_teste/lib/lidar_teste\n'}
[16.244690] (-) TimerEvent: {}
[16.244921] (lidar_teste) StdoutLine: {'line': b"writing list of installed files to '/home/epiibots/ros2_ws/build/lidar_teste/install.log'\n"}
[16.344902] (-) TimerEvent: {}
[16.448002] (-) TimerEvent: {}
[16.548605] (-) TimerEvent: {}
[16.652005] (-) TimerEvent: {}
[16.741275] (sllidar_ros2) CommandEnded: {'returncode': 0}
[16.752096] (sllidar_ros2) JobProgress: {'identifier': 'sllidar_ros2', 'progress': 'install'}
[16.752430] (-) TimerEvent: {}
[16.753026] (sllidar_ros2) Command: {'cmd': ['/usr/bin/cmake', '--install', '/home/epiibots/ros2_ws/build/sllidar_ros2'], 'cwd': '/home/epiibots/ros2_ws/build/sllidar_ros2', 'env': OrderedDict({'LESSOPEN': '| /usr/bin/lesspipe %s', 'USER': 'epiibots', 'SSH_CLIENT': '192.168.0.114 46444 22', 'GZ_CONFIG_PATH': '/opt/ros/jazzy/opt/gz_sim_vendor/share/gz:/opt/ros/jazzy/opt/sdformat_vendor/share/gz:/opt/ros/jazzy/opt/gz_gui_vendor/share/gz:/opt/ros/jazzy/opt/gz_transport_vendor/share/gz:/opt/ros/jazzy/opt/gz_rendering_vendor/share/gz:/opt/ros/jazzy/opt/gz_plugin_vendor/share/gz:/opt/ros/jazzy/opt/gz_fuel_tools_vendor/share/gz:/opt/ros/jazzy/opt/gz_msgs_vendor/share/gz:/opt/ros/jazzy/opt/gz_common_vendor/share/gz', 'XDG_SESSION_TYPE': 'tty', 'SHLVL': '1', 'LD_LIBRARY_PATH': '/home/epiibots/install/micro_ros_agent/lib:/home/epiibots/install/micro_ros_msgs/lib:/home/epiibots/ros2_ws/install/micro_ros_agent/lib:/home/epiibots/ros2_ws/install/micro_ros_msgs/lib:/home/epiibots/ros2_ws/install/drive_base_msgs/lib:/opt/ros/jazzy/opt/gz_sim_vendor/lib:/opt/ros/jazzy/opt/gz_sensors_vendor/lib:/opt/ros/jazzy/opt/gz_physics_vendor/lib:/opt/ros/jazzy/opt/sdformat_vendor/lib:/opt/ros/jazzy/opt/rviz_ogre_vendor/lib:/opt/ros/jazzy/lib/aarch64-linux-gnu:/opt/ros/jazzy/opt/gz_gui_vendor/lib:/opt/ros/jazzy/opt/gz_transport_vendor/lib:/opt/ros/jazzy/opt/gz_rendering_vendor/lib:/opt/ros/jazzy/opt/gz_plugin_vendor/lib:/opt/ros/jazzy/opt/gz_fuel_tools_vendor/lib:/opt/ros/jazzy/opt/gz_msgs_vendor/lib:/opt/ros/jazzy/opt/gz_common_vendor/lib:/opt/ros/jazzy/opt/gz_math_vendor/lib:/opt/ros/jazzy/opt/gz_utils_vendor/lib:/opt/ros/jazzy/opt/gz_tools_vendor/lib:/opt/ros/jazzy/opt/gz_ogre_next_vendor/lib:/opt/ros/jazzy/opt/gz_dartsim_vendor/lib:/opt/ros/jazzy/opt/gz_cmake_vendor/lib:/opt/ros/jazzy/lib', 'HOME': '/home/epiibots', 'OLDPWD': '/home/epiibots', 'SSH_TTY': '/dev/pts/0', 'ROS_PYTHON_VERSION': '3', 'DBUS_SESSION_BUS_ADDRESS': 'unix:path=/run/user/1000/bus', 'DEBUGINFOD_URLS': 'https://debuginfod.ubuntu.com', 'COLCON_PREFIX_PATH': '/home/epiibots/ros2_ws/install:/home/epiibots/install', 'ROS_DISTRO': 'jazzy', 'LOGNAME': 'epiibots', '_': '/usr/bin/colcon', 'ROS_VERSION': '2', 'XDG_SESSION_CLASS': 'user', 'TERM': 'xterm-256color', 'XDG_SESSION_ID': '4', 'PATH': '/opt/ros/jazzy/opt/gz_msgs_vendor/bin:/opt/ros/jazzy/opt/gz_tools_vendor/bin:/opt/ros/jazzy/opt/gz_ogre_next_vendor/bin:/opt/ros/jazzy/bin:/usr/local/sbin:/usr/local/bin:/usr/sbin:/usr/bin:/sbin:/bin:/usr/games:/usr/local/games:/snap/bin', 'XDG_RUNTIME_DIR': '/run/user/1000', 'DISPLAY': 'localhost:10.0', 'LANG': 'en_US.UTF-8', 'LS_COLORS': 'rs=0:di=01;34:ln=01;36:mh=00:pi=40;33:so=01;35:do=01;35:bd=40;33;01:cd=40;33;01:or=40;31;01:mi=00:su=37;41:sg=30;43:ca=00:tw=30;42:ow=34;42:st=37;44:ex=01;32:*.tar=01;31:*.tgz=01;31:*.arc=01;31:*.arj=01;31:*.taz=01;31:*.lha=01;31:*.lz4=01;31:*.lzh=01;31:*.lzma=01;31:*.tlz=01;31:*.txz=01;31:*.tzo=01;31:*.t7z=01;31:*.zip=01;31:*.z=01;31:*.dz=01;31:*.gz=01;31:*.lrz=01;31:*.lz=01;31:*.lzo=01;31:*.xz=01;31:*.zst=01;31:*.tzst=01;31:*.bz2=01;31:*.bz=01;31:*.tbz=01;31:*.tbz2=01;31:*.tz=01;31:*.deb=01;31:*.rpm=01;31:*.jar=01;31:*.war=01;31:*.ear=01;31:*.sar=01;31:*.rar=01;31:*.alz=01;31:*.ace=01;31:*.zoo=01;31:*.cpio=01;31:*.7z=01;31:*.rz=01;31:*.cab=01;31:*.wim=01;31:*.swm=01;31:*.dwm=01;31:*.esd=01;31:*.avif=01;35:*.jpg=01;35:*.jpeg=01;35:*.mjpg=01;35:*.mjpeg=01;35:*.gif=01;35:*.bmp=01;35:*.pbm=01;35:*.pgm=01;35:*.ppm=01;35:*.tga=01;35:*.xbm=01;35:*.xpm=01;35:*.tif=01;35:*.tiff=01;35:*.png=01;35:*.svg=01;35:*.svgz=01;35:*.mng=01;35:*.pcx=01;35:*.mov=01;35:*.mpg=01;35:*.mpeg=01;35:*.m2v=01;35:*.mkv=01;35:*.webm=01;35:*.webp=01;35:*.ogm=01;35:*.mp4=01;35:*.m4v=01;35:*.mp4v=01;35:*.vob=01;35:*.qt=01;35:*.nuv=01;35:*.wmv=01;35:*.asf=01;35:*.rm=01;35:*.rmvb=01;35:*.flc=01;35:*.avi=01;35:*.fli=01;35:*.flv=01;35:*.gl=01;35:*.dl=01;35:*.xcf=01;35:*.xwd=01;35:*.yuv=01;35:*.cgm=01;35:*.emf=01;35:*.ogv=01;35:*.ogx=01;35:*.aac=00;36:*.au=00;36:*.flac=00;36:*.m4a=00;36:*.mid=00;36:*.midi=00;36:*.mka=00;36:*.mp3=00;36:*.mpc=00;36:*.ogg=00;36:*.ra=00;36:*.wav=00;36:*.oga=00;36:*.opus=00;36:*.spx=00;36:*.xspf=00;36:*~=00;90:*#=00;90:*.bak=00;90:*.crdownload=00;90:*.dpkg-dist=00;90:*.dpkg-new=00;90:*.dpkg-old=00;90:*.dpkg-tmp=00;90:*.old=00;90:*.orig=00;90:*.part=00;90:*.rej=00;90:*.rpmnew=00;90:*.rpmorig=00;90:*.rpmsave=00;90:*.swp=00;90:*.tmp=00;90:*.ucf-dist=00;90:*.ucf-new=00;90:*.ucf-old=00;90:', 'AMENT_PREFIX_PATH': '/home/epiibots/install/micro_ros_agent:/home/epiibots/install/micro_ros_msgs:/home/epiibots/ros2_ws/install/controlegeral_carrinho:/home/epiibots/ros2_ws/install/sllidar_ros2:/home/epiibots/ros2_ws/install/carrinho_control:/home/epiibots/ros2_ws/install/servo_steering:/home/epiibots/ros2_ws/install/pwm_rec:/home/epiibots/ros2_ws/install/micro_ros_setup:/home/epiibots/ros2_ws/install/micro_ros_agent:/home/epiibots/ros2_ws/install/micro_ros_msgs:/home/epiibots/ros2_ws/install/lidar_teste:/home/epiibots/ros2_ws/install/drive_base_msgs:/home/epiibots/ros2_ws/install/detector:/home/epiibots/ros2_ws/install/carrinho_localization:/home/epiibots/ros2_ws/install/carrinho_base:/home/epiibots/ros2_ws/install/calibration:/home/epiibots/ros2_ws/install/bno055:/opt/ros/jazzy', 'SHELL': '/bin/bash', 'LESSCLOSE': '/usr/bin/lesspipe %s %s', 'ROS_AUTOMATIC_DISCOVERY_RANGE': 'SUBNET', 'PWD': '/home/epiibots/ros2_ws/build/sllidar_ros2', 'LC_ALL': 'en_US.UTF-8', 'SSH_CONNECTION': '192.168.0.114 46444 192.168.0.67 22', 'XDG_DATA_DIRS': '/usr/share/gnome:/usr/local/share:/usr/share:/var/lib/snapd/desktop', 'PYTHONPATH': '/home/epiibots/install/micro_ros_msgs/lib/python3.12/site-packages:/home/epiibots/ros2_ws/install/controlegeral_carrinho/lib/python3.12/site-packages:/home/epiibots/ros2_ws/install/carrinho_control/lib/python3.12/site-packages:/home/epiibots/ros2_ws/install/servo_steering/lib/python3.12/site-packages:/home/epiibots/ros2_ws/install/pwm_rec/lib/python3.12/site-packages:/home/epiibots/ros2_ws/install/micro_ros_msgs/lib/python3.12/site-packages:/home/epiibots/ros2_ws/install/lidar_teste/lib/python3.12/site-packages:/home/epiibots/ros2_ws/install/drive_base_msgs/lib/python3.12/site-packages:/home/epiibots/ros2_ws/install/detector/lib/python3.12/site-packages:/home/epiibots/ros2_ws/install/carrinho_localization/lib/python3.12/site-packages:/home/epiibots/ros2_ws/install/carrinho_base/lib/python3.12/site-packages:/home/epiibots/ros2_ws/install/calibration/lib/python3.12/site-packages:/home/epiibots/ros2_ws/install/bno055/lib/python3.12/site-packages:/opt/ros/jazzy/lib/python3.12/site-packages', 'COLCON': '1', 'CMAKE_PREFIX_PATH': '/home/epiibots/install/micro_ros_agent:/home/epiibots/install/micro_ros_msgs:/home/epiibots/ros2_ws/install/sllidar_ros2:/home/epiibots/ros2_ws/install/micro_ros_setup:/home/epiibots/ros2_ws/install/micro_ros_agent:/home/epiibots/ros2_ws/install/micro_ros_msgs:/home/epiibots/ros2_ws/install/drive_base_msgs:/opt/ros/jazzy/opt/gz_sim_vendor:/opt/ros/jazzy/opt/gz_sensors_vendor:/opt/ros/jazzy/opt/gz_physics_vendor:/opt/ros/jazzy/opt/sdformat_vendor:/opt/ros/jazzy/opt/gz_gui_vendor:/opt/ros/jazzy/opt/gz_transport_vendor:/opt/ros/jazzy/opt/gz_rendering_vendor:/opt/ros/jazzy/opt/gz_plugin_vendor:/opt/ros/jazzy/opt/gz_fuel_tools_vendor:/opt/ros/jazzy/opt/gz_msgs_vendor:/opt/ros/jazzy/opt/gz_common_vendor:/opt/ros/jazzy/opt/gz_math_vendor:/opt/ros/jazzy/opt/gz_utils_vendor:/opt/ros/jazzy/opt/gz_tools_vendor:/opt/ros/jazzy/opt/gz_ogre_next_vendor:/opt/ros/jazzy/opt/gz_dartsim_vendor:/opt/ros/jazzy/opt/gz_cmake_vendor:/home/epiibots/ros2_ws/install/controlegeral_carrinho:/home/epiibots/ros2_ws/install/carrinho_control:/home/epiibots/ros2_ws/install/servo_steering:/home/epiibots/ros2_ws/install/pwm_rec:/home/epiibots/ros2_ws/install/lidar_teste:/home/epiibots/ros2_ws/install/detector:/home/epiibots/ros2_ws/install/carrinho_localization:/home/epiibots/ros2_ws/install/carrinho_base:/home/epiibots/ros2_ws/install/calibration:/home/epiibots/ros2_ws/install/bno055:/opt/ros/jazzy'}), 'shell': False}
[16.760003] (lidar_teste) CommandEnded: {'returncode': 0}
[16.801701] (lidar_teste) JobEnded: {'identifier': 'lidar_teste', 'rc': 0}
[16.807290] (micro_ros_agent) JobStarted: {'identifier': 'micro_ros_agent'}
[16.837592] (sllidar_ros2) StdoutLine: {'line': b'-- Install configuration: ""\n'}
[16.847512] (sllidar_ros2) StdoutLine: {'line': b'-- Execute custom install script\n'}
[16.853381] (sllidar_ros2) StdoutLine: {'line': b'-- Symlinking: /home/epiibots/ros2_ws/install/sllidar_ros2/share/sllidar_ros2/launch/__pycache__/sllidar_c1_launch.cpython-312.pyc\n'}
[16.856584] (-) TimerEvent: {}
[16.882504] (micro_ros_agent) JobProgress: {'identifier': 'micro_ros_agent', 'progress': 'cmake'}
[16.897393] (micro_ros_agent) JobProgress: {'identifier': 'micro_ros_agent', 'progress': 'build'}
[16.898050] (micro_ros_agent) Command: {'cmd': ['/usr/bin/cmake', '--build', '/home/epiibots/ros2_ws/build/micro_ros_agent', '--', '-j4', '-l4'], 'cwd': '/home/epiibots/ros2_ws/build/micro_ros_agent', 'env': OrderedDict({'LESSOPEN': '| /usr/bin/lesspipe %s', 'USER': 'epiibots', 'SSH_CLIENT': '192.168.0.114 46444 22', 'GZ_CONFIG_PATH': '/opt/ros/jazzy/opt/gz_sim_vendor/share/gz:/opt/ros/jazzy/opt/sdformat_vendor/share/gz:/opt/ros/jazzy/opt/gz_gui_vendor/share/gz:/opt/ros/jazzy/opt/gz_transport_vendor/share/gz:/opt/ros/jazzy/opt/gz_rendering_vendor/share/gz:/opt/ros/jazzy/opt/gz_plugin_vendor/share/gz:/opt/ros/jazzy/opt/gz_fuel_tools_vendor/share/gz:/opt/ros/jazzy/opt/gz_msgs_vendor/share/gz:/opt/ros/jazzy/opt/gz_common_vendor/share/gz', 'XDG_SESSION_TYPE': 'tty', 'SHLVL': '1', 'LD_LIBRARY_PATH': '/home/epiibots/ros2_ws/install/micro_ros_msgs/lib:/home/epiibots/install/micro_ros_agent/lib:/home/epiibots/install/micro_ros_msgs/lib:/home/epiibots/ros2_ws/install/micro_ros_agent/lib:/home/epiibots/ros2_ws/install/drive_base_msgs/lib:/opt/ros/jazzy/opt/gz_sim_vendor/lib:/opt/ros/jazzy/opt/gz_sensors_vendor/lib:/opt/ros/jazzy/opt/gz_physics_vendor/lib:/opt/ros/jazzy/opt/sdformat_vendor/lib:/opt/ros/jazzy/opt/rviz_ogre_vendor/lib:/opt/ros/jazzy/lib/aarch64-linux-gnu:/opt/ros/jazzy/opt/gz_gui_vendor/lib:/opt/ros/jazzy/opt/gz_transport_vendor/lib:/opt/ros/jazzy/opt/gz_rendering_vendor/lib:/opt/ros/jazzy/opt/gz_plugin_vendor/lib:/opt/ros/jazzy/opt/gz_fuel_tools_vendor/lib:/opt/ros/jazzy/opt/gz_msgs_vendor/lib:/opt/ros/jazzy/opt/gz_common_vendor/lib:/opt/ros/jazzy/opt/gz_math_vendor/lib:/opt/ros/jazzy/opt/gz_utils_vendor/lib:/opt/ros/jazzy/opt/gz_tools_vendor/lib:/opt/ros/jazzy/opt/gz_ogre_next_vendor/lib:/opt/ros/jazzy/opt/gz_dartsim_vendor/lib:/opt/ros/jazzy/opt/gz_cmake_vendor/lib:/opt/ros/jazzy/lib', 'HOME': '/home/epiibots', 'OLDPWD': '/home/epiibots', 'SSH_TTY': '/dev/pts/0', 'ROS_PYTHON_VERSION': '3', 'DBUS_SESSION_BUS_ADDRESS': 'unix:path=/run/user/1000/bus', 'DEBUGINFOD_URLS': 'https://debuginfod.ubuntu.com', 'COLCON_PREFIX_PATH': '/home/epiibots/ros2_ws/install:/home/epiibots/install', 'ROS_DISTRO': 'jazzy', 'LOGNAME': 'epiibots', '_': '/usr/bin/colcon', 'ROS_VERSION': '2', 'XDG_SESSION_CLASS': 'user', 'TERM': 'xterm-256color', 'XDG_SESSION_ID': '4', 'PATH': '/opt/ros/jazzy/opt/gz_msgs_vendor/bin:/opt/ros/jazzy/opt/gz_tools_vendor/bin:/opt/ros/jazzy/opt/gz_ogre_next_vendor/bin:/opt/ros/jazzy/bin:/usr/local/sbin:/usr/local/bin:/usr/sbin:/usr/bin:/sbin:/bin:/usr/games:/usr/local/games:/snap/bin', 'XDG_RUNTIME_DIR': '/run/user/1000', 'DISPLAY': 'localhost:10.0', 'LANG': 'en_US.UTF-8', 'LS_COLORS': 'rs=0:di=01;34:ln=01;36:mh=00:pi=40;33:so=01;35:do=01;35:bd=40;33;01:cd=40;33;01:or=40;31;01:mi=00:su=37;41:sg=30;43:ca=00:tw=30;42:ow=34;42:st=37;44:ex=01;32:*.tar=01;31:*.tgz=01;31:*.arc=01;31:*.arj=01;31:*.taz=01;31:*.lha=01;31:*.lz4=01;31:*.lzh=01;31:*.lzma=01;31:*.tlz=01;31:*.txz=01;31:*.tzo=01;31:*.t7z=01;31:*.zip=01;31:*.z=01;31:*.dz=01;31:*.gz=01;31:*.lrz=01;31:*.lz=01;31:*.lzo=01;31:*.xz=01;31:*.zst=01;31:*.tzst=01;31:*.bz2=01;31:*.bz=01;31:*.tbz=01;31:*.tbz2=01;31:*.tz=01;31:*.deb=01;31:*.rpm=01;31:*.jar=01;31:*.war=01;31:*.ear=01;31:*.sar=01;31:*.rar=01;31:*.alz=01;31:*.ace=01;31:*.zoo=01;31:*.cpio=01;31:*.7z=01;31:*.rz=01;31:*.cab=01;31:*.wim=01;31:*.swm=01;31:*.dwm=01;31:*.esd=01;31:*.avif=01;35:*.jpg=01;35:*.jpeg=01;35:*.mjpg=01;35:*.mjpeg=01;35:*.gif=01;35:*.bmp=01;35:*.pbm=01;35:*.pgm=01;35:*.ppm=01;35:*.tga=01;35:*.xbm=01;35:*.xpm=01;35:*.tif=01;35:*.tiff=01;35:*.png=01;35:*.svg=01;35:*.svgz=01;35:*.mng=01;35:*.pcx=01;35:*.mov=01;35:*.mpg=01;35:*.mpeg=01;35:*.m2v=01;35:*.mkv=01;35:*.webm=01;35:*.webp=01;35:*.ogm=01;35:*.mp4=01;35:*.m4v=01;35:*.mp4v=01;35:*.vob=01;35:*.qt=01;35:*.nuv=01;35:*.wmv=01;35:*.asf=01;35:*.rm=01;35:*.rmvb=01;35:*.flc=01;35:*.avi=01;35:*.fli=01;35:*.flv=01;35:*.gl=01;35:*.dl=01;35:*.xcf=01;35:*.xwd=01;35:*.yuv=01;35:*.cgm=01;35:*.emf=01;35:*.ogv=01;35:*.ogx=01;35:*.aac=00;36:*.au=00;36:*.flac=00;36:*.m4a=00;36:*.mid=00;36:*.midi=00;36:*.mka=00;36:*.mp3=00;36:*.mpc=00;36:*.ogg=00;36:*.ra=00;36:*.wav=00;36:*.oga=00;36:*.opus=00;36:*.spx=00;36:*.xspf=00;36:*~=00;90:*#=00;90:*.bak=00;90:*.crdownload=00;90:*.dpkg-dist=00;90:*.dpkg-new=00;90:*.dpkg-old=00;90:*.dpkg-tmp=00;90:*.old=00;90:*.orig=00;90:*.part=00;90:*.rej=00;90:*.rpmnew=00;90:*.rpmorig=00;90:*.rpmsave=00;90:*.swp=00;90:*.tmp=00;90:*.ucf-dist=00;90:*.ucf-new=00;90:*.ucf-old=00;90:', 'AMENT_PREFIX_PATH': '/home/epiibots/install/micro_ros_agent:/home/epiibots/install/micro_ros_msgs:/home/epiibots/ros2_ws/install/controlegeral_carrinho:/home/epiibots/ros2_ws/install/sllidar_ros2:/home/epiibots/ros2_ws/install/carrinho_control:/home/epiibots/ros2_ws/install/servo_steering:/home/epiibots/ros2_ws/install/pwm_rec:/home/epiibots/ros2_ws/install/micro_ros_setup:/home/epiibots/ros2_ws/install/micro_ros_agent:/home/epiibots/ros2_ws/install/micro_ros_msgs:/home/epiibots/ros2_ws/install/lidar_teste:/home/epiibots/ros2_ws/install/drive_base_msgs:/home/epiibots/ros2_ws/install/detector:/home/epiibots/ros2_ws/install/carrinho_localization:/home/epiibots/ros2_ws/install/carrinho_base:/home/epiibots/ros2_ws/install/calibration:/home/epiibots/ros2_ws/install/bno055:/opt/ros/jazzy', 'SHELL': '/bin/bash', 'LESSCLOSE': '/usr/bin/lesspipe %s %s', 'ROS_AUTOMATIC_DISCOVERY_RANGE': 'SUBNET', 'PWD': '/home/epiibots/ros2_ws/build/micro_ros_agent', 'LC_ALL': 'en_US.UTF-8', 'SSH_CONNECTION': '192.168.0.114 46444 192.168.0.67 22', 'XDG_DATA_DIRS': '/usr/share/gnome:/usr/local/share:/usr/share:/var/lib/snapd/desktop', 'PYTHONPATH': '/home/epiibots/ros2_ws/install/micro_ros_msgs/lib/python3.12/site-packages:/home/epiibots/install/micro_ros_msgs/lib/python3.12/site-packages:/home/epiibots/ros2_ws/install/controlegeral_carrinho/lib/python3.12/site-packages:/home/epiibots/ros2_ws/install/carrinho_control/lib/python3.12/site-packages:/home/epiibots/ros2_ws/install/servo_steering/lib/python3.12/site-packages:/home/epiibots/ros2_ws/install/pwm_rec/lib/python3.12/site-packages:/home/epiibots/ros2_ws/install/lidar_teste/lib/python3.12/site-packages:/home/epiibots/ros2_ws/install/drive_base_msgs/lib/python3.12/site-packages:/home/epiibots/ros2_ws/install/detector/lib/python3.12/site-packages:/home/epiibots/ros2_ws/install/carrinho_localization/lib/python3.12/site-packages:/home/epiibots/ros2_ws/install/carrinho_base/lib/python3.12/site-packages:/home/epiibots/ros2_ws/install/calibration/lib/python3.12/site-packages:/home/epiibots/ros2_ws/install/bno055/lib/python3.12/site-packages:/opt/ros/jazzy/lib/python3.12/site-packages', 'COLCON': '1', 'CMAKE_PREFIX_PATH': '/home/epiibots/ros2_ws/install/micro_ros_msgs:/home/epiibots/install/micro_ros_agent:/home/epiibots/install/micro_ros_msgs:/home/epiibots/ros2_ws/install/sllidar_ros2:/home/epiibots/ros2_ws/install/micro_ros_setup:/home/epiibots/ros2_ws/install/micro_ros_agent:/home/epiibots/ros2_ws/install/drive_base_msgs:/opt/ros/jazzy/opt/gz_sim_vendor:/opt/ros/jazzy/opt/gz_sensors_vendor:/opt/ros/jazzy/opt/gz_physics_vendor:/opt/ros/jazzy/opt/sdformat_vendor:/opt/ros/jazzy/opt/gz_gui_vendor:/opt/ros/jazzy/opt/gz_transport_vendor:/opt/ros/jazzy/opt/gz_rendering_vendor:/opt/ros/jazzy/opt/gz_plugin_vendor:/opt/ros/jazzy/opt/gz_fuel_tools_vendor:/opt/ros/jazzy/opt/gz_msgs_vendor:/opt/ros/jazzy/opt/gz_common_vendor:/opt/ros/jazzy/opt/gz_math_vendor:/opt/ros/jazzy/opt/gz_utils_vendor:/opt/ros/jazzy/opt/gz_tools_vendor:/opt/ros/jazzy/opt/gz_ogre_next_vendor:/opt/ros/jazzy/opt/gz_dartsim_vendor:/opt/ros/jazzy/opt/gz_cmake_vendor:/home/epiibots/ros2_ws/install/controlegeral_carrinho:/home/epiibots/ros2_ws/install/carrinho_control:/home/epiibots/ros2_ws/install/servo_steering:/home/epiibots/ros2_ws/install/pwm_rec:/home/epiibots/ros2_ws/install/lidar_teste:/home/epiibots/ros2_ws/install/detector:/home/epiibots/ros2_ws/install/carrinho_localization:/home/epiibots/ros2_ws/install/carrinho_base:/home/epiibots/ros2_ws/install/calibration:/home/epiibots/ros2_ws/install/bno055:/opt/ros/jazzy'}), 'shell': False}
[16.928814] (sllidar_ros2) StdoutLine: {'line': b'-- Up-to-date symlink: /home/epiibots/ros2_ws/install/sllidar_ros2/share/sllidar_ros2/launch/sllidar_a1_launch.py\n'}
[16.931146] (sllidar_ros2) StdoutLine: {'line': b'-- Up-to-date symlink: /home/epiibots/ros2_ws/install/sllidar_ros2/share/sllidar_ros2/launch/sllidar_a2m12_launch .py\n'}
[16.934139] (sllidar_ros2) StdoutLine: {'line': b'-- Up-to-date symlink: /home/epiibots/ros2_ws/install/sllidar_ros2/share/sllidar_ros2/launch/sllidar_a2m7_launch.py\n'}
[16.937299] (sllidar_ros2) StdoutLine: {'line': b'-- Up-to-date symlink: /home/epiibots/ros2_ws/install/sllidar_ros2/share/sllidar_ros2/launch/sllidar_a2m8_launch.py\n'}
[16.941953] (sllidar_ros2) StdoutLine: {'line': b'-- Up-to-date symlink: /home/epiibots/ros2_ws/install/sllidar_ros2/share/sllidar_ros2/launch/sllidar_a3_launch.py\n'}
[16.942591] (sllidar_ros2) StdoutLine: {'line': b'-- Up-to-date symlink: /home/epiibots/ros2_ws/install/sllidar_ros2/share/sllidar_ros2/launch/sllidar_c1_launch.py\n'}
[16.945291] (sllidar_ros2) StdoutLine: {'line': b'-- Up-to-date symlink: /home/epiibots/ros2_ws/install/sllidar_ros2/share/sllidar_ros2/launch/sllidar_s1_launch.py\n'}
[16.947662] (sllidar_ros2) StdoutLine: {'line': b'-- Up-to-date symlink: /home/epiibots/ros2_ws/install/sllidar_ros2/share/sllidar_ros2/launch/sllidar_s1_tcp_launch.py\n'}
[16.949600] (sllidar_ros2) StdoutLine: {'line': b'-- Up-to-date symlink: /home/epiibots/ros2_ws/install/sllidar_ros2/share/sllidar_ros2/launch/sllidar_s2_launch.py\n'}
[16.952719] (sllidar_ros2) StdoutLine: {'line': b'-- Up-to-date symlink: /home/epiibots/ros2_ws/install/sllidar_ros2/share/sllidar_ros2/launch/sllidar_s2e_launch.py\n'}
[16.956804] (sllidar_ros2) StdoutLine: {'line': b'-- Up-to-date symlink: /home/epiibots/ros2_ws/install/sllidar_ros2/share/sllidar_ros2/launch/sllidar_s3_launch.py\n'}
[16.957461] (-) TimerEvent: {}
[16.959978] (sllidar_ros2) StdoutLine: {'line': b'-- Up-to-date symlink: /home/epiibots/ros2_ws/install/sllidar_ros2/share/sllidar_ros2/launch/sllidar_t1_launch.py\n'}
[16.960468] (sllidar_ros2) StdoutLine: {'line': b'-- Up-to-date symlink: /home/epiibots/ros2_ws/install/sllidar_ros2/share/sllidar_ros2/launch/view_sllidar_a1_launch.py\n'}
[16.960781] (sllidar_ros2) StdoutLine: {'line': b'-- Up-to-date symlink: /home/epiibots/ros2_ws/install/sllidar_ros2/share/sllidar_ros2/launch/view_sllidar_a2m12_launch.py\n'}
[16.963972] (sllidar_ros2) StdoutLine: {'line': b'-- Up-to-date symlink: /home/epiibots/ros2_ws/install/sllidar_ros2/share/sllidar_ros2/launch/view_sllidar_a2m7_launch.py\n'}
[16.964355] (sllidar_ros2) StdoutLine: {'line': b'-- Up-to-date symlink: /home/epiibots/ros2_ws/install/sllidar_ros2/share/sllidar_ros2/launch/view_sllidar_a2m8_launch.py\n'}
[16.966993] (sllidar_ros2) StdoutLine: {'line': b'-- Up-to-date symlink: /home/epiibots/ros2_ws/install/sllidar_ros2/share/sllidar_ros2/launch/view_sllidar_a3_launch.py\n'}
[16.969994] (sllidar_ros2) StdoutLine: {'line': b'-- Up-to-date symlink: /home/epiibots/ros2_ws/install/sllidar_ros2/share/sllidar_ros2/launch/view_sllidar_c1_launch.py\n'}
[16.970568] (sllidar_ros2) StdoutLine: {'line': b'-- Up-to-date symlink: /home/epiibots/ros2_ws/install/sllidar_ros2/share/sllidar_ros2/launch/view_sllidar_s1_launch.py\n'}
[16.972039] (sllidar_ros2) StdoutLine: {'line': b'-- Up-to-date symlink: /home/epiibots/ros2_ws/install/sllidar_ros2/share/sllidar_ros2/launch/view_sllidar_s1_tcp_launch.py\n'}
[16.973285] (sllidar_ros2) StdoutLine: {'line': b'-- Up-to-date symlink: /home/epiibots/ros2_ws/install/sllidar_ros2/share/sllidar_ros2/launch/view_sllidar_s2_launch.py\n'}
[16.976295] (sllidar_ros2) StdoutLine: {'line': b'-- Up-to-date symlink: /home/epiibots/ros2_ws/install/sllidar_ros2/share/sllidar_ros2/launch/view_sllidar_s2e_launch.py\n'}
[16.976818] (sllidar_ros2) StdoutLine: {'line': b'-- Up-to-date symlink: /home/epiibots/ros2_ws/install/sllidar_ros2/share/sllidar_ros2/launch/view_sllidar_s3_launch.py\n'}
[16.978160] (sllidar_ros2) StdoutLine: {'line': b'-- Up-to-date symlink: /home/epiibots/ros2_ws/install/sllidar_ros2/share/sllidar_ros2/launch/view_sllidar_t1_launch.py\n'}
[16.980642] (sllidar_ros2) StdoutLine: {'line': b'-- Up-to-date symlink: /home/epiibots/ros2_ws/install/sllidar_ros2/share/sllidar_ros2/rviz/sllidar_ros2.rviz\n'}
[16.987239] (sllidar_ros2) StdoutLine: {'line': b'-- Up-to-date symlink: /home/epiibots/ros2_ws/install/sllidar_ros2/lib/sllidar_ros2/sllidar_node\n'}
[16.992530] (sllidar_ros2) StdoutLine: {'line': b'-- Up-to-date symlink: /home/epiibots/ros2_ws/install/sllidar_ros2/lib/sllidar_ros2/sllidar_client\n'}
[16.997957] (sllidar_ros2) StdoutLine: {'line': b'-- Up-to-date symlink: /home/epiibots/ros2_ws/install/sllidar_ros2/share/ament_index/resource_index/package_run_dependencies/sllidar_ros2\n'}
[17.000639] (sllidar_ros2) StdoutLine: {'line': b'-- Up-to-date symlink: /home/epiibots/ros2_ws/install/sllidar_ros2/share/ament_index/resource_index/parent_prefix_path/sllidar_ros2\n'}
[17.004220] (sllidar_ros2) StdoutLine: {'line': b'-- Up-to-date symlink: /home/epiibots/ros2_ws/install/sllidar_ros2/share/sllidar_ros2/environment/ament_prefix_path.sh\n'}
[17.008780] (sllidar_ros2) StdoutLine: {'line': b'-- Up-to-date symlink: /home/epiibots/ros2_ws/install/sllidar_ros2/share/sllidar_ros2/environment/ament_prefix_path.dsv\n'}
[17.009971] (sllidar_ros2) StdoutLine: {'line': b'-- Up-to-date symlink: /home/epiibots/ros2_ws/install/sllidar_ros2/share/sllidar_ros2/environment/path.sh\n'}
[17.015010] (sllidar_ros2) StdoutLine: {'line': b'-- Up-to-date symlink: /home/epiibots/ros2_ws/install/sllidar_ros2/share/sllidar_ros2/environment/path.dsv\n'}
[17.016233] (sllidar_ros2) StdoutLine: {'line': b'-- Up-to-date symlink: /home/epiibots/ros2_ws/install/sllidar_ros2/share/sllidar_ros2/local_setup.bash\n'}
[17.017987] (sllidar_ros2) StdoutLine: {'line': b'-- Up-to-date symlink: /home/epiibots/ros2_ws/install/sllidar_ros2/share/sllidar_ros2/local_setup.sh\n'}
[17.021150] (sllidar_ros2) StdoutLine: {'line': b'-- Up-to-date symlink: /home/epiibots/ros2_ws/install/sllidar_ros2/share/sllidar_ros2/local_setup.zsh\n'}
[17.022672] (sllidar_ros2) StdoutLine: {'line': b'-- Up-to-date symlink: /home/epiibots/ros2_ws/install/sllidar_ros2/share/sllidar_ros2/local_setup.dsv\n'}
[17.026160] (sllidar_ros2) StdoutLine: {'line': b'-- Symlinking: /home/epiibots/ros2_ws/install/sllidar_ros2/share/sllidar_ros2/package.dsv\n'}
[17.060347] (-) TimerEvent: {}
[17.090093] (sllidar_ros2) StdoutLine: {'line': b'-- Up-to-date symlink: /home/epiibots/ros2_ws/install/sllidar_ros2/share/ament_index/resource_index/packages/sllidar_ros2\n'}
[17.103897] (sllidar_ros2) StdoutLine: {'line': b'-- Up-to-date symlink: /home/epiibots/ros2_ws/install/sllidar_ros2/share/sllidar_ros2/cmake/ament_cmake_export_dependencies-extras.cmake\n'}
[17.104965] (sllidar_ros2) StdoutLine: {'line': b'-- Up-to-date symlink: /home/epiibots/ros2_ws/install/sllidar_ros2/share/sllidar_ros2/cmake/ament_cmake_export_include_directories-extras.cmake\n'}
[17.105994] (sllidar_ros2) StdoutLine: {'line': b'-- Up-to-date symlink: /home/epiibots/ros2_ws/install/sllidar_ros2/share/sllidar_ros2/cmake/sllidar_ros2Config.cmake\n'}
[17.106591] (sllidar_ros2) StdoutLine: {'line': b'-- Up-to-date symlink: /home/epiibots/ros2_ws/install/sllidar_ros2/share/sllidar_ros2/cmake/sllidar_ros2Config-version.cmake\n'}
[17.106758] (sllidar_ros2) StdoutLine: {'line': b'-- Up-to-date symlink: /home/epiibots/ros2_ws/install/sllidar_ros2/share/sllidar_ros2/package.xml\n'}
[17.128033] (sllidar_ros2) CommandEnded: {'returncode': 0}
[17.165846] (-) TimerEvent: {}
[17.299522] (-) TimerEvent: {}
[17.318672] (sllidar_ros2) JobEnded: {'identifier': 'sllidar_ros2', 'rc': 0}
[17.399670] (-) TimerEvent: {}
[17.423914] (micro_ros_agent) StdoutLine: {'line': b'[100%] Built target micro_ros_agent\n'}
[17.470730] (micro_ros_agent) CommandEnded: {'returncode': 0}
[17.481978] (micro_ros_agent) JobProgress: {'identifier': 'micro_ros_agent', 'progress': 'install'}
[17.489030] (micro_ros_agent) Command: {'cmd': ['/usr/bin/cmake', '--install', '/home/epiibots/ros2_ws/build/micro_ros_agent'], 'cwd': '/home/epiibots/ros2_ws/build/micro_ros_agent', 'env': OrderedDict({'LESSOPEN': '| /usr/bin/lesspipe %s', 'USER': 'epiibots', 'SSH_CLIENT': '192.168.0.114 46444 22', 'GZ_CONFIG_PATH': '/opt/ros/jazzy/opt/gz_sim_vendor/share/gz:/opt/ros/jazzy/opt/sdformat_vendor/share/gz:/opt/ros/jazzy/opt/gz_gui_vendor/share/gz:/opt/ros/jazzy/opt/gz_transport_vendor/share/gz:/opt/ros/jazzy/opt/gz_rendering_vendor/share/gz:/opt/ros/jazzy/opt/gz_plugin_vendor/share/gz:/opt/ros/jazzy/opt/gz_fuel_tools_vendor/share/gz:/opt/ros/jazzy/opt/gz_msgs_vendor/share/gz:/opt/ros/jazzy/opt/gz_common_vendor/share/gz', 'XDG_SESSION_TYPE': 'tty', 'SHLVL': '1', 'LD_LIBRARY_PATH': '/home/epiibots/ros2_ws/install/micro_ros_msgs/lib:/home/epiibots/install/micro_ros_agent/lib:/home/epiibots/install/micro_ros_msgs/lib:/home/epiibots/ros2_ws/install/micro_ros_agent/lib:/home/epiibots/ros2_ws/install/drive_base_msgs/lib:/opt/ros/jazzy/opt/gz_sim_vendor/lib:/opt/ros/jazzy/opt/gz_sensors_vendor/lib:/opt/ros/jazzy/opt/gz_physics_vendor/lib:/opt/ros/jazzy/opt/sdformat_vendor/lib:/opt/ros/jazzy/opt/rviz_ogre_vendor/lib:/opt/ros/jazzy/lib/aarch64-linux-gnu:/opt/ros/jazzy/opt/gz_gui_vendor/lib:/opt/ros/jazzy/opt/gz_transport_vendor/lib:/opt/ros/jazzy/opt/gz_rendering_vendor/lib:/opt/ros/jazzy/opt/gz_plugin_vendor/lib:/opt/ros/jazzy/opt/gz_fuel_tools_vendor/lib:/opt/ros/jazzy/opt/gz_msgs_vendor/lib:/opt/ros/jazzy/opt/gz_common_vendor/lib:/opt/ros/jazzy/opt/gz_math_vendor/lib:/opt/ros/jazzy/opt/gz_utils_vendor/lib:/opt/ros/jazzy/opt/gz_tools_vendor/lib:/opt/ros/jazzy/opt/gz_ogre_next_vendor/lib:/opt/ros/jazzy/opt/gz_dartsim_vendor/lib:/opt/ros/jazzy/opt/gz_cmake_vendor/lib:/opt/ros/jazzy/lib', 'HOME': '/home/epiibots', 'OLDPWD': '/home/epiibots', 'SSH_TTY': '/dev/pts/0', 'ROS_PYTHON_VERSION': '3', 'DBUS_SESSION_BUS_ADDRESS': 'unix:path=/run/user/1000/bus', 'DEBUGINFOD_URLS': 'https://debuginfod.ubuntu.com', 'COLCON_PREFIX_PATH': '/home/epiibots/ros2_ws/install:/home/epiibots/install', 'ROS_DISTRO': 'jazzy', 'LOGNAME': 'epiibots', '_': '/usr/bin/colcon', 'ROS_VERSION': '2', 'XDG_SESSION_CLASS': 'user', 'TERM': 'xterm-256color', 'XDG_SESSION_ID': '4', 'PATH': '/opt/ros/jazzy/opt/gz_msgs_vendor/bin:/opt/ros/jazzy/opt/gz_tools_vendor/bin:/opt/ros/jazzy/opt/gz_ogre_next_vendor/bin:/opt/ros/jazzy/bin:/usr/local/sbin:/usr/local/bin:/usr/sbin:/usr/bin:/sbin:/bin:/usr/games:/usr/local/games:/snap/bin', 'XDG_RUNTIME_DIR': '/run/user/1000', 'DISPLAY': 'localhost:10.0', 'LANG': 'en_US.UTF-8', 'LS_COLORS': 'rs=0:di=01;34:ln=01;36:mh=00:pi=40;33:so=01;35:do=01;35:bd=40;33;01:cd=40;33;01:or=40;31;01:mi=00:su=37;41:sg=30;43:ca=00:tw=30;42:ow=34;42:st=37;44:ex=01;32:*.tar=01;31:*.tgz=01;31:*.arc=01;31:*.arj=01;31:*.taz=01;31:*.lha=01;31:*.lz4=01;31:*.lzh=01;31:*.lzma=01;31:*.tlz=01;31:*.txz=01;31:*.tzo=01;31:*.t7z=01;31:*.zip=01;31:*.z=01;31:*.dz=01;31:*.gz=01;31:*.lrz=01;31:*.lz=01;31:*.lzo=01;31:*.xz=01;31:*.zst=01;31:*.tzst=01;31:*.bz2=01;31:*.bz=01;31:*.tbz=01;31:*.tbz2=01;31:*.tz=01;31:*.deb=01;31:*.rpm=01;31:*.jar=01;31:*.war=01;31:*.ear=01;31:*.sar=01;31:*.rar=01;31:*.alz=01;31:*.ace=01;31:*.zoo=01;31:*.cpio=01;31:*.7z=01;31:*.rz=01;31:*.cab=01;31:*.wim=01;31:*.swm=01;31:*.dwm=01;31:*.esd=01;31:*.avif=01;35:*.jpg=01;35:*.jpeg=01;35:*.mjpg=01;35:*.mjpeg=01;35:*.gif=01;35:*.bmp=01;35:*.pbm=01;35:*.pgm=01;35:*.ppm=01;35:*.tga=01;35:*.xbm=01;35:*.xpm=01;35:*.tif=01;35:*.tiff=01;35:*.png=01;35:*.svg=01;35:*.svgz=01;35:*.mng=01;35:*.pcx=01;35:*.mov=01;35:*.mpg=01;35:*.mpeg=01;35:*.m2v=01;35:*.mkv=01;35:*.webm=01;35:*.webp=01;35:*.ogm=01;35:*.mp4=01;35:*.m4v=01;35:*.mp4v=01;35:*.vob=01;35:*.qt=01;35:*.nuv=01;35:*.wmv=01;35:*.asf=01;35:*.rm=01;35:*.rmvb=01;35:*.flc=01;35:*.avi=01;35:*.fli=01;35:*.flv=01;35:*.gl=01;35:*.dl=01;35:*.xcf=01;35:*.xwd=01;35:*.yuv=01;35:*.cgm=01;35:*.emf=01;35:*.ogv=01;35:*.ogx=01;35:*.aac=00;36:*.au=00;36:*.flac=00;36:*.m4a=00;36:*.mid=00;36:*.midi=00;36:*.mka=00;36:*.mp3=00;36:*.mpc=00;36:*.ogg=00;36:*.ra=00;36:*.wav=00;36:*.oga=00;36:*.opus=00;36:*.spx=00;36:*.xspf=00;36:*~=00;90:*#=00;90:*.bak=00;90:*.crdownload=00;90:*.dpkg-dist=00;90:*.dpkg-new=00;90:*.dpkg-old=00;90:*.dpkg-tmp=00;90:*.old=00;90:*.orig=00;90:*.part=00;90:*.rej=00;90:*.rpmnew=00;90:*.rpmorig=00;90:*.rpmsave=00;90:*.swp=00;90:*.tmp=00;90:*.ucf-dist=00;90:*.ucf-new=00;90:*.ucf-old=00;90:', 'AMENT_PREFIX_PATH': '/home/epiibots/install/micro_ros_agent:/home/epiibots/install/micro_ros_msgs:/home/epiibots/ros2_ws/install/controlegeral_carrinho:/home/epiibots/ros2_ws/install/sllidar_ros2:/home/epiibots/ros2_ws/install/carrinho_control:/home/epiibots/ros2_ws/install/servo_steering:/home/epiibots/ros2_ws/install/pwm_rec:/home/epiibots/ros2_ws/install/micro_ros_setup:/home/epiibots/ros2_ws/install/micro_ros_agent:/home/epiibots/ros2_ws/install/micro_ros_msgs:/home/epiibots/ros2_ws/install/lidar_teste:/home/epiibots/ros2_ws/install/drive_base_msgs:/home/epiibots/ros2_ws/install/detector:/home/epiibots/ros2_ws/install/carrinho_localization:/home/epiibots/ros2_ws/install/carrinho_base:/home/epiibots/ros2_ws/install/calibration:/home/epiibots/ros2_ws/install/bno055:/opt/ros/jazzy', 'SHELL': '/bin/bash', 'LESSCLOSE': '/usr/bin/lesspipe %s %s', 'ROS_AUTOMATIC_DISCOVERY_RANGE': 'SUBNET', 'PWD': '/home/epiibots/ros2_ws/build/micro_ros_agent', 'LC_ALL': 'en_US.UTF-8', 'SSH_CONNECTION': '192.168.0.114 46444 192.168.0.67 22', 'XDG_DATA_DIRS': '/usr/share/gnome:/usr/local/share:/usr/share:/var/lib/snapd/desktop', 'PYTHONPATH': '/home/epiibots/ros2_ws/install/micro_ros_msgs/lib/python3.12/site-packages:/home/epiibots/install/micro_ros_msgs/lib/python3.12/site-packages:/home/epiibots/ros2_ws/install/controlegeral_carrinho/lib/python3.12/site-packages:/home/epiibots/ros2_ws/install/carrinho_control/lib/python3.12/site-packages:/home/epiibots/ros2_ws/install/servo_steering/lib/python3.12/site-packages:/home/epiibots/ros2_ws/install/pwm_rec/lib/python3.12/site-packages:/home/epiibots/ros2_ws/install/lidar_teste/lib/python3.12/site-packages:/home/epiibots/ros2_ws/install/drive_base_msgs/lib/python3.12/site-packages:/home/epiibots/ros2_ws/install/detector/lib/python3.12/site-packages:/home/epiibots/ros2_ws/install/carrinho_localization/lib/python3.12/site-packages:/home/epiibots/ros2_ws/install/carrinho_base/lib/python3.12/site-packages:/home/epiibots/ros2_ws/install/calibration/lib/python3.12/site-packages:/home/epiibots/ros2_ws/install/bno055/lib/python3.12/site-packages:/opt/ros/jazzy/lib/python3.12/site-packages', 'COLCON': '1', 'CMAKE_PREFIX_PATH': '/home/epiibots/ros2_ws/install/micro_ros_msgs:/home/epiibots/install/micro_ros_agent:/home/epiibots/install/micro_ros_msgs:/home/epiibots/ros2_ws/install/sllidar_ros2:/home/epiibots/ros2_ws/install/micro_ros_setup:/home/epiibots/ros2_ws/install/micro_ros_agent:/home/epiibots/ros2_ws/install/drive_base_msgs:/opt/ros/jazzy/opt/gz_sim_vendor:/opt/ros/jazzy/opt/gz_sensors_vendor:/opt/ros/jazzy/opt/gz_physics_vendor:/opt/ros/jazzy/opt/sdformat_vendor:/opt/ros/jazzy/opt/gz_gui_vendor:/opt/ros/jazzy/opt/gz_transport_vendor:/opt/ros/jazzy/opt/gz_rendering_vendor:/opt/ros/jazzy/opt/gz_plugin_vendor:/opt/ros/jazzy/opt/gz_fuel_tools_vendor:/opt/ros/jazzy/opt/gz_msgs_vendor:/opt/ros/jazzy/opt/gz_common_vendor:/opt/ros/jazzy/opt/gz_math_vendor:/opt/ros/jazzy/opt/gz_utils_vendor:/opt/ros/jazzy/opt/gz_tools_vendor:/opt/ros/jazzy/opt/gz_ogre_next_vendor:/opt/ros/jazzy/opt/gz_dartsim_vendor:/opt/ros/jazzy/opt/gz_cmake_vendor:/home/epiibots/ros2_ws/install/controlegeral_carrinho:/home/epiibots/ros2_ws/install/carrinho_control:/home/epiibots/ros2_ws/install/servo_steering:/home/epiibots/ros2_ws/install/pwm_rec:/home/epiibots/ros2_ws/install/lidar_teste:/home/epiibots/ros2_ws/install/detector:/home/epiibots/ros2_ws/install/carrinho_localization:/home/epiibots/ros2_ws/install/carrinho_base:/home/epiibots/ros2_ws/install/calibration:/home/epiibots/ros2_ws/install/bno055:/opt/ros/jazzy'}), 'shell': False}
[17.500166] (-) TimerEvent: {}
[17.515739] (micro_ros_agent) StdoutLine: {'line': b'-- Install configuration: ""\n'}
[17.516701] (micro_ros_agent) StdoutLine: {'line': b'-- Up-to-date: /home/epiibots/ros2_ws/install/micro_ros_agent/share/ament_index/resource_index/package_run_dependencies/micro_ros_agent\n'}
[17.518298] (micro_ros_agent) StdoutLine: {'line': b'-- Up-to-date: /home/epiibots/ros2_ws/install/micro_ros_agent/share/ament_index/resource_index/parent_prefix_path/micro_ros_agent\n'}
[17.518497] (micro_ros_agent) StdoutLine: {'line': b'-- Up-to-date: /home/epiibots/ros2_ws/install/micro_ros_agent/share/micro_ros_agent/environment/ament_prefix_path.sh\n'}
[17.518650] (micro_ros_agent) StdoutLine: {'line': b'-- Up-to-date: /home/epiibots/ros2_ws/install/micro_ros_agent/share/micro_ros_agent/environment/ament_prefix_path.dsv\n'}
[17.518788] (micro_ros_agent) StdoutLine: {'line': b'-- Up-to-date: /home/epiibots/ros2_ws/install/micro_ros_agent/share/micro_ros_agent/environment/path.sh\n'}
[17.520838] (micro_ros_agent) StdoutLine: {'line': b'-- Up-to-date: /home/epiibots/ros2_ws/install/micro_ros_agent/share/micro_ros_agent/environment/path.dsv\n'}
[17.522470] (micro_ros_agent) StdoutLine: {'line': b'-- Up-to-date: /home/epiibots/ros2_ws/install/micro_ros_agent/share/micro_ros_agent/local_setup.bash\n'}
[17.522781] (micro_ros_agent) StdoutLine: {'line': b'-- Up-to-date: /home/epiibots/ros2_ws/install/micro_ros_agent/share/micro_ros_agent/local_setup.sh\n'}
[17.525268] (micro_ros_agent) StdoutLine: {'line': b'-- Up-to-date: /home/epiibots/ros2_ws/install/micro_ros_agent/share/micro_ros_agent/local_setup.zsh\n'}
[17.526116] (micro_ros_agent) StdoutLine: {'line': b'-- Up-to-date: /home/epiibots/ros2_ws/install/micro_ros_agent/share/micro_ros_agent/local_setup.dsv\n'}
[17.526342] (micro_ros_agent) StdoutLine: {'line': b'-- Installing: /home/epiibots/ros2_ws/install/micro_ros_agent/share/micro_ros_agent/package.dsv\n'}
[17.526537] (micro_ros_agent) StdoutLine: {'line': b'-- Up-to-date: /home/epiibots/ros2_ws/install/micro_ros_agent/share/ament_index/resource_index/packages/micro_ros_agent\n'}
[17.526687] (micro_ros_agent) StdoutLine: {'line': b'-- Up-to-date: /home/epiibots/ros2_ws/install/micro_ros_agent/share/micro_ros_agent/cmake/ament_cmake_export_dependencies-extras.cmake\n'}
[17.526825] (micro_ros_agent) StdoutLine: {'line': b'-- Up-to-date: /home/epiibots/ros2_ws/install/micro_ros_agent/share/micro_ros_agent/cmake/micro_ros_agentConfig.cmake\n'}
[17.527020] (micro_ros_agent) StdoutLine: {'line': b'-- Up-to-date: /home/epiibots/ros2_ws/install/micro_ros_agent/share/micro_ros_agent/cmake/micro_ros_agentConfig-version.cmake\n'}
[17.527175] (micro_ros_agent) StdoutLine: {'line': b'-- Up-to-date: /home/epiibots/ros2_ws/install/micro_ros_agent/share/micro_ros_agent/package.xml\n'}
[17.527294] (micro_ros_agent) StdoutLine: {'line': b'-- Up-to-date: /home/epiibots/ros2_ws/install/micro_ros_agent/lib/micro_ros_agent/micro_ros_agent\n'}
[17.527461] (micro_ros_agent) StdoutLine: {'line': b'-- Up-to-date: /home/epiibots/ros2_ws/install/micro_ros_agent/share/micro_ros_agent/launch\n'}
[17.527612] (micro_ros_agent) StdoutLine: {'line': b'-- Up-to-date: /home/epiibots/ros2_ws/install/micro_ros_agent/share/micro_ros_agent/launch/micro_ros_agent_launch.py\n'}
[17.534373] (micro_ros_agent) CommandEnded: {'returncode': 0}
[17.600463] (-) TimerEvent: {}
[17.619690] (micro_ros_agent) JobEnded: {'identifier': 'micro_ros_agent', 'rc': 0}
[17.702973] (-) TimerEvent: {}
[17.804217] (-) TimerEvent: {}
[17.905360] (-) TimerEvent: {}
[17.992342] (pwm_rec) Command: {'cmd': ['/usr/bin/python3', '-W', 'ignore:setup.py install is deprecated', '-W', 'ignore:easy_install command is deprecated', 'setup.py', 'egg_info', '--egg-base', '../../build/pwm_rec', 'build', '--build-base', '/home/epiibots/ros2_ws/build/pwm_rec/build', 'install', '--record', '/home/epiibots/ros2_ws/build/pwm_rec/install.log', '--single-version-externally-managed', 'install_data'], 'cwd': '/home/epiibots/ros2_ws/src/pwm_rec', 'env': {'LESSOPEN': '| /usr/bin/lesspipe %s', 'USER': 'epiibots', 'SSH_CLIENT': '192.168.0.114 46444 22', 'GZ_CONFIG_PATH': '/opt/ros/jazzy/opt/gz_sim_vendor/share/gz:/opt/ros/jazzy/opt/sdformat_vendor/share/gz:/opt/ros/jazzy/opt/gz_gui_vendor/share/gz:/opt/ros/jazzy/opt/gz_transport_vendor/share/gz:/opt/ros/jazzy/opt/gz_rendering_vendor/share/gz:/opt/ros/jazzy/opt/gz_plugin_vendor/share/gz:/opt/ros/jazzy/opt/gz_fuel_tools_vendor/share/gz:/opt/ros/jazzy/opt/gz_msgs_vendor/share/gz:/opt/ros/jazzy/opt/gz_common_vendor/share/gz', 'XDG_SESSION_TYPE': 'tty', 'SHLVL': '1', 'LD_LIBRARY_PATH': '/home/epiibots/install/micro_ros_agent/lib:/home/epiibots/install/micro_ros_msgs/lib:/home/epiibots/ros2_ws/install/micro_ros_agent/lib:/home/epiibots/ros2_ws/install/micro_ros_msgs/lib:/home/epiibots/ros2_ws/install/drive_base_msgs/lib:/opt/ros/jazzy/opt/gz_sim_vendor/lib:/opt/ros/jazzy/opt/gz_sensors_vendor/lib:/opt/ros/jazzy/opt/gz_physics_vendor/lib:/opt/ros/jazzy/opt/sdformat_vendor/lib:/opt/ros/jazzy/opt/rviz_ogre_vendor/lib:/opt/ros/jazzy/lib/aarch64-linux-gnu:/opt/ros/jazzy/opt/gz_gui_vendor/lib:/opt/ros/jazzy/opt/gz_transport_vendor/lib:/opt/ros/jazzy/opt/gz_rendering_vendor/lib:/opt/ros/jazzy/opt/gz_plugin_vendor/lib:/opt/ros/jazzy/opt/gz_fuel_tools_vendor/lib:/opt/ros/jazzy/opt/gz_msgs_vendor/lib:/opt/ros/jazzy/opt/gz_common_vendor/lib:/opt/ros/jazzy/opt/gz_math_vendor/lib:/opt/ros/jazzy/opt/gz_utils_vendor/lib:/opt/ros/jazzy/opt/gz_tools_vendor/lib:/opt/ros/jazzy/opt/gz_ogre_next_vendor/lib:/opt/ros/jazzy/opt/gz_dartsim_vendor/lib:/opt/ros/jazzy/opt/gz_cmake_vendor/lib:/opt/ros/jazzy/lib', 'HOME': '/home/epiibots', 'OLDPWD': '/home/epiibots', 'SSH_TTY': '/dev/pts/0', 'ROS_PYTHON_VERSION': '3', 'DBUS_SESSION_BUS_ADDRESS': 'unix:path=/run/user/1000/bus', 'DEBUGINFOD_URLS': 'https://debuginfod.ubuntu.com', 'COLCON_PREFIX_PATH': '/home/epiibots/ros2_ws/install:/home/epiibots/install', 'ROS_DISTRO': 'jazzy', 'LOGNAME': 'epiibots', '_': '/usr/bin/colcon', 'ROS_VERSION': '2', 'XDG_SESSION_CLASS': 'user', 'TERM': 'xterm-256color', 'XDG_SESSION_ID': '4', 'PATH': '/opt/ros/jazzy/opt/gz_msgs_vendor/bin:/opt/ros/jazzy/opt/gz_tools_vendor/bin:/opt/ros/jazzy/opt/gz_ogre_next_vendor/bin:/opt/ros/jazzy/bin:/usr/local/sbin:/usr/local/bin:/usr/sbin:/usr/bin:/sbin:/bin:/usr/games:/usr/local/games:/snap/bin', 'XDG_RUNTIME_DIR': '/run/user/1000', 'DISPLAY': 'localhost:10.0', 'LANG': 'en_US.UTF-8', 'LS_COLORS': 'rs=0:di=01;34:ln=01;36:mh=00:pi=40;33:so=01;35:do=01;35:bd=40;33;01:cd=40;33;01:or=40;31;01:mi=00:su=37;41:sg=30;43:ca=00:tw=30;42:ow=34;42:st=37;44:ex=01;32:*.tar=01;31:*.tgz=01;31:*.arc=01;31:*.arj=01;31:*.taz=01;31:*.lha=01;31:*.lz4=01;31:*.lzh=01;31:*.lzma=01;31:*.tlz=01;31:*.txz=01;31:*.tzo=01;31:*.t7z=01;31:*.zip=01;31:*.z=01;31:*.dz=01;31:*.gz=01;31:*.lrz=01;31:*.lz=01;31:*.lzo=01;31:*.xz=01;31:*.zst=01;31:*.tzst=01;31:*.bz2=01;31:*.bz=01;31:*.tbz=01;31:*.tbz2=01;31:*.tz=01;31:*.deb=01;31:*.rpm=01;31:*.jar=01;31:*.war=01;31:*.ear=01;31:*.sar=01;31:*.rar=01;31:*.alz=01;31:*.ace=01;31:*.zoo=01;31:*.cpio=01;31:*.7z=01;31:*.rz=01;31:*.cab=01;31:*.wim=01;31:*.swm=01;31:*.dwm=01;31:*.esd=01;31:*.avif=01;35:*.jpg=01;35:*.jpeg=01;35:*.mjpg=01;35:*.mjpeg=01;35:*.gif=01;35:*.bmp=01;35:*.pbm=01;35:*.pgm=01;35:*.ppm=01;35:*.tga=01;35:*.xbm=01;35:*.xpm=01;35:*.tif=01;35:*.tiff=01;35:*.png=01;35:*.svg=01;35:*.svgz=01;35:*.mng=01;35:*.pcx=01;35:*.mov=01;35:*.mpg=01;35:*.mpeg=01;35:*.m2v=01;35:*.mkv=01;35:*.webm=01;35:*.webp=01;35:*.ogm=01;35:*.mp4=01;35:*.m4v=01;35:*.mp4v=01;35:*.vob=01;35:*.qt=01;35:*.nuv=01;35:*.wmv=01;35:*.asf=01;35:*.rm=01;35:*.rmvb=01;35:*.flc=01;35:*.avi=01;35:*.fli=01;35:*.flv=01;35:*.gl=01;35:*.dl=01;35:*.xcf=01;35:*.xwd=01;35:*.yuv=01;35:*.cgm=01;35:*.emf=01;35:*.ogv=01;35:*.ogx=01;35:*.aac=00;36:*.au=00;36:*.flac=00;36:*.m4a=00;36:*.mid=00;36:*.midi=00;36:*.mka=00;36:*.mp3=00;36:*.mpc=00;36:*.ogg=00;36:*.ra=00;36:*.wav=00;36:*.oga=00;36:*.opus=00;36:*.spx=00;36:*.xspf=00;36:*~=00;90:*#=00;90:*.bak=00;90:*.crdownload=00;90:*.dpkg-dist=00;90:*.dpkg-new=00;90:*.dpkg-old=00;90:*.dpkg-tmp=00;90:*.old=00;90:*.orig=00;90:*.part=00;90:*.rej=00;90:*.rpmnew=00;90:*.rpmorig=00;90:*.rpmsave=00;90:*.swp=00;90:*.tmp=00;90:*.ucf-dist=00;90:*.ucf-new=00;90:*.ucf-old=00;90:', 'AMENT_PREFIX_PATH': '/home/epiibots/install/micro_ros_agent:/home/epiibots/install/micro_ros_msgs:/home/epiibots/ros2_ws/install/controlegeral_carrinho:/home/epiibots/ros2_ws/install/sllidar_ros2:/home/epiibots/ros2_ws/install/carrinho_control:/home/epiibots/ros2_ws/install/servo_steering:/home/epiibots/ros2_ws/install/pwm_rec:/home/epiibots/ros2_ws/install/micro_ros_setup:/home/epiibots/ros2_ws/install/micro_ros_agent:/home/epiibots/ros2_ws/install/micro_ros_msgs:/home/epiibots/ros2_ws/install/lidar_teste:/home/epiibots/ros2_ws/install/drive_base_msgs:/home/epiibots/ros2_ws/install/detector:/home/epiibots/ros2_ws/install/carrinho_localization:/home/epiibots/ros2_ws/install/carrinho_base:/home/epiibots/ros2_ws/install/calibration:/home/epiibots/ros2_ws/install/bno055:/opt/ros/jazzy', 'SHELL': '/bin/bash', 'LESSCLOSE': '/usr/bin/lesspipe %s %s', 'ROS_AUTOMATIC_DISCOVERY_RANGE': 'SUBNET', 'PWD': '/home/epiibots/ros2_ws/build/pwm_rec', 'LC_ALL': 'en_US.UTF-8', 'SSH_CONNECTION': '192.168.0.114 46444 192.168.0.67 22', 'XDG_DATA_DIRS': '/usr/share/gnome:/usr/local/share:/usr/share:/var/lib/snapd/desktop', 'PYTHONPATH': '/home/epiibots/ros2_ws/build/pwm_rec/prefix_override:/usr/lib/python3/dist-packages/colcon_core/task/python/colcon_distutils_commands:/home/epiibots/ros2_ws/install/pwm_rec/lib/python3.12/site-packages:/home/epiibots/install/micro_ros_msgs/lib/python3.12/site-packages:/home/epiibots/ros2_ws/install/controlegeral_carrinho/lib/python3.12/site-packages:/home/epiibots/ros2_ws/install/carrinho_control/lib/python3.12/site-packages:/home/epiibots/ros2_ws/install/servo_steering/lib/python3.12/site-packages:/home/epiibots/ros2_ws/install/pwm_rec/lib/python3.12/site-packages:/home/epiibots/ros2_ws/install/micro_ros_msgs/lib/python3.12/site-packages:/home/epiibots/ros2_ws/install/lidar_teste/lib/python3.12/site-packages:/home/epiibots/ros2_ws/install/drive_base_msgs/lib/python3.12/site-packages:/home/epiibots/ros2_ws/install/detector/lib/python3.12/site-packages:/home/epiibots/ros2_ws/install/carrinho_localization/lib/python3.12/site-packages:/home/epiibots/ros2_ws/install/carrinho_base/lib/python3.12/site-packages:/home/epiibots/ros2_ws/install/calibration/lib/python3.12/site-packages:/home/epiibots/ros2_ws/install/bno055/lib/python3.12/site-packages:/opt/ros/jazzy/lib/python3.12/site-packages', 'COLCON': '1', 'CMAKE_PREFIX_PATH': '/home/epiibots/install/micro_ros_agent:/home/epiibots/install/micro_ros_msgs:/home/epiibots/ros2_ws/install/sllidar_ros2:/home/epiibots/ros2_ws/install/micro_ros_setup:/home/epiibots/ros2_ws/install/micro_ros_agent:/home/epiibots/ros2_ws/install/micro_ros_msgs:/home/epiibots/ros2_ws/install/drive_base_msgs:/opt/ros/jazzy/opt/gz_sim_vendor:/opt/ros/jazzy/opt/gz_sensors_vendor:/opt/ros/jazzy/opt/gz_physics_vendor:/opt/ros/jazzy/opt/sdformat_vendor:/opt/ros/jazzy/opt/gz_gui_vendor:/opt/ros/jazzy/opt/gz_transport_vendor:/opt/ros/jazzy/opt/gz_rendering_vendor:/opt/ros/jazzy/opt/gz_plugin_vendor:/opt/ros/jazzy/opt/gz_fuel_tools_vendor:/opt/ros/jazzy/opt/gz_msgs_vendor:/opt/ros/jazzy/opt/gz_common_vendor:/opt/ros/jazzy/opt/gz_math_vendor:/opt/ros/jazzy/opt/gz_utils_vendor:/opt/ros/jazzy/opt/gz_tools_vendor:/opt/ros/jazzy/opt/gz_ogre_next_vendor:/opt/ros/jazzy/opt/gz_dartsim_vendor:/opt/ros/jazzy/opt/gz_cmake_vendor'}, 'shell': False}
[18.008020] (-) TimerEvent: {}
[18.108760] (-) TimerEvent: {}
[18.209284] (-) TimerEvent: {}
[18.309828] (-) TimerEvent: {}
[18.412174] (-) TimerEvent: {}
[18.513973] (-) TimerEvent: {}
[18.617985] (-) TimerEvent: {}
[18.703663] (pwm_rec) StdoutLine: {'line': b'running egg_info\n'}
[18.718091] (-) TimerEvent: {}
[18.732799] (pwm_rec) StdoutLine: {'line': b'writing ../../build/pwm_rec/pwm_rec.egg-info/PKG-INFO\n'}
[18.733878] (pwm_rec) StdoutLine: {'line': b'writing dependency_links to ../../build/pwm_rec/pwm_rec.egg-info/dependency_links.txt\n'}
[18.736261] (pwm_rec) StdoutLine: {'line': b'writing entry points to ../../build/pwm_rec/pwm_rec.egg-info/entry_points.txt\n'}
[18.736907] (pwm_rec) StdoutLine: {'line': b'writing requirements to ../../build/pwm_rec/pwm_rec.egg-info/requires.txt\n'}
[18.741964] (pwm_rec) StdoutLine: {'line': b'writing top-level names to ../../build/pwm_rec/pwm_rec.egg-info/top_level.txt\n'}
[18.818244] (-) TimerEvent: {}
[18.867222] (pwm_rec) StdoutLine: {'line': b"reading manifest file '../../build/pwm_rec/pwm_rec.egg-info/SOURCES.txt'\n"}
[18.876161] (pwm_rec) StdoutLine: {'line': b"adding license file 'LICENSE'\n"}
[18.876758] (pwm_rec) StdoutLine: {'line': b"writing manifest file '../../build/pwm_rec/pwm_rec.egg-info/SOURCES.txt'\n"}
[18.877138] (pwm_rec) StdoutLine: {'line': b'running build\n'}
[18.878956] (pwm_rec) StdoutLine: {'line': b'running build_py\n'}
[18.879602] (pwm_rec) StdoutLine: {'line': b'running install\n'}
[18.894974] (pwm_rec) StdoutLine: {'line': b'running install_lib\n'}
[18.918416] (-) TimerEvent: {}
[18.942451] (pwm_rec) StdoutLine: {'line': b'running install_data\n'}
[18.944586] (pwm_rec) StdoutLine: {'line': b'running install_egg_info\n'}
[19.013767] (pwm_rec) StdoutLine: {'line': b"removing '/home/epiibots/ros2_ws/install/pwm_rec/lib/python3.12/site-packages/pwm_rec-0.0.0-py3.12.egg-info' (and everything under it)\n"}
[19.017534] (pwm_rec) StdoutLine: {'line': b'Copying ../../build/pwm_rec/pwm_rec.egg-info to /home/epiibots/ros2_ws/install/pwm_rec/lib/python3.12/site-packages/pwm_rec-0.0.0-py3.12.egg-info\n'}
[19.018544] (-) TimerEvent: {}
[19.027019] (pwm_rec) StdoutLine: {'line': b'running install_scripts\n'}
[19.100392] (carrinho_control) Command: {'cmd': ['/usr/bin/python3', '-W', 'ignore:setup.py install is deprecated', '-W', 'ignore:easy_install command is deprecated', 'setup.py', 'egg_info', '--egg-base', '../../build/carrinho_control', 'build', '--build-base', '/home/epiibots/ros2_ws/build/carrinho_control/build', 'install', '--record', '/home/epiibots/ros2_ws/build/carrinho_control/install.log', '--single-version-externally-managed', 'install_data'], 'cwd': '/home/epiibots/ros2_ws/src/carrinho_control', 'env': {'LESSOPEN': '| /usr/bin/lesspipe %s', 'USER': 'epiibots', 'SSH_CLIENT': '192.168.0.114 46444 22', 'GZ_CONFIG_PATH': '/opt/ros/jazzy/opt/gz_sim_vendor/share/gz:/opt/ros/jazzy/opt/sdformat_vendor/share/gz:/opt/ros/jazzy/opt/gz_gui_vendor/share/gz:/opt/ros/jazzy/opt/gz_transport_vendor/share/gz:/opt/ros/jazzy/opt/gz_rendering_vendor/share/gz:/opt/ros/jazzy/opt/gz_plugin_vendor/share/gz:/opt/ros/jazzy/opt/gz_fuel_tools_vendor/share/gz:/opt/ros/jazzy/opt/gz_msgs_vendor/share/gz:/opt/ros/jazzy/opt/gz_common_vendor/share/gz', 'XDG_SESSION_TYPE': 'tty', 'SHLVL': '1', 'LD_LIBRARY_PATH': '/home/epiibots/install/micro_ros_agent/lib:/home/epiibots/install/micro_ros_msgs/lib:/home/epiibots/ros2_ws/install/micro_ros_agent/lib:/home/epiibots/ros2_ws/install/micro_ros_msgs/lib:/home/epiibots/ros2_ws/install/drive_base_msgs/lib:/opt/ros/jazzy/opt/gz_sim_vendor/lib:/opt/ros/jazzy/opt/gz_sensors_vendor/lib:/opt/ros/jazzy/opt/gz_physics_vendor/lib:/opt/ros/jazzy/opt/sdformat_vendor/lib:/opt/ros/jazzy/opt/rviz_ogre_vendor/lib:/opt/ros/jazzy/lib/aarch64-linux-gnu:/opt/ros/jazzy/opt/gz_gui_vendor/lib:/opt/ros/jazzy/opt/gz_transport_vendor/lib:/opt/ros/jazzy/opt/gz_rendering_vendor/lib:/opt/ros/jazzy/opt/gz_plugin_vendor/lib:/opt/ros/jazzy/opt/gz_fuel_tools_vendor/lib:/opt/ros/jazzy/opt/gz_msgs_vendor/lib:/opt/ros/jazzy/opt/gz_common_vendor/lib:/opt/ros/jazzy/opt/gz_math_vendor/lib:/opt/ros/jazzy/opt/gz_utils_vendor/lib:/opt/ros/jazzy/opt/gz_tools_vendor/lib:/opt/ros/jazzy/opt/gz_ogre_next_vendor/lib:/opt/ros/jazzy/opt/gz_dartsim_vendor/lib:/opt/ros/jazzy/opt/gz_cmake_vendor/lib:/opt/ros/jazzy/lib', 'HOME': '/home/epiibots', 'OLDPWD': '/home/epiibots', 'SSH_TTY': '/dev/pts/0', 'ROS_PYTHON_VERSION': '3', 'DBUS_SESSION_BUS_ADDRESS': 'unix:path=/run/user/1000/bus', 'DEBUGINFOD_URLS': 'https://debuginfod.ubuntu.com', 'COLCON_PREFIX_PATH': '/home/epiibots/ros2_ws/install:/home/epiibots/install', 'ROS_DISTRO': 'jazzy', 'LOGNAME': 'epiibots', '_': '/usr/bin/colcon', 'ROS_VERSION': '2', 'XDG_SESSION_CLASS': 'user', 'TERM': 'xterm-256color', 'XDG_SESSION_ID': '4', 'PATH': '/opt/ros/jazzy/opt/gz_msgs_vendor/bin:/opt/ros/jazzy/opt/gz_tools_vendor/bin:/opt/ros/jazzy/opt/gz_ogre_next_vendor/bin:/opt/ros/jazzy/bin:/usr/local/sbin:/usr/local/bin:/usr/sbin:/usr/bin:/sbin:/bin:/usr/games:/usr/local/games:/snap/bin', 'XDG_RUNTIME_DIR': '/run/user/1000', 'DISPLAY': 'localhost:10.0', 'LANG': 'en_US.UTF-8', 'LS_COLORS': 'rs=0:di=01;34:ln=01;36:mh=00:pi=40;33:so=01;35:do=01;35:bd=40;33;01:cd=40;33;01:or=40;31;01:mi=00:su=37;41:sg=30;43:ca=00:tw=30;42:ow=34;42:st=37;44:ex=01;32:*.tar=01;31:*.tgz=01;31:*.arc=01;31:*.arj=01;31:*.taz=01;31:*.lha=01;31:*.lz4=01;31:*.lzh=01;31:*.lzma=01;31:*.tlz=01;31:*.txz=01;31:*.tzo=01;31:*.t7z=01;31:*.zip=01;31:*.z=01;31:*.dz=01;31:*.gz=01;31:*.lrz=01;31:*.lz=01;31:*.lzo=01;31:*.xz=01;31:*.zst=01;31:*.tzst=01;31:*.bz2=01;31:*.bz=01;31:*.tbz=01;31:*.tbz2=01;31:*.tz=01;31:*.deb=01;31:*.rpm=01;31:*.jar=01;31:*.war=01;31:*.ear=01;31:*.sar=01;31:*.rar=01;31:*.alz=01;31:*.ace=01;31:*.zoo=01;31:*.cpio=01;31:*.7z=01;31:*.rz=01;31:*.cab=01;31:*.wim=01;31:*.swm=01;31:*.dwm=01;31:*.esd=01;31:*.avif=01;35:*.jpg=01;35:*.jpeg=01;35:*.mjpg=01;35:*.mjpeg=01;35:*.gif=01;35:*.bmp=01;35:*.pbm=01;35:*.pgm=01;35:*.ppm=01;35:*.tga=01;35:*.xbm=01;35:*.xpm=01;35:*.tif=01;35:*.tiff=01;35:*.png=01;35:*.svg=01;35:*.svgz=01;35:*.mng=01;35:*.pcx=01;35:*.mov=01;35:*.mpg=01;35:*.mpeg=01;35:*.m2v=01;35:*.mkv=01;35:*.webm=01;35:*.webp=01;35:*.ogm=01;35:*.mp4=01;35:*.m4v=01;35:*.mp4v=01;35:*.vob=01;35:*.qt=01;35:*.nuv=01;35:*.wmv=01;35:*.asf=01;35:*.rm=01;35:*.rmvb=01;35:*.flc=01;35:*.avi=01;35:*.fli=01;35:*.flv=01;35:*.gl=01;35:*.dl=01;35:*.xcf=01;35:*.xwd=01;35:*.yuv=01;35:*.cgm=01;35:*.emf=01;35:*.ogv=01;35:*.ogx=01;35:*.aac=00;36:*.au=00;36:*.flac=00;36:*.m4a=00;36:*.mid=00;36:*.midi=00;36:*.mka=00;36:*.mp3=00;36:*.mpc=00;36:*.ogg=00;36:*.ra=00;36:*.wav=00;36:*.oga=00;36:*.opus=00;36:*.spx=00;36:*.xspf=00;36:*~=00;90:*#=00;90:*.bak=00;90:*.crdownload=00;90:*.dpkg-dist=00;90:*.dpkg-new=00;90:*.dpkg-old=00;90:*.dpkg-tmp=00;90:*.old=00;90:*.orig=00;90:*.part=00;90:*.rej=00;90:*.rpmnew=00;90:*.rpmorig=00;90:*.rpmsave=00;90:*.swp=00;90:*.tmp=00;90:*.ucf-dist=00;90:*.ucf-new=00;90:*.ucf-old=00;90:', 'AMENT_PREFIX_PATH': '/home/epiibots/ros2_ws/install/servo_steering:/home/epiibots/ros2_ws/install/carrinho_localization:/home/epiibots/install/micro_ros_agent:/home/epiibots/install/micro_ros_msgs:/home/epiibots/ros2_ws/install/controlegeral_carrinho:/home/epiibots/ros2_ws/install/sllidar_ros2:/home/epiibots/ros2_ws/install/carrinho_control:/home/epiibots/ros2_ws/install/pwm_rec:/home/epiibots/ros2_ws/install/micro_ros_setup:/home/epiibots/ros2_ws/install/micro_ros_agent:/home/epiibots/ros2_ws/install/micro_ros_msgs:/home/epiibots/ros2_ws/install/lidar_teste:/home/epiibots/ros2_ws/install/drive_base_msgs:/home/epiibots/ros2_ws/install/detector:/home/epiibots/ros2_ws/install/carrinho_base:/home/epiibots/ros2_ws/install/calibration:/home/epiibots/ros2_ws/install/bno055:/opt/ros/jazzy', 'SHELL': '/bin/bash', 'LESSCLOSE': '/usr/bin/lesspipe %s %s', 'ROS_AUTOMATIC_DISCOVERY_RANGE': 'SUBNET', 'PWD': '/home/epiibots/ros2_ws/build/carrinho_control', 'LC_ALL': 'en_US.UTF-8', 'SSH_CONNECTION': '192.168.0.114 46444 192.168.0.67 22', 'XDG_DATA_DIRS': '/usr/share/gnome:/usr/local/share:/usr/share:/var/lib/snapd/desktop', 'PYTHONPATH': '/home/epiibots/ros2_ws/build/carrinho_control/prefix_override:/usr/lib/python3/dist-packages/colcon_core/task/python/colcon_distutils_commands:/home/epiibots/ros2_ws/install/carrinho_control/lib/python3.12/site-packages:/home/epiibots/ros2_ws/install/servo_steering/lib/python3.12/site-packages:/home/epiibots/ros2_ws/install/carrinho_localization/lib/python3.12/site-packages:/home/epiibots/install/micro_ros_msgs/lib/python3.12/site-packages:/home/epiibots/ros2_ws/install/controlegeral_carrinho/lib/python3.12/site-packages:/home/epiibots/ros2_ws/install/carrinho_control/lib/python3.12/site-packages:/home/epiibots/ros2_ws/install/pwm_rec/lib/python3.12/site-packages:/home/epiibots/ros2_ws/install/micro_ros_msgs/lib/python3.12/site-packages:/home/epiibots/ros2_ws/install/lidar_teste/lib/python3.12/site-packages:/home/epiibots/ros2_ws/install/drive_base_msgs/lib/python3.12/site-packages:/home/epiibots/ros2_ws/install/detector/lib/python3.12/site-packages:/home/epiibots/ros2_ws/install/carrinho_base/lib/python3.12/site-packages:/home/epiibots/ros2_ws/install/calibration/lib/python3.12/site-packages:/home/epiibots/ros2_ws/install/bno055/lib/python3.12/site-packages:/opt/ros/jazzy/lib/python3.12/site-packages', 'COLCON': '1', 'CMAKE_PREFIX_PATH': '/home/epiibots/install/micro_ros_agent:/home/epiibots/install/micro_ros_msgs:/home/epiibots/ros2_ws/install/sllidar_ros2:/home/epiibots/ros2_ws/install/micro_ros_setup:/home/epiibots/ros2_ws/install/micro_ros_agent:/home/epiibots/ros2_ws/install/micro_ros_msgs:/home/epiibots/ros2_ws/install/drive_base_msgs:/opt/ros/jazzy/opt/gz_sim_vendor:/opt/ros/jazzy/opt/gz_sensors_vendor:/opt/ros/jazzy/opt/gz_physics_vendor:/opt/ros/jazzy/opt/sdformat_vendor:/opt/ros/jazzy/opt/gz_gui_vendor:/opt/ros/jazzy/opt/gz_transport_vendor:/opt/ros/jazzy/opt/gz_rendering_vendor:/opt/ros/jazzy/opt/gz_plugin_vendor:/opt/ros/jazzy/opt/gz_fuel_tools_vendor:/opt/ros/jazzy/opt/gz_msgs_vendor:/opt/ros/jazzy/opt/gz_common_vendor:/opt/ros/jazzy/opt/gz_math_vendor:/opt/ros/jazzy/opt/gz_utils_vendor:/opt/ros/jazzy/opt/gz_tools_vendor:/opt/ros/jazzy/opt/gz_ogre_next_vendor:/opt/ros/jazzy/opt/gz_dartsim_vendor:/opt/ros/jazzy/opt/gz_cmake_vendor'}, 'shell': False}
[19.118653] (-) TimerEvent: {}
[19.219810] (-) TimerEvent: {}
[19.324084] (-) TimerEvent: {}
[19.414108] (pwm_rec) StdoutLine: {'line': b'Installing rpm_saver script to /home/epiibots/ros2_ws/install/pwm_rec/lib/pwm_rec\n'}
[19.414590] (pwm_rec) StdoutLine: {'line': b"writing list of installed files to '/home/epiibots/ros2_ws/build/pwm_rec/install.log'\n"}
[19.426015] (-) TimerEvent: {}
[19.526715] (-) TimerEvent: {}
[19.558414] (pwm_rec) CommandEnded: {'returncode': 0}
[19.571606] (pwm_rec) JobEnded: {'identifier': 'pwm_rec', 'rc': 0}
[19.626836] (-) TimerEvent: {}
[19.727270] (-) TimerEvent: {}
[19.777943] (carrinho_control) StdoutLine: {'line': b'running egg_info\n'}
[19.827394] (-) TimerEvent: {}
[19.836107] (carrinho_control) StdoutLine: {'line': b'writing ../../build/carrinho_control/carrinho_control.egg-info/PKG-INFO\n'}
[19.836891] (carrinho_control) StdoutLine: {'line': b'writing dependency_links to ../../build/carrinho_control/carrinho_control.egg-info/dependency_links.txt\n'}
[19.840110] (carrinho_control) StdoutLine: {'line': b'writing entry points to ../../build/carrinho_control/carrinho_control.egg-info/entry_points.txt\n'}
[19.840893] (carrinho_control) StdoutLine: {'line': b'writing requirements to ../../build/carrinho_control/carrinho_control.egg-info/requires.txt\n'}
[19.841567] (carrinho_control) StdoutLine: {'line': b'writing top-level names to ../../build/carrinho_control/carrinho_control.egg-info/top_level.txt\n'}
[19.898880] (carrinho_control) StdoutLine: {'line': b"reading manifest file '../../build/carrinho_control/carrinho_control.egg-info/SOURCES.txt'\n"}
[19.903731] (carrinho_control) StdoutLine: {'line': b"writing manifest file '../../build/carrinho_control/carrinho_control.egg-info/SOURCES.txt'\n"}
[19.903971] (carrinho_control) StdoutLine: {'line': b'running build\n'}
[19.904115] (carrinho_control) StdoutLine: {'line': b'running build_py\n'}
[19.904493] (carrinho_control) StdoutLine: {'line': b'running install\n'}
[19.916150] (carrinho_control) StdoutLine: {'line': b'running install_lib\n'}
[19.927467] (-) TimerEvent: {}
[19.942473] (carrinho_control) StdoutLine: {'line': b'running install_data\n'}
[19.942766] (carrinho_control) StdoutLine: {'line': b'running install_egg_info\n'}
[19.970425] (carrinho_control) StdoutLine: {'line': b"removing '/home/epiibots/ros2_ws/install/carrinho_control/lib/python3.12/site-packages/carrinho_control-0.1.0-py3.12.egg-info' (and everything under it)\n"}
[19.972976] (carrinho_control) StdoutLine: {'line': b'Copying ../../build/carrinho_control/carrinho_control.egg-info to /home/epiibots/ros2_ws/install/carrinho_control/lib/python3.12/site-packages/carrinho_control-0.1.0-py3.12.egg-info\n'}
[19.977486] (carrinho_control) StdoutLine: {'line': b'running install_scripts\n'}
[20.027583] (-) TimerEvent: {}
[20.127960] (-) TimerEvent: {}
[20.210389] (carrinho_control) StdoutLine: {'line': b'Installing motor_pid_controller script to /home/epiibots/ros2_ws/install/carrinho_control/lib/carrinho_control\n'}
[20.211024] (carrinho_control) StdoutLine: {'line': b"writing list of installed files to '/home/epiibots/ros2_ws/build/carrinho_control/install.log'\n"}
[20.228064] (-) TimerEvent: {}
[20.307076] (carrinho_control) CommandEnded: {'returncode': 0}
[20.328151] (-) TimerEvent: {}
[20.357744] (carrinho_control) JobEnded: {'identifier': 'carrinho_control', 'rc': 0}
[20.359669] (-) EventReactorShutdown: {}
