[0.151s] DEBUG:colcon:Command line arguments: ['/usr/bin/colcon', 'build']
[0.151s] DEBUG:colcon:Parsed command line arguments: Namespace(log_base=None, log_level=None, verb_name='build', build_base='build', install_base='install', merge_install=False, symlink_install=False, test_result_base=None, continue_on_error=False, executor='parallel', parallel_workers=4, event_handlers=None, ignore_user_meta=False, metas=['./colcon.meta'], base_paths=['.'], packages_ignore=None, packages_ignore_regex=None, paths=None, packages_up_to=None, packages_up_to_regex=None, packages_above=None, packages_above_and_dependencies=None, packages_above_depth=None, packages_select_by_dep=None, packages_skip_by_dep=None, packages_skip_up_to=None, packages_select_build_failed=False, packages_skip_build_finished=False, packages_select_test_failures=False, packages_skip_test_passed=False, packages_select=None, packages_skip=None, packages_select_regex=None, packages_skip_regex=None, packages_start=None, packages_end=None, allow_overriding=[], cmake_args=None, cmake_target=None, cmake_target_skip_unavailable=False, cmake_clean_cache=False, cmake_clean_first=False, cmake_force_configure=False, ament_cmake_args=None, catkin_cmake_args=None, catkin_skip_building_tests=False, mixin_files=None, mixin=None, verb_parser=<colcon_mixin.mixin.mixin_argument.MixinArgumentDecorator object at 0xffff969c8a70>, verb_extension=<colcon_core.verb.build.BuildVerb object at 0xffff96b79e50>, main=<bound method BuildVerb.main of <colcon_core.verb.build.BuildVerb object at 0xffff96b79e50>>, mixin_verb=('build',))
[0.209s] Level 1:colcon.colcon_core.package_discovery:discover_packages(colcon_meta) check parameters
[0.209s] Level 1:colcon.colcon_core.package_discovery:discover_packages(recursive) check parameters
[0.209s] Level 1:colcon.colcon_core.package_discovery:discover_packages(ignore) check parameters
[0.209s] Level 1:colcon.colcon_core.package_discovery:discover_packages(path) check parameters
[0.209s] Level 1:colcon.colcon_core.package_discovery:discover_packages(colcon_meta) discover
[0.209s] Level 1:colcon.colcon_core.package_discovery:discover_packages(recursive) discover
[0.209s] INFO:colcon.colcon_core.package_discovery:Crawling recursively for packages in '/home/epiibots/ros2_ws'
[0.209s] Level 1:colcon.colcon_core.package_identification:_identify(.) by extensions ['ignore', 'ignore_ament_install']
[0.209s] Level 1:colcon.colcon_core.package_identification:_identify(.) by extension 'ignore'
[0.209s] Level 1:colcon.colcon_core.package_identification:_identify(.) by extension 'ignore_ament_install'
[0.210s] Level 1:colcon.colcon_core.package_identification:_identify(.) by extensions ['colcon_pkg']
[0.210s] Level 1:colcon.colcon_core.package_identification:_identify(.) by extension 'colcon_pkg'
[0.210s] Level 1:colcon.colcon_core.package_identification:_identify(.) by extensions ['colcon_meta']
[0.210s] Level 1:colcon.colcon_core.package_identification:_identify(.) by extension 'colcon_meta'
[0.210s] Level 1:colcon.colcon_core.package_identification:_identify(.) by extensions ['ros']
[0.210s] Level 1:colcon.colcon_core.package_identification:_identify(.) by extension 'ros'
[0.248s] Level 1:colcon.colcon_core.package_identification:_identify(.) by extensions ['cmake', 'python']
[0.249s] Level 1:colcon.colcon_core.package_identification:_identify(.) by extension 'cmake'
[0.249s] Level 1:colcon.colcon_core.package_identification:_identify(.) by extension 'python'
[0.249s] Level 1:colcon.colcon_core.package_identification:_identify(.) by extensions ['python_setup_py']
[0.249s] Level 1:colcon.colcon_core.package_identification:_identify(.) by extension 'python_setup_py'
[0.249s] Level 1:colcon.colcon_core.package_identification:_identify(build) by extensions ['ignore', 'ignore_ament_install']
[0.249s] Level 1:colcon.colcon_core.package_identification:_identify(build) by extension 'ignore'
[0.249s] Level 1:colcon.colcon_core.package_identification:_identify(build) ignored
[0.249s] Level 1:colcon.colcon_core.package_identification:_identify(install) by extensions ['ignore', 'ignore_ament_install']
[0.249s] Level 1:colcon.colcon_core.package_identification:_identify(install) by extension 'ignore'
[0.249s] Level 1:colcon.colcon_core.package_identification:_identify(install) ignored
[0.250s] Level 1:colcon.colcon_core.package_identification:_identify(log) by extensions ['ignore', 'ignore_ament_install']
[0.250s] Level 1:colcon.colcon_core.package_identification:_identify(log) by extension 'ignore'
[0.250s] Level 1:colcon.colcon_core.package_identification:_identify(log) ignored
[0.250s] Level 1:colcon.colcon_core.package_identification:_identify(src) by extensions ['ignore', 'ignore_ament_install']
[0.250s] Level 1:colcon.colcon_core.package_identification:_identify(src) by extension 'ignore'
[0.250s] Level 1:colcon.colcon_core.package_identification:_identify(src) by extension 'ignore_ament_install'
[0.250s] Level 1:colcon.colcon_core.package_identification:_identify(src) by extensions ['colcon_pkg']
[0.250s] Level 1:colcon.colcon_core.package_identification:_identify(src) by extension 'colcon_pkg'
[0.250s] Level 1:colcon.colcon_core.package_identification:_identify(src) by extensions ['colcon_meta']
[0.250s] Level 1:colcon.colcon_core.package_identification:_identify(src) by extension 'colcon_meta'
[0.250s] Level 1:colcon.colcon_core.package_identification:_identify(src) by extensions ['ros']
[0.250s] Level 1:colcon.colcon_core.package_identification:_identify(src) by extension 'ros'
[0.250s] Level 1:colcon.colcon_core.package_identification:_identify(src) by extensions ['cmake', 'python']
[0.250s] Level 1:colcon.colcon_core.package_identification:_identify(src) by extension 'cmake'
[0.251s] Level 1:colcon.colcon_core.package_identification:_identify(src) by extension 'python'
[0.251s] Level 1:colcon.colcon_core.package_identification:_identify(src) by extensions ['python_setup_py']
[0.251s] Level 1:colcon.colcon_core.package_identification:_identify(src) by extension 'python_setup_py'
[0.251s] Level 1:colcon.colcon_core.package_identification:_identify(src/bno055) by extensions ['ignore', 'ignore_ament_install']
[0.251s] Level 1:colcon.colcon_core.package_identification:_identify(src/bno055) by extension 'ignore'
[0.251s] Level 1:colcon.colcon_core.package_identification:_identify(src/bno055) by extension 'ignore_ament_install'
[0.251s] Level 1:colcon.colcon_core.package_identification:_identify(src/bno055) by extensions ['colcon_pkg']
[0.251s] Level 1:colcon.colcon_core.package_identification:_identify(src/bno055) by extension 'colcon_pkg'
[0.251s] Level 1:colcon.colcon_core.package_identification:_identify(src/bno055) by extensions ['colcon_meta']
[0.251s] Level 1:colcon.colcon_core.package_identification:_identify(src/bno055) by extension 'colcon_meta'
[0.251s] Level 1:colcon.colcon_core.package_identification:_identify(src/bno055) by extensions ['ros']
[0.251s] Level 1:colcon.colcon_core.package_identification:_identify(src/bno055) by extension 'ros'
[0.254s] DEBUG:colcon.colcon_core.package_identification:Package 'src/bno055' with type 'ros.ament_python' and name 'bno055'
[0.255s] Level 1:colcon.colcon_core.package_identification:_identify(src/calibration) by extensions ['ignore', 'ignore_ament_install']
[0.255s] Level 1:colcon.colcon_core.package_identification:_identify(src/calibration) by extension 'ignore'
[0.255s] Level 1:colcon.colcon_core.package_identification:_identify(src/calibration) by extension 'ignore_ament_install'
[0.255s] Level 1:colcon.colcon_core.package_identification:_identify(src/calibration) by extensions ['colcon_pkg']
[0.255s] Level 1:colcon.colcon_core.package_identification:_identify(src/calibration) by extension 'colcon_pkg'
[0.255s] Level 1:colcon.colcon_core.package_identification:_identify(src/calibration) by extensions ['colcon_meta']
[0.255s] Level 1:colcon.colcon_core.package_identification:_identify(src/calibration) by extension 'colcon_meta'
[0.255s] Level 1:colcon.colcon_core.package_identification:_identify(src/calibration) by extensions ['ros']
[0.255s] Level 1:colcon.colcon_core.package_identification:_identify(src/calibration) by extension 'ros'
[0.256s] DEBUG:colcon.colcon_core.package_identification:Package 'src/calibration' with type 'ros.ament_python' and name 'calibration'
[0.256s] Level 1:colcon.colcon_core.package_identification:_identify(src/carrinho_base) by extensions ['ignore', 'ignore_ament_install']
[0.256s] Level 1:colcon.colcon_core.package_identification:_identify(src/carrinho_base) by extension 'ignore'
[0.256s] Level 1:colcon.colcon_core.package_identification:_identify(src/carrinho_base) by extension 'ignore_ament_install'
[0.256s] Level 1:colcon.colcon_core.package_identification:_identify(src/carrinho_base) by extensions ['colcon_pkg']
[0.256s] Level 1:colcon.colcon_core.package_identification:_identify(src/carrinho_base) by extension 'colcon_pkg'
[0.256s] Level 1:colcon.colcon_core.package_identification:_identify(src/carrinho_base) by extensions ['colcon_meta']
[0.256s] Level 1:colcon.colcon_core.package_identification:_identify(src/carrinho_base) by extension 'colcon_meta'
[0.256s] Level 1:colcon.colcon_core.package_identification:_identify(src/carrinho_base) by extensions ['ros']
[0.256s] Level 1:colcon.colcon_core.package_identification:_identify(src/carrinho_base) by extension 'ros'
[0.257s] DEBUG:colcon.colcon_core.package_identification:Package 'src/carrinho_base' with type 'ros.ament_python' and name 'carrinho_base'
[0.257s] Level 1:colcon.colcon_core.package_identification:_identify(src/computervision) by extensions ['ignore', 'ignore_ament_install']
[0.257s] Level 1:colcon.colcon_core.package_identification:_identify(src/computervision) by extension 'ignore'
[0.257s] Level 1:colcon.colcon_core.package_identification:_identify(src/computervision) by extension 'ignore_ament_install'
[0.257s] Level 1:colcon.colcon_core.package_identification:_identify(src/computervision) by extensions ['colcon_pkg']
[0.257s] Level 1:colcon.colcon_core.package_identification:_identify(src/computervision) by extension 'colcon_pkg'
[0.257s] Level 1:colcon.colcon_core.package_identification:_identify(src/computervision) by extensions ['colcon_meta']
[0.257s] Level 1:colcon.colcon_core.package_identification:_identify(src/computervision) by extension 'colcon_meta'
[0.257s] Level 1:colcon.colcon_core.package_identification:_identify(src/computervision) by extensions ['ros']
[0.257s] Level 1:colcon.colcon_core.package_identification:_identify(src/computervision) by extension 'ros'
[0.257s] Level 1:colcon.colcon_core.package_identification:_identify(src/computervision) by extensions ['cmake', 'python']
[0.257s] Level 1:colcon.colcon_core.package_identification:_identify(src/computervision) by extension 'cmake'
[0.257s] Level 1:colcon.colcon_core.package_identification:_identify(src/computervision) by extension 'python'
[0.257s] Level 1:colcon.colcon_core.package_identification:_identify(src/computervision) by extensions ['python_setup_py']
[0.257s] Level 1:colcon.colcon_core.package_identification:_identify(src/computervision) by extension 'python_setup_py'
[0.258s] Level 1:colcon.colcon_core.package_identification:_identify(src/computervision/aruco) by extensions ['ignore', 'ignore_ament_install']
[0.258s] Level 1:colcon.colcon_core.package_identification:_identify(src/computervision/aruco) by extension 'ignore'
[0.258s] Level 1:colcon.colcon_core.package_identification:_identify(src/computervision/aruco) by extension 'ignore_ament_install'
[0.258s] Level 1:colcon.colcon_core.package_identification:_identify(src/computervision/aruco) by extensions ['colcon_pkg']
[0.258s] Level 1:colcon.colcon_core.package_identification:_identify(src/computervision/aruco) by extension 'colcon_pkg'
[0.258s] Level 1:colcon.colcon_core.package_identification:_identify(src/computervision/aruco) by extensions ['colcon_meta']
[0.258s] Level 1:colcon.colcon_core.package_identification:_identify(src/computervision/aruco) by extension 'colcon_meta'
[0.258s] Level 1:colcon.colcon_core.package_identification:_identify(src/computervision/aruco) by extensions ['ros']
[0.258s] Level 1:colcon.colcon_core.package_identification:_identify(src/computervision/aruco) by extension 'ros'
[0.258s] Level 1:colcon.colcon_core.package_identification:_identify(src/computervision/aruco) by extensions ['cmake', 'python']
[0.258s] Level 1:colcon.colcon_core.package_identification:_identify(src/computervision/aruco) by extension 'cmake'
[0.258s] Level 1:colcon.colcon_core.package_identification:_identify(src/computervision/aruco) by extension 'python'
[0.258s] Level 1:colcon.colcon_core.package_identification:_identify(src/computervision/aruco) by extensions ['python_setup_py']
[0.258s] Level 1:colcon.colcon_core.package_identification:_identify(src/computervision/aruco) by extension 'python_setup_py'
[0.258s] Level 1:colcon.colcon_core.package_identification:_identify(src/controlegeral_carrinho) by extensions ['ignore', 'ignore_ament_install']
[0.258s] Level 1:colcon.colcon_core.package_identification:_identify(src/controlegeral_carrinho) by extension 'ignore'
[0.259s] Level 1:colcon.colcon_core.package_identification:_identify(src/controlegeral_carrinho) by extension 'ignore_ament_install'
[0.259s] Level 1:colcon.colcon_core.package_identification:_identify(src/controlegeral_carrinho) by extensions ['colcon_pkg']
[0.259s] Level 1:colcon.colcon_core.package_identification:_identify(src/controlegeral_carrinho) by extension 'colcon_pkg'
[0.259s] Level 1:colcon.colcon_core.package_identification:_identify(src/controlegeral_carrinho) by extensions ['colcon_meta']
[0.259s] Level 1:colcon.colcon_core.package_identification:_identify(src/controlegeral_carrinho) by extension 'colcon_meta'
[0.259s] Level 1:colcon.colcon_core.package_identification:_identify(src/controlegeral_carrinho) by extensions ['ros']
[0.259s] Level 1:colcon.colcon_core.package_identification:_identify(src/controlegeral_carrinho) by extension 'ros'
[0.259s] DEBUG:colcon.colcon_core.package_identification:Package 'src/controlegeral_carrinho' with type 'ros.ament_python' and name 'controlegeral_carrinho'
[0.260s] Level 1:colcon.colcon_core.package_identification:_identify(src/detector) by extensions ['ignore', 'ignore_ament_install']
[0.260s] Level 1:colcon.colcon_core.package_identification:_identify(src/detector) by extension 'ignore'
[0.260s] Level 1:colcon.colcon_core.package_identification:_identify(src/detector) by extension 'ignore_ament_install'
[0.260s] Level 1:colcon.colcon_core.package_identification:_identify(src/detector) by extensions ['colcon_pkg']
[0.260s] Level 1:colcon.colcon_core.package_identification:_identify(src/detector) by extension 'colcon_pkg'
[0.260s] Level 1:colcon.colcon_core.package_identification:_identify(src/detector) by extensions ['colcon_meta']
[0.260s] Level 1:colcon.colcon_core.package_identification:_identify(src/detector) by extension 'colcon_meta'
[0.260s] Level 1:colcon.colcon_core.package_identification:_identify(src/detector) by extensions ['ros']
[0.260s] Level 1:colcon.colcon_core.package_identification:_identify(src/detector) by extension 'ros'
[0.260s] DEBUG:colcon.colcon_core.package_identification:Package 'src/detector' with type 'ros.ament_python' and name 'detector'
[0.261s] Level 1:colcon.colcon_core.package_identification:_identify(src/lidar_teste) by extensions ['ignore', 'ignore_ament_install']
[0.261s] Level 1:colcon.colcon_core.package_identification:_identify(src/lidar_teste) by extension 'ignore'
[0.261s] Level 1:colcon.colcon_core.package_identification:_identify(src/lidar_teste) by extension 'ignore_ament_install'
[0.261s] Level 1:colcon.colcon_core.package_identification:_identify(src/lidar_teste) by extensions ['colcon_pkg']
[0.261s] Level 1:colcon.colcon_core.package_identification:_identify(src/lidar_teste) by extension 'colcon_pkg'
[0.261s] Level 1:colcon.colcon_core.package_identification:_identify(src/lidar_teste) by extensions ['colcon_meta']
[0.261s] Level 1:colcon.colcon_core.package_identification:_identify(src/lidar_teste) by extension 'colcon_meta'
[0.261s] Level 1:colcon.colcon_core.package_identification:_identify(src/lidar_teste) by extensions ['ros']
[0.261s] Level 1:colcon.colcon_core.package_identification:_identify(src/lidar_teste) by extension 'ros'
[0.261s] DEBUG:colcon.colcon_core.package_identification:Package 'src/lidar_teste' with type 'ros.ament_python' and name 'lidar_teste'
[0.262s] Level 1:colcon.colcon_core.package_identification:_identify(src/micro_ros_setup) by extensions ['ignore', 'ignore_ament_install']
[0.262s] Level 1:colcon.colcon_core.package_identification:_identify(src/micro_ros_setup) by extension 'ignore'
[0.262s] Level 1:colcon.colcon_core.package_identification:_identify(src/micro_ros_setup) by extension 'ignore_ament_install'
[0.262s] Level 1:colcon.colcon_core.package_identification:_identify(src/micro_ros_setup) by extensions ['colcon_pkg']
[0.262s] Level 1:colcon.colcon_core.package_identification:_identify(src/micro_ros_setup) by extension 'colcon_pkg'
[0.262s] Level 1:colcon.colcon_core.package_identification:_identify(src/micro_ros_setup) by extensions ['colcon_meta']
[0.262s] Level 1:colcon.colcon_core.package_identification:_identify(src/micro_ros_setup) by extension 'colcon_meta'
[0.262s] Level 1:colcon.colcon_core.package_identification:_identify(src/micro_ros_setup) by extensions ['ros']
[0.262s] Level 1:colcon.colcon_core.package_identification:_identify(src/micro_ros_setup) by extension 'ros'
[0.263s] DEBUG:colcon.colcon_core.package_identification:Package 'src/micro_ros_setup' with type 'ros.ament_cmake' and name 'micro_ros_setup'
[0.263s] Level 1:colcon.colcon_core.package_identification:_identify(src/pwm_rec) by extensions ['ignore', 'ignore_ament_install']
[0.263s] Level 1:colcon.colcon_core.package_identification:_identify(src/pwm_rec) by extension 'ignore'
[0.263s] Level 1:colcon.colcon_core.package_identification:_identify(src/pwm_rec) by extension 'ignore_ament_install'
[0.263s] Level 1:colcon.colcon_core.package_identification:_identify(src/pwm_rec) by extensions ['colcon_pkg']
[0.263s] Level 1:colcon.colcon_core.package_identification:_identify(src/pwm_rec) by extension 'colcon_pkg'
[0.263s] Level 1:colcon.colcon_core.package_identification:_identify(src/pwm_rec) by extensions ['colcon_meta']
[0.263s] Level 1:colcon.colcon_core.package_identification:_identify(src/pwm_rec) by extension 'colcon_meta'
[0.263s] Level 1:colcon.colcon_core.package_identification:_identify(src/pwm_rec) by extensions ['ros']
[0.263s] Level 1:colcon.colcon_core.package_identification:_identify(src/pwm_rec) by extension 'ros'
[0.264s] DEBUG:colcon.colcon_core.package_identification:Package 'src/pwm_rec' with type 'ros.ament_python' and name 'pwm_rec'
[0.264s] Level 1:colcon.colcon_core.package_identification:_identify(src/servo_steering) by extensions ['ignore', 'ignore_ament_install']
[0.264s] Level 1:colcon.colcon_core.package_identification:_identify(src/servo_steering) by extension 'ignore'
[0.264s] Level 1:colcon.colcon_core.package_identification:_identify(src/servo_steering) by extension 'ignore_ament_install'
[0.264s] Level 1:colcon.colcon_core.package_identification:_identify(src/servo_steering) by extensions ['colcon_pkg']
[0.264s] Level 1:colcon.colcon_core.package_identification:_identify(src/servo_steering) by extension 'colcon_pkg'
[0.264s] Level 1:colcon.colcon_core.package_identification:_identify(src/servo_steering) by extensions ['colcon_meta']
[0.264s] Level 1:colcon.colcon_core.package_identification:_identify(src/servo_steering) by extension 'colcon_meta'
[0.264s] Level 1:colcon.colcon_core.package_identification:_identify(src/servo_steering) by extensions ['ros']
[0.264s] Level 1:colcon.colcon_core.package_identification:_identify(src/servo_steering) by extension 'ros'
[0.265s] DEBUG:colcon.colcon_core.package_identification:Package 'src/servo_steering' with type 'ros.ament_python' and name 'servo_steering'
[0.265s] Level 1:colcon.colcon_core.package_identification:_identify(src/sllidar_ros2) by extensions ['ignore', 'ignore_ament_install']
[0.265s] Level 1:colcon.colcon_core.package_identification:_identify(src/sllidar_ros2) by extension 'ignore'
[0.265s] Level 1:colcon.colcon_core.package_identification:_identify(src/sllidar_ros2) by extension 'ignore_ament_install'
[0.265s] Level 1:colcon.colcon_core.package_identification:_identify(src/sllidar_ros2) by extensions ['colcon_pkg']
[0.265s] Level 1:colcon.colcon_core.package_identification:_identify(src/sllidar_ros2) by extension 'colcon_pkg'
[0.265s] Level 1:colcon.colcon_core.package_identification:_identify(src/sllidar_ros2) by extensions ['colcon_meta']
[0.265s] Level 1:colcon.colcon_core.package_identification:_identify(src/sllidar_ros2) by extension 'colcon_meta'
[0.266s] Level 1:colcon.colcon_core.package_identification:_identify(src/sllidar_ros2) by extensions ['ros']
[0.266s] Level 1:colcon.colcon_core.package_identification:_identify(src/sllidar_ros2) by extension 'ros'
[0.266s] DEBUG:colcon.colcon_core.package_identification:Package 'src/sllidar_ros2' with type 'ros.ament_cmake' and name 'sllidar_ros2'
[0.266s] Level 1:colcon.colcon_core.package_identification:_identify(src/uros) by extensions ['ignore', 'ignore_ament_install']
[0.266s] Level 1:colcon.colcon_core.package_identification:_identify(src/uros) by extension 'ignore'
[0.266s] Level 1:colcon.colcon_core.package_identification:_identify(src/uros) by extension 'ignore_ament_install'
[0.266s] Level 1:colcon.colcon_core.package_identification:_identify(src/uros) by extensions ['colcon_pkg']
[0.267s] Level 1:colcon.colcon_core.package_identification:_identify(src/uros) by extension 'colcon_pkg'
[0.267s] Level 1:colcon.colcon_core.package_identification:_identify(src/uros) by extensions ['colcon_meta']
[0.267s] Level 1:colcon.colcon_core.package_identification:_identify(src/uros) by extension 'colcon_meta'
[0.267s] Level 1:colcon.colcon_core.package_identification:_identify(src/uros) by extensions ['ros']
[0.267s] Level 1:colcon.colcon_core.package_identification:_identify(src/uros) by extension 'ros'
[0.267s] Level 1:colcon.colcon_core.package_identification:_identify(src/uros) by extensions ['cmake', 'python']
[0.267s] Level 1:colcon.colcon_core.package_identification:_identify(src/uros) by extension 'cmake'
[0.267s] Level 1:colcon.colcon_core.package_identification:_identify(src/uros) by extension 'python'
[0.267s] Level 1:colcon.colcon_core.package_identification:_identify(src/uros) by extensions ['python_setup_py']
[0.267s] Level 1:colcon.colcon_core.package_identification:_identify(src/uros) by extension 'python_setup_py'
[0.267s] Level 1:colcon.colcon_core.package_identification:_identify(src/uros/drive_base) by extensions ['ignore', 'ignore_ament_install']
[0.267s] Level 1:colcon.colcon_core.package_identification:_identify(src/uros/drive_base) by extension 'ignore'
[0.267s] Level 1:colcon.colcon_core.package_identification:_identify(src/uros/drive_base) by extension 'ignore_ament_install'
[0.267s] Level 1:colcon.colcon_core.package_identification:_identify(src/uros/drive_base) by extensions ['colcon_pkg']
[0.267s] Level 1:colcon.colcon_core.package_identification:_identify(src/uros/drive_base) by extension 'colcon_pkg'
[0.267s] Level 1:colcon.colcon_core.package_identification:_identify(src/uros/drive_base) by extensions ['colcon_meta']
[0.267s] Level 1:colcon.colcon_core.package_identification:_identify(src/uros/drive_base) by extension 'colcon_meta'
[0.267s] Level 1:colcon.colcon_core.package_identification:_identify(src/uros/drive_base) by extensions ['ros']
[0.267s] Level 1:colcon.colcon_core.package_identification:_identify(src/uros/drive_base) by extension 'ros'
[0.268s] Level 1:colcon.colcon_core.package_identification:_identify(src/uros/drive_base) by extensions ['cmake', 'python']
[0.268s] Level 1:colcon.colcon_core.package_identification:_identify(src/uros/drive_base) by extension 'cmake'
[0.268s] Level 1:colcon.colcon_core.package_identification:_identify(src/uros/drive_base) by extension 'python'
[0.268s] Level 1:colcon.colcon_core.package_identification:_identify(src/uros/drive_base) by extensions ['python_setup_py']
[0.268s] Level 1:colcon.colcon_core.package_identification:_identify(src/uros/drive_base) by extension 'python_setup_py'
[0.268s] Level 1:colcon.colcon_core.package_identification:_identify(src/uros/drive_base/drive_base_msgs) by extensions ['ignore', 'ignore_ament_install']
[0.268s] Level 1:colcon.colcon_core.package_identification:_identify(src/uros/drive_base/drive_base_msgs) by extension 'ignore'
[0.268s] Level 1:colcon.colcon_core.package_identification:_identify(src/uros/drive_base/drive_base_msgs) by extension 'ignore_ament_install'
[0.268s] Level 1:colcon.colcon_core.package_identification:_identify(src/uros/drive_base/drive_base_msgs) by extensions ['colcon_pkg']
[0.268s] Level 1:colcon.colcon_core.package_identification:_identify(src/uros/drive_base/drive_base_msgs) by extension 'colcon_pkg'
[0.268s] Level 1:colcon.colcon_core.package_identification:_identify(src/uros/drive_base/drive_base_msgs) by extensions ['colcon_meta']
[0.268s] Level 1:colcon.colcon_core.package_identification:_identify(src/uros/drive_base/drive_base_msgs) by extension 'colcon_meta'
[0.268s] Level 1:colcon.colcon_core.package_identification:_identify(src/uros/drive_base/drive_base_msgs) by extensions ['ros']
[0.268s] Level 1:colcon.colcon_core.package_identification:_identify(src/uros/drive_base/drive_base_msgs) by extension 'ros'
[0.269s] DEBUG:colcon.colcon_core.package_identification:Package 'src/uros/drive_base/drive_base_msgs' with type 'ros.ament_cmake' and name 'drive_base_msgs'
[0.269s] Level 1:colcon.colcon_core.package_identification:_identify(src/uros/micro-ROS-Agent) by extensions ['ignore', 'ignore_ament_install']
[0.269s] Level 1:colcon.colcon_core.package_identification:_identify(src/uros/micro-ROS-Agent) by extension 'ignore'
[0.269s] Level 1:colcon.colcon_core.package_identification:_identify(src/uros/micro-ROS-Agent) by extension 'ignore_ament_install'
[0.269s] Level 1:colcon.colcon_core.package_identification:_identify(src/uros/micro-ROS-Agent) by extensions ['colcon_pkg']
[0.269s] Level 1:colcon.colcon_core.package_identification:_identify(src/uros/micro-ROS-Agent) by extension 'colcon_pkg'
[0.269s] Level 1:colcon.colcon_core.package_identification:_identify(src/uros/micro-ROS-Agent) by extensions ['colcon_meta']
[0.269s] Level 1:colcon.colcon_core.package_identification:_identify(src/uros/micro-ROS-Agent) by extension 'colcon_meta'
[0.269s] Level 1:colcon.colcon_core.package_identification:_identify(src/uros/micro-ROS-Agent) by extensions ['ros']
[0.269s] Level 1:colcon.colcon_core.package_identification:_identify(src/uros/micro-ROS-Agent) by extension 'ros'
[0.270s] Level 1:colcon.colcon_core.package_identification:_identify(src/uros/micro-ROS-Agent) by extensions ['cmake', 'python']
[0.270s] Level 1:colcon.colcon_core.package_identification:_identify(src/uros/micro-ROS-Agent) by extension 'cmake'
[0.270s] Level 1:colcon.colcon_core.package_identification:_identify(src/uros/micro-ROS-Agent) by extension 'python'
[0.270s] Level 1:colcon.colcon_core.package_identification:_identify(src/uros/micro-ROS-Agent) by extensions ['python_setup_py']
[0.270s] Level 1:colcon.colcon_core.package_identification:_identify(src/uros/micro-ROS-Agent) by extension 'python_setup_py'
[0.270s] Level 1:colcon.colcon_core.package_identification:_identify(src/uros/micro-ROS-Agent/micro_ros_agent) by extensions ['ignore', 'ignore_ament_install']
[0.270s] Level 1:colcon.colcon_core.package_identification:_identify(src/uros/micro-ROS-Agent/micro_ros_agent) by extension 'ignore'
[0.270s] Level 1:colcon.colcon_core.package_identification:_identify(src/uros/micro-ROS-Agent/micro_ros_agent) by extension 'ignore_ament_install'
[0.270s] Level 1:colcon.colcon_core.package_identification:_identify(src/uros/micro-ROS-Agent/micro_ros_agent) by extensions ['colcon_pkg']
[0.270s] Level 1:colcon.colcon_core.package_identification:_identify(src/uros/micro-ROS-Agent/micro_ros_agent) by extension 'colcon_pkg'
[0.270s] Level 1:colcon.colcon_core.package_identification:_identify(src/uros/micro-ROS-Agent/micro_ros_agent) by extensions ['colcon_meta']
[0.270s] Level 1:colcon.colcon_core.package_identification:_identify(src/uros/micro-ROS-Agent/micro_ros_agent) by extension 'colcon_meta'
[0.270s] Level 1:colcon.colcon_core.package_identification:_identify(src/uros/micro-ROS-Agent/micro_ros_agent) by extensions ['ros']
[0.270s] Level 1:colcon.colcon_core.package_identification:_identify(src/uros/micro-ROS-Agent/micro_ros_agent) by extension 'ros'
[0.271s] DEBUG:colcon.colcon_core.package_identification:Package 'src/uros/micro-ROS-Agent/micro_ros_agent' with type 'ros.ament_cmake' and name 'micro_ros_agent'
[0.271s] Level 1:colcon.colcon_core.package_identification:_identify(src/uros/micro-ROS-Agent/snap) by extensions ['ignore', 'ignore_ament_install']
[0.271s] Level 1:colcon.colcon_core.package_identification:_identify(src/uros/micro-ROS-Agent/snap) by extension 'ignore'
[0.271s] Level 1:colcon.colcon_core.package_identification:_identify(src/uros/micro-ROS-Agent/snap) by extension 'ignore_ament_install'
[0.271s] Level 1:colcon.colcon_core.package_identification:_identify(src/uros/micro-ROS-Agent/snap) by extensions ['colcon_pkg']
[0.271s] Level 1:colcon.colcon_core.package_identification:_identify(src/uros/micro-ROS-Agent/snap) by extension 'colcon_pkg'
[0.272s] Level 1:colcon.colcon_core.package_identification:_identify(src/uros/micro-ROS-Agent/snap) by extensions ['colcon_meta']
[0.272s] Level 1:colcon.colcon_core.package_identification:_identify(src/uros/micro-ROS-Agent/snap) by extension 'colcon_meta'
[0.272s] Level 1:colcon.colcon_core.package_identification:_identify(src/uros/micro-ROS-Agent/snap) by extensions ['ros']
[0.272s] Level 1:colcon.colcon_core.package_identification:_identify(src/uros/micro-ROS-Agent/snap) by extension 'ros'
[0.272s] Level 1:colcon.colcon_core.package_identification:_identify(src/uros/micro-ROS-Agent/snap) by extensions ['cmake', 'python']
[0.272s] Level 1:colcon.colcon_core.package_identification:_identify(src/uros/micro-ROS-Agent/snap) by extension 'cmake'
[0.272s] Level 1:colcon.colcon_core.package_identification:_identify(src/uros/micro-ROS-Agent/snap) by extension 'python'
[0.272s] Level 1:colcon.colcon_core.package_identification:_identify(src/uros/micro-ROS-Agent/snap) by extensions ['python_setup_py']
[0.272s] Level 1:colcon.colcon_core.package_identification:_identify(src/uros/micro-ROS-Agent/snap) by extension 'python_setup_py'
[0.272s] Level 1:colcon.colcon_core.package_identification:_identify(src/uros/micro-ROS-Agent/snap/hooks) by extensions ['ignore', 'ignore_ament_install']
[0.272s] Level 1:colcon.colcon_core.package_identification:_identify(src/uros/micro-ROS-Agent/snap/hooks) by extension 'ignore'
[0.272s] Level 1:colcon.colcon_core.package_identification:_identify(src/uros/micro-ROS-Agent/snap/hooks) by extension 'ignore_ament_install'
[0.272s] Level 1:colcon.colcon_core.package_identification:_identify(src/uros/micro-ROS-Agent/snap/hooks) by extensions ['colcon_pkg']
[0.272s] Level 1:colcon.colcon_core.package_identification:_identify(src/uros/micro-ROS-Agent/snap/hooks) by extension 'colcon_pkg'
[0.272s] Level 1:colcon.colcon_core.package_identification:_identify(src/uros/micro-ROS-Agent/snap/hooks) by extensions ['colcon_meta']
[0.272s] Level 1:colcon.colcon_core.package_identification:_identify(src/uros/micro-ROS-Agent/snap/hooks) by extension 'colcon_meta'
[0.272s] Level 1:colcon.colcon_core.package_identification:_identify(src/uros/micro-ROS-Agent/snap/hooks) by extensions ['ros']
[0.272s] Level 1:colcon.colcon_core.package_identification:_identify(src/uros/micro-ROS-Agent/snap/hooks) by extension 'ros'
[0.272s] Level 1:colcon.colcon_core.package_identification:_identify(src/uros/micro-ROS-Agent/snap/hooks) by extensions ['cmake', 'python']
[0.273s] Level 1:colcon.colcon_core.package_identification:_identify(src/uros/micro-ROS-Agent/snap/hooks) by extension 'cmake'
[0.273s] Level 1:colcon.colcon_core.package_identification:_identify(src/uros/micro-ROS-Agent/snap/hooks) by extension 'python'
[0.273s] Level 1:colcon.colcon_core.package_identification:_identify(src/uros/micro-ROS-Agent/snap/hooks) by extensions ['python_setup_py']
[0.273s] Level 1:colcon.colcon_core.package_identification:_identify(src/uros/micro-ROS-Agent/snap/hooks) by extension 'python_setup_py'
[0.273s] Level 1:colcon.colcon_core.package_identification:_identify(src/uros/micro-ROS-Agent/snap/local) by extensions ['ignore', 'ignore_ament_install']
[0.273s] Level 1:colcon.colcon_core.package_identification:_identify(src/uros/micro-ROS-Agent/snap/local) by extension 'ignore'
[0.273s] Level 1:colcon.colcon_core.package_identification:_identify(src/uros/micro-ROS-Agent/snap/local) by extension 'ignore_ament_install'
[0.273s] Level 1:colcon.colcon_core.package_identification:_identify(src/uros/micro-ROS-Agent/snap/local) by extensions ['colcon_pkg']
[0.273s] Level 1:colcon.colcon_core.package_identification:_identify(src/uros/micro-ROS-Agent/snap/local) by extension 'colcon_pkg'
[0.273s] Level 1:colcon.colcon_core.package_identification:_identify(src/uros/micro-ROS-Agent/snap/local) by extensions ['colcon_meta']
[0.273s] Level 1:colcon.colcon_core.package_identification:_identify(src/uros/micro-ROS-Agent/snap/local) by extension 'colcon_meta'
[0.273s] Level 1:colcon.colcon_core.package_identification:_identify(src/uros/micro-ROS-Agent/snap/local) by extensions ['ros']
[0.273s] Level 1:colcon.colcon_core.package_identification:_identify(src/uros/micro-ROS-Agent/snap/local) by extension 'ros'
[0.273s] Level 1:colcon.colcon_core.package_identification:_identify(src/uros/micro-ROS-Agent/snap/local) by extensions ['cmake', 'python']
[0.273s] Level 1:colcon.colcon_core.package_identification:_identify(src/uros/micro-ROS-Agent/snap/local) by extension 'cmake'
[0.273s] Level 1:colcon.colcon_core.package_identification:_identify(src/uros/micro-ROS-Agent/snap/local) by extension 'python'
[0.273s] Level 1:colcon.colcon_core.package_identification:_identify(src/uros/micro-ROS-Agent/snap/local) by extensions ['python_setup_py']
[0.273s] Level 1:colcon.colcon_core.package_identification:_identify(src/uros/micro-ROS-Agent/snap/local) by extension 'python_setup_py'
[0.274s] Level 1:colcon.colcon_core.package_identification:_identify(src/uros/micro_ros_msgs) by extensions ['ignore', 'ignore_ament_install']
[0.274s] Level 1:colcon.colcon_core.package_identification:_identify(src/uros/micro_ros_msgs) by extension 'ignore'
[0.274s] Level 1:colcon.colcon_core.package_identification:_identify(src/uros/micro_ros_msgs) by extension 'ignore_ament_install'
[0.274s] Level 1:colcon.colcon_core.package_identification:_identify(src/uros/micro_ros_msgs) by extensions ['colcon_pkg']
[0.274s] Level 1:colcon.colcon_core.package_identification:_identify(src/uros/micro_ros_msgs) by extension 'colcon_pkg'
[0.274s] Level 1:colcon.colcon_core.package_identification:_identify(src/uros/micro_ros_msgs) by extensions ['colcon_meta']
[0.274s] Level 1:colcon.colcon_core.package_identification:_identify(src/uros/micro_ros_msgs) by extension 'colcon_meta'
[0.274s] Level 1:colcon.colcon_core.package_identification:_identify(src/uros/micro_ros_msgs) by extensions ['ros']
[0.274s] Level 1:colcon.colcon_core.package_identification:_identify(src/uros/micro_ros_msgs) by extension 'ros'
[0.274s] DEBUG:colcon.colcon_core.package_identification:Package 'src/uros/micro_ros_msgs' with type 'ros.ament_cmake' and name 'micro_ros_msgs'
[0.274s] Level 1:colcon.colcon_core.package_discovery:discover_packages(recursive) using defaults
[0.275s] Level 1:colcon.colcon_core.package_discovery:discover_packages(ignore) discover
[0.275s] Level 1:colcon.colcon_core.package_discovery:discover_packages(ignore) using defaults
[0.275s] Level 1:colcon.colcon_core.package_discovery:discover_packages(path) discover
[0.275s] Level 1:colcon.colcon_core.package_discovery:discover_packages(path) using defaults
[0.304s] Level 1:colcon.colcon_core.package_discovery:discover_packages(prefix_path) check parameters
[0.304s] Level 1:colcon.colcon_core.package_discovery:discover_packages(prefix_path) discover
[0.308s] DEBUG:colcon.colcon_installed_package_information.package_discovery:Found 14 installed packages in /home/epiibots/ros2_ws/install
[0.310s] DEBUG:colcon.colcon_installed_package_information.package_discovery:Found 310 installed packages in /opt/ros/jazzy
[0.313s] Level 1:colcon.colcon_core.package_discovery:discover_packages(prefix_path) using defaults
[0.372s] Level 5:colcon.colcon_core.verb:set package 'bno055' build argument 'cmake_args' from command line to 'None'
[0.372s] Level 5:colcon.colcon_core.verb:set package 'bno055' build argument 'cmake_target' from command line to 'None'
[0.372s] Level 5:colcon.colcon_core.verb:set package 'bno055' build argument 'cmake_target_skip_unavailable' from command line to 'False'
[0.372s] Level 5:colcon.colcon_core.verb:set package 'bno055' build argument 'cmake_clean_cache' from command line to 'False'
[0.372s] Level 5:colcon.colcon_core.verb:set package 'bno055' build argument 'cmake_clean_first' from command line to 'False'
[0.372s] Level 5:colcon.colcon_core.verb:set package 'bno055' build argument 'cmake_force_configure' from command line to 'False'
[0.372s] Level 5:colcon.colcon_core.verb:set package 'bno055' build argument 'ament_cmake_args' from command line to 'None'
[0.372s] Level 5:colcon.colcon_core.verb:set package 'bno055' build argument 'catkin_cmake_args' from command line to 'None'
[0.372s] Level 5:colcon.colcon_core.verb:set package 'bno055' build argument 'catkin_skip_building_tests' from command line to 'False'
[0.372s] DEBUG:colcon.colcon_core.verb:Building package 'bno055' with the following arguments: {'ament_cmake_args': None, 'build_base': '/home/epiibots/ros2_ws/build/bno055', 'catkin_cmake_args': None, 'catkin_skip_building_tests': False, 'cmake_args': None, 'cmake_clean_cache': False, 'cmake_clean_first': False, 'cmake_force_configure': False, 'cmake_target': None, 'cmake_target_skip_unavailable': False, 'install_base': '/home/epiibots/ros2_ws/install/bno055', 'merge_install': False, 'path': '/home/epiibots/ros2_ws/src/bno055', 'symlink_install': False, 'test_result_base': None}
[0.372s] Level 5:colcon.colcon_core.verb:set package 'calibration' build argument 'cmake_args' from command line to 'None'
[0.372s] Level 5:colcon.colcon_core.verb:set package 'calibration' build argument 'cmake_target' from command line to 'None'
[0.373s] Level 5:colcon.colcon_core.verb:set package 'calibration' build argument 'cmake_target_skip_unavailable' from command line to 'False'
[0.373s] Level 5:colcon.colcon_core.verb:set package 'calibration' build argument 'cmake_clean_cache' from command line to 'False'
[0.373s] Level 5:colcon.colcon_core.verb:set package 'calibration' build argument 'cmake_clean_first' from command line to 'False'
[0.373s] Level 5:colcon.colcon_core.verb:set package 'calibration' build argument 'cmake_force_configure' from command line to 'False'
[0.373s] Level 5:colcon.colcon_core.verb:set package 'calibration' build argument 'ament_cmake_args' from command line to 'None'
[0.373s] Level 5:colcon.colcon_core.verb:set package 'calibration' build argument 'catkin_cmake_args' from command line to 'None'
[0.373s] Level 5:colcon.colcon_core.verb:set package 'calibration' build argument 'catkin_skip_building_tests' from command line to 'False'
[0.373s] DEBUG:colcon.colcon_core.verb:Building package 'calibration' with the following arguments: {'ament_cmake_args': None, 'build_base': '/home/epiibots/ros2_ws/build/calibration', 'catkin_cmake_args': None, 'catkin_skip_building_tests': False, 'cmake_args': None, 'cmake_clean_cache': False, 'cmake_clean_first': False, 'cmake_force_configure': False, 'cmake_target': None, 'cmake_target_skip_unavailable': False, 'install_base': '/home/epiibots/ros2_ws/install/calibration', 'merge_install': False, 'path': '/home/epiibots/ros2_ws/src/calibration', 'symlink_install': False, 'test_result_base': None}
[0.373s] Level 5:colcon.colcon_core.verb:set package 'carrinho_base' build argument 'cmake_args' from command line to 'None'
[0.373s] Level 5:colcon.colcon_core.verb:set package 'carrinho_base' build argument 'cmake_target' from command line to 'None'
[0.373s] Level 5:colcon.colcon_core.verb:set package 'carrinho_base' build argument 'cmake_target_skip_unavailable' from command line to 'False'
[0.373s] Level 5:colcon.colcon_core.verb:set package 'carrinho_base' build argument 'cmake_clean_cache' from command line to 'False'
[0.373s] Level 5:colcon.colcon_core.verb:set package 'carrinho_base' build argument 'cmake_clean_first' from command line to 'False'
[0.373s] Level 5:colcon.colcon_core.verb:set package 'carrinho_base' build argument 'cmake_force_configure' from command line to 'False'
[0.373s] Level 5:colcon.colcon_core.verb:set package 'carrinho_base' build argument 'ament_cmake_args' from command line to 'None'
[0.373s] Level 5:colcon.colcon_core.verb:set package 'carrinho_base' build argument 'catkin_cmake_args' from command line to 'None'
[0.373s] Level 5:colcon.colcon_core.verb:set package 'carrinho_base' build argument 'catkin_skip_building_tests' from command line to 'False'
[0.373s] DEBUG:colcon.colcon_core.verb:Building package 'carrinho_base' with the following arguments: {'ament_cmake_args': None, 'build_base': '/home/epiibots/ros2_ws/build/carrinho_base', 'catkin_cmake_args': None, 'catkin_skip_building_tests': False, 'cmake_args': None, 'cmake_clean_cache': False, 'cmake_clean_first': False, 'cmake_force_configure': False, 'cmake_target': None, 'cmake_target_skip_unavailable': False, 'install_base': '/home/epiibots/ros2_ws/install/carrinho_base', 'merge_install': False, 'path': '/home/epiibots/ros2_ws/src/carrinho_base', 'symlink_install': False, 'test_result_base': None}
[0.374s] Level 5:colcon.colcon_core.verb:set package 'detector' build argument 'cmake_args' from command line to 'None'
[0.374s] Level 5:colcon.colcon_core.verb:set package 'detector' build argument 'cmake_target' from command line to 'None'
[0.374s] Level 5:colcon.colcon_core.verb:set package 'detector' build argument 'cmake_target_skip_unavailable' from command line to 'False'
[0.374s] Level 5:colcon.colcon_core.verb:set package 'detector' build argument 'cmake_clean_cache' from command line to 'False'
[0.374s] Level 5:colcon.colcon_core.verb:set package 'detector' build argument 'cmake_clean_first' from command line to 'False'
[0.374s] Level 5:colcon.colcon_core.verb:set package 'detector' build argument 'cmake_force_configure' from command line to 'False'
[0.374s] Level 5:colcon.colcon_core.verb:set package 'detector' build argument 'ament_cmake_args' from command line to 'None'
[0.374s] Level 5:colcon.colcon_core.verb:set package 'detector' build argument 'catkin_cmake_args' from command line to 'None'
[0.374s] Level 5:colcon.colcon_core.verb:set package 'detector' build argument 'catkin_skip_building_tests' from command line to 'False'
[0.374s] DEBUG:colcon.colcon_core.verb:Building package 'detector' with the following arguments: {'ament_cmake_args': None, 'build_base': '/home/epiibots/ros2_ws/build/detector', 'catkin_cmake_args': None, 'catkin_skip_building_tests': False, 'cmake_args': None, 'cmake_clean_cache': False, 'cmake_clean_first': False, 'cmake_force_configure': False, 'cmake_target': None, 'cmake_target_skip_unavailable': False, 'install_base': '/home/epiibots/ros2_ws/install/detector', 'merge_install': False, 'path': '/home/epiibots/ros2_ws/src/detector', 'symlink_install': False, 'test_result_base': None}
[0.374s] Level 5:colcon.colcon_core.verb:set package 'drive_base_msgs' build argument 'cmake_args' from command line to 'None'
[0.374s] Level 5:colcon.colcon_core.verb:set package 'drive_base_msgs' build argument 'cmake_target' from command line to 'None'
[0.374s] Level 5:colcon.colcon_core.verb:set package 'drive_base_msgs' build argument 'cmake_target_skip_unavailable' from command line to 'False'
[0.374s] Level 5:colcon.colcon_core.verb:set package 'drive_base_msgs' build argument 'cmake_clean_cache' from command line to 'False'
[0.374s] Level 5:colcon.colcon_core.verb:set package 'drive_base_msgs' build argument 'cmake_clean_first' from command line to 'False'
[0.374s] Level 5:colcon.colcon_core.verb:set package 'drive_base_msgs' build argument 'cmake_force_configure' from command line to 'False'
[0.374s] Level 5:colcon.colcon_core.verb:set package 'drive_base_msgs' build argument 'ament_cmake_args' from command line to 'None'
[0.374s] Level 5:colcon.colcon_core.verb:set package 'drive_base_msgs' build argument 'catkin_cmake_args' from command line to 'None'
[0.374s] Level 5:colcon.colcon_core.verb:set package 'drive_base_msgs' build argument 'catkin_skip_building_tests' from command line to 'False'
[0.374s] DEBUG:colcon.colcon_core.verb:Building package 'drive_base_msgs' with the following arguments: {'ament_cmake_args': None, 'build_base': '/home/epiibots/ros2_ws/build/drive_base_msgs', 'catkin_cmake_args': None, 'catkin_skip_building_tests': False, 'cmake_args': None, 'cmake_clean_cache': False, 'cmake_clean_first': False, 'cmake_force_configure': False, 'cmake_target': None, 'cmake_target_skip_unavailable': False, 'install_base': '/home/epiibots/ros2_ws/install/drive_base_msgs', 'merge_install': False, 'path': '/home/epiibots/ros2_ws/src/uros/drive_base/drive_base_msgs', 'symlink_install': False, 'test_result_base': None}
[0.375s] Level 5:colcon.colcon_core.verb:set package 'lidar_teste' build argument 'cmake_args' from command line to 'None'
[0.375s] Level 5:colcon.colcon_core.verb:set package 'lidar_teste' build argument 'cmake_target' from command line to 'None'
[0.375s] Level 5:colcon.colcon_core.verb:set package 'lidar_teste' build argument 'cmake_target_skip_unavailable' from command line to 'False'
[0.375s] Level 5:colcon.colcon_core.verb:set package 'lidar_teste' build argument 'cmake_clean_cache' from command line to 'False'
[0.375s] Level 5:colcon.colcon_core.verb:set package 'lidar_teste' build argument 'cmake_clean_first' from command line to 'False'
[0.375s] Level 5:colcon.colcon_core.verb:set package 'lidar_teste' build argument 'cmake_force_configure' from command line to 'False'
[0.375s] Level 5:colcon.colcon_core.verb:set package 'lidar_teste' build argument 'ament_cmake_args' from command line to 'None'
[0.375s] Level 5:colcon.colcon_core.verb:set package 'lidar_teste' build argument 'catkin_cmake_args' from command line to 'None'
[0.375s] Level 5:colcon.colcon_core.verb:set package 'lidar_teste' build argument 'catkin_skip_building_tests' from command line to 'False'
[0.375s] DEBUG:colcon.colcon_core.verb:Building package 'lidar_teste' with the following arguments: {'ament_cmake_args': None, 'build_base': '/home/epiibots/ros2_ws/build/lidar_teste', 'catkin_cmake_args': None, 'catkin_skip_building_tests': False, 'cmake_args': None, 'cmake_clean_cache': False, 'cmake_clean_first': False, 'cmake_force_configure': False, 'cmake_target': None, 'cmake_target_skip_unavailable': False, 'install_base': '/home/epiibots/ros2_ws/install/lidar_teste', 'merge_install': False, 'path': '/home/epiibots/ros2_ws/src/lidar_teste', 'symlink_install': False, 'test_result_base': None}
[0.375s] Level 5:colcon.colcon_core.verb:set package 'micro_ros_msgs' build argument 'cmake_args' from command line to 'None'
[0.375s] Level 5:colcon.colcon_core.verb:set package 'micro_ros_msgs' build argument 'cmake_target' from command line to 'None'
[0.375s] Level 5:colcon.colcon_core.verb:set package 'micro_ros_msgs' build argument 'cmake_target_skip_unavailable' from command line to 'False'
[0.375s] Level 5:colcon.colcon_core.verb:set package 'micro_ros_msgs' build argument 'cmake_clean_cache' from command line to 'False'
[0.375s] Level 5:colcon.colcon_core.verb:set package 'micro_ros_msgs' build argument 'cmake_clean_first' from command line to 'False'
[0.375s] Level 5:colcon.colcon_core.verb:set package 'micro_ros_msgs' build argument 'cmake_force_configure' from command line to 'False'
[0.375s] Level 5:colcon.colcon_core.verb:set package 'micro_ros_msgs' build argument 'ament_cmake_args' from command line to 'None'
[0.375s] Level 5:colcon.colcon_core.verb:set package 'micro_ros_msgs' build argument 'catkin_cmake_args' from command line to 'None'
[0.375s] Level 5:colcon.colcon_core.verb:set package 'micro_ros_msgs' build argument 'catkin_skip_building_tests' from command line to 'False'
[0.376s] DEBUG:colcon.colcon_core.verb:Building package 'micro_ros_msgs' with the following arguments: {'ament_cmake_args': None, 'build_base': '/home/epiibots/ros2_ws/build/micro_ros_msgs', 'catkin_cmake_args': None, 'catkin_skip_building_tests': False, 'cmake_args': None, 'cmake_clean_cache': False, 'cmake_clean_first': False, 'cmake_force_configure': False, 'cmake_target': None, 'cmake_target_skip_unavailable': False, 'install_base': '/home/epiibots/ros2_ws/install/micro_ros_msgs', 'merge_install': False, 'path': '/home/epiibots/ros2_ws/src/uros/micro_ros_msgs', 'symlink_install': False, 'test_result_base': None}
[0.376s] Level 5:colcon.colcon_core.verb:set package 'micro_ros_setup' build argument 'cmake_args' from command line to 'None'
[0.376s] Level 5:colcon.colcon_core.verb:set package 'micro_ros_setup' build argument 'cmake_target' from command line to 'None'
[0.376s] Level 5:colcon.colcon_core.verb:set package 'micro_ros_setup' build argument 'cmake_target_skip_unavailable' from command line to 'False'
[0.376s] Level 5:colcon.colcon_core.verb:set package 'micro_ros_setup' build argument 'cmake_clean_cache' from command line to 'False'
[0.376s] Level 5:colcon.colcon_core.verb:set package 'micro_ros_setup' build argument 'cmake_clean_first' from command line to 'False'
[0.376s] Level 5:colcon.colcon_core.verb:set package 'micro_ros_setup' build argument 'cmake_force_configure' from command line to 'False'
[0.376s] Level 5:colcon.colcon_core.verb:set package 'micro_ros_setup' build argument 'ament_cmake_args' from command line to 'None'
[0.376s] Level 5:colcon.colcon_core.verb:set package 'micro_ros_setup' build argument 'catkin_cmake_args' from command line to 'None'
[0.376s] Level 5:colcon.colcon_core.verb:set package 'micro_ros_setup' build argument 'catkin_skip_building_tests' from command line to 'False'
[0.376s] DEBUG:colcon.colcon_core.verb:Building package 'micro_ros_setup' with the following arguments: {'ament_cmake_args': None, 'build_base': '/home/epiibots/ros2_ws/build/micro_ros_setup', 'catkin_cmake_args': None, 'catkin_skip_building_tests': False, 'cmake_args': None, 'cmake_clean_cache': False, 'cmake_clean_first': False, 'cmake_force_configure': False, 'cmake_target': None, 'cmake_target_skip_unavailable': False, 'install_base': '/home/epiibots/ros2_ws/install/micro_ros_setup', 'merge_install': False, 'path': '/home/epiibots/ros2_ws/src/micro_ros_setup', 'symlink_install': False, 'test_result_base': None}
[0.376s] Level 5:colcon.colcon_core.verb:set package 'pwm_rec' build argument 'cmake_args' from command line to 'None'
[0.376s] Level 5:colcon.colcon_core.verb:set package 'pwm_rec' build argument 'cmake_target' from command line to 'None'
[0.376s] Level 5:colcon.colcon_core.verb:set package 'pwm_rec' build argument 'cmake_target_skip_unavailable' from command line to 'False'
[0.376s] Level 5:colcon.colcon_core.verb:set package 'pwm_rec' build argument 'cmake_clean_cache' from command line to 'False'
[0.376s] Level 5:colcon.colcon_core.verb:set package 'pwm_rec' build argument 'cmake_clean_first' from command line to 'False'
[0.376s] Level 5:colcon.colcon_core.verb:set package 'pwm_rec' build argument 'cmake_force_configure' from command line to 'False'
[0.377s] Level 5:colcon.colcon_core.verb:set package 'pwm_rec' build argument 'ament_cmake_args' from command line to 'None'
[0.377s] Level 5:colcon.colcon_core.verb:set package 'pwm_rec' build argument 'catkin_cmake_args' from command line to 'None'
[0.377s] Level 5:colcon.colcon_core.verb:set package 'pwm_rec' build argument 'catkin_skip_building_tests' from command line to 'False'
[0.377s] DEBUG:colcon.colcon_core.verb:Building package 'pwm_rec' with the following arguments: {'ament_cmake_args': None, 'build_base': '/home/epiibots/ros2_ws/build/pwm_rec', 'catkin_cmake_args': None, 'catkin_skip_building_tests': False, 'cmake_args': None, 'cmake_clean_cache': False, 'cmake_clean_first': False, 'cmake_force_configure': False, 'cmake_target': None, 'cmake_target_skip_unavailable': False, 'install_base': '/home/epiibots/ros2_ws/install/pwm_rec', 'merge_install': False, 'path': '/home/epiibots/ros2_ws/src/pwm_rec', 'symlink_install': False, 'test_result_base': None}
[0.377s] Level 5:colcon.colcon_core.verb:set package 'servo_steering' build argument 'cmake_args' from command line to 'None'
[0.377s] Level 5:colcon.colcon_core.verb:set package 'servo_steering' build argument 'cmake_target' from command line to 'None'
[0.377s] Level 5:colcon.colcon_core.verb:set package 'servo_steering' build argument 'cmake_target_skip_unavailable' from command line to 'False'
[0.377s] Level 5:colcon.colcon_core.verb:set package 'servo_steering' build argument 'cmake_clean_cache' from command line to 'False'
[0.377s] Level 5:colcon.colcon_core.verb:set package 'servo_steering' build argument 'cmake_clean_first' from command line to 'False'
[0.377s] Level 5:colcon.colcon_core.verb:set package 'servo_steering' build argument 'cmake_force_configure' from command line to 'False'
[0.377s] Level 5:colcon.colcon_core.verb:set package 'servo_steering' build argument 'ament_cmake_args' from command line to 'None'
[0.377s] Level 5:colcon.colcon_core.verb:set package 'servo_steering' build argument 'catkin_cmake_args' from command line to 'None'
[0.377s] Level 5:colcon.colcon_core.verb:set package 'servo_steering' build argument 'catkin_skip_building_tests' from command line to 'False'
[0.377s] DEBUG:colcon.colcon_core.verb:Building package 'servo_steering' with the following arguments: {'ament_cmake_args': None, 'build_base': '/home/epiibots/ros2_ws/build/servo_steering', 'catkin_cmake_args': None, 'catkin_skip_building_tests': False, 'cmake_args': None, 'cmake_clean_cache': False, 'cmake_clean_first': False, 'cmake_force_configure': False, 'cmake_target': None, 'cmake_target_skip_unavailable': False, 'install_base': '/home/epiibots/ros2_ws/install/servo_steering', 'merge_install': False, 'path': '/home/epiibots/ros2_ws/src/servo_steering', 'symlink_install': False, 'test_result_base': None}
[0.377s] Level 5:colcon.colcon_core.verb:set package 'sllidar_ros2' build argument 'cmake_args' from command line to 'None'
[0.377s] Level 5:colcon.colcon_core.verb:set package 'sllidar_ros2' build argument 'cmake_target' from command line to 'None'
[0.377s] Level 5:colcon.colcon_core.verb:set package 'sllidar_ros2' build argument 'cmake_target_skip_unavailable' from command line to 'False'
[0.378s] Level 5:colcon.colcon_core.verb:set package 'sllidar_ros2' build argument 'cmake_clean_cache' from command line to 'False'
[0.378s] Level 5:colcon.colcon_core.verb:set package 'sllidar_ros2' build argument 'cmake_clean_first' from command line to 'False'
[0.378s] Level 5:colcon.colcon_core.verb:set package 'sllidar_ros2' build argument 'cmake_force_configure' from command line to 'False'
[0.378s] Level 5:colcon.colcon_core.verb:set package 'sllidar_ros2' build argument 'ament_cmake_args' from command line to 'None'
[0.378s] Level 5:colcon.colcon_core.verb:set package 'sllidar_ros2' build argument 'catkin_cmake_args' from command line to 'None'
[0.378s] Level 5:colcon.colcon_core.verb:set package 'sllidar_ros2' build argument 'catkin_skip_building_tests' from command line to 'False'
[0.378s] DEBUG:colcon.colcon_core.verb:Building package 'sllidar_ros2' with the following arguments: {'ament_cmake_args': None, 'build_base': '/home/epiibots/ros2_ws/build/sllidar_ros2', 'catkin_cmake_args': None, 'catkin_skip_building_tests': False, 'cmake_args': None, 'cmake_clean_cache': False, 'cmake_clean_first': False, 'cmake_force_configure': False, 'cmake_target': None, 'cmake_target_skip_unavailable': False, 'install_base': '/home/epiibots/ros2_ws/install/sllidar_ros2', 'merge_install': False, 'path': '/home/epiibots/ros2_ws/src/sllidar_ros2', 'symlink_install': False, 'test_result_base': None}
[0.378s] Level 5:colcon.colcon_core.verb:set package 'controlegeral_carrinho' build argument 'cmake_args' from command line to 'None'
[0.378s] Level 5:colcon.colcon_core.verb:set package 'controlegeral_carrinho' build argument 'cmake_target' from command line to 'None'
[0.378s] Level 5:colcon.colcon_core.verb:set package 'controlegeral_carrinho' build argument 'cmake_target_skip_unavailable' from command line to 'False'
[0.378s] Level 5:colcon.colcon_core.verb:set package 'controlegeral_carrinho' build argument 'cmake_clean_cache' from command line to 'False'
[0.378s] Level 5:colcon.colcon_core.verb:set package 'controlegeral_carrinho' build argument 'cmake_clean_first' from command line to 'False'
[0.378s] Level 5:colcon.colcon_core.verb:set package 'controlegeral_carrinho' build argument 'cmake_force_configure' from command line to 'False'
[0.378s] Level 5:colcon.colcon_core.verb:set package 'controlegeral_carrinho' build argument 'ament_cmake_args' from command line to 'None'
[0.378s] Level 5:colcon.colcon_core.verb:set package 'controlegeral_carrinho' build argument 'catkin_cmake_args' from command line to 'None'
[0.378s] Level 5:colcon.colcon_core.verb:set package 'controlegeral_carrinho' build argument 'catkin_skip_building_tests' from command line to 'False'
[0.378s] DEBUG:colcon.colcon_core.verb:Building package 'controlegeral_carrinho' with the following arguments: {'ament_cmake_args': None, 'build_base': '/home/epiibots/ros2_ws/build/controlegeral_carrinho', 'catkin_cmake_args': None, 'catkin_skip_building_tests': False, 'cmake_args': None, 'cmake_clean_cache': False, 'cmake_clean_first': False, 'cmake_force_configure': False, 'cmake_target': None, 'cmake_target_skip_unavailable': False, 'install_base': '/home/epiibots/ros2_ws/install/controlegeral_carrinho', 'merge_install': False, 'path': '/home/epiibots/ros2_ws/src/controlegeral_carrinho', 'symlink_install': False, 'test_result_base': None}
[0.378s] Level 5:colcon.colcon_core.verb:set package 'micro_ros_agent' build argument 'cmake_args' from command line to 'None'
[0.379s] Level 5:colcon.colcon_core.verb:set package 'micro_ros_agent' build argument 'cmake_target' from command line to 'None'
[0.379s] Level 5:colcon.colcon_core.verb:set package 'micro_ros_agent' build argument 'cmake_target_skip_unavailable' from command line to 'False'
[0.379s] Level 5:colcon.colcon_core.verb:set package 'micro_ros_agent' build argument 'cmake_clean_cache' from command line to 'False'
[0.379s] Level 5:colcon.colcon_core.verb:set package 'micro_ros_agent' build argument 'cmake_clean_first' from command line to 'False'
[0.379s] Level 5:colcon.colcon_core.verb:set package 'micro_ros_agent' build argument 'cmake_force_configure' from command line to 'False'
[0.379s] Level 5:colcon.colcon_core.verb:set package 'micro_ros_agent' build argument 'ament_cmake_args' from command line to 'None'
[0.379s] Level 5:colcon.colcon_core.verb:set package 'micro_ros_agent' build argument 'catkin_cmake_args' from command line to 'None'
[0.379s] Level 5:colcon.colcon_core.verb:set package 'micro_ros_agent' build argument 'catkin_skip_building_tests' from command line to 'False'
[0.379s] DEBUG:colcon.colcon_core.verb:Building package 'micro_ros_agent' with the following arguments: {'ament_cmake_args': None, 'build_base': '/home/epiibots/ros2_ws/build/micro_ros_agent', 'catkin_cmake_args': None, 'catkin_skip_building_tests': False, 'cmake_args': None, 'cmake_clean_cache': False, 'cmake_clean_first': False, 'cmake_force_configure': False, 'cmake_target': None, 'cmake_target_skip_unavailable': False, 'install_base': '/home/epiibots/ros2_ws/install/micro_ros_agent', 'merge_install': False, 'path': '/home/epiibots/ros2_ws/src/uros/micro-ROS-Agent/micro_ros_agent', 'symlink_install': False, 'test_result_base': None}
[0.379s] INFO:colcon.colcon_core.executor:Executing jobs using 'parallel' executor
[0.380s] DEBUG:colcon.colcon_parallel_executor.executor.parallel:run_until_complete
[0.381s] INFO:colcon.colcon_ros.task.ament_python.build:Building ROS package in '/home/epiibots/ros2_ws/src/bno055' with build type 'ament_python'
[0.381s] Level 1:colcon.colcon_core.shell:create_environment_hook('bno055', 'ament_prefix_path')
[0.384s] INFO:colcon.colcon_core.plugin_system:Skipping extension 'colcon_core.shell.bat': Not used on non-Windows systems
[0.384s] INFO:colcon.colcon_core.shell:Creating environment hook '/home/epiibots/ros2_ws/install/bno055/share/bno055/hook/ament_prefix_path.ps1'
[0.385s] INFO:colcon.colcon_core.shell:Creating environment descriptor '/home/epiibots/ros2_ws/install/bno055/share/bno055/hook/ament_prefix_path.dsv'
[0.388s] INFO:colcon.colcon_core.shell:Creating environment hook '/home/epiibots/ros2_ws/install/bno055/share/bno055/hook/ament_prefix_path.sh'
[0.389s] INFO:colcon.colcon_core.shell:Skip shell extension 'powershell' for command environment: Not usable outside of PowerShell
[0.389s] DEBUG:colcon.colcon_core.shell:Skip shell extension 'dsv' for command environment
[0.395s] INFO:colcon.colcon_ros.task.ament_cmake.build:Building ROS package in '/home/epiibots/ros2_ws/src/uros/micro_ros_msgs' with build type 'ament_cmake'
[0.395s] INFO:colcon.colcon_cmake.task.cmake.build:Building CMake package in '/home/epiibots/ros2_ws/src/uros/micro_ros_msgs'
[0.396s] INFO:colcon.colcon_core.shell:Skip shell extension 'powershell' for command environment: Not usable outside of PowerShell
[0.396s] DEBUG:colcon.colcon_core.shell:Skip shell extension 'dsv' for command environment
[0.402s] INFO:colcon.colcon_ros.task.ament_cmake.build:Building ROS package in '/home/epiibots/ros2_ws/src/sllidar_ros2' with build type 'ament_cmake'
[0.402s] INFO:colcon.colcon_cmake.task.cmake.build:Building CMake package in '/home/epiibots/ros2_ws/src/sllidar_ros2'
[0.403s] INFO:colcon.colcon_core.shell:Skip shell extension 'powershell' for command environment: Not usable outside of PowerShell
[0.403s] DEBUG:colcon.colcon_core.shell:Skip shell extension 'dsv' for command environment
[0.409s] INFO:colcon.colcon_ros.task.ament_python.build:Building ROS package in '/home/epiibots/ros2_ws/src/calibration' with build type 'ament_python'
[0.410s] Level 1:colcon.colcon_core.shell:create_environment_hook('calibration', 'ament_prefix_path')
[0.410s] INFO:colcon.colcon_core.shell:Creating environment hook '/home/epiibots/ros2_ws/install/calibration/share/calibration/hook/ament_prefix_path.ps1'
[0.411s] INFO:colcon.colcon_core.shell:Creating environment descriptor '/home/epiibots/ros2_ws/install/calibration/share/calibration/hook/ament_prefix_path.dsv'
[0.412s] INFO:colcon.colcon_core.shell:Creating environment hook '/home/epiibots/ros2_ws/install/calibration/share/calibration/hook/ament_prefix_path.sh'
[0.413s] INFO:colcon.colcon_core.shell:Skip shell extension 'powershell' for command environment: Not usable outside of PowerShell
[0.413s] DEBUG:colcon.colcon_core.shell:Skip shell extension 'dsv' for command environment
[0.818s] INFO:colcon.colcon_core.task.python.build:Building Python package in '/home/epiibots/ros2_ws/src/bno055'
[0.819s] INFO:colcon.colcon_core.shell:Skip shell extension 'powershell' for command environment: Not usable outside of PowerShell
[0.819s] DEBUG:colcon.colcon_core.shell:Skip shell extension 'dsv' for command environment
[0.833s] DEBUG:colcon.colcon_core.event_handler.log_command:Invoking command in '/home/epiibots/ros2_ws/build/micro_ros_msgs': CMAKE_PREFIX_PATH=${CMAKE_PREFIX_PATH}:/home/epiibots/ros2_ws/install/controlegeral_carrinho:/home/epiibots/ros2_ws/install/servo_steering:/home/epiibots/ros2_ws/install/pwm_rec:/home/epiibots/ros2_ws/install/lidar_teste:/home/epiibots/ros2_ws/install/detector:/home/epiibots/ros2_ws/install/carrinho_base:/home/epiibots/ros2_ws/install/calibration:/home/epiibots/ros2_ws/install/bno055:/opt/ros/jazzy DEBUGINFOD_URLS=https://debuginfod.ubuntu.com /usr/bin/cmake --build /home/epiibots/ros2_ws/build/micro_ros_msgs -- -j4 -l4
[0.837s] DEBUG:colcon.colcon_core.event_handler.log_command:Invoking command in '/home/epiibots/ros2_ws/build/sllidar_ros2': CMAKE_PREFIX_PATH=${CMAKE_PREFIX_PATH}:/home/epiibots/ros2_ws/install/controlegeral_carrinho:/home/epiibots/ros2_ws/install/servo_steering:/home/epiibots/ros2_ws/install/pwm_rec:/home/epiibots/ros2_ws/install/lidar_teste:/home/epiibots/ros2_ws/install/detector:/home/epiibots/ros2_ws/install/carrinho_base:/home/epiibots/ros2_ws/install/calibration:/home/epiibots/ros2_ws/install/bno055:/opt/ros/jazzy DEBUGINFOD_URLS=https://debuginfod.ubuntu.com /usr/bin/cmake --build /home/epiibots/ros2_ws/build/sllidar_ros2 -- -j4 -l4
[1.598s] INFO:colcon.colcon_core.task.python.build:Building Python package in '/home/epiibots/ros2_ws/src/calibration'
[1.598s] INFO:colcon.colcon_core.shell:Skip shell extension 'powershell' for command environment: Not usable outside of PowerShell
[1.599s] DEBUG:colcon.colcon_core.shell:Skip shell extension 'dsv' for command environment
[1.612s] DEBUG:colcon.colcon_core.event_handler.log_command:Invoked command in '/home/epiibots/ros2_ws/build/sllidar_ros2' returned '0': CMAKE_PREFIX_PATH=${CMAKE_PREFIX_PATH}:/home/epiibots/ros2_ws/install/controlegeral_carrinho:/home/epiibots/ros2_ws/install/servo_steering:/home/epiibots/ros2_ws/install/pwm_rec:/home/epiibots/ros2_ws/install/lidar_teste:/home/epiibots/ros2_ws/install/detector:/home/epiibots/ros2_ws/install/carrinho_base:/home/epiibots/ros2_ws/install/calibration:/home/epiibots/ros2_ws/install/bno055:/opt/ros/jazzy DEBUGINFOD_URLS=https://debuginfod.ubuntu.com /usr/bin/cmake --build /home/epiibots/ros2_ws/build/sllidar_ros2 -- -j4 -l4
[1.646s] DEBUG:colcon.colcon_core.event_handler.log_command:Invoking command in '/home/epiibots/ros2_ws/build/sllidar_ros2': CMAKE_PREFIX_PATH=${CMAKE_PREFIX_PATH}:/home/epiibots/ros2_ws/install/controlegeral_carrinho:/home/epiibots/ros2_ws/install/servo_steering:/home/epiibots/ros2_ws/install/pwm_rec:/home/epiibots/ros2_ws/install/lidar_teste:/home/epiibots/ros2_ws/install/detector:/home/epiibots/ros2_ws/install/carrinho_base:/home/epiibots/ros2_ws/install/calibration:/home/epiibots/ros2_ws/install/bno055:/opt/ros/jazzy DEBUGINFOD_URLS=https://debuginfod.ubuntu.com /usr/bin/cmake --install /home/epiibots/ros2_ws/build/sllidar_ros2
[1.850s] Level 1:colcon.colcon_core.environment:create_environment_scripts_only(sllidar_ros2)
[1.851s] DEBUG:colcon.colcon_core.event_handler.log_command:Invoked command in '/home/epiibots/ros2_ws/build/sllidar_ros2' returned '0': CMAKE_PREFIX_PATH=${CMAKE_PREFIX_PATH}:/home/epiibots/ros2_ws/install/controlegeral_carrinho:/home/epiibots/ros2_ws/install/servo_steering:/home/epiibots/ros2_ws/install/pwm_rec:/home/epiibots/ros2_ws/install/lidar_teste:/home/epiibots/ros2_ws/install/detector:/home/epiibots/ros2_ws/install/carrinho_base:/home/epiibots/ros2_ws/install/calibration:/home/epiibots/ros2_ws/install/bno055:/opt/ros/jazzy DEBUGINFOD_URLS=https://debuginfod.ubuntu.com /usr/bin/cmake --install /home/epiibots/ros2_ws/build/sllidar_ros2
[1.863s] Level 1:colcon.colcon_core.environment:checking '/home/epiibots/ros2_ws/install/sllidar_ros2' for CMake module files
[1.868s] Level 1:colcon.colcon_core.environment:checking '/home/epiibots/ros2_ws/install/sllidar_ros2' for CMake config files
[1.869s] Level 1:colcon.colcon_core.shell:create_environment_hook('sllidar_ros2', 'cmake_prefix_path')
[1.872s] INFO:colcon.colcon_core.shell:Creating environment hook '/home/epiibots/ros2_ws/install/sllidar_ros2/share/sllidar_ros2/hook/cmake_prefix_path.ps1'
[1.879s] INFO:colcon.colcon_core.shell:Creating environment descriptor '/home/epiibots/ros2_ws/install/sllidar_ros2/share/sllidar_ros2/hook/cmake_prefix_path.dsv'
[1.885s] INFO:colcon.colcon_core.shell:Creating environment hook '/home/epiibots/ros2_ws/install/sllidar_ros2/share/sllidar_ros2/hook/cmake_prefix_path.sh'
[1.892s] Level 1:colcon.colcon_core.environment:checking '/home/epiibots/ros2_ws/install/sllidar_ros2/lib'
[1.892s] Level 1:colcon.colcon_core.environment:checking '/home/epiibots/ros2_ws/install/sllidar_ros2/bin'
[1.894s] Level 1:colcon.colcon_core.environment:checking '/home/epiibots/ros2_ws/install/sllidar_ros2/lib/pkgconfig/sllidar_ros2.pc'
[1.898s] Level 1:colcon.colcon_core.environment:checking '/home/epiibots/ros2_ws/install/sllidar_ros2/lib/python3.12/site-packages'
[1.900s] Level 1:colcon.colcon_core.environment:checking '/home/epiibots/ros2_ws/install/sllidar_ros2/bin'
[1.901s] INFO:colcon.colcon_core.shell:Creating package script '/home/epiibots/ros2_ws/install/sllidar_ros2/share/sllidar_ros2/package.ps1'
[1.922s] INFO:colcon.colcon_core.shell:Creating package descriptor '/home/epiibots/ros2_ws/install/sllidar_ros2/share/sllidar_ros2/package.dsv'
[1.935s] INFO:colcon.colcon_core.shell:Creating package script '/home/epiibots/ros2_ws/install/sllidar_ros2/share/sllidar_ros2/package.sh'
[1.946s] INFO:colcon.colcon_core.shell:Creating package script '/home/epiibots/ros2_ws/install/sllidar_ros2/share/sllidar_ros2/package.bash'
[1.958s] INFO:colcon.colcon_core.shell:Creating package script '/home/epiibots/ros2_ws/install/sllidar_ros2/share/sllidar_ros2/package.zsh'
[1.966s] Level 1:colcon.colcon_core.environment:create_file_with_runtime_dependencies(/home/epiibots/ros2_ws/install/sllidar_ros2/share/colcon-core/packages/sllidar_ros2)
[1.972s] Level 1:colcon.colcon_core.environment:create_environment_scripts_only(sllidar_ros2)
[1.973s] Level 1:colcon.colcon_core.environment:checking '/home/epiibots/ros2_ws/install/sllidar_ros2' for CMake module files
[1.975s] Level 1:colcon.colcon_core.environment:checking '/home/epiibots/ros2_ws/install/sllidar_ros2' for CMake config files
[1.976s] Level 1:colcon.colcon_core.shell:create_environment_hook('sllidar_ros2', 'cmake_prefix_path')
[1.977s] INFO:colcon.colcon_core.shell:Creating environment hook '/home/epiibots/ros2_ws/install/sllidar_ros2/share/sllidar_ros2/hook/cmake_prefix_path.ps1'
[1.978s] INFO:colcon.colcon_core.shell:Creating environment descriptor '/home/epiibots/ros2_ws/install/sllidar_ros2/share/sllidar_ros2/hook/cmake_prefix_path.dsv'
[1.980s] INFO:colcon.colcon_core.shell:Creating environment hook '/home/epiibots/ros2_ws/install/sllidar_ros2/share/sllidar_ros2/hook/cmake_prefix_path.sh'
[1.984s] Level 1:colcon.colcon_core.environment:checking '/home/epiibots/ros2_ws/install/sllidar_ros2/lib'
[1.984s] Level 1:colcon.colcon_core.environment:checking '/home/epiibots/ros2_ws/install/sllidar_ros2/bin'
[1.984s] Level 1:colcon.colcon_core.environment:checking '/home/epiibots/ros2_ws/install/sllidar_ros2/lib/pkgconfig/sllidar_ros2.pc'
[1.985s] Level 1:colcon.colcon_core.environment:checking '/home/epiibots/ros2_ws/install/sllidar_ros2/lib/python3.12/site-packages'
[1.985s] Level 1:colcon.colcon_core.environment:checking '/home/epiibots/ros2_ws/install/sllidar_ros2/bin'
[1.990s] INFO:colcon.colcon_core.shell:Creating package script '/home/epiibots/ros2_ws/install/sllidar_ros2/share/sllidar_ros2/package.ps1'
[1.993s] INFO:colcon.colcon_core.shell:Creating package descriptor '/home/epiibots/ros2_ws/install/sllidar_ros2/share/sllidar_ros2/package.dsv'
[1.999s] INFO:colcon.colcon_core.shell:Creating package script '/home/epiibots/ros2_ws/install/sllidar_ros2/share/sllidar_ros2/package.sh'
[2.001s] INFO:colcon.colcon_core.shell:Creating package script '/home/epiibots/ros2_ws/install/sllidar_ros2/share/sllidar_ros2/package.bash'
[2.002s] INFO:colcon.colcon_core.shell:Creating package script '/home/epiibots/ros2_ws/install/sllidar_ros2/share/sllidar_ros2/package.zsh'
[2.003s] Level 1:colcon.colcon_core.environment:create_file_with_runtime_dependencies(/home/epiibots/ros2_ws/install/sllidar_ros2/share/colcon-core/packages/sllidar_ros2)
[2.008s] INFO:colcon.colcon_ros.task.ament_python.build:Building ROS package in '/home/epiibots/ros2_ws/src/carrinho_base' with build type 'ament_python'
[2.008s] Level 1:colcon.colcon_core.shell:create_environment_hook('carrinho_base', 'ament_prefix_path')
[2.008s] INFO:colcon.colcon_core.shell:Creating environment hook '/home/epiibots/ros2_ws/install/carrinho_base/share/carrinho_base/hook/ament_prefix_path.ps1'
[2.013s] INFO:colcon.colcon_core.shell:Creating environment descriptor '/home/epiibots/ros2_ws/install/carrinho_base/share/carrinho_base/hook/ament_prefix_path.dsv'
[2.017s] INFO:colcon.colcon_core.shell:Creating environment hook '/home/epiibots/ros2_ws/install/carrinho_base/share/carrinho_base/hook/ament_prefix_path.sh'
[2.020s] INFO:colcon.colcon_core.shell:Skip shell extension 'powershell' for command environment: Not usable outside of PowerShell
[2.021s] DEBUG:colcon.colcon_core.shell:Skip shell extension 'dsv' for command environment
[2.687s] INFO:colcon.colcon_core.task.python.build:Building Python package in '/home/epiibots/ros2_ws/src/carrinho_base'
[2.688s] INFO:colcon.colcon_core.shell:Skip shell extension 'powershell' for command environment: Not usable outside of PowerShell
[2.688s] DEBUG:colcon.colcon_core.shell:Skip shell extension 'dsv' for command environment
[2.700s] DEBUG:colcon.colcon_core.event_handler.log_command:Invoked command in '/home/epiibots/ros2_ws/build/micro_ros_msgs' returned '0': CMAKE_PREFIX_PATH=${CMAKE_PREFIX_PATH}:/home/epiibots/ros2_ws/install/controlegeral_carrinho:/home/epiibots/ros2_ws/install/servo_steering:/home/epiibots/ros2_ws/install/pwm_rec:/home/epiibots/ros2_ws/install/lidar_teste:/home/epiibots/ros2_ws/install/detector:/home/epiibots/ros2_ws/install/carrinho_base:/home/epiibots/ros2_ws/install/calibration:/home/epiibots/ros2_ws/install/bno055:/opt/ros/jazzy DEBUGINFOD_URLS=https://debuginfod.ubuntu.com /usr/bin/cmake --build /home/epiibots/ros2_ws/build/micro_ros_msgs -- -j4 -l4
[2.706s] DEBUG:colcon.colcon_core.event_handler.log_command:Invoking command in '/home/epiibots/ros2_ws/build/micro_ros_msgs': CMAKE_PREFIX_PATH=${CMAKE_PREFIX_PATH}:/home/epiibots/ros2_ws/install/controlegeral_carrinho:/home/epiibots/ros2_ws/install/servo_steering:/home/epiibots/ros2_ws/install/pwm_rec:/home/epiibots/ros2_ws/install/lidar_teste:/home/epiibots/ros2_ws/install/detector:/home/epiibots/ros2_ws/install/carrinho_base:/home/epiibots/ros2_ws/install/calibration:/home/epiibots/ros2_ws/install/bno055:/opt/ros/jazzy DEBUGINFOD_URLS=https://debuginfod.ubuntu.com /usr/bin/cmake --install /home/epiibots/ros2_ws/build/micro_ros_msgs
[3.095s] Level 1:colcon.colcon_core.environment:create_environment_scripts_only(micro_ros_msgs)
[3.095s] Level 1:colcon.colcon_core.environment:checking '/home/epiibots/ros2_ws/install/micro_ros_msgs' for CMake module files
[3.100s] Level 1:colcon.colcon_core.environment:checking '/home/epiibots/ros2_ws/install/micro_ros_msgs' for CMake config files
[3.104s] Level 1:colcon.colcon_core.shell:create_environment_hook('micro_ros_msgs', 'cmake_prefix_path')
[3.107s] INFO:colcon.colcon_core.shell:Creating environment hook '/home/epiibots/ros2_ws/install/micro_ros_msgs/share/micro_ros_msgs/hook/cmake_prefix_path.ps1'
[3.109s] INFO:colcon.colcon_core.shell:Creating environment descriptor '/home/epiibots/ros2_ws/install/micro_ros_msgs/share/micro_ros_msgs/hook/cmake_prefix_path.dsv'
[3.106s] DEBUG:colcon.colcon_core.event_handler.log_command:Invoked command in '/home/epiibots/ros2_ws/build/micro_ros_msgs' returned '0': CMAKE_PREFIX_PATH=${CMAKE_PREFIX_PATH}:/home/epiibots/ros2_ws/install/controlegeral_carrinho:/home/epiibots/ros2_ws/install/servo_steering:/home/epiibots/ros2_ws/install/pwm_rec:/home/epiibots/ros2_ws/install/lidar_teste:/home/epiibots/ros2_ws/install/detector:/home/epiibots/ros2_ws/install/carrinho_base:/home/epiibots/ros2_ws/install/calibration:/home/epiibots/ros2_ws/install/bno055:/opt/ros/jazzy DEBUGINFOD_URLS=https://debuginfod.ubuntu.com /usr/bin/cmake --install /home/epiibots/ros2_ws/build/micro_ros_msgs
[3.112s] INFO:colcon.colcon_core.shell:Creating environment hook '/home/epiibots/ros2_ws/install/micro_ros_msgs/share/micro_ros_msgs/hook/cmake_prefix_path.sh'
[3.114s] Level 1:colcon.colcon_core.environment:checking '/home/epiibots/ros2_ws/install/micro_ros_msgs/lib'
[3.114s] Level 1:colcon.colcon_core.shell:create_environment_hook('micro_ros_msgs', 'ld_library_path_lib')
[3.115s] INFO:colcon.colcon_core.shell:Creating environment hook '/home/epiibots/ros2_ws/install/micro_ros_msgs/share/micro_ros_msgs/hook/ld_library_path_lib.ps1'
[3.116s] INFO:colcon.colcon_core.shell:Creating environment descriptor '/home/epiibots/ros2_ws/install/micro_ros_msgs/share/micro_ros_msgs/hook/ld_library_path_lib.dsv'
[3.117s] INFO:colcon.colcon_core.shell:Creating environment hook '/home/epiibots/ros2_ws/install/micro_ros_msgs/share/micro_ros_msgs/hook/ld_library_path_lib.sh'
[3.119s] Level 1:colcon.colcon_core.environment:checking '/home/epiibots/ros2_ws/install/micro_ros_msgs/bin'
[3.119s] Level 1:colcon.colcon_core.environment:checking '/home/epiibots/ros2_ws/install/micro_ros_msgs/lib/pkgconfig/micro_ros_msgs.pc'
[3.120s] Level 1:colcon.colcon_core.environment:checking '/home/epiibots/ros2_ws/install/micro_ros_msgs/lib/python3.12/site-packages'
[3.120s] Level 1:colcon.colcon_core.shell:create_environment_hook('micro_ros_msgs', 'pythonpath')
[3.120s] INFO:colcon.colcon_core.shell:Creating environment hook '/home/epiibots/ros2_ws/install/micro_ros_msgs/share/micro_ros_msgs/hook/pythonpath.ps1'
[3.121s] INFO:colcon.colcon_core.shell:Creating environment descriptor '/home/epiibots/ros2_ws/install/micro_ros_msgs/share/micro_ros_msgs/hook/pythonpath.dsv'
[3.122s] INFO:colcon.colcon_core.shell:Creating environment hook '/home/epiibots/ros2_ws/install/micro_ros_msgs/share/micro_ros_msgs/hook/pythonpath.sh'
[3.124s] Level 1:colcon.colcon_core.environment:checking '/home/epiibots/ros2_ws/install/micro_ros_msgs/bin'
[3.124s] INFO:colcon.colcon_core.shell:Creating package script '/home/epiibots/ros2_ws/install/micro_ros_msgs/share/micro_ros_msgs/package.ps1'
[3.126s] INFO:colcon.colcon_core.shell:Creating package descriptor '/home/epiibots/ros2_ws/install/micro_ros_msgs/share/micro_ros_msgs/package.dsv'
[3.127s] INFO:colcon.colcon_core.shell:Creating package script '/home/epiibots/ros2_ws/install/micro_ros_msgs/share/micro_ros_msgs/package.sh'
[3.128s] INFO:colcon.colcon_core.shell:Creating package script '/home/epiibots/ros2_ws/install/micro_ros_msgs/share/micro_ros_msgs/package.bash'
[3.129s] INFO:colcon.colcon_core.shell:Creating package script '/home/epiibots/ros2_ws/install/micro_ros_msgs/share/micro_ros_msgs/package.zsh'
[3.129s] Level 1:colcon.colcon_core.environment:create_file_with_runtime_dependencies(/home/epiibots/ros2_ws/install/micro_ros_msgs/share/colcon-core/packages/micro_ros_msgs)
[3.131s] Level 1:colcon.colcon_core.environment:create_environment_scripts_only(micro_ros_msgs)
[3.131s] Level 1:colcon.colcon_core.environment:checking '/home/epiibots/ros2_ws/install/micro_ros_msgs' for CMake module files
[3.132s] Level 1:colcon.colcon_core.environment:checking '/home/epiibots/ros2_ws/install/micro_ros_msgs' for CMake config files
[3.133s] Level 1:colcon.colcon_core.shell:create_environment_hook('micro_ros_msgs', 'cmake_prefix_path')
[3.133s] INFO:colcon.colcon_core.shell:Creating environment hook '/home/epiibots/ros2_ws/install/micro_ros_msgs/share/micro_ros_msgs/hook/cmake_prefix_path.ps1'
[3.134s] INFO:colcon.colcon_core.shell:Creating environment descriptor '/home/epiibots/ros2_ws/install/micro_ros_msgs/share/micro_ros_msgs/hook/cmake_prefix_path.dsv'
[3.136s] INFO:colcon.colcon_core.shell:Creating environment hook '/home/epiibots/ros2_ws/install/micro_ros_msgs/share/micro_ros_msgs/hook/cmake_prefix_path.sh'
[3.137s] Level 1:colcon.colcon_core.environment:checking '/home/epiibots/ros2_ws/install/micro_ros_msgs/lib'
[3.137s] Level 1:colcon.colcon_core.shell:create_environment_hook('micro_ros_msgs', 'ld_library_path_lib')
[3.138s] INFO:colcon.colcon_core.shell:Creating environment hook '/home/epiibots/ros2_ws/install/micro_ros_msgs/share/micro_ros_msgs/hook/ld_library_path_lib.ps1'
[3.139s] INFO:colcon.colcon_core.shell:Creating environment descriptor '/home/epiibots/ros2_ws/install/micro_ros_msgs/share/micro_ros_msgs/hook/ld_library_path_lib.dsv'
[3.140s] INFO:colcon.colcon_core.shell:Creating environment hook '/home/epiibots/ros2_ws/install/micro_ros_msgs/share/micro_ros_msgs/hook/ld_library_path_lib.sh'
[3.141s] Level 1:colcon.colcon_core.environment:checking '/home/epiibots/ros2_ws/install/micro_ros_msgs/bin'
[3.141s] Level 1:colcon.colcon_core.environment:checking '/home/epiibots/ros2_ws/install/micro_ros_msgs/lib/pkgconfig/micro_ros_msgs.pc'
[3.142s] Level 1:colcon.colcon_core.environment:checking '/home/epiibots/ros2_ws/install/micro_ros_msgs/lib/python3.12/site-packages'
[3.142s] Level 1:colcon.colcon_core.shell:create_environment_hook('micro_ros_msgs', 'pythonpath')
[3.142s] INFO:colcon.colcon_core.shell:Creating environment hook '/home/epiibots/ros2_ws/install/micro_ros_msgs/share/micro_ros_msgs/hook/pythonpath.ps1'
[3.144s] INFO:colcon.colcon_core.shell:Creating environment descriptor '/home/epiibots/ros2_ws/install/micro_ros_msgs/share/micro_ros_msgs/hook/pythonpath.dsv'
[3.145s] INFO:colcon.colcon_core.shell:Creating environment hook '/home/epiibots/ros2_ws/install/micro_ros_msgs/share/micro_ros_msgs/hook/pythonpath.sh'
[3.147s] Level 1:colcon.colcon_core.environment:checking '/home/epiibots/ros2_ws/install/micro_ros_msgs/bin'
[3.147s] INFO:colcon.colcon_core.shell:Creating package script '/home/epiibots/ros2_ws/install/micro_ros_msgs/share/micro_ros_msgs/package.ps1'
[3.149s] INFO:colcon.colcon_core.shell:Creating package descriptor '/home/epiibots/ros2_ws/install/micro_ros_msgs/share/micro_ros_msgs/package.dsv'
[3.150s] INFO:colcon.colcon_core.shell:Creating package script '/home/epiibots/ros2_ws/install/micro_ros_msgs/share/micro_ros_msgs/package.sh'
[3.151s] INFO:colcon.colcon_core.shell:Creating package script '/home/epiibots/ros2_ws/install/micro_ros_msgs/share/micro_ros_msgs/package.bash'
[3.153s] INFO:colcon.colcon_core.shell:Creating package script '/home/epiibots/ros2_ws/install/micro_ros_msgs/share/micro_ros_msgs/package.zsh'
[3.154s] Level 1:colcon.colcon_core.environment:create_file_with_runtime_dependencies(/home/epiibots/ros2_ws/install/micro_ros_msgs/share/colcon-core/packages/micro_ros_msgs)
[3.156s] INFO:colcon.colcon_ros.task.ament_python.build:Building ROS package in '/home/epiibots/ros2_ws/src/detector' with build type 'ament_python'
[3.156s] Level 1:colcon.colcon_core.shell:create_environment_hook('detector', 'ament_prefix_path')
[3.157s] INFO:colcon.colcon_core.shell:Creating environment hook '/home/epiibots/ros2_ws/install/detector/share/detector/hook/ament_prefix_path.ps1'
[3.159s] INFO:colcon.colcon_core.shell:Creating environment descriptor '/home/epiibots/ros2_ws/install/detector/share/detector/hook/ament_prefix_path.dsv'
[3.161s] INFO:colcon.colcon_core.shell:Creating environment hook '/home/epiibots/ros2_ws/install/detector/share/detector/hook/ament_prefix_path.sh'
[3.162s] INFO:colcon.colcon_core.shell:Skip shell extension 'powershell' for command environment: Not usable outside of PowerShell
[3.163s] DEBUG:colcon.colcon_core.shell:Skip shell extension 'dsv' for command environment
[3.831s] INFO:colcon.colcon_core.task.python.build:Building Python package in '/home/epiibots/ros2_ws/src/detector'
[3.831s] INFO:colcon.colcon_core.shell:Skip shell extension 'powershell' for command environment: Not usable outside of PowerShell
[3.831s] DEBUG:colcon.colcon_core.shell:Skip shell extension 'dsv' for command environment
[3.844s] DEBUG:colcon.colcon_core.event_handler.log_command:Invoking command in '/home/epiibots/ros2_ws/src/bno055': DEBUGINFOD_URLS=https://debuginfod.ubuntu.com PYTHONPATH=/home/epiibots/ros2_ws/build/bno055/prefix_override:/usr/lib/python3/dist-packages/colcon_core/task/python/colcon_distutils_commands:/home/epiibots/ros2_ws/install/bno055/lib/python3.12/site-packages:${PYTHONPATH} /usr/bin/python3 -W ignore:setup.py install is deprecated -W ignore:easy_install command is deprecated setup.py egg_info --egg-base ../../build/bno055 build --build-base /home/epiibots/ros2_ws/build/bno055/build install --record /home/epiibots/ros2_ws/build/bno055/install.log --single-version-externally-managed install_data
[3.848s] DEBUG:colcon.colcon_core.event_handler.log_command:Invoking command in '/home/epiibots/ros2_ws/src/calibration': DEBUGINFOD_URLS=https://debuginfod.ubuntu.com PYTHONPATH=/home/epiibots/ros2_ws/build/calibration/prefix_override:/usr/lib/python3/dist-packages/colcon_core/task/python/colcon_distutils_commands:/home/epiibots/ros2_ws/install/calibration/lib/python3.12/site-packages:${PYTHONPATH} /usr/bin/python3 -W ignore:setup.py install is deprecated -W ignore:easy_install command is deprecated setup.py egg_info --egg-base ../../build/calibration build --build-base /home/epiibots/ros2_ws/build/calibration/build install --record /home/epiibots/ros2_ws/build/calibration/install.log --single-version-externally-managed install_data
[4.444s] DEBUG:colcon.colcon_core.event_handler.log_command:Invoking command in '/home/epiibots/ros2_ws/src/carrinho_base': DEBUGINFOD_URLS=https://debuginfod.ubuntu.com PYTHONPATH=/home/epiibots/ros2_ws/build/carrinho_base/prefix_override:/usr/lib/python3/dist-packages/colcon_core/task/python/colcon_distutils_commands:/home/epiibots/ros2_ws/install/carrinho_base/lib/python3.12/site-packages:${PYTHONPATH} /usr/bin/python3 -W ignore:setup.py install is deprecated -W ignore:easy_install command is deprecated setup.py egg_info --egg-base ../../build/carrinho_base build --build-base /home/epiibots/ros2_ws/build/carrinho_base/build install --record /home/epiibots/ros2_ws/build/carrinho_base/install.log --single-version-externally-managed install_data
[5.430s] Level 1:colcon.colcon_core.environment:checking '/home/epiibots/ros2_ws/install/calibration' for CMake module files
[5.431s] DEBUG:colcon.colcon_core.event_handler.log_command:Invoked command in '/home/epiibots/ros2_ws/src/calibration' returned '0': DEBUGINFOD_URLS=https://debuginfod.ubuntu.com PYTHONPATH=/home/epiibots/ros2_ws/build/calibration/prefix_override:/usr/lib/python3/dist-packages/colcon_core/task/python/colcon_distutils_commands:/home/epiibots/ros2_ws/install/calibration/lib/python3.12/site-packages:${PYTHONPATH} /usr/bin/python3 -W ignore:setup.py install is deprecated -W ignore:easy_install command is deprecated setup.py egg_info --egg-base ../../build/calibration build --build-base /home/epiibots/ros2_ws/build/calibration/build install --record /home/epiibots/ros2_ws/build/calibration/install.log --single-version-externally-managed install_data
[5.433s] Level 1:colcon.colcon_core.environment:checking '/home/epiibots/ros2_ws/install/calibration' for CMake config files
[5.437s] Level 1:colcon.colcon_core.environment:checking '/home/epiibots/ros2_ws/install/calibration/lib'
[5.438s] Level 1:colcon.colcon_core.environment:checking '/home/epiibots/ros2_ws/install/calibration/bin'
[5.438s] Level 1:colcon.colcon_core.environment:checking '/home/epiibots/ros2_ws/install/calibration/lib/pkgconfig/calibration.pc'
[5.439s] Level 1:colcon.colcon_core.environment:checking '/home/epiibots/ros2_ws/install/calibration/lib/python3.12/site-packages'
[5.439s] Level 1:colcon.colcon_core.shell:create_environment_hook('calibration', 'pythonpath')
[5.440s] INFO:colcon.colcon_core.shell:Creating environment hook '/home/epiibots/ros2_ws/install/calibration/share/calibration/hook/pythonpath.ps1'
[5.442s] INFO:colcon.colcon_core.shell:Creating environment descriptor '/home/epiibots/ros2_ws/install/calibration/share/calibration/hook/pythonpath.dsv'
[5.445s] INFO:colcon.colcon_core.shell:Creating environment hook '/home/epiibots/ros2_ws/install/calibration/share/calibration/hook/pythonpath.sh'
[5.448s] Level 1:colcon.colcon_core.environment:checking '/home/epiibots/ros2_ws/install/calibration/bin'
[5.449s] Level 1:colcon.colcon_core.environment:create_environment_scripts_only(calibration)
[5.450s] INFO:colcon.colcon_core.shell:Creating package script '/home/epiibots/ros2_ws/install/calibration/share/calibration/package.ps1'
[5.452s] INFO:colcon.colcon_core.shell:Creating package descriptor '/home/epiibots/ros2_ws/install/calibration/share/calibration/package.dsv'
[5.454s] INFO:colcon.colcon_core.shell:Creating package script '/home/epiibots/ros2_ws/install/calibration/share/calibration/package.sh'
[5.456s] INFO:colcon.colcon_core.shell:Creating package script '/home/epiibots/ros2_ws/install/calibration/share/calibration/package.bash'
[5.459s] INFO:colcon.colcon_core.shell:Creating package script '/home/epiibots/ros2_ws/install/calibration/share/calibration/package.zsh'
[5.462s] Level 1:colcon.colcon_core.environment:create_file_with_runtime_dependencies(/home/epiibots/ros2_ws/install/calibration/share/colcon-core/packages/calibration)
[5.463s] INFO:colcon.colcon_ros.task.ament_cmake.build:Building ROS package in '/home/epiibots/ros2_ws/src/uros/drive_base/drive_base_msgs' with build type 'ament_cmake'
[5.465s] INFO:colcon.colcon_cmake.task.cmake.build:Building CMake package in '/home/epiibots/ros2_ws/src/uros/drive_base/drive_base_msgs'
[5.466s] INFO:colcon.colcon_core.shell:Skip shell extension 'powershell' for command environment: Not usable outside of PowerShell
[5.469s] DEBUG:colcon.colcon_core.shell:Skip shell extension 'dsv' for command environment
[5.487s] Level 1:colcon.colcon_core.environment:checking '/home/epiibots/ros2_ws/install/bno055' for CMake module files
[5.490s] DEBUG:colcon.colcon_core.event_handler.log_command:Invoked command in '/home/epiibots/ros2_ws/src/bno055' returned '0': DEBUGINFOD_URLS=https://debuginfod.ubuntu.com PYTHONPATH=/home/epiibots/ros2_ws/build/bno055/prefix_override:/usr/lib/python3/dist-packages/colcon_core/task/python/colcon_distutils_commands:/home/epiibots/ros2_ws/install/bno055/lib/python3.12/site-packages:${PYTHONPATH} /usr/bin/python3 -W ignore:setup.py install is deprecated -W ignore:easy_install command is deprecated setup.py egg_info --egg-base ../../build/bno055 build --build-base /home/epiibots/ros2_ws/build/bno055/build install --record /home/epiibots/ros2_ws/build/bno055/install.log --single-version-externally-managed install_data
[5.492s] Level 1:colcon.colcon_core.environment:checking '/home/epiibots/ros2_ws/install/bno055' for CMake config files
[5.494s] Level 1:colcon.colcon_core.environment:checking '/home/epiibots/ros2_ws/install/bno055/lib'
[5.495s] Level 1:colcon.colcon_core.environment:checking '/home/epiibots/ros2_ws/install/bno055/bin'
[5.495s] Level 1:colcon.colcon_core.environment:checking '/home/epiibots/ros2_ws/install/bno055/lib/pkgconfig/bno055.pc'
[5.496s] Level 1:colcon.colcon_core.environment:checking '/home/epiibots/ros2_ws/install/bno055/lib/python3.12/site-packages'
[5.497s] Level 1:colcon.colcon_core.shell:create_environment_hook('bno055', 'pythonpath')
[5.498s] INFO:colcon.colcon_core.shell:Creating environment hook '/home/epiibots/ros2_ws/install/bno055/share/bno055/hook/pythonpath.ps1'
[5.500s] INFO:colcon.colcon_core.shell:Creating environment descriptor '/home/epiibots/ros2_ws/install/bno055/share/bno055/hook/pythonpath.dsv'
[5.503s] INFO:colcon.colcon_core.shell:Creating environment hook '/home/epiibots/ros2_ws/install/bno055/share/bno055/hook/pythonpath.sh'
[5.506s] Level 1:colcon.colcon_core.environment:checking '/home/epiibots/ros2_ws/install/bno055/bin'
[5.511s] Level 1:colcon.colcon_core.environment:create_environment_scripts_only(bno055)
[5.512s] INFO:colcon.colcon_core.shell:Creating package script '/home/epiibots/ros2_ws/install/bno055/share/bno055/package.ps1'
[5.515s] INFO:colcon.colcon_core.shell:Creating package descriptor '/home/epiibots/ros2_ws/install/bno055/share/bno055/package.dsv'
[5.516s] INFO:colcon.colcon_core.shell:Creating package script '/home/epiibots/ros2_ws/install/bno055/share/bno055/package.sh'
[5.518s] INFO:colcon.colcon_core.shell:Creating package script '/home/epiibots/ros2_ws/install/bno055/share/bno055/package.bash'
[5.521s] INFO:colcon.colcon_core.shell:Creating package script '/home/epiibots/ros2_ws/install/bno055/share/bno055/package.zsh'
[5.525s] Level 1:colcon.colcon_core.environment:create_file_with_runtime_dependencies(/home/epiibots/ros2_ws/install/bno055/share/colcon-core/packages/bno055)
[5.529s] INFO:colcon.colcon_ros.task.ament_python.build:Building ROS package in '/home/epiibots/ros2_ws/src/lidar_teste' with build type 'ament_python'
[5.529s] Level 1:colcon.colcon_core.shell:create_environment_hook('lidar_teste', 'ament_prefix_path')
[5.530s] INFO:colcon.colcon_core.shell:Creating environment hook '/home/epiibots/ros2_ws/install/lidar_teste/share/lidar_teste/hook/ament_prefix_path.ps1'
[5.534s] INFO:colcon.colcon_core.shell:Creating environment descriptor '/home/epiibots/ros2_ws/install/lidar_teste/share/lidar_teste/hook/ament_prefix_path.dsv'
[5.535s] INFO:colcon.colcon_core.shell:Creating environment hook '/home/epiibots/ros2_ws/install/lidar_teste/share/lidar_teste/hook/ament_prefix_path.sh'
[5.537s] INFO:colcon.colcon_core.shell:Skip shell extension 'powershell' for command environment: Not usable outside of PowerShell
[5.537s] DEBUG:colcon.colcon_core.shell:Skip shell extension 'dsv' for command environment
[5.558s] DEBUG:colcon.colcon_core.event_handler.log_command:Invoking command in '/home/epiibots/ros2_ws/build/drive_base_msgs': CMAKE_PREFIX_PATH=${CMAKE_PREFIX_PATH}:/home/epiibots/ros2_ws/install/controlegeral_carrinho:/home/epiibots/ros2_ws/install/servo_steering:/home/epiibots/ros2_ws/install/pwm_rec:/home/epiibots/ros2_ws/install/lidar_teste:/home/epiibots/ros2_ws/install/detector:/home/epiibots/ros2_ws/install/carrinho_base:/home/epiibots/ros2_ws/install/calibration:/home/epiibots/ros2_ws/install/bno055:/opt/ros/jazzy DEBUGINFOD_URLS=https://debuginfod.ubuntu.com /usr/bin/cmake --build /home/epiibots/ros2_ws/build/drive_base_msgs -- -j4 -l4
[5.567s] DEBUG:colcon.colcon_core.event_handler.log_command:Invoking command in '/home/epiibots/ros2_ws/src/detector': DEBUGINFOD_URLS=https://debuginfod.ubuntu.com PYTHONPATH=/home/epiibots/ros2_ws/build/detector/prefix_override:/usr/lib/python3/dist-packages/colcon_core/task/python/colcon_distutils_commands:/home/epiibots/ros2_ws/install/detector/lib/python3.12/site-packages:${PYTHONPATH} /usr/bin/python3 -W ignore:setup.py install is deprecated -W ignore:easy_install command is deprecated setup.py egg_info --egg-base ../../build/detector build --build-base /home/epiibots/ros2_ws/build/detector/build install --record /home/epiibots/ros2_ws/build/detector/install.log --single-version-externally-managed install_data
[7.191s] INFO:colcon.colcon_core.task.python.build:Building Python package in '/home/epiibots/ros2_ws/src/lidar_teste'
[7.191s] INFO:colcon.colcon_core.shell:Skip shell extension 'powershell' for command environment: Not usable outside of PowerShell
[7.194s] DEBUG:colcon.colcon_core.shell:Skip shell extension 'dsv' for command environment
[7.224s] Level 1:colcon.colcon_core.environment:checking '/home/epiibots/ros2_ws/install/carrinho_base' for CMake module files
[7.226s] DEBUG:colcon.colcon_core.event_handler.log_command:Invoked command in '/home/epiibots/ros2_ws/src/carrinho_base' returned '0': DEBUGINFOD_URLS=https://debuginfod.ubuntu.com PYTHONPATH=/home/epiibots/ros2_ws/build/carrinho_base/prefix_override:/usr/lib/python3/dist-packages/colcon_core/task/python/colcon_distutils_commands:/home/epiibots/ros2_ws/install/carrinho_base/lib/python3.12/site-packages:${PYTHONPATH} /usr/bin/python3 -W ignore:setup.py install is deprecated -W ignore:easy_install command is deprecated setup.py egg_info --egg-base ../../build/carrinho_base build --build-base /home/epiibots/ros2_ws/build/carrinho_base/build install --record /home/epiibots/ros2_ws/build/carrinho_base/install.log --single-version-externally-managed install_data
[7.230s] Level 1:colcon.colcon_core.environment:checking '/home/epiibots/ros2_ws/install/carrinho_base' for CMake config files
[7.236s] Level 1:colcon.colcon_core.environment:checking '/home/epiibots/ros2_ws/install/carrinho_base/lib'
[7.236s] Level 1:colcon.colcon_core.environment:checking '/home/epiibots/ros2_ws/install/carrinho_base/bin'
[7.238s] Level 1:colcon.colcon_core.environment:checking '/home/epiibots/ros2_ws/install/carrinho_base/lib/pkgconfig/carrinho_base.pc'
[7.241s] Level 1:colcon.colcon_core.environment:checking '/home/epiibots/ros2_ws/install/carrinho_base/lib/python3.12/site-packages'
[7.249s] Level 1:colcon.colcon_core.shell:create_environment_hook('carrinho_base', 'pythonpath')
[7.251s] INFO:colcon.colcon_core.shell:Creating environment hook '/home/epiibots/ros2_ws/install/carrinho_base/share/carrinho_base/hook/pythonpath.ps1'
[7.255s] INFO:colcon.colcon_core.shell:Creating environment descriptor '/home/epiibots/ros2_ws/install/carrinho_base/share/carrinho_base/hook/pythonpath.dsv'
[7.260s] INFO:colcon.colcon_core.shell:Creating environment hook '/home/epiibots/ros2_ws/install/carrinho_base/share/carrinho_base/hook/pythonpath.sh'
[7.266s] Level 1:colcon.colcon_core.environment:checking '/home/epiibots/ros2_ws/install/carrinho_base/bin'
[7.268s] Level 1:colcon.colcon_core.environment:create_environment_scripts_only(carrinho_base)
[7.270s] INFO:colcon.colcon_core.shell:Creating package script '/home/epiibots/ros2_ws/install/carrinho_base/share/carrinho_base/package.ps1'
[7.276s] INFO:colcon.colcon_core.shell:Creating package descriptor '/home/epiibots/ros2_ws/install/carrinho_base/share/carrinho_base/package.dsv'
[7.285s] INFO:colcon.colcon_core.shell:Creating package script '/home/epiibots/ros2_ws/install/carrinho_base/share/carrinho_base/package.sh'
[7.294s] INFO:colcon.colcon_core.shell:Creating package script '/home/epiibots/ros2_ws/install/carrinho_base/share/carrinho_base/package.bash'
[7.297s] INFO:colcon.colcon_core.shell:Creating package script '/home/epiibots/ros2_ws/install/carrinho_base/share/carrinho_base/package.zsh'
[7.300s] Level 1:colcon.colcon_core.environment:create_file_with_runtime_dependencies(/home/epiibots/ros2_ws/install/carrinho_base/share/colcon-core/packages/carrinho_base)
[7.335s] INFO:colcon.colcon_ros.task.ament_cmake.build:Building ROS package in '/home/epiibots/ros2_ws/src/micro_ros_setup' with build type 'ament_cmake'
[7.335s] INFO:colcon.colcon_cmake.task.cmake.build:Building CMake package in '/home/epiibots/ros2_ws/src/micro_ros_setup'
[7.337s] INFO:colcon.colcon_core.shell:Skip shell extension 'powershell' for command environment: Not usable outside of PowerShell
[7.337s] DEBUG:colcon.colcon_core.shell:Skip shell extension 'dsv' for command environment
[7.388s] DEBUG:colcon.colcon_core.event_handler.log_command:Invoking command in '/home/epiibots/ros2_ws/build/micro_ros_setup': CMAKE_PREFIX_PATH=${CMAKE_PREFIX_PATH}:/home/epiibots/ros2_ws/install/controlegeral_carrinho:/home/epiibots/ros2_ws/install/servo_steering:/home/epiibots/ros2_ws/install/pwm_rec:/home/epiibots/ros2_ws/install/lidar_teste:/home/epiibots/ros2_ws/install/detector:/home/epiibots/ros2_ws/install/carrinho_base:/home/epiibots/ros2_ws/install/calibration:/home/epiibots/ros2_ws/install/bno055:/opt/ros/jazzy DEBUGINFOD_URLS=https://debuginfod.ubuntu.com /usr/bin/cmake --build /home/epiibots/ros2_ws/build/micro_ros_setup -- -j4 -l4
[7.566s] DEBUG:colcon.colcon_core.event_handler.log_command:Invoked command in '/home/epiibots/ros2_ws/build/micro_ros_setup' returned '0': CMAKE_PREFIX_PATH=${CMAKE_PREFIX_PATH}:/home/epiibots/ros2_ws/install/controlegeral_carrinho:/home/epiibots/ros2_ws/install/servo_steering:/home/epiibots/ros2_ws/install/pwm_rec:/home/epiibots/ros2_ws/install/lidar_teste:/home/epiibots/ros2_ws/install/detector:/home/epiibots/ros2_ws/install/carrinho_base:/home/epiibots/ros2_ws/install/calibration:/home/epiibots/ros2_ws/install/bno055:/opt/ros/jazzy DEBUGINFOD_URLS=https://debuginfod.ubuntu.com /usr/bin/cmake --build /home/epiibots/ros2_ws/build/micro_ros_setup -- -j4 -l4
[7.570s] DEBUG:colcon.colcon_core.event_handler.log_command:Invoking command in '/home/epiibots/ros2_ws/build/micro_ros_setup': CMAKE_PREFIX_PATH=${CMAKE_PREFIX_PATH}:/home/epiibots/ros2_ws/install/controlegeral_carrinho:/home/epiibots/ros2_ws/install/servo_steering:/home/epiibots/ros2_ws/install/pwm_rec:/home/epiibots/ros2_ws/install/lidar_teste:/home/epiibots/ros2_ws/install/detector:/home/epiibots/ros2_ws/install/carrinho_base:/home/epiibots/ros2_ws/install/calibration:/home/epiibots/ros2_ws/install/bno055:/opt/ros/jazzy DEBUGINFOD_URLS=https://debuginfod.ubuntu.com /usr/bin/cmake --install /home/epiibots/ros2_ws/build/micro_ros_setup
[7.702s] Level 1:colcon.colcon_core.environment:create_environment_scripts_only(micro_ros_setup)
[7.703s] Level 1:colcon.colcon_core.environment:checking '/home/epiibots/ros2_ws/install/micro_ros_setup' for CMake module files
[7.709s] Level 1:colcon.colcon_core.environment:checking '/home/epiibots/ros2_ws/install/micro_ros_setup' for CMake config files
[7.713s] Level 1:colcon.colcon_core.shell:create_environment_hook('micro_ros_setup', 'cmake_prefix_path')
[7.714s] INFO:colcon.colcon_core.shell:Creating environment hook '/home/epiibots/ros2_ws/install/micro_ros_setup/share/micro_ros_setup/hook/cmake_prefix_path.ps1'
[7.717s] INFO:colcon.colcon_core.shell:Creating environment descriptor '/home/epiibots/ros2_ws/install/micro_ros_setup/share/micro_ros_setup/hook/cmake_prefix_path.dsv'
[7.721s] INFO:colcon.colcon_core.shell:Creating environment hook '/home/epiibots/ros2_ws/install/micro_ros_setup/share/micro_ros_setup/hook/cmake_prefix_path.sh'
[7.726s] Level 1:colcon.colcon_core.environment:checking '/home/epiibots/ros2_ws/install/micro_ros_setup/lib'
[7.726s] Level 1:colcon.colcon_core.environment:checking '/home/epiibots/ros2_ws/install/micro_ros_setup/bin'
[7.726s] Level 1:colcon.colcon_core.environment:checking '/home/epiibots/ros2_ws/install/micro_ros_setup/lib/pkgconfig/micro_ros_setup.pc'
[7.726s] Level 1:colcon.colcon_core.environment:checking '/home/epiibots/ros2_ws/install/micro_ros_setup/lib/python3.12/site-packages'
[7.727s] Level 1:colcon.colcon_core.environment:checking '/home/epiibots/ros2_ws/install/micro_ros_setup/bin'
[7.728s] INFO:colcon.colcon_core.shell:Creating package script '/home/epiibots/ros2_ws/install/micro_ros_setup/share/micro_ros_setup/package.ps1'
[7.733s] INFO:colcon.colcon_core.shell:Creating package descriptor '/home/epiibots/ros2_ws/install/micro_ros_setup/share/micro_ros_setup/package.dsv'
[7.736s] INFO:colcon.colcon_core.shell:Creating package script '/home/epiibots/ros2_ws/install/micro_ros_setup/share/micro_ros_setup/package.sh'
[7.738s] INFO:colcon.colcon_core.shell:Creating package script '/home/epiibots/ros2_ws/install/micro_ros_setup/share/micro_ros_setup/package.bash'
[7.741s] INFO:colcon.colcon_core.shell:Creating package script '/home/epiibots/ros2_ws/install/micro_ros_setup/share/micro_ros_setup/package.zsh'
[7.743s] Level 1:colcon.colcon_core.environment:create_file_with_runtime_dependencies(/home/epiibots/ros2_ws/install/micro_ros_setup/share/colcon-core/packages/micro_ros_setup)
[7.746s] Level 1:colcon.colcon_core.environment:create_environment_scripts_only(micro_ros_setup)
[7.747s] Level 1:colcon.colcon_core.environment:checking '/home/epiibots/ros2_ws/install/micro_ros_setup' for CMake module files
[7.749s] Level 1:colcon.colcon_core.environment:checking '/home/epiibots/ros2_ws/install/micro_ros_setup' for CMake config files
[7.751s] Level 1:colcon.colcon_core.shell:create_environment_hook('micro_ros_setup', 'cmake_prefix_path')
[7.751s] INFO:colcon.colcon_core.shell:Creating environment hook '/home/epiibots/ros2_ws/install/micro_ros_setup/share/micro_ros_setup/hook/cmake_prefix_path.ps1'
[7.754s] INFO:colcon.colcon_core.shell:Creating environment descriptor '/home/epiibots/ros2_ws/install/micro_ros_setup/share/micro_ros_setup/hook/cmake_prefix_path.dsv'
[7.757s] INFO:colcon.colcon_core.shell:Creating environment hook '/home/epiibots/ros2_ws/install/micro_ros_setup/share/micro_ros_setup/hook/cmake_prefix_path.sh'
[7.762s] Level 1:colcon.colcon_core.environment:checking '/home/epiibots/ros2_ws/install/micro_ros_setup/lib'
[7.762s] Level 1:colcon.colcon_core.environment:checking '/home/epiibots/ros2_ws/install/micro_ros_setup/bin'
[7.762s] Level 1:colcon.colcon_core.environment:checking '/home/epiibots/ros2_ws/install/micro_ros_setup/lib/pkgconfig/micro_ros_setup.pc'
[7.763s] Level 1:colcon.colcon_core.environment:checking '/home/epiibots/ros2_ws/install/micro_ros_setup/lib/python3.12/site-packages'
[7.764s] Level 1:colcon.colcon_core.environment:checking '/home/epiibots/ros2_ws/install/micro_ros_setup/bin'
[7.765s] INFO:colcon.colcon_core.shell:Creating package script '/home/epiibots/ros2_ws/install/micro_ros_setup/share/micro_ros_setup/package.ps1'
[7.767s] DEBUG:colcon.colcon_core.event_handler.log_command:Invoked command in '/home/epiibots/ros2_ws/build/micro_ros_setup' returned '0': CMAKE_PREFIX_PATH=${CMAKE_PREFIX_PATH}:/home/epiibots/ros2_ws/install/controlegeral_carrinho:/home/epiibots/ros2_ws/install/servo_steering:/home/epiibots/ros2_ws/install/pwm_rec:/home/epiibots/ros2_ws/install/lidar_teste:/home/epiibots/ros2_ws/install/detector:/home/epiibots/ros2_ws/install/carrinho_base:/home/epiibots/ros2_ws/install/calibration:/home/epiibots/ros2_ws/install/bno055:/opt/ros/jazzy DEBUGINFOD_URLS=https://debuginfod.ubuntu.com /usr/bin/cmake --install /home/epiibots/ros2_ws/build/micro_ros_setup
[7.768s] INFO:colcon.colcon_core.shell:Creating package descriptor '/home/epiibots/ros2_ws/install/micro_ros_setup/share/micro_ros_setup/package.dsv'
[7.770s] INFO:colcon.colcon_core.shell:Creating package script '/home/epiibots/ros2_ws/install/micro_ros_setup/share/micro_ros_setup/package.sh'
[7.771s] INFO:colcon.colcon_core.shell:Creating package script '/home/epiibots/ros2_ws/install/micro_ros_setup/share/micro_ros_setup/package.bash'
[7.772s] INFO:colcon.colcon_core.shell:Creating package script '/home/epiibots/ros2_ws/install/micro_ros_setup/share/micro_ros_setup/package.zsh'
[7.773s] Level 1:colcon.colcon_core.environment:create_file_with_runtime_dependencies(/home/epiibots/ros2_ws/install/micro_ros_setup/share/colcon-core/packages/micro_ros_setup)
[7.775s] INFO:colcon.colcon_ros.task.ament_python.build:Building ROS package in '/home/epiibots/ros2_ws/src/pwm_rec' with build type 'ament_python'
[7.776s] Level 1:colcon.colcon_core.shell:create_environment_hook('pwm_rec', 'ament_prefix_path')
[7.777s] INFO:colcon.colcon_core.shell:Creating environment hook '/home/epiibots/ros2_ws/install/pwm_rec/share/pwm_rec/hook/ament_prefix_path.ps1'
[7.780s] INFO:colcon.colcon_core.shell:Creating environment descriptor '/home/epiibots/ros2_ws/install/pwm_rec/share/pwm_rec/hook/ament_prefix_path.dsv'
[7.781s] INFO:colcon.colcon_core.shell:Creating environment hook '/home/epiibots/ros2_ws/install/pwm_rec/share/pwm_rec/hook/ament_prefix_path.sh'
[7.782s] INFO:colcon.colcon_core.shell:Skip shell extension 'powershell' for command environment: Not usable outside of PowerShell
[7.783s] DEBUG:colcon.colcon_core.shell:Skip shell extension 'dsv' for command environment
[7.794s] DEBUG:colcon.colcon_core.event_handler.log_command:Invoked command in '/home/epiibots/ros2_ws/build/drive_base_msgs' returned '0': CMAKE_PREFIX_PATH=${CMAKE_PREFIX_PATH}:/home/epiibots/ros2_ws/install/controlegeral_carrinho:/home/epiibots/ros2_ws/install/servo_steering:/home/epiibots/ros2_ws/install/pwm_rec:/home/epiibots/ros2_ws/install/lidar_teste:/home/epiibots/ros2_ws/install/detector:/home/epiibots/ros2_ws/install/carrinho_base:/home/epiibots/ros2_ws/install/calibration:/home/epiibots/ros2_ws/install/bno055:/opt/ros/jazzy DEBUGINFOD_URLS=https://debuginfod.ubuntu.com /usr/bin/cmake --build /home/epiibots/ros2_ws/build/drive_base_msgs -- -j4 -l4
[7.797s] DEBUG:colcon.colcon_core.event_handler.log_command:Invoking command in '/home/epiibots/ros2_ws/build/drive_base_msgs': CMAKE_PREFIX_PATH=${CMAKE_PREFIX_PATH}:/home/epiibots/ros2_ws/install/controlegeral_carrinho:/home/epiibots/ros2_ws/install/servo_steering:/home/epiibots/ros2_ws/install/pwm_rec:/home/epiibots/ros2_ws/install/lidar_teste:/home/epiibots/ros2_ws/install/detector:/home/epiibots/ros2_ws/install/carrinho_base:/home/epiibots/ros2_ws/install/calibration:/home/epiibots/ros2_ws/install/bno055:/opt/ros/jazzy DEBUGINFOD_URLS=https://debuginfod.ubuntu.com /usr/bin/cmake --install /home/epiibots/ros2_ws/build/drive_base_msgs
[8.903s] INFO:colcon.colcon_core.task.python.build:Building Python package in '/home/epiibots/ros2_ws/src/pwm_rec'
[8.904s] INFO:colcon.colcon_core.shell:Skip shell extension 'powershell' for command environment: Not usable outside of PowerShell
[8.904s] DEBUG:colcon.colcon_core.shell:Skip shell extension 'dsv' for command environment
[8.968s] Level 1:colcon.colcon_core.environment:create_environment_scripts_only(drive_base_msgs)
[8.970s] Level 1:colcon.colcon_core.environment:checking '/home/epiibots/ros2_ws/install/drive_base_msgs' for CMake module files
[8.971s] DEBUG:colcon.colcon_core.event_handler.log_command:Invoked command in '/home/epiibots/ros2_ws/build/drive_base_msgs' returned '0': CMAKE_PREFIX_PATH=${CMAKE_PREFIX_PATH}:/home/epiibots/ros2_ws/install/controlegeral_carrinho:/home/epiibots/ros2_ws/install/servo_steering:/home/epiibots/ros2_ws/install/pwm_rec:/home/epiibots/ros2_ws/install/lidar_teste:/home/epiibots/ros2_ws/install/detector:/home/epiibots/ros2_ws/install/carrinho_base:/home/epiibots/ros2_ws/install/calibration:/home/epiibots/ros2_ws/install/bno055:/opt/ros/jazzy DEBUGINFOD_URLS=https://debuginfod.ubuntu.com /usr/bin/cmake --install /home/epiibots/ros2_ws/build/drive_base_msgs
[8.974s] Level 1:colcon.colcon_core.environment:checking '/home/epiibots/ros2_ws/install/drive_base_msgs' for CMake config files
[8.975s] Level 1:colcon.colcon_core.shell:create_environment_hook('drive_base_msgs', 'cmake_prefix_path')
[8.976s] INFO:colcon.colcon_core.shell:Creating environment hook '/home/epiibots/ros2_ws/install/drive_base_msgs/share/drive_base_msgs/hook/cmake_prefix_path.ps1'
[8.978s] INFO:colcon.colcon_core.shell:Creating environment descriptor '/home/epiibots/ros2_ws/install/drive_base_msgs/share/drive_base_msgs/hook/cmake_prefix_path.dsv'
[8.980s] INFO:colcon.colcon_core.shell:Creating environment hook '/home/epiibots/ros2_ws/install/drive_base_msgs/share/drive_base_msgs/hook/cmake_prefix_path.sh'
[8.983s] Level 1:colcon.colcon_core.environment:checking '/home/epiibots/ros2_ws/install/drive_base_msgs/lib'
[8.983s] Level 1:colcon.colcon_core.shell:create_environment_hook('drive_base_msgs', 'ld_library_path_lib')
[8.984s] INFO:colcon.colcon_core.shell:Creating environment hook '/home/epiibots/ros2_ws/install/drive_base_msgs/share/drive_base_msgs/hook/ld_library_path_lib.ps1'
[8.985s] INFO:colcon.colcon_core.shell:Creating environment descriptor '/home/epiibots/ros2_ws/install/drive_base_msgs/share/drive_base_msgs/hook/ld_library_path_lib.dsv'
[8.986s] INFO:colcon.colcon_core.shell:Creating environment hook '/home/epiibots/ros2_ws/install/drive_base_msgs/share/drive_base_msgs/hook/ld_library_path_lib.sh'
[8.989s] Level 1:colcon.colcon_core.environment:checking '/home/epiibots/ros2_ws/install/drive_base_msgs/bin'
[8.989s] Level 1:colcon.colcon_core.environment:checking '/home/epiibots/ros2_ws/install/drive_base_msgs/lib/pkgconfig/drive_base_msgs.pc'
[8.990s] Level 1:colcon.colcon_core.environment:checking '/home/epiibots/ros2_ws/install/drive_base_msgs/lib/python3.12/site-packages'
[8.990s] Level 1:colcon.colcon_core.shell:create_environment_hook('drive_base_msgs', 'pythonpath')
[8.991s] INFO:colcon.colcon_core.shell:Creating environment hook '/home/epiibots/ros2_ws/install/drive_base_msgs/share/drive_base_msgs/hook/pythonpath.ps1'
[8.992s] INFO:colcon.colcon_core.shell:Creating environment descriptor '/home/epiibots/ros2_ws/install/drive_base_msgs/share/drive_base_msgs/hook/pythonpath.dsv'
[8.993s] INFO:colcon.colcon_core.shell:Creating environment hook '/home/epiibots/ros2_ws/install/drive_base_msgs/share/drive_base_msgs/hook/pythonpath.sh'
[8.996s] Level 1:colcon.colcon_core.environment:checking '/home/epiibots/ros2_ws/install/drive_base_msgs/bin'
[8.997s] INFO:colcon.colcon_core.shell:Creating package script '/home/epiibots/ros2_ws/install/drive_base_msgs/share/drive_base_msgs/package.ps1'
[8.999s] INFO:colcon.colcon_core.shell:Creating package descriptor '/home/epiibots/ros2_ws/install/drive_base_msgs/share/drive_base_msgs/package.dsv'
[9.001s] INFO:colcon.colcon_core.shell:Creating package script '/home/epiibots/ros2_ws/install/drive_base_msgs/share/drive_base_msgs/package.sh'
[9.003s] INFO:colcon.colcon_core.shell:Creating package script '/home/epiibots/ros2_ws/install/drive_base_msgs/share/drive_base_msgs/package.bash'
[9.004s] INFO:colcon.colcon_core.shell:Creating package script '/home/epiibots/ros2_ws/install/drive_base_msgs/share/drive_base_msgs/package.zsh'
[9.006s] Level 1:colcon.colcon_core.environment:create_file_with_runtime_dependencies(/home/epiibots/ros2_ws/install/drive_base_msgs/share/colcon-core/packages/drive_base_msgs)
[9.008s] Level 1:colcon.colcon_core.environment:create_environment_scripts_only(drive_base_msgs)
[9.008s] Level 1:colcon.colcon_core.environment:checking '/home/epiibots/ros2_ws/install/drive_base_msgs' for CMake module files
[9.011s] Level 1:colcon.colcon_core.environment:checking '/home/epiibots/ros2_ws/install/drive_base_msgs' for CMake config files
[9.012s] Level 1:colcon.colcon_core.shell:create_environment_hook('drive_base_msgs', 'cmake_prefix_path')
[9.013s] INFO:colcon.colcon_core.shell:Creating environment hook '/home/epiibots/ros2_ws/install/drive_base_msgs/share/drive_base_msgs/hook/cmake_prefix_path.ps1'
[9.014s] INFO:colcon.colcon_core.shell:Creating environment descriptor '/home/epiibots/ros2_ws/install/drive_base_msgs/share/drive_base_msgs/hook/cmake_prefix_path.dsv'
[9.017s] INFO:colcon.colcon_core.shell:Creating environment hook '/home/epiibots/ros2_ws/install/drive_base_msgs/share/drive_base_msgs/hook/cmake_prefix_path.sh'
[9.020s] Level 1:colcon.colcon_core.environment:checking '/home/epiibots/ros2_ws/install/drive_base_msgs/lib'
[9.020s] Level 1:colcon.colcon_core.shell:create_environment_hook('drive_base_msgs', 'ld_library_path_lib')
[9.021s] INFO:colcon.colcon_core.shell:Creating environment hook '/home/epiibots/ros2_ws/install/drive_base_msgs/share/drive_base_msgs/hook/ld_library_path_lib.ps1'
[9.022s] INFO:colcon.colcon_core.shell:Creating environment descriptor '/home/epiibots/ros2_ws/install/drive_base_msgs/share/drive_base_msgs/hook/ld_library_path_lib.dsv'
[9.024s] INFO:colcon.colcon_core.shell:Creating environment hook '/home/epiibots/ros2_ws/install/drive_base_msgs/share/drive_base_msgs/hook/ld_library_path_lib.sh'
[9.025s] Level 1:colcon.colcon_core.environment:checking '/home/epiibots/ros2_ws/install/drive_base_msgs/bin'
[9.026s] Level 1:colcon.colcon_core.environment:checking '/home/epiibots/ros2_ws/install/drive_base_msgs/lib/pkgconfig/drive_base_msgs.pc'
[9.026s] Level 1:colcon.colcon_core.environment:checking '/home/epiibots/ros2_ws/install/drive_base_msgs/lib/python3.12/site-packages'
[9.027s] Level 1:colcon.colcon_core.shell:create_environment_hook('drive_base_msgs', 'pythonpath')
[9.028s] INFO:colcon.colcon_core.shell:Creating environment hook '/home/epiibots/ros2_ws/install/drive_base_msgs/share/drive_base_msgs/hook/pythonpath.ps1'
[9.029s] INFO:colcon.colcon_core.shell:Creating environment descriptor '/home/epiibots/ros2_ws/install/drive_base_msgs/share/drive_base_msgs/hook/pythonpath.dsv'
[9.030s] INFO:colcon.colcon_core.shell:Creating environment hook '/home/epiibots/ros2_ws/install/drive_base_msgs/share/drive_base_msgs/hook/pythonpath.sh'
[9.033s] Level 1:colcon.colcon_core.environment:checking '/home/epiibots/ros2_ws/install/drive_base_msgs/bin'
[9.034s] INFO:colcon.colcon_core.shell:Creating package script '/home/epiibots/ros2_ws/install/drive_base_msgs/share/drive_base_msgs/package.ps1'
[9.036s] INFO:colcon.colcon_core.shell:Creating package descriptor '/home/epiibots/ros2_ws/install/drive_base_msgs/share/drive_base_msgs/package.dsv'
[9.038s] INFO:colcon.colcon_core.shell:Creating package script '/home/epiibots/ros2_ws/install/drive_base_msgs/share/drive_base_msgs/package.sh'
[9.041s] INFO:colcon.colcon_core.shell:Creating package script '/home/epiibots/ros2_ws/install/drive_base_msgs/share/drive_base_msgs/package.bash'
[9.041s] INFO:colcon.colcon_core.shell:Creating package script '/home/epiibots/ros2_ws/install/drive_base_msgs/share/drive_base_msgs/package.zsh'
[9.042s] Level 1:colcon.colcon_core.environment:create_file_with_runtime_dependencies(/home/epiibots/ros2_ws/install/drive_base_msgs/share/colcon-core/packages/drive_base_msgs)
[9.045s] INFO:colcon.colcon_ros.task.ament_python.build:Building ROS package in '/home/epiibots/ros2_ws/src/servo_steering' with build type 'ament_python'
[9.046s] Level 1:colcon.colcon_core.shell:create_environment_hook('servo_steering', 'ament_prefix_path')
[9.046s] INFO:colcon.colcon_core.shell:Creating environment hook '/home/epiibots/ros2_ws/install/servo_steering/share/servo_steering/hook/ament_prefix_path.ps1'
[9.047s] INFO:colcon.colcon_core.shell:Creating environment descriptor '/home/epiibots/ros2_ws/install/servo_steering/share/servo_steering/hook/ament_prefix_path.dsv'
[9.048s] INFO:colcon.colcon_core.shell:Creating environment hook '/home/epiibots/ros2_ws/install/servo_steering/share/servo_steering/hook/ament_prefix_path.sh'
[9.049s] INFO:colcon.colcon_core.shell:Skip shell extension 'powershell' for command environment: Not usable outside of PowerShell
[9.049s] DEBUG:colcon.colcon_core.shell:Skip shell extension 'dsv' for command environment
[9.056s] Level 1:colcon.colcon_core.environment:checking '/home/epiibots/ros2_ws/install/detector' for CMake module files
[9.058s] Level 1:colcon.colcon_core.environment:checking '/home/epiibots/ros2_ws/install/detector' for CMake config files
[9.057s] DEBUG:colcon.colcon_core.event_handler.log_command:Invoked command in '/home/epiibots/ros2_ws/src/detector' returned '0': DEBUGINFOD_URLS=https://debuginfod.ubuntu.com PYTHONPATH=/home/epiibots/ros2_ws/build/detector/prefix_override:/usr/lib/python3/dist-packages/colcon_core/task/python/colcon_distutils_commands:/home/epiibots/ros2_ws/install/detector/lib/python3.12/site-packages:${PYTHONPATH} /usr/bin/python3 -W ignore:setup.py install is deprecated -W ignore:easy_install command is deprecated setup.py egg_info --egg-base ../../build/detector build --build-base /home/epiibots/ros2_ws/build/detector/build install --record /home/epiibots/ros2_ws/build/detector/install.log --single-version-externally-managed install_data
[9.059s] Level 1:colcon.colcon_core.environment:checking '/home/epiibots/ros2_ws/install/detector/lib'
[9.059s] Level 1:colcon.colcon_core.environment:checking '/home/epiibots/ros2_ws/install/detector/bin'
[9.059s] Level 1:colcon.colcon_core.environment:checking '/home/epiibots/ros2_ws/install/detector/lib/pkgconfig/detector.pc'
[9.060s] Level 1:colcon.colcon_core.environment:checking '/home/epiibots/ros2_ws/install/detector/lib/python3.12/site-packages'
[9.060s] Level 1:colcon.colcon_core.shell:create_environment_hook('detector', 'pythonpath')
[9.060s] INFO:colcon.colcon_core.shell:Creating environment hook '/home/epiibots/ros2_ws/install/detector/share/detector/hook/pythonpath.ps1'
[9.061s] INFO:colcon.colcon_core.shell:Creating environment descriptor '/home/epiibots/ros2_ws/install/detector/share/detector/hook/pythonpath.dsv'
[9.062s] INFO:colcon.colcon_core.shell:Creating environment hook '/home/epiibots/ros2_ws/install/detector/share/detector/hook/pythonpath.sh'
[9.064s] Level 1:colcon.colcon_core.environment:checking '/home/epiibots/ros2_ws/install/detector/bin'
[9.064s] Level 1:colcon.colcon_core.environment:create_environment_scripts_only(detector)
[9.064s] INFO:colcon.colcon_core.shell:Creating package script '/home/epiibots/ros2_ws/install/detector/share/detector/package.ps1'
[9.066s] INFO:colcon.colcon_core.shell:Creating package descriptor '/home/epiibots/ros2_ws/install/detector/share/detector/package.dsv'
[9.067s] INFO:colcon.colcon_core.shell:Creating package script '/home/epiibots/ros2_ws/install/detector/share/detector/package.sh'
[9.068s] INFO:colcon.colcon_core.shell:Creating package script '/home/epiibots/ros2_ws/install/detector/share/detector/package.bash'
[9.068s] INFO:colcon.colcon_core.shell:Creating package script '/home/epiibots/ros2_ws/install/detector/share/detector/package.zsh'
[9.069s] Level 1:colcon.colcon_core.environment:create_file_with_runtime_dependencies(/home/epiibots/ros2_ws/install/detector/share/colcon-core/packages/detector)
[9.071s] INFO:colcon.colcon_ros.task.ament_python.build:Building ROS package in '/home/epiibots/ros2_ws/src/controlegeral_carrinho' with build type 'ament_python'
[9.071s] Level 1:colcon.colcon_core.shell:create_environment_hook('controlegeral_carrinho', 'ament_prefix_path')
[9.071s] INFO:colcon.colcon_core.shell:Creating environment hook '/home/epiibots/ros2_ws/install/controlegeral_carrinho/share/controlegeral_carrinho/hook/ament_prefix_path.ps1'
[9.073s] INFO:colcon.colcon_core.shell:Creating environment descriptor '/home/epiibots/ros2_ws/install/controlegeral_carrinho/share/controlegeral_carrinho/hook/ament_prefix_path.dsv'
[9.075s] INFO:colcon.colcon_core.shell:Creating environment hook '/home/epiibots/ros2_ws/install/controlegeral_carrinho/share/controlegeral_carrinho/hook/ament_prefix_path.sh'
[9.076s] INFO:colcon.colcon_core.shell:Skip shell extension 'powershell' for command environment: Not usable outside of PowerShell
[9.077s] DEBUG:colcon.colcon_core.shell:Skip shell extension 'dsv' for command environment
[9.978s] INFO:colcon.colcon_core.task.python.build:Building Python package in '/home/epiibots/ros2_ws/src/servo_steering'
[9.978s] INFO:colcon.colcon_core.shell:Skip shell extension 'powershell' for command environment: Not usable outside of PowerShell
[9.978s] DEBUG:colcon.colcon_core.shell:Skip shell extension 'dsv' for command environment
[10.751s] INFO:colcon.colcon_core.task.python.build:Building Python package in '/home/epiibots/ros2_ws/src/controlegeral_carrinho'
[10.752s] INFO:colcon.colcon_core.shell:Skip shell extension 'powershell' for command environment: Not usable outside of PowerShell
[10.752s] DEBUG:colcon.colcon_core.shell:Skip shell extension 'dsv' for command environment
[10.784s] DEBUG:colcon.colcon_core.event_handler.log_command:Invoking command in '/home/epiibots/ros2_ws/src/lidar_teste': DEBUGINFOD_URLS=https://debuginfod.ubuntu.com PYTHONPATH=/home/epiibots/ros2_ws/build/lidar_teste/prefix_override:/usr/lib/python3/dist-packages/colcon_core/task/python/colcon_distutils_commands:/home/epiibots/ros2_ws/install/lidar_teste/lib/python3.12/site-packages:${PYTHONPATH} /usr/bin/python3 -W ignore:setup.py install is deprecated -W ignore:easy_install command is deprecated setup.py egg_info --egg-base ../../build/lidar_teste build --build-base /home/epiibots/ros2_ws/build/lidar_teste/build install --record /home/epiibots/ros2_ws/build/lidar_teste/install.log --single-version-externally-managed install_data
[11.597s] DEBUG:colcon.colcon_core.event_handler.log_command:Invoking command in '/home/epiibots/ros2_ws/src/pwm_rec': DEBUGINFOD_URLS=https://debuginfod.ubuntu.com PYTHONPATH=/home/epiibots/ros2_ws/build/pwm_rec/prefix_override:/usr/lib/python3/dist-packages/colcon_core/task/python/colcon_distutils_commands:/home/epiibots/ros2_ws/install/pwm_rec/lib/python3.12/site-packages:${PYTHONPATH} /usr/bin/python3 -W ignore:setup.py install is deprecated -W ignore:easy_install command is deprecated setup.py egg_info --egg-base ../../build/pwm_rec build --build-base /home/epiibots/ros2_ws/build/pwm_rec/build install --record /home/epiibots/ros2_ws/build/pwm_rec/install.log --single-version-externally-managed install_data
[13.246s] DEBUG:colcon.colcon_core.event_handler.log_command:Invoking command in '/home/epiibots/ros2_ws/src/controlegeral_carrinho': AMENT_PREFIX_PATH=/home/epiibots/ros2_ws/install/bno055:/home/epiibots/ros2_ws/install/controlegeral_carrinho:/home/epiibots/ros2_ws/install/sllidar_ros2:/home/epiibots/ros2_ws/install/servo_steering:/home/epiibots/ros2_ws/install/pwm_rec:/home/epiibots/ros2_ws/install/micro_ros_setup:/home/epiibots/ros2_ws/install/micro_ros_agent:/home/epiibots/ros2_ws/install/micro_ros_msgs:/home/epiibots/ros2_ws/install/lidar_teste:/home/epiibots/ros2_ws/install/drive_base_msgs:/home/epiibots/ros2_ws/install/detector:/home/epiibots/ros2_ws/install/carrinho_base:/home/epiibots/ros2_ws/install/calibration:/opt/ros/jazzy DEBUGINFOD_URLS=https://debuginfod.ubuntu.com PYTHONPATH=/home/epiibots/ros2_ws/build/controlegeral_carrinho/prefix_override:/usr/lib/python3/dist-packages/colcon_core/task/python/colcon_distutils_commands:/home/epiibots/ros2_ws/install/controlegeral_carrinho/lib/python3.12/site-packages:/home/epiibots/ros2_ws/install/bno055/lib/python3.12/site-packages:/home/epiibots/ros2_ws/install/controlegeral_carrinho/lib/python3.12/site-packages:/home/epiibots/ros2_ws/install/servo_steering/lib/python3.12/site-packages:/home/epiibots/ros2_ws/install/pwm_rec/lib/python3.12/site-packages:/home/epiibots/ros2_ws/install/micro_ros_msgs/lib/python3.12/site-packages:/home/epiibots/ros2_ws/install/lidar_teste/lib/python3.12/site-packages:/home/epiibots/ros2_ws/install/drive_base_msgs/lib/python3.12/site-packages:/home/epiibots/ros2_ws/install/detector/lib/python3.12/site-packages:/home/epiibots/ros2_ws/install/carrinho_base/lib/python3.12/site-packages:/home/epiibots/ros2_ws/install/calibration/lib/python3.12/site-packages:/opt/ros/jazzy/lib/python3.12/site-packages /usr/bin/python3 -W ignore:setup.py install is deprecated -W ignore:easy_install command is deprecated setup.py egg_info --egg-base ../../build/controlegeral_carrinho build --build-base /home/epiibots/ros2_ws/build/controlegeral_carrinho/build install --record /home/epiibots/ros2_ws/build/controlegeral_carrinho/install.log --single-version-externally-managed install_data
[14.123s] Level 1:colcon.colcon_core.environment:checking '/home/epiibots/ros2_ws/install/lidar_teste' for CMake module files
[14.124s] DEBUG:colcon.colcon_core.event_handler.log_command:Invoked command in '/home/epiibots/ros2_ws/src/lidar_teste' returned '0': DEBUGINFOD_URLS=https://debuginfod.ubuntu.com PYTHONPATH=/home/epiibots/ros2_ws/build/lidar_teste/prefix_override:/usr/lib/python3/dist-packages/colcon_core/task/python/colcon_distutils_commands:/home/epiibots/ros2_ws/install/lidar_teste/lib/python3.12/site-packages:${PYTHONPATH} /usr/bin/python3 -W ignore:setup.py install is deprecated -W ignore:easy_install command is deprecated setup.py egg_info --egg-base ../../build/lidar_teste build --build-base /home/epiibots/ros2_ws/build/lidar_teste/build install --record /home/epiibots/ros2_ws/build/lidar_teste/install.log --single-version-externally-managed install_data
[14.125s] Level 1:colcon.colcon_core.environment:checking '/home/epiibots/ros2_ws/install/lidar_teste' for CMake config files
[14.126s] Level 1:colcon.colcon_core.environment:checking '/home/epiibots/ros2_ws/install/lidar_teste/lib'
[14.127s] Level 1:colcon.colcon_core.environment:checking '/home/epiibots/ros2_ws/install/lidar_teste/bin'
[14.127s] Level 1:colcon.colcon_core.environment:checking '/home/epiibots/ros2_ws/install/lidar_teste/lib/pkgconfig/lidar_teste.pc'
[14.127s] Level 1:colcon.colcon_core.environment:checking '/home/epiibots/ros2_ws/install/lidar_teste/lib/python3.12/site-packages'
[14.128s] Level 1:colcon.colcon_core.shell:create_environment_hook('lidar_teste', 'pythonpath')
[14.128s] INFO:colcon.colcon_core.shell:Creating environment hook '/home/epiibots/ros2_ws/install/lidar_teste/share/lidar_teste/hook/pythonpath.ps1'
[14.130s] INFO:colcon.colcon_core.shell:Creating environment descriptor '/home/epiibots/ros2_ws/install/lidar_teste/share/lidar_teste/hook/pythonpath.dsv'
[14.134s] INFO:colcon.colcon_core.shell:Creating environment hook '/home/epiibots/ros2_ws/install/lidar_teste/share/lidar_teste/hook/pythonpath.sh'
[14.138s] Level 1:colcon.colcon_core.environment:checking '/home/epiibots/ros2_ws/install/lidar_teste/bin'
[14.138s] Level 1:colcon.colcon_core.environment:create_environment_scripts_only(lidar_teste)
[14.141s] INFO:colcon.colcon_core.shell:Creating package script '/home/epiibots/ros2_ws/install/lidar_teste/share/lidar_teste/package.ps1'
[14.146s] INFO:colcon.colcon_core.shell:Creating package descriptor '/home/epiibots/ros2_ws/install/lidar_teste/share/lidar_teste/package.dsv'
[14.151s] INFO:colcon.colcon_core.shell:Creating package script '/home/epiibots/ros2_ws/install/lidar_teste/share/lidar_teste/package.sh'
[14.162s] INFO:colcon.colcon_core.shell:Creating package script '/home/epiibots/ros2_ws/install/lidar_teste/share/lidar_teste/package.bash'
[14.177s] INFO:colcon.colcon_core.shell:Creating package script '/home/epiibots/ros2_ws/install/lidar_teste/share/lidar_teste/package.zsh'
[14.188s] Level 1:colcon.colcon_core.environment:create_file_with_runtime_dependencies(/home/epiibots/ros2_ws/install/lidar_teste/share/colcon-core/packages/lidar_teste)
[14.191s] INFO:colcon.colcon_ros.task.ament_cmake.build:Building ROS package in '/home/epiibots/ros2_ws/src/uros/micro-ROS-Agent/micro_ros_agent' with build type 'ament_cmake'
[14.192s] INFO:colcon.colcon_cmake.task.cmake.build:Building CMake package in '/home/epiibots/ros2_ws/src/uros/micro-ROS-Agent/micro_ros_agent'
[14.196s] INFO:colcon.colcon_core.shell:Skip shell extension 'powershell' for command environment: Not usable outside of PowerShell
[14.199s] DEBUG:colcon.colcon_core.shell:Skip shell extension 'dsv' for command environment
[14.290s] DEBUG:colcon.colcon_core.event_handler.log_command:Invoking command in '/home/epiibots/ros2_ws/build/micro_ros_agent': CMAKE_PREFIX_PATH=/home/epiibots/ros2_ws/install/micro_ros_msgs:/home/epiibots/ros2_ws/install/sllidar_ros2:/home/epiibots/ros2_ws/install/micro_ros_setup:/home/epiibots/ros2_ws/install/micro_ros_agent:/home/epiibots/ros2_ws/install/drive_base_msgs:/opt/ros/jazzy/opt/gz_sim_vendor:/opt/ros/jazzy/opt/gz_sensors_vendor:/opt/ros/jazzy/opt/gz_physics_vendor:/opt/ros/jazzy/opt/sdformat_vendor:/opt/ros/jazzy/opt/gz_gui_vendor:/opt/ros/jazzy/opt/gz_transport_vendor:/opt/ros/jazzy/opt/gz_rendering_vendor:/opt/ros/jazzy/opt/gz_plugin_vendor:/opt/ros/jazzy/opt/gz_fuel_tools_vendor:/opt/ros/jazzy/opt/gz_msgs_vendor:/opt/ros/jazzy/opt/gz_common_vendor:/opt/ros/jazzy/opt/gz_math_vendor:/opt/ros/jazzy/opt/gz_utils_vendor:/opt/ros/jazzy/opt/gz_tools_vendor:/opt/ros/jazzy/opt/gz_ogre_next_vendor:/opt/ros/jazzy/opt/gz_dartsim_vendor:/opt/ros/jazzy/opt/gz_cmake_vendor:/home/epiibots/ros2_ws/install/controlegeral_carrinho:/home/epiibots/ros2_ws/install/servo_steering:/home/epiibots/ros2_ws/install/pwm_rec:/home/epiibots/ros2_ws/install/lidar_teste:/home/epiibots/ros2_ws/install/detector:/home/epiibots/ros2_ws/install/carrinho_base:/home/epiibots/ros2_ws/install/calibration:/home/epiibots/ros2_ws/install/bno055:/opt/ros/jazzy DEBUGINFOD_URLS=https://debuginfod.ubuntu.com LD_LIBRARY_PATH=/home/epiibots/ros2_ws/install/micro_ros_msgs/lib:/home/epiibots/ros2_ws/install/micro_ros_agent/lib:/home/epiibots/ros2_ws/install/drive_base_msgs/lib:/opt/ros/jazzy/opt/gz_sim_vendor/lib:/opt/ros/jazzy/opt/gz_sensors_vendor/lib:/opt/ros/jazzy/opt/gz_physics_vendor/lib:/opt/ros/jazzy/opt/sdformat_vendor/lib:/opt/ros/jazzy/opt/rviz_ogre_vendor/lib:/opt/ros/jazzy/lib/aarch64-linux-gnu:/opt/ros/jazzy/opt/gz_gui_vendor/lib:/opt/ros/jazzy/opt/gz_transport_vendor/lib:/opt/ros/jazzy/opt/gz_rendering_vendor/lib:/opt/ros/jazzy/opt/gz_plugin_vendor/lib:/opt/ros/jazzy/opt/gz_fuel_tools_vendor/lib:/opt/ros/jazzy/opt/gz_msgs_vendor/lib:/opt/ros/jazzy/opt/gz_common_vendor/lib:/opt/ros/jazzy/opt/gz_math_vendor/lib:/opt/ros/jazzy/opt/gz_utils_vendor/lib:/opt/ros/jazzy/opt/gz_tools_vendor/lib:/opt/ros/jazzy/opt/gz_ogre_next_vendor/lib:/opt/ros/jazzy/opt/gz_dartsim_vendor/lib:/opt/ros/jazzy/opt/gz_cmake_vendor/lib:/opt/ros/jazzy/lib PYTHONPATH=/home/epiibots/ros2_ws/install/micro_ros_msgs/lib/python3.12/site-packages:/home/epiibots/ros2_ws/install/controlegeral_carrinho/lib/python3.12/site-packages:/home/epiibots/ros2_ws/install/servo_steering/lib/python3.12/site-packages:/home/epiibots/ros2_ws/install/pwm_rec/lib/python3.12/site-packages:/home/epiibots/ros2_ws/install/lidar_teste/lib/python3.12/site-packages:/home/epiibots/ros2_ws/install/drive_base_msgs/lib/python3.12/site-packages:/home/epiibots/ros2_ws/install/detector/lib/python3.12/site-packages:/home/epiibots/ros2_ws/install/carrinho_base/lib/python3.12/site-packages:/home/epiibots/ros2_ws/install/calibration/lib/python3.12/site-packages:/home/epiibots/ros2_ws/install/bno055/lib/python3.12/site-packages:/opt/ros/jazzy/lib/python3.12/site-packages /usr/bin/cmake --build /home/epiibots/ros2_ws/build/micro_ros_agent -- -j4 -l4
[14.892s] DEBUG:colcon.colcon_core.event_handler.log_command:Invoked command in '/home/epiibots/ros2_ws/build/micro_ros_agent' returned '0': CMAKE_PREFIX_PATH=/home/epiibots/ros2_ws/install/micro_ros_msgs:/home/epiibots/ros2_ws/install/sllidar_ros2:/home/epiibots/ros2_ws/install/micro_ros_setup:/home/epiibots/ros2_ws/install/micro_ros_agent:/home/epiibots/ros2_ws/install/drive_base_msgs:/opt/ros/jazzy/opt/gz_sim_vendor:/opt/ros/jazzy/opt/gz_sensors_vendor:/opt/ros/jazzy/opt/gz_physics_vendor:/opt/ros/jazzy/opt/sdformat_vendor:/opt/ros/jazzy/opt/gz_gui_vendor:/opt/ros/jazzy/opt/gz_transport_vendor:/opt/ros/jazzy/opt/gz_rendering_vendor:/opt/ros/jazzy/opt/gz_plugin_vendor:/opt/ros/jazzy/opt/gz_fuel_tools_vendor:/opt/ros/jazzy/opt/gz_msgs_vendor:/opt/ros/jazzy/opt/gz_common_vendor:/opt/ros/jazzy/opt/gz_math_vendor:/opt/ros/jazzy/opt/gz_utils_vendor:/opt/ros/jazzy/opt/gz_tools_vendor:/opt/ros/jazzy/opt/gz_ogre_next_vendor:/opt/ros/jazzy/opt/gz_dartsim_vendor:/opt/ros/jazzy/opt/gz_cmake_vendor:/home/epiibots/ros2_ws/install/controlegeral_carrinho:/home/epiibots/ros2_ws/install/servo_steering:/home/epiibots/ros2_ws/install/pwm_rec:/home/epiibots/ros2_ws/install/lidar_teste:/home/epiibots/ros2_ws/install/detector:/home/epiibots/ros2_ws/install/carrinho_base:/home/epiibots/ros2_ws/install/calibration:/home/epiibots/ros2_ws/install/bno055:/opt/ros/jazzy DEBUGINFOD_URLS=https://debuginfod.ubuntu.com LD_LIBRARY_PATH=/home/epiibots/ros2_ws/install/micro_ros_msgs/lib:/home/epiibots/ros2_ws/install/micro_ros_agent/lib:/home/epiibots/ros2_ws/install/drive_base_msgs/lib:/opt/ros/jazzy/opt/gz_sim_vendor/lib:/opt/ros/jazzy/opt/gz_sensors_vendor/lib:/opt/ros/jazzy/opt/gz_physics_vendor/lib:/opt/ros/jazzy/opt/sdformat_vendor/lib:/opt/ros/jazzy/opt/rviz_ogre_vendor/lib:/opt/ros/jazzy/lib/aarch64-linux-gnu:/opt/ros/jazzy/opt/gz_gui_vendor/lib:/opt/ros/jazzy/opt/gz_transport_vendor/lib:/opt/ros/jazzy/opt/gz_rendering_vendor/lib:/opt/ros/jazzy/opt/gz_plugin_vendor/lib:/opt/ros/jazzy/opt/gz_fuel_tools_vendor/lib:/opt/ros/jazzy/opt/gz_msgs_vendor/lib:/opt/ros/jazzy/opt/gz_common_vendor/lib:/opt/ros/jazzy/opt/gz_math_vendor/lib:/opt/ros/jazzy/opt/gz_utils_vendor/lib:/opt/ros/jazzy/opt/gz_tools_vendor/lib:/opt/ros/jazzy/opt/gz_ogre_next_vendor/lib:/opt/ros/jazzy/opt/gz_dartsim_vendor/lib:/opt/ros/jazzy/opt/gz_cmake_vendor/lib:/opt/ros/jazzy/lib PYTHONPATH=/home/epiibots/ros2_ws/install/micro_ros_msgs/lib/python3.12/site-packages:/home/epiibots/ros2_ws/install/controlegeral_carrinho/lib/python3.12/site-packages:/home/epiibots/ros2_ws/install/servo_steering/lib/python3.12/site-packages:/home/epiibots/ros2_ws/install/pwm_rec/lib/python3.12/site-packages:/home/epiibots/ros2_ws/install/lidar_teste/lib/python3.12/site-packages:/home/epiibots/ros2_ws/install/drive_base_msgs/lib/python3.12/site-packages:/home/epiibots/ros2_ws/install/detector/lib/python3.12/site-packages:/home/epiibots/ros2_ws/install/carrinho_base/lib/python3.12/site-packages:/home/epiibots/ros2_ws/install/calibration/lib/python3.12/site-packages:/home/epiibots/ros2_ws/install/bno055/lib/python3.12/site-packages:/opt/ros/jazzy/lib/python3.12/site-packages /usr/bin/cmake --build /home/epiibots/ros2_ws/build/micro_ros_agent -- -j4 -l4
[14.908s] DEBUG:colcon.colcon_core.event_handler.log_command:Invoking command in '/home/epiibots/ros2_ws/build/micro_ros_agent': CMAKE_PREFIX_PATH=/home/epiibots/ros2_ws/install/micro_ros_msgs:/home/epiibots/ros2_ws/install/sllidar_ros2:/home/epiibots/ros2_ws/install/micro_ros_setup:/home/epiibots/ros2_ws/install/micro_ros_agent:/home/epiibots/ros2_ws/install/drive_base_msgs:/opt/ros/jazzy/opt/gz_sim_vendor:/opt/ros/jazzy/opt/gz_sensors_vendor:/opt/ros/jazzy/opt/gz_physics_vendor:/opt/ros/jazzy/opt/sdformat_vendor:/opt/ros/jazzy/opt/gz_gui_vendor:/opt/ros/jazzy/opt/gz_transport_vendor:/opt/ros/jazzy/opt/gz_rendering_vendor:/opt/ros/jazzy/opt/gz_plugin_vendor:/opt/ros/jazzy/opt/gz_fuel_tools_vendor:/opt/ros/jazzy/opt/gz_msgs_vendor:/opt/ros/jazzy/opt/gz_common_vendor:/opt/ros/jazzy/opt/gz_math_vendor:/opt/ros/jazzy/opt/gz_utils_vendor:/opt/ros/jazzy/opt/gz_tools_vendor:/opt/ros/jazzy/opt/gz_ogre_next_vendor:/opt/ros/jazzy/opt/gz_dartsim_vendor:/opt/ros/jazzy/opt/gz_cmake_vendor:/home/epiibots/ros2_ws/install/controlegeral_carrinho:/home/epiibots/ros2_ws/install/servo_steering:/home/epiibots/ros2_ws/install/pwm_rec:/home/epiibots/ros2_ws/install/lidar_teste:/home/epiibots/ros2_ws/install/detector:/home/epiibots/ros2_ws/install/carrinho_base:/home/epiibots/ros2_ws/install/calibration:/home/epiibots/ros2_ws/install/bno055:/opt/ros/jazzy DEBUGINFOD_URLS=https://debuginfod.ubuntu.com LD_LIBRARY_PATH=/home/epiibots/ros2_ws/install/micro_ros_msgs/lib:/home/epiibots/ros2_ws/install/micro_ros_agent/lib:/home/epiibots/ros2_ws/install/drive_base_msgs/lib:/opt/ros/jazzy/opt/gz_sim_vendor/lib:/opt/ros/jazzy/opt/gz_sensors_vendor/lib:/opt/ros/jazzy/opt/gz_physics_vendor/lib:/opt/ros/jazzy/opt/sdformat_vendor/lib:/opt/ros/jazzy/opt/rviz_ogre_vendor/lib:/opt/ros/jazzy/lib/aarch64-linux-gnu:/opt/ros/jazzy/opt/gz_gui_vendor/lib:/opt/ros/jazzy/opt/gz_transport_vendor/lib:/opt/ros/jazzy/opt/gz_rendering_vendor/lib:/opt/ros/jazzy/opt/gz_plugin_vendor/lib:/opt/ros/jazzy/opt/gz_fuel_tools_vendor/lib:/opt/ros/jazzy/opt/gz_msgs_vendor/lib:/opt/ros/jazzy/opt/gz_common_vendor/lib:/opt/ros/jazzy/opt/gz_math_vendor/lib:/opt/ros/jazzy/opt/gz_utils_vendor/lib:/opt/ros/jazzy/opt/gz_tools_vendor/lib:/opt/ros/jazzy/opt/gz_ogre_next_vendor/lib:/opt/ros/jazzy/opt/gz_dartsim_vendor/lib:/opt/ros/jazzy/opt/gz_cmake_vendor/lib:/opt/ros/jazzy/lib PYTHONPATH=/home/epiibots/ros2_ws/install/micro_ros_msgs/lib/python3.12/site-packages:/home/epiibots/ros2_ws/install/controlegeral_carrinho/lib/python3.12/site-packages:/home/epiibots/ros2_ws/install/servo_steering/lib/python3.12/site-packages:/home/epiibots/ros2_ws/install/pwm_rec/lib/python3.12/site-packages:/home/epiibots/ros2_ws/install/lidar_teste/lib/python3.12/site-packages:/home/epiibots/ros2_ws/install/drive_base_msgs/lib/python3.12/site-packages:/home/epiibots/ros2_ws/install/detector/lib/python3.12/site-packages:/home/epiibots/ros2_ws/install/carrinho_base/lib/python3.12/site-packages:/home/epiibots/ros2_ws/install/calibration/lib/python3.12/site-packages:/home/epiibots/ros2_ws/install/bno055/lib/python3.12/site-packages:/opt/ros/jazzy/lib/python3.12/site-packages /usr/bin/cmake --install /home/epiibots/ros2_ws/build/micro_ros_agent
[14.982s] Level 1:colcon.colcon_core.environment:create_environment_scripts_only(micro_ros_agent)
[14.983s] Level 1:colcon.colcon_core.environment:checking '/home/epiibots/ros2_ws/install/micro_ros_agent' for CMake module files
[14.989s] Level 1:colcon.colcon_core.environment:checking '/home/epiibots/ros2_ws/install/micro_ros_agent' for CMake config files
[14.989s] Level 1:colcon.colcon_core.shell:create_environment_hook('micro_ros_agent', 'cmake_prefix_path')
[14.986s] DEBUG:colcon.colcon_core.event_handler.log_command:Invoked command in '/home/epiibots/ros2_ws/build/micro_ros_agent' returned '0': CMAKE_PREFIX_PATH=/home/epiibots/ros2_ws/install/micro_ros_msgs:/home/epiibots/ros2_ws/install/sllidar_ros2:/home/epiibots/ros2_ws/install/micro_ros_setup:/home/epiibots/ros2_ws/install/micro_ros_agent:/home/epiibots/ros2_ws/install/drive_base_msgs:/opt/ros/jazzy/opt/gz_sim_vendor:/opt/ros/jazzy/opt/gz_sensors_vendor:/opt/ros/jazzy/opt/gz_physics_vendor:/opt/ros/jazzy/opt/sdformat_vendor:/opt/ros/jazzy/opt/gz_gui_vendor:/opt/ros/jazzy/opt/gz_transport_vendor:/opt/ros/jazzy/opt/gz_rendering_vendor:/opt/ros/jazzy/opt/gz_plugin_vendor:/opt/ros/jazzy/opt/gz_fuel_tools_vendor:/opt/ros/jazzy/opt/gz_msgs_vendor:/opt/ros/jazzy/opt/gz_common_vendor:/opt/ros/jazzy/opt/gz_math_vendor:/opt/ros/jazzy/opt/gz_utils_vendor:/opt/ros/jazzy/opt/gz_tools_vendor:/opt/ros/jazzy/opt/gz_ogre_next_vendor:/opt/ros/jazzy/opt/gz_dartsim_vendor:/opt/ros/jazzy/opt/gz_cmake_vendor:/home/epiibots/ros2_ws/install/controlegeral_carrinho:/home/epiibots/ros2_ws/install/servo_steering:/home/epiibots/ros2_ws/install/pwm_rec:/home/epiibots/ros2_ws/install/lidar_teste:/home/epiibots/ros2_ws/install/detector:/home/epiibots/ros2_ws/install/carrinho_base:/home/epiibots/ros2_ws/install/calibration:/home/epiibots/ros2_ws/install/bno055:/opt/ros/jazzy DEBUGINFOD_URLS=https://debuginfod.ubuntu.com LD_LIBRARY_PATH=/home/epiibots/ros2_ws/install/micro_ros_msgs/lib:/home/epiibots/ros2_ws/install/micro_ros_agent/lib:/home/epiibots/ros2_ws/install/drive_base_msgs/lib:/opt/ros/jazzy/opt/gz_sim_vendor/lib:/opt/ros/jazzy/opt/gz_sensors_vendor/lib:/opt/ros/jazzy/opt/gz_physics_vendor/lib:/opt/ros/jazzy/opt/sdformat_vendor/lib:/opt/ros/jazzy/opt/rviz_ogre_vendor/lib:/opt/ros/jazzy/lib/aarch64-linux-gnu:/opt/ros/jazzy/opt/gz_gui_vendor/lib:/opt/ros/jazzy/opt/gz_transport_vendor/lib:/opt/ros/jazzy/opt/gz_rendering_vendor/lib:/opt/ros/jazzy/opt/gz_plugin_vendor/lib:/opt/ros/jazzy/opt/gz_fuel_tools_vendor/lib:/opt/ros/jazzy/opt/gz_msgs_vendor/lib:/opt/ros/jazzy/opt/gz_common_vendor/lib:/opt/ros/jazzy/opt/gz_math_vendor/lib:/opt/ros/jazzy/opt/gz_utils_vendor/lib:/opt/ros/jazzy/opt/gz_tools_vendor/lib:/opt/ros/jazzy/opt/gz_ogre_next_vendor/lib:/opt/ros/jazzy/opt/gz_dartsim_vendor/lib:/opt/ros/jazzy/opt/gz_cmake_vendor/lib:/opt/ros/jazzy/lib PYTHONPATH=/home/epiibots/ros2_ws/install/micro_ros_msgs/lib/python3.12/site-packages:/home/epiibots/ros2_ws/install/controlegeral_carrinho/lib/python3.12/site-packages:/home/epiibots/ros2_ws/install/servo_steering/lib/python3.12/site-packages:/home/epiibots/ros2_ws/install/pwm_rec/lib/python3.12/site-packages:/home/epiibots/ros2_ws/install/lidar_teste/lib/python3.12/site-packages:/home/epiibots/ros2_ws/install/drive_base_msgs/lib/python3.12/site-packages:/home/epiibots/ros2_ws/install/detector/lib/python3.12/site-packages:/home/epiibots/ros2_ws/install/carrinho_base/lib/python3.12/site-packages:/home/epiibots/ros2_ws/install/calibration/lib/python3.12/site-packages:/home/epiibots/ros2_ws/install/bno055/lib/python3.12/site-packages:/opt/ros/jazzy/lib/python3.12/site-packages /usr/bin/cmake --install /home/epiibots/ros2_ws/build/micro_ros_agent
[14.991s] INFO:colcon.colcon_core.shell:Creating environment hook '/home/epiibots/ros2_ws/install/micro_ros_agent/share/micro_ros_agent/hook/cmake_prefix_path.ps1'
[14.994s] INFO:colcon.colcon_core.shell:Creating environment descriptor '/home/epiibots/ros2_ws/install/micro_ros_agent/share/micro_ros_agent/hook/cmake_prefix_path.dsv'
[14.998s] INFO:colcon.colcon_core.shell:Creating environment hook '/home/epiibots/ros2_ws/install/micro_ros_agent/share/micro_ros_agent/hook/cmake_prefix_path.sh'
[15.003s] Level 1:colcon.colcon_core.environment:checking '/home/epiibots/ros2_ws/install/micro_ros_agent/lib'
[15.004s] Level 1:colcon.colcon_core.shell:create_environment_hook('micro_ros_agent', 'ld_library_path_lib')
[15.006s] INFO:colcon.colcon_core.shell:Creating environment hook '/home/epiibots/ros2_ws/install/micro_ros_agent/share/micro_ros_agent/hook/ld_library_path_lib.ps1'
[15.009s] INFO:colcon.colcon_core.shell:Creating environment descriptor '/home/epiibots/ros2_ws/install/micro_ros_agent/share/micro_ros_agent/hook/ld_library_path_lib.dsv'
[15.014s] INFO:colcon.colcon_core.shell:Creating environment hook '/home/epiibots/ros2_ws/install/micro_ros_agent/share/micro_ros_agent/hook/ld_library_path_lib.sh'
[15.015s] Level 1:colcon.colcon_core.environment:checking '/home/epiibots/ros2_ws/install/micro_ros_agent/bin'
[15.015s] Level 1:colcon.colcon_core.environment:checking '/home/epiibots/ros2_ws/install/micro_ros_agent/lib/pkgconfig/micro_ros_agent.pc'
[15.016s] Level 1:colcon.colcon_core.environment:checking '/home/epiibots/ros2_ws/install/micro_ros_agent/lib/python3.12/site-packages'
[15.019s] Level 1:colcon.colcon_core.environment:checking '/home/epiibots/ros2_ws/install/micro_ros_agent/bin'
[15.021s] INFO:colcon.colcon_core.shell:Creating package script '/home/epiibots/ros2_ws/install/micro_ros_agent/share/micro_ros_agent/package.ps1'
[15.025s] INFO:colcon.colcon_core.shell:Creating package descriptor '/home/epiibots/ros2_ws/install/micro_ros_agent/share/micro_ros_agent/package.dsv'
[15.029s] INFO:colcon.colcon_core.shell:Creating package script '/home/epiibots/ros2_ws/install/micro_ros_agent/share/micro_ros_agent/package.sh'
[15.032s] INFO:colcon.colcon_core.shell:Creating package script '/home/epiibots/ros2_ws/install/micro_ros_agent/share/micro_ros_agent/package.bash'
[15.037s] INFO:colcon.colcon_core.shell:Creating package script '/home/epiibots/ros2_ws/install/micro_ros_agent/share/micro_ros_agent/package.zsh'
[15.039s] Level 1:colcon.colcon_core.environment:create_file_with_runtime_dependencies(/home/epiibots/ros2_ws/install/micro_ros_agent/share/colcon-core/packages/micro_ros_agent)
[15.042s] Level 1:colcon.colcon_core.environment:create_environment_scripts_only(micro_ros_agent)
[15.043s] Level 1:colcon.colcon_core.environment:checking '/home/epiibots/ros2_ws/install/micro_ros_agent' for CMake module files
[15.045s] Level 1:colcon.colcon_core.environment:checking '/home/epiibots/ros2_ws/install/micro_ros_agent' for CMake config files
[15.047s] Level 1:colcon.colcon_core.shell:create_environment_hook('micro_ros_agent', 'cmake_prefix_path')
[15.048s] INFO:colcon.colcon_core.shell:Creating environment hook '/home/epiibots/ros2_ws/install/micro_ros_agent/share/micro_ros_agent/hook/cmake_prefix_path.ps1'
[15.051s] INFO:colcon.colcon_core.shell:Creating environment descriptor '/home/epiibots/ros2_ws/install/micro_ros_agent/share/micro_ros_agent/hook/cmake_prefix_path.dsv'
[15.055s] INFO:colcon.colcon_core.shell:Creating environment hook '/home/epiibots/ros2_ws/install/micro_ros_agent/share/micro_ros_agent/hook/cmake_prefix_path.sh'
[15.059s] Level 1:colcon.colcon_core.environment:checking '/home/epiibots/ros2_ws/install/micro_ros_agent/lib'
[15.060s] Level 1:colcon.colcon_core.shell:create_environment_hook('micro_ros_agent', 'ld_library_path_lib')
[15.060s] INFO:colcon.colcon_core.shell:Creating environment hook '/home/epiibots/ros2_ws/install/micro_ros_agent/share/micro_ros_agent/hook/ld_library_path_lib.ps1'
[15.063s] INFO:colcon.colcon_core.shell:Creating environment descriptor '/home/epiibots/ros2_ws/install/micro_ros_agent/share/micro_ros_agent/hook/ld_library_path_lib.dsv'
[15.066s] INFO:colcon.colcon_core.shell:Creating environment hook '/home/epiibots/ros2_ws/install/micro_ros_agent/share/micro_ros_agent/hook/ld_library_path_lib.sh'
[15.071s] Level 1:colcon.colcon_core.environment:checking '/home/epiibots/ros2_ws/install/micro_ros_agent/bin'
[15.071s] Level 1:colcon.colcon_core.environment:checking '/home/epiibots/ros2_ws/install/micro_ros_agent/lib/pkgconfig/micro_ros_agent.pc'
[15.072s] Level 1:colcon.colcon_core.environment:checking '/home/epiibots/ros2_ws/install/micro_ros_agent/lib/python3.12/site-packages'
[15.075s] Level 1:colcon.colcon_core.environment:checking '/home/epiibots/ros2_ws/install/micro_ros_agent/bin'
[15.076s] INFO:colcon.colcon_core.shell:Creating package script '/home/epiibots/ros2_ws/install/micro_ros_agent/share/micro_ros_agent/package.ps1'
[15.079s] INFO:colcon.colcon_core.shell:Creating package descriptor '/home/epiibots/ros2_ws/install/micro_ros_agent/share/micro_ros_agent/package.dsv'
[15.082s] INFO:colcon.colcon_core.shell:Creating package script '/home/epiibots/ros2_ws/install/micro_ros_agent/share/micro_ros_agent/package.sh'
[15.087s] INFO:colcon.colcon_core.shell:Creating package script '/home/epiibots/ros2_ws/install/micro_ros_agent/share/micro_ros_agent/package.bash'
[15.091s] INFO:colcon.colcon_core.shell:Creating package script '/home/epiibots/ros2_ws/install/micro_ros_agent/share/micro_ros_agent/package.zsh'
[15.094s] Level 1:colcon.colcon_core.environment:create_file_with_runtime_dependencies(/home/epiibots/ros2_ws/install/micro_ros_agent/share/colcon-core/packages/micro_ros_agent)
[15.112s] DEBUG:colcon.colcon_core.event_handler.log_command:Invoking command in '/home/epiibots/ros2_ws/src/servo_steering': DEBUGINFOD_URLS=https://debuginfod.ubuntu.com PYTHONPATH=/home/epiibots/ros2_ws/build/servo_steering/prefix_override:/usr/lib/python3/dist-packages/colcon_core/task/python/colcon_distutils_commands:/home/epiibots/ros2_ws/install/servo_steering/lib/python3.12/site-packages:${PYTHONPATH} /usr/bin/python3 -W ignore:setup.py install is deprecated -W ignore:easy_install command is deprecated setup.py egg_info --egg-base ../../build/servo_steering build --build-base /home/epiibots/ros2_ws/build/servo_steering/build install --record /home/epiibots/ros2_ws/build/servo_steering/install.log --single-version-externally-managed install_data
[15.323s] Level 1:colcon.colcon_core.environment:checking '/home/epiibots/ros2_ws/install/controlegeral_carrinho' for CMake module files
[15.325s] DEBUG:colcon.colcon_core.event_handler.log_command:Invoked command in '/home/epiibots/ros2_ws/src/controlegeral_carrinho' returned '0': AMENT_PREFIX_PATH=/home/epiibots/ros2_ws/install/bno055:/home/epiibots/ros2_ws/install/controlegeral_carrinho:/home/epiibots/ros2_ws/install/sllidar_ros2:/home/epiibots/ros2_ws/install/servo_steering:/home/epiibots/ros2_ws/install/pwm_rec:/home/epiibots/ros2_ws/install/micro_ros_setup:/home/epiibots/ros2_ws/install/micro_ros_agent:/home/epiibots/ros2_ws/install/micro_ros_msgs:/home/epiibots/ros2_ws/install/lidar_teste:/home/epiibots/ros2_ws/install/drive_base_msgs:/home/epiibots/ros2_ws/install/detector:/home/epiibots/ros2_ws/install/carrinho_base:/home/epiibots/ros2_ws/install/calibration:/opt/ros/jazzy DEBUGINFOD_URLS=https://debuginfod.ubuntu.com PYTHONPATH=/home/epiibots/ros2_ws/build/controlegeral_carrinho/prefix_override:/usr/lib/python3/dist-packages/colcon_core/task/python/colcon_distutils_commands:/home/epiibots/ros2_ws/install/controlegeral_carrinho/lib/python3.12/site-packages:/home/epiibots/ros2_ws/install/bno055/lib/python3.12/site-packages:/home/epiibots/ros2_ws/install/controlegeral_carrinho/lib/python3.12/site-packages:/home/epiibots/ros2_ws/install/servo_steering/lib/python3.12/site-packages:/home/epiibots/ros2_ws/install/pwm_rec/lib/python3.12/site-packages:/home/epiibots/ros2_ws/install/micro_ros_msgs/lib/python3.12/site-packages:/home/epiibots/ros2_ws/install/lidar_teste/lib/python3.12/site-packages:/home/epiibots/ros2_ws/install/drive_base_msgs/lib/python3.12/site-packages:/home/epiibots/ros2_ws/install/detector/lib/python3.12/site-packages:/home/epiibots/ros2_ws/install/carrinho_base/lib/python3.12/site-packages:/home/epiibots/ros2_ws/install/calibration/lib/python3.12/site-packages:/opt/ros/jazzy/lib/python3.12/site-packages /usr/bin/python3 -W ignore:setup.py install is deprecated -W ignore:easy_install command is deprecated setup.py egg_info --egg-base ../../build/controlegeral_carrinho build --build-base /home/epiibots/ros2_ws/build/controlegeral_carrinho/build install --record /home/epiibots/ros2_ws/build/controlegeral_carrinho/install.log --single-version-externally-managed install_data
[15.328s] Level 1:colcon.colcon_core.environment:checking '/home/epiibots/ros2_ws/install/controlegeral_carrinho' for CMake config files
[15.332s] Level 1:colcon.colcon_core.environment:checking '/home/epiibots/ros2_ws/install/controlegeral_carrinho/lib'
[15.332s] Level 1:colcon.colcon_core.environment:checking '/home/epiibots/ros2_ws/install/controlegeral_carrinho/bin'
[15.332s] Level 1:colcon.colcon_core.environment:checking '/home/epiibots/ros2_ws/install/controlegeral_carrinho/lib/pkgconfig/controlegeral_carrinho.pc'
[15.333s] Level 1:colcon.colcon_core.environment:checking '/home/epiibots/ros2_ws/install/controlegeral_carrinho/lib/python3.12/site-packages'
[15.335s] Level 1:colcon.colcon_core.shell:create_environment_hook('controlegeral_carrinho', 'pythonpath')
[15.338s] INFO:colcon.colcon_core.shell:Creating environment hook '/home/epiibots/ros2_ws/install/controlegeral_carrinho/share/controlegeral_carrinho/hook/pythonpath.ps1'
[15.341s] INFO:colcon.colcon_core.shell:Creating environment descriptor '/home/epiibots/ros2_ws/install/controlegeral_carrinho/share/controlegeral_carrinho/hook/pythonpath.dsv'
[15.345s] INFO:colcon.colcon_core.shell:Creating environment hook '/home/epiibots/ros2_ws/install/controlegeral_carrinho/share/controlegeral_carrinho/hook/pythonpath.sh'
[15.352s] Level 1:colcon.colcon_core.environment:checking '/home/epiibots/ros2_ws/install/controlegeral_carrinho/bin'
[15.353s] Level 1:colcon.colcon_core.environment:create_environment_scripts_only(controlegeral_carrinho)
[15.354s] INFO:colcon.colcon_core.shell:Creating package script '/home/epiibots/ros2_ws/install/controlegeral_carrinho/share/controlegeral_carrinho/package.ps1'
[15.363s] INFO:colcon.colcon_core.shell:Creating package descriptor '/home/epiibots/ros2_ws/install/controlegeral_carrinho/share/controlegeral_carrinho/package.dsv'
[15.367s] INFO:colcon.colcon_core.shell:Creating package script '/home/epiibots/ros2_ws/install/controlegeral_carrinho/share/controlegeral_carrinho/package.sh'
[15.374s] INFO:colcon.colcon_core.shell:Creating package script '/home/epiibots/ros2_ws/install/controlegeral_carrinho/share/controlegeral_carrinho/package.bash'
[15.379s] INFO:colcon.colcon_core.shell:Creating package script '/home/epiibots/ros2_ws/install/controlegeral_carrinho/share/controlegeral_carrinho/package.zsh'
[15.383s] Level 1:colcon.colcon_core.environment:create_file_with_runtime_dependencies(/home/epiibots/ros2_ws/install/controlegeral_carrinho/share/colcon-core/packages/controlegeral_carrinho)
[15.649s] Level 1:colcon.colcon_core.environment:checking '/home/epiibots/ros2_ws/install/pwm_rec' for CMake module files
[15.657s] DEBUG:colcon.colcon_core.event_handler.log_command:Invoked command in '/home/epiibots/ros2_ws/src/pwm_rec' returned '0': DEBUGINFOD_URLS=https://debuginfod.ubuntu.com PYTHONPATH=/home/epiibots/ros2_ws/build/pwm_rec/prefix_override:/usr/lib/python3/dist-packages/colcon_core/task/python/colcon_distutils_commands:/home/epiibots/ros2_ws/install/pwm_rec/lib/python3.12/site-packages:${PYTHONPATH} /usr/bin/python3 -W ignore:setup.py install is deprecated -W ignore:easy_install command is deprecated setup.py egg_info --egg-base ../../build/pwm_rec build --build-base /home/epiibots/ros2_ws/build/pwm_rec/build install --record /home/epiibots/ros2_ws/build/pwm_rec/install.log --single-version-externally-managed install_data
[15.657s] Level 1:colcon.colcon_core.environment:checking '/home/epiibots/ros2_ws/install/pwm_rec' for CMake config files
[15.659s] Level 1:colcon.colcon_core.environment:checking '/home/epiibots/ros2_ws/install/pwm_rec/lib'
[15.659s] Level 1:colcon.colcon_core.environment:checking '/home/epiibots/ros2_ws/install/pwm_rec/bin'
[15.659s] Level 1:colcon.colcon_core.environment:checking '/home/epiibots/ros2_ws/install/pwm_rec/lib/pkgconfig/pwm_rec.pc'
[15.659s] Level 1:colcon.colcon_core.environment:checking '/home/epiibots/ros2_ws/install/pwm_rec/lib/python3.12/site-packages'
[15.660s] Level 1:colcon.colcon_core.shell:create_environment_hook('pwm_rec', 'pythonpath')
[15.660s] INFO:colcon.colcon_core.shell:Creating environment hook '/home/epiibots/ros2_ws/install/pwm_rec/share/pwm_rec/hook/pythonpath.ps1'
[15.661s] INFO:colcon.colcon_core.shell:Creating environment descriptor '/home/epiibots/ros2_ws/install/pwm_rec/share/pwm_rec/hook/pythonpath.dsv'
[15.664s] INFO:colcon.colcon_core.shell:Creating environment hook '/home/epiibots/ros2_ws/install/pwm_rec/share/pwm_rec/hook/pythonpath.sh'
[15.666s] Level 1:colcon.colcon_core.environment:checking '/home/epiibots/ros2_ws/install/pwm_rec/bin'
[15.666s] Level 1:colcon.colcon_core.environment:create_environment_scripts_only(pwm_rec)
[15.667s] INFO:colcon.colcon_core.shell:Creating package script '/home/epiibots/ros2_ws/install/pwm_rec/share/pwm_rec/package.ps1'
[15.668s] INFO:colcon.colcon_core.shell:Creating package descriptor '/home/epiibots/ros2_ws/install/pwm_rec/share/pwm_rec/package.dsv'
[15.669s] INFO:colcon.colcon_core.shell:Creating package script '/home/epiibots/ros2_ws/install/pwm_rec/share/pwm_rec/package.sh'
[15.670s] INFO:colcon.colcon_core.shell:Creating package script '/home/epiibots/ros2_ws/install/pwm_rec/share/pwm_rec/package.bash'
[15.671s] INFO:colcon.colcon_core.shell:Creating package script '/home/epiibots/ros2_ws/install/pwm_rec/share/pwm_rec/package.zsh'
[15.673s] Level 1:colcon.colcon_core.environment:create_file_with_runtime_dependencies(/home/epiibots/ros2_ws/install/pwm_rec/share/colcon-core/packages/pwm_rec)
[16.895s] Level 1:colcon.colcon_core.environment:checking '/home/epiibots/ros2_ws/install/servo_steering' for CMake module files
[16.896s] DEBUG:colcon.colcon_core.event_handler.log_command:Invoked command in '/home/epiibots/ros2_ws/src/servo_steering' returned '0': DEBUGINFOD_URLS=https://debuginfod.ubuntu.com PYTHONPATH=/home/epiibots/ros2_ws/build/servo_steering/prefix_override:/usr/lib/python3/dist-packages/colcon_core/task/python/colcon_distutils_commands:/home/epiibots/ros2_ws/install/servo_steering/lib/python3.12/site-packages:${PYTHONPATH} /usr/bin/python3 -W ignore:setup.py install is deprecated -W ignore:easy_install command is deprecated setup.py egg_info --egg-base ../../build/servo_steering build --build-base /home/epiibots/ros2_ws/build/servo_steering/build install --record /home/epiibots/ros2_ws/build/servo_steering/install.log --single-version-externally-managed install_data
[16.897s] Level 1:colcon.colcon_core.environment:checking '/home/epiibots/ros2_ws/install/servo_steering' for CMake config files
[16.898s] Level 1:colcon.colcon_core.environment:checking '/home/epiibots/ros2_ws/install/servo_steering/lib'
[16.898s] Level 1:colcon.colcon_core.environment:checking '/home/epiibots/ros2_ws/install/servo_steering/bin'
[16.898s] Level 1:colcon.colcon_core.environment:checking '/home/epiibots/ros2_ws/install/servo_steering/lib/pkgconfig/servo_steering.pc'
[16.898s] Level 1:colcon.colcon_core.environment:checking '/home/epiibots/ros2_ws/install/servo_steering/lib/python3.12/site-packages'
[16.899s] Level 1:colcon.colcon_core.shell:create_environment_hook('servo_steering', 'pythonpath')
[16.899s] INFO:colcon.colcon_core.shell:Creating environment hook '/home/epiibots/ros2_ws/install/servo_steering/share/servo_steering/hook/pythonpath.ps1'
[16.900s] INFO:colcon.colcon_core.shell:Creating environment descriptor '/home/epiibots/ros2_ws/install/servo_steering/share/servo_steering/hook/pythonpath.dsv'
[16.903s] INFO:colcon.colcon_core.shell:Creating environment hook '/home/epiibots/ros2_ws/install/servo_steering/share/servo_steering/hook/pythonpath.sh'
[16.906s] Level 1:colcon.colcon_core.environment:checking '/home/epiibots/ros2_ws/install/servo_steering/bin'
[16.907s] Level 1:colcon.colcon_core.environment:create_environment_scripts_only(servo_steering)
[16.907s] INFO:colcon.colcon_core.shell:Creating package script '/home/epiibots/ros2_ws/install/servo_steering/share/servo_steering/package.ps1'
[16.908s] INFO:colcon.colcon_core.shell:Creating package descriptor '/home/epiibots/ros2_ws/install/servo_steering/share/servo_steering/package.dsv'
[16.909s] INFO:colcon.colcon_core.shell:Creating package script '/home/epiibots/ros2_ws/install/servo_steering/share/servo_steering/package.sh'
[16.910s] INFO:colcon.colcon_core.shell:Creating package script '/home/epiibots/ros2_ws/install/servo_steering/share/servo_steering/package.bash'
[16.911s] INFO:colcon.colcon_core.shell:Creating package script '/home/epiibots/ros2_ws/install/servo_steering/share/servo_steering/package.zsh'
[16.912s] Level 1:colcon.colcon_core.environment:create_file_with_runtime_dependencies(/home/epiibots/ros2_ws/install/servo_steering/share/colcon-core/packages/servo_steering)
[16.913s] DEBUG:colcon.colcon_parallel_executor.executor.parallel:closing loop
[16.913s] DEBUG:colcon.colcon_parallel_executor.executor.parallel:loop closed
[16.914s] DEBUG:colcon.colcon_parallel_executor.executor.parallel:run_until_complete finished with '0'
[16.914s] DEBUG:colcon.colcon_core.event_reactor:joining thread
[16.915s] DEBUG:colcon.colcon_core.event_reactor:joined thread
[16.916s] INFO:colcon.colcon_core.shell:Creating prefix script '/home/epiibots/ros2_ws/install/local_setup.ps1'
[16.917s] INFO:colcon.colcon_core.shell:Creating prefix util module '/home/epiibots/ros2_ws/install/_local_setup_util_ps1.py'
[16.919s] INFO:colcon.colcon_core.shell:Creating prefix chain script '/home/epiibots/ros2_ws/install/setup.ps1'
[16.922s] INFO:colcon.colcon_core.shell:Creating prefix script '/home/epiibots/ros2_ws/install/local_setup.sh'
[16.923s] INFO:colcon.colcon_core.shell:Creating prefix util module '/home/epiibots/ros2_ws/install/_local_setup_util_sh.py'
[16.924s] INFO:colcon.colcon_core.shell:Creating prefix chain script '/home/epiibots/ros2_ws/install/setup.sh'
[16.927s] INFO:colcon.colcon_core.shell:Creating prefix script '/home/epiibots/ros2_ws/install/local_setup.bash'
[16.928s] INFO:colcon.colcon_core.shell:Creating prefix chain script '/home/epiibots/ros2_ws/install/setup.bash'
[16.932s] INFO:colcon.colcon_core.shell:Creating prefix script '/home/epiibots/ros2_ws/install/local_setup.zsh'
[16.934s] INFO:colcon.colcon_core.shell:Creating prefix chain script '/home/epiibots/ros2_ws/install/setup.zsh'
